date,h_t
2015-01-01,0.7539652179974244
2015-01-02,0.7558739444468996
2015-01-03,0.7676081312185369
2015-01-04,0.7637088676205317
2015-01-05,0.7592071951668393
2015-01-06,0.7567023184489241
2015-01-07,0.7522068848304437
2015-01-08,0.7482533391852032
2015-01-09,0.7485628141518431
2015-01-10,0.757802627710478
2015-01-11,0.7611699828465471
2015-01-12,0.7615713436758863
2015-01-13,0.7612799936979006
2015-01-14,0.7592934038105914
2015-01-15,0.7555407255455235
2015-01-16,0.7591760126639172
2015-01-17,0.7568961543790408
2015-01-18,0.752876443672126
2015-01-19,0.7486053058215831
2015-01-20,0.7753356558521448
2015-01-21,0.7798926273639344
2015-01-22,0.7759546623681205
2015-01-23,0.7813678700263986
2015-01-24,0.7778335900978214
2015-01-25,0.7786518867224576
2015-01-26,0.7776364439049204
2015-01-27,0.7749814042884919
2015-01-28,0.7701537049538687
2015-01-29,0.7706647350592748
2015-01-30,0.7664095602833475
2015-01-31,0.7939922301147815
2015-02-01,0.8008866627451042
2015-02-02,0.795317103014126
2015-02-03,0.7898592495044195
2015-02-04,0.7872586090290351
2015-02-05,0.7830093731776775
2015-02-06,0.7798963650522107
2015-02-07,0.7819262403711165
2015-02-08,0.7924659033638728
2015-02-09,0.7871381669498986
2015-02-10,0.7862879450159113
2015-02-11,0.7811294142771039
2015-02-12,0.798355941576265
2015-02-13,0.7984329937578558
2015-02-14,0.7932612137983366
2015-02-15,0.7878489096588926
2015-02-16,0.7852449509522378
2015-02-17,0.7803024937784291
2015-02-18,0.779032345002235
2015-02-19,0.7811190203047447
2015-02-20,0.7785909540157366
2015-02-21,0.77365591785875
2015-02-22,0.7780928622942377
2015-02-23,0.7773512098673208
2015-02-24,0.7772274824633068
2015-02-25,0.7734527704916128
2015-02-26,0.7708528275199409
2015-02-27,0.7664809320879201
2015-02-28,0.7637635501233564
2015-03-01,0.7610715822133024
2015-03-02,0.7653752398510552
2015-03-03,0.7612640691834188
2015-03-04,0.7566170116833861
2015-03-05,0.7526613299432159
2015-03-06,0.7486208725492574
2015-03-07,0.7447382676656984
2015-03-08,0.7471212036464342
2015-03-09,0.7430407632996128
2015-03-10,0.7451990936820364
2015-03-11,0.7457625916980809
2015-03-12,0.7432924948368106
2015-03-13,0.7501186312262376
2015-03-14,0.7502611188764705
2015-03-15,0.7458692333580493
2015-03-16,0.7426630496594611
2015-03-17,0.7406731006622672
2015-03-18,0.7380371338036306
2015-03-19,0.7394979322932178
2015-03-20,0.7398324138393414
2015-03-21,0.7357181189439251
2015-03-22,0.734372277680258
2015-03-23,0.7463084699221922
2015-03-24,0.7468696158228745
2015-03-25,0.7515661838441084
2015-03-26,0.7474245271681568
2015-03-27,0.7445432897762411
2015-03-28,0.7411010735011376
2015-03-29,0.7394552083279906
2015-03-30,0.7366251290755361
2015-03-31,0.7418847505270838
2015-04-01,0.7458588802048165
2015-04-02,0.7456469706388688
2015-04-03,0.7413779233211988
2015-04-04,0.7371992382803242
2015-04-05,0.7395796960031413
2015-04-06,0.7375425210783197
2015-04-07,0.7453525312374282
2015-04-08,0.7446165400145095
2015-04-09,0.7403591747130278
2015-04-10,0.7556698652511643
2015-04-11,0.7660092363655161
2015-04-12,0.7809308320679154
2015-04-13,0.7805869302761645
2015-04-14,0.7787595649770954
2015-04-15,0.7737589163801026
2015-04-16,0.7707911194078895
2015-04-17,0.7661637618378551
2015-04-18,0.7614420464000223
2015-04-19,0.7592537134190224
2015-04-20,0.7636267011791659
2015-04-21,0.7594628481675968
2015-04-22,0.7609259951192063
2015-04-23,0.7571197178438014
2015-04-24,0.7528936176658935
2015-04-25,0.7511460952781069
2015-04-26,0.7516247603550438
2015-04-27,0.7581488805165951
2015-04-28,0.7535922001907636
2015-04-29,0.7491603061679495
2015-04-30,0.7499107237630928
2015-05-01,0.747914742394898
2015-05-02,0.7473456065790718
2015-05-03,0.7433282273998228
2015-05-04,0.741129923022368
2015-05-05,0.7379221464049995
2015-05-06,0.744636733725251
2015-05-07,0.7415915714566326
2015-05-08,0.7430131991183021
2015-05-09,0.7693358221406048
2015-05-10,0.7934503733509798
2015-05-11,0.788265062968045
2015-05-12,0.7844383990559283
2015-05-13,0.7792757857259218
2015-05-14,0.7884831522383747
2015-05-15,0.7853790963758134
2015-05-16,0.7852847978478785
2015-05-17,0.790482559097435
2015-05-18,0.7911596663221674
2015-05-19,0.7859390376151888
2015-05-20,0.7858619165784324
2015-05-21,0.7815460174280074
2015-05-22,0.7768705238926911
2015-05-23,0.7721872215242599
2015-05-24,0.7672872668804037
2015-05-25,0.7654970548285164
2015-05-26,0.7610107864993692
2015-05-27,0.7589981304632233
2015-05-28,0.7544763630633842
2015-05-29,0.7564441471805525
2015-05-30,0.751939365954914
2015-05-31,0.755687286155479
2015-06-01,0.7537101518022152
2015-06-02,0.7496359058221822
2015-06-03,0.7758476270805157
2015-06-04,0.7714610934697576
2015-06-05,0.7848527556941058
2015-06-06,0.7848999761723054
2015-06-07,0.7828572030920139
2015-06-08,0.7788916936164597
2015-06-09,0.7738178539741891
2015-06-10,0.774926993974886
2015-06-11,0.7710174903148637
2015-06-12,0.7669917680727695
2015-06-13,0.7659477402106039
2015-06-14,0.7627074537831315
2015-06-15,0.7590519851926221
2015-06-16,0.7551024492446673
2015-06-17,0.750868716925109
2015-06-18,0.7500322111589359
2015-06-19,0.7495570783347559
2015-06-20,0.7483900557371554
2015-06-21,0.7440597629771648
2015-06-22,0.7457061661590286
2015-06-23,0.7414418037749525
2015-06-24,0.7372979497975598
2015-06-25,0.7417076855026846
2015-06-26,0.7476185208988799
2015-06-27,0.7676210057076136
2015-06-28,0.7729868761837876
2015-06-29,0.7682638453997834
2015-06-30,0.7634517494684758
2015-07-01,0.7642087715056286
2015-07-02,0.762534424031857
2015-07-03,0.7678528952936858
2015-07-04,0.7736724526506716
2015-07-05,0.7687234667548812
2015-07-06,0.7668079343546294
2015-07-07,0.7896113395489737
2015-07-08,0.7912836157460482
2015-07-09,0.8189310055347878
2015-07-10,0.8260753190898124
2015-07-11,0.8206781809092782
2015-07-12,0.8575827771069703
2015-07-13,0.8587320881296236
2015-07-14,0.8567516345651102
2015-07-15,0.8516380746389183
2015-07-16,0.8449167684123584
2015-07-17,0.8408143935901174
2015-07-18,0.8413504580530629
2015-07-19,0.8375183236251392
2015-07-20,0.8325722458375092
2015-07-21,0.8262737588493881
2015-07-22,0.8287831063727807
2015-07-23,0.8237309129423369
2015-07-24,0.8178078375033602
2015-07-25,0.819086322180626
2015-07-26,0.8188089184450903
2015-07-27,0.8202717871802262
2015-07-28,0.8149080447578508
2015-07-29,0.8138157545417586
2015-07-30,0.8120542851483932
2015-07-31,0.8221093820321155
2015-08-01,0.8161220414407525
2015-08-02,0.8310666796637072
2015-08-03,0.8294428630378126
2015-08-04,0.8325640664158726
2015-08-05,0.8291299792710307
2015-08-06,0.8228692688546062
2015-08-07,0.8169065211381421
2015-08-08,0.8173491383624558
2015-08-09,0.8124053051017146
2015-08-10,0.8197003643037831
2015-08-11,0.8141780909460874
2015-08-12,0.8095402503730804
2015-08-13,0.8037434739714286
2015-08-14,0.7989081074695092
2015-08-15,0.8000095637379774
2015-08-16,0.8222906721605501
2015-08-17,0.8216446090662715
2015-08-18,0.8194667772118277
2015-08-19,0.8142568879637455
2015-08-20,0.8518148250752211
2015-08-21,0.8591859345787712
2015-08-22,0.8556021533396999
2015-08-23,0.8489515357800513
2015-08-24,0.8506993879136354
2015-08-25,0.8441338003735461
2015-08-26,0.8469178710836014
2015-08-27,0.8419396789470512
2015-08-28,0.8393555125372013
2015-08-29,0.8338392283276927
2015-08-30,0.8282261476243784
2015-08-31,0.8334735494354965
2015-09-01,0.8283407007905803
2015-09-02,0.8266156702239115
2015-09-03,0.8305444529065369
2015-09-04,0.8242595375685142
2015-09-05,0.8193464394151039
2015-09-06,0.8239963007946941
2015-09-07,0.820892029298487
2015-09-08,0.821700933372466
2015-09-09,0.8186670367691227
2015-09-10,0.815902747334005
2015-09-11,0.8101912718161214
2015-09-12,0.8068219805744564
2015-09-13,0.8011910704076525
2015-09-14,0.7966276187023863
2015-09-15,0.791590373627185
2015-09-16,0.7971372849194581
2015-09-17,0.7917156679549437
2015-09-18,0.8043168495253693
2015-09-19,0.7987853909562745
2015-09-20,0.798385249874503
2015-09-21,0.7982047006589678
2015-09-22,0.8015157474837108
2015-09-23,0.7973874262568806
2015-09-24,0.821037910991143
2015-09-25,0.8405986680692793
2015-09-26,0.8360134395755126
2015-09-27,0.8312960187481886
2015-09-28,0.8251466400046973
2015-09-29,0.8297324449771762
2015-09-30,0.8310865954404939
2015-10-01,0.8302525338635254
2015-10-02,0.8241443302668261
2015-10-03,0.8190493392613443
2015-10-04,0.8185196578235121
2015-10-05,0.8136682475225484
2015-10-06,0.8079319985625467
2015-10-07,0.8186187686744562
2015-10-08,0.8126040551883466
2015-10-09,0.8285488326325081
2015-10-10,0.8259852138474298
2015-10-11,0.8213720375716757
2015-10-12,0.8153767551358081
2015-10-13,0.8097611823854173
2015-10-14,0.8040362777719223
2015-10-15,0.7993265229548091
2015-10-16,0.7941920830610306
2015-10-17,0.7887730008388172
2015-10-18,0.7877550925410678
2015-10-19,0.7824745737625574
2015-10-20,0.7953583335075658
2015-10-21,0.7970841800176818
2015-10-22,0.7993739216951347
2015-10-23,0.7970722194418639
2015-10-24,0.7915831043032161
2015-10-25,0.7862278335050266
2015-10-26,0.7813632983247394
2015-10-27,0.7784108463435081
2015-10-28,0.7740334202791428
2015-10-29,0.7696006992132511
2015-10-30,0.775879050277658
2015-10-31,0.7712645922842167
2015-11-01,0.7668415948225029
2015-11-02,0.7718838684760898
2015-11-03,0.7772442203438263
2015-11-04,0.7766902490395371
2015-11-05,0.772547933390069
2015-11-06,0.7678845949296594
2015-11-07,0.7630986855091858
2015-11-08,0.7650395522693435
2015-11-09,0.7604883635298931
2015-11-10,0.7659516278211348
2015-11-11,0.7684861861366715
2015-11-12,0.7641600753970071
2015-11-13,0.7598654755397231
2015-11-14,0.7618453392139282
2015-11-15,0.7606122195181428
2015-11-16,0.7765410604730832
2015-11-17,0.7859754279543825
2015-11-18,0.7810733023608669
2015-11-19,0.7936717237137005
2015-11-20,0.7942031203922096
2015-11-21,0.8031068793356844
2015-11-22,0.7980401968266778
2015-11-23,0.7966140571452952
2015-11-24,0.7948771997987708
2015-11-25,0.8057599018986848
2015-11-26,0.8139000119415317
2015-11-27,0.8079933334016702
2015-11-28,0.8072362354970785
2015-11-29,0.8035607738167592
2015-11-30,0.8121288713135396
2015-12-01,0.8071810290195917
2015-12-02,0.8023314262734267
2015-12-03,0.8001515525641084
2015-12-04,0.7947280636715209
2015-12-05,0.7981190823460963
2015-12-06,0.8067060888335943
2015-12-07,0.8069434256750151
2015-12-08,0.8231403900797394
2015-12-09,0.8209647889441481
2015-12-10,0.8155108012638795
2015-12-11,0.8224291482325928
2015-12-12,0.8163424405586652
2015-12-13,0.810382696794922
2015-12-14,0.8060556708548601
2015-12-15,0.8024900230269518
2015-12-16,0.8035533354223877
2015-12-17,0.800602476496057
2015-12-18,0.7963124259943405
2015-12-19,0.7917871023512144
2015-12-20,0.7878418981442419
2015-12-21,0.784054552255155
2015-12-22,0.7843945065768039
2015-12-23,0.7854301609688172
2015-12-24,0.782823306540498
2015-12-25,0.7780454879225965
2015-12-26,0.7748089156333532
2015-12-27,0.7740163218143978
2015-12-28,0.7700090840504469
2015-12-29,0.7706368349895815
2015-12-30,0.770090942342315
2015-12-31,0.7653536984602932
2016-01-01,0.7610619812883729
2016-01-02,0.7662674975724215
2016-01-03,0.7715240193901481
2016-01-04,0.7694047713196166
2016-01-05,0.7651110812579442
2016-01-06,0.7609609990362246
2016-01-07,0.7565283447386284
2016-01-08,0.7551544722656416
2016-01-09,0.7527172581037244
2016-01-10,0.7482988340995242
2016-01-11,0.7445077317920453
2016-01-12,0.7415641028633168
2016-01-13,0.7392129339093024
2016-01-14,0.7384444371773096
2016-01-15,0.734335088958722
2016-01-16,0.7321984725074893
2016-01-17,0.7451274047451888
2016-01-18,0.7408782212056848
2016-01-19,0.7379643524402312
2016-01-20,0.7341632258741427
2016-01-21,0.7423392968945164
2016-01-22,0.7421342708653534
2016-01-23,0.7393623071810773
2016-01-24,0.7356848302713396
2016-01-25,0.7322491033844576
2016-01-26,0.7285247991973204
2016-01-27,0.7304563316763106
2016-01-28,0.7400436177081644
2016-01-29,0.7359360529680339
2016-01-30,0.7437548799351499
2016-01-31,0.7399472174298959
2016-02-01,0.7371048517711921
2016-02-02,0.7336042668662793
2016-02-03,0.7535069423167977
2016-02-04,0.7490703132845298
2016-02-05,0.7450006824651462
2016-02-06,0.74087629559162
2016-02-07,0.7405444230443194
2016-02-08,0.7396105827789986
2016-02-09,0.7440733712907787
2016-02-10,0.740311578684573
2016-02-11,0.7397309248069693
2016-02-12,0.7454177155275192
2016-02-13,0.7594728251965258
2016-02-14,0.7548766250225745
2016-02-15,0.7575777220584641
2016-02-16,0.7543508362436366
2016-02-17,0.7617538498056066
2016-02-18,0.7601080596837622
2016-02-19,0.7614166760643013
2016-02-20,0.7569002250532026
2016-02-21,0.7692475737409079
2016-02-22,0.7644189780570355
2016-02-23,0.7616076972121407
2016-02-24,0.7570969926187723
2016-02-25,0.7525712760974613
2016-02-26,0.7504165599586755
2016-02-27,0.7522128635907823
2016-02-28,0.7780355937723054
2016-02-29,0.7745299884552799
2016-03-01,0.7752313570265938
2016-03-02,0.7749262945328175
2016-03-03,0.7699678749001052
2016-03-04,0.7825819515214131
2016-03-05,0.779455579342708
2016-03-06,0.7822787418497053
2016-03-07,0.781051353704731
2016-03-08,0.7773921839781358
2016-03-09,0.7760380895748303
2016-03-10,0.7728649330348898
2016-03-11,0.7697459816195422
2016-03-12,0.7692436512405738
2016-03-13,0.771740621226562
2016-03-14,0.7771238908802856
2016-03-15,0.7741103307926389
2016-03-16,0.7691525221496067
2016-03-17,0.7691674452648611
2016-03-18,0.7653666359837066
2016-03-19,0.7607593054942832
2016-03-20,0.7566699390700113
2016-03-21,0.7621711911784108
2016-03-22,0.7591624783741351
2016-03-23,0.7545726983217435
2016-03-24,0.7504891185879962
2016-03-25,0.7528731799244468
2016-03-26,0.7499721596686091
2016-03-27,0.7458332397108384
2016-03-28,0.7446110601014426
2016-03-29,0.7501699877615702
2016-03-30,0.7458367298555735
2016-03-31,0.7420356634676947
2016-04-01,0.7399668742301224
2016-04-02,0.7438192625142986
2016-04-03,0.7396826511032439
2016-04-04,0.7383951985589268
2016-04-05,0.735846400279001
2016-04-06,0.747893771498778
2016-04-07,0.7635192187948474
2016-04-08,0.7652718017755392
2016-04-09,0.7671468858585969
2016-04-10,0.7683795710151532
2016-04-11,0.7692494381908699
2016-04-12,0.7650362498378623
2016-04-13,0.76031079053671
2016-04-14,0.7660730457406649
2016-04-15,0.7818506340142569
2016-04-16,0.7770358098881709
2016-04-17,0.774647102537903
2016-04-18,0.7753306476146562
2016-04-19,0.7732895932813506
2016-04-20,0.7783137654272085
2016-04-21,0.7734907862241741
2016-04-22,0.7691114989549713
2016-04-23,0.7668281146152816
2016-04-24,0.7620971811096557
2016-04-25,0.7619369365918804
2016-04-26,0.7573994962077023
2016-04-27,0.7615827669333748
2016-04-28,0.7628803180482973
2016-04-29,0.7584683451086407
2016-04-30,0.7578395318158371
2016-05-01,0.7540482128558249
2016-05-02,0.7578491765817119
2016-05-03,0.7542128452559024
2016-05-04,0.7510799515722402
2016-05-05,0.759478061704323
2016-05-06,0.7552549302560975
2016-05-07,0.756916357984422
2016-05-08,0.7536807932685976
2016-05-09,0.7524426554700754
2016-05-10,0.7488648028154236
2016-05-11,0.7447415095577993
2016-05-12,0.7434415252300924
2016-05-13,0.7406968794978064
2016-05-14,0.7375850536901427
2016-05-15,0.7408701080647112
2016-05-16,0.7384985959077959
2016-05-17,0.7360878603926865
2016-05-18,0.7329750648268708
2016-05-19,0.7404876294733378
2016-05-20,0.7404683078764505
2016-05-21,0.7436330279814217
2016-05-22,0.7395350400909695
2016-05-23,0.7357511202071614
2016-05-24,0.7333756184122981
2016-05-25,0.7302137444911606
2016-05-26,0.73993231592676
2016-05-27,0.7416638177549092
2016-05-28,0.7392193249366058
2016-05-29,0.7350966497061453
2016-05-30,0.7337132312602168
2016-05-31,0.7354757688179498
2016-06-01,0.7314880451929971
2016-06-02,0.7281033423117469
2016-06-03,0.7244983101760671
2016-06-04,0.7207619338503439
2016-06-05,0.7214303745029574
2016-06-06,0.7184705347763125
2016-06-07,0.7365324948461235
2016-06-08,0.7357740897339751
2016-06-09,0.7363612552892205
2016-06-10,0.7376775314475951
2016-06-11,0.7401911657998422
2016-06-12,0.7564967955762671
2016-06-13,0.7536534362414189
2016-06-14,0.7517842512071913
2016-06-15,0.752552636411617
2016-06-16,0.7628798866231002
2016-06-17,0.7653381242011872
2016-06-18,0.7607914815515655
2016-06-19,0.7613893159180973
2016-06-20,0.7568735226480526
2016-06-21,0.7617966492290555
2016-06-22,0.7685421844843493
2016-06-23,0.7638848207430542
2016-06-24,0.7617900556197267
2016-06-25,0.7573745881683226
2016-06-26,0.7544144827067768
2016-06-27,0.7583395743347251
2016-06-28,0.7559185713641394
2016-06-29,0.7587005743776042
2016-06-30,0.758748290322616
2016-07-01,0.7543654657907983
2016-07-02,0.7540450488534327
2016-07-03,0.7521183725477917
2016-07-04,0.7487255384774423
2016-07-05,0.7466598487064846
2016-07-06,0.7450223884267688
2016-07-07,0.7622001300693642
2016-07-08,0.7578932227662999
2016-07-09,0.7544266557684227
2016-07-10,0.7513238745912536
2016-07-11,0.7477505461318084
2016-07-12,0.7544919810168433
2016-07-13,0.750087962104714
2016-07-14,0.7542247616607944
2016-07-15,0.7654873977419991
2016-07-16,0.7675728932302204
2016-07-17,0.7628100387416459
2016-07-18,0.7585743562871169
2016-07-19,0.7558849936045093
2016-07-20,0.7559834786474873
2016-07-21,0.75176459269264
2016-07-22,0.7494877559689465
2016-07-23,0.7651854568840127
2016-07-24,0.7676065787535369
2016-07-25,0.766178310053211
2016-07-26,0.7625558200813449
2016-07-27,0.7579984610233268
2016-07-28,0.7536245881429439
2016-07-29,0.7561510846024571
2016-07-30,0.7516654171105464
2016-07-31,0.7472684242406772
2016-08-01,0.7486927203846804
2016-08-02,0.746622017933831
2016-08-03,0.755740303747278
2016-08-04,0.7687500668683661
2016-08-05,0.7679273361642038
2016-08-06,0.763800268922115
2016-08-07,0.7596868220456227
2016-08-08,0.7594358682585212
2016-08-09,0.7660433376189161
2016-08-10,0.7615808017996312
2016-08-11,0.7576580338861328
2016-08-12,0.7550806101761672
2016-08-13,0.7509042429865179
2016-08-14,0.7522744509851165
2016-08-15,0.7482867233924213
2016-08-16,0.7450827974365857
2016-08-17,0.7496959742494163
2016-08-18,0.7484964874235691
2016-08-19,0.7442217124872353
2016-08-20,0.7579766870857899
2016-08-21,0.7648973779091729
2016-08-22,0.7605455146882066
2016-08-23,0.7565989372973875
2016-08-24,0.7605239507260324
2016-08-25,0.7561373537595488
2016-08-26,0.7519589959030559
2016-08-27,0.7476179772508468
2016-08-28,0.7627444422227083
2016-08-29,0.7714994236026166
2016-08-30,0.7685830890765191
2016-08-31,0.7644784485720161
2016-09-01,0.762394313897951
2016-09-02,0.7577289190421731
2016-09-03,0.7556274569760544
2016-09-04,0.7522173588684412
2016-09-05,0.7491305263112356
2016-09-06,0.7486758677484423
2016-09-07,0.7450326986210216
2016-09-08,0.7474213773601467
2016-09-09,0.7436963173426984
2016-09-10,0.7418580919292856
2016-09-11,0.7381700176541418
2016-09-12,0.7351417680195385
2016-09-13,0.7313560540069237
2016-09-14,0.7284362193945473
2016-09-15,0.7255637689817712
2016-09-16,0.7225523951083274
2016-09-17,0.7231216570704523
2016-09-18,0.7197820254538512
2016-09-19,0.7162213143603203
2016-09-20,0.7174679991875687
2016-09-21,0.72360223478553
2016-09-22,0.7201298965958972
2016-09-23,0.7167117374810429
2016-09-24,0.713190586456309
2016-09-25,0.7102250639829756
2016-09-26,0.7090834530282881
2016-09-27,0.7206466769751496
2016-09-28,0.7170237332638504
2016-09-29,0.740188857212689
2016-09-30,0.7453019866564101
2016-10-01,0.7411363650507986
2016-10-02,0.7464633601216035
2016-10-03,0.7444209474970025
2016-10-04,0.7435860111582824
2016-10-05,0.7393550503918103
2016-10-06,0.7359585885711329
2016-10-07,0.7325930041008554
2016-10-08,0.7289081315999157
2016-10-09,0.7252309510166797
2016-10-10,0.7225698201268831
2016-10-11,0.7201796888728522
2016-10-12,0.7236189585219703
2016-10-13,0.7202144761088084
2016-10-14,0.7165780918273241
2016-10-15,0.7182920748588054
2016-10-16,0.7152344239955329
2016-10-17,0.7167000453663583
2016-10-18,0.7132908966700838
2016-10-19,0.7098342438260111
2016-10-20,0.7188624986859707
2016-10-21,0.7187018792977713
2016-10-22,0.7150702350113798
2016-10-23,0.7131729152655819
2016-10-24,0.7137977002529103
2016-10-25,0.7102745471013813
2016-10-26,0.7162957028908378
2016-10-27,0.7128230909447261
2016-10-28,0.711150321807565
2016-10-29,0.7115965820348669
2016-10-30,0.7081575551425712
2016-10-31,0.719363390989902
2016-11-01,0.7201921093211795
2016-11-02,0.7248675063489106
2016-11-03,0.7211912088183625
2016-11-04,0.7305477565724137
2016-11-05,0.7316115560294897
2016-11-06,0.7284252889913017
2016-11-07,0.7246905152450182
2016-11-08,0.7209203533549493
2016-11-09,0.7225834363443895
2016-11-10,0.7337114551282415
2016-11-11,0.7301693190905637
2016-11-12,0.7267586630481884
2016-11-13,0.7229807470926095
2016-11-14,0.7192410237927092
2016-11-15,0.7169616834211905
2016-11-16,0.7136754384228106
2016-11-17,0.71015504591974
2016-11-18,0.7082611696369471
2016-11-19,0.7101789376461544
2016-11-20,0.7071955713920958
2016-11-21,0.7099517800748653
2016-11-22,0.7077802149655271
2016-11-23,0.704655641478408
2016-11-24,0.7085586435512272
2016-11-25,0.7063885616094935
2016-11-26,0.7202241155406329
2016-11-27,0.723406344308634
2016-11-28,0.7200772537589224
2016-11-29,0.7197966994309617
2016-11-30,0.7170257206111653
2016-12-01,0.7163079956801872
2016-12-02,0.7196689534788858
2016-12-03,0.7237111206188301
2016-12-04,0.7371680792719993
2016-12-05,0.7339831163530416
2016-12-06,0.7301527573063927
2016-12-07,0.7283090581843992
2016-12-08,0.7314093478907321
2016-12-09,0.7295339402037696
2016-12-10,0.7259423472806674
2016-12-11,0.7228175265310611
2016-12-12,0.7192578411469003
2016-12-13,0.7233560019532859
2016-12-14,0.7218052130301184
2016-12-15,0.72113362857231
2016-12-16,0.7175698496989267
2016-12-17,0.7189121395541457
2016-12-18,0.7174129789586099
2016-12-19,0.7140853205471913
2016-12-20,0.7195370427005828
2016-12-21,0.7159603079158985
2016-12-22,0.7169129137153297
2016-12-23,0.7135120904581003
2016-12-24,0.7124672957704217
2016-12-25,0.7155757440871459
2016-12-26,0.7130115975686606
2016-12-27,0.7192622690618965
2016-12-28,0.7191074933667226
2016-12-29,0.7247519423109864
2016-12-30,0.7211208194522183
2016-12-31,0.7175382546436676
2017-01-01,0.7158413589938748
2017-01-02,0.7129381758787428
2017-01-03,0.7097894995559256
2017-01-04,0.7151982000228496
2017-01-05,0.7152153376823698
2017-01-06,0.7212935514916615
2017-01-07,0.720243801308943
2017-01-08,0.7193122846870993
2017-01-09,0.7385889330428691
2017-01-10,0.7397259701081647
2017-01-11,0.735644873983428
2017-01-12,0.7417461224545445
2017-01-13,0.738263000120144
2017-01-14,0.7452121348336308
2017-01-15,0.7437232006962985
2017-01-16,0.7469859281748246
2017-01-17,0.7467080538931524
2017-01-18,0.7499007533961893
2017-01-19,0.7478507951979869
2017-01-20,0.7445035719322407
2017-01-21,0.742969513034771
2017-01-22,0.7474755633912455
2017-01-23,0.7526530501429773
2017-01-24,0.7512875704455184
2017-01-25,0.7475055427445071
2017-01-26,0.7462451937608887
2017-01-27,0.7419492544751437
2017-01-28,0.7377628193540885
2017-01-29,0.7345611753028426
2017-01-30,0.7313913994413564
2017-01-31,0.7279579392914756
2017-02-01,0.7241050542582544
2017-02-02,0.7210562767950435
2017-02-03,0.7175440973802559
2017-02-04,0.7159683079862146
2017-02-05,0.7182686345178605
2017-02-06,0.7146570395022213
2017-02-07,0.7112885987148369
2017-02-08,0.7081504497975638
2017-02-09,0.7055855156969795
2017-02-10,0.7039210912809473
2017-02-11,0.7018973301579253
2017-02-12,0.6993046071307518
2017-02-13,0.6963591273398406
2017-02-14,0.6939325512024701
2017-02-15,0.6912311641254538
2017-02-16,0.6945071496644797
2017-02-17,0.6993355300387653
2017-02-18,0.6990542964307752
2017-02-19,0.6959081278200739
2017-02-20,0.6936975134019479
2017-02-21,0.6977542350525074
2017-02-22,0.6947644420080372
2017-02-23,0.7032324709557455
2017-02-24,0.7001654091365331
2017-02-25,0.6969749544143781
2017-02-26,0.6956227315233182
2017-02-27,0.6963156973355613
2017-02-28,0.6947873308693046
2017-03-01,0.6961061070172924
2017-03-02,0.6930212784044903
2017-03-03,0.6901908891647036
2017-03-04,0.687993613046056
2017-03-05,0.6873828074947286
2017-03-06,0.6844955219674039
2017-03-07,0.6827214058369386
2017-03-08,0.6968983977399228
2017-03-09,0.6962340742818546
2017-03-10,0.6931458151761124
2017-03-11,0.6910016041004788
2017-03-12,0.6984627833536853
2017-03-13,0.7001197935441571
2017-03-14,0.7008953875627952
2017-03-15,0.7011581672540592
2017-03-16,0.698945161195103
2017-03-17,0.6959383473288712
2017-03-18,0.697446039358851
2017-03-19,0.6975506694458906
2017-03-20,0.6959391567680256
2017-03-21,0.6944695302284845
2017-03-22,0.6976112491042575
2017-03-23,0.6988962232434565
2017-03-24,0.6957278215459917
2017-03-25,0.70726046210587
2017-03-26,0.7051348871935762
2017-03-27,0.7247461787857832
2017-03-28,0.7252857814258235
2017-03-29,0.7324537387750264
2017-03-30,0.7319792053507085
2017-03-31,0.7281852500369113
2017-04-01,0.7243195759177851
2017-04-02,0.7282789723949707
2017-04-03,0.724604444749894
2017-04-04,0.732230893427025
2017-04-05,0.728460780481879
2017-04-06,0.7337521678880281
2017-04-07,0.7308360235214567
2017-04-08,0.7298158601841237
2017-04-09,0.7334384954282819
2017-04-10,0.7295640074077714
2017-04-11,0.7437192092908782
2017-04-12,0.7399491474216205
2017-04-13,0.7408449979434452
2017-04-14,0.7407934040816482
2017-04-15,0.7366623455413687
2017-04-16,0.7389010888147618
2017-04-17,0.738760580223137
2017-04-18,0.734652841786824
2017-04-19,0.7306328277268908
2017-04-20,0.7340071712250713
2017-04-21,0.7304539599475011
2017-04-22,0.7361413585945469
2017-04-23,0.7394885858621996
2017-04-24,0.7360963886847647
2017-04-25,0.734966623214932
2017-04-26,0.7491424964610565
2017-04-27,0.7501364569880721
2017-04-28,0.750258821155811
2017-04-29,0.7482982457776863
2017-04-30,0.7461896768775553
2017-05-01,0.748826935550487
2017-05-02,0.7545641959985434
2017-05-03,0.7529116711993779
2017-05-04,0.7505575511597938
2017-05-05,0.747663260276547
2017-05-06,0.7435186845923901
2017-05-07,0.7629597837237813
2017-05-08,0.7582655005108856
2017-05-09,0.7554058488034319
2017-05-10,0.7535992099699182
2017-05-11,0.7507720862709772
2017-05-12,0.7492650288402543
2017-05-13,0.756395792944502
2017-05-14,0.7703465577321138
2017-05-15,0.7658389874462588
2017-05-16,0.7622114690821249
2017-05-17,0.7650279823219895
2017-05-18,0.7644203643534138
2017-05-19,0.7639256533018568
2017-05-20,0.7633530999924997
2017-05-21,0.758741747829651
2017-05-22,0.7572587572272185
2017-05-23,0.7746787698624263
2017-05-24,0.7853064731538436
2017-05-25,0.780801427529847
2017-05-26,0.7761361393584915
2017-05-27,0.7748047123415096
2017-05-28,0.7698440097858258
2017-05-29,0.7675238522927172
2017-05-30,0.7730006830907081
2017-05-31,0.7681001050591233
2017-06-01,0.7792174798906167
2017-06-02,0.7766904076580331
2017-06-03,0.8044469685539896
2017-06-04,0.801624448934795
2017-06-05,0.7960496768565297
2017-06-06,0.7914726538379885
2017-06-07,0.7936346552487554
2017-06-08,0.8105435175660465
2017-06-09,0.8047968340538605
2017-06-10,0.8010663814009334
2017-06-11,0.7967630853070309
2017-06-12,0.7956559862148151
2017-06-13,0.8026389304925521
2017-06-14,0.7986217780767082
2017-06-15,0.8006090348552026
2017-06-16,0.7951065974217457
2017-06-17,0.808412141435074
2017-06-18,0.802669880465697
2017-06-19,0.8022478323297078
2017-06-20,0.8049257401433559
2017-06-21,0.8071768759397502
2017-06-22,0.8077383747183555
2017-06-23,0.8025899419232585
2017-06-24,0.8072106890883309
2017-06-25,0.8067206926836694
2017-06-26,0.8036838069091135
2017-06-27,0.7992072661167227
2017-06-28,0.8091248851075132
2017-06-29,0.8260614892015534
2017-06-30,0.8373793720522247
2017-07-01,0.8310443663029199
2017-07-02,0.827933717131609
2017-07-03,0.8275312385096425
2017-07-04,0.8259655121545884
2017-07-05,0.8199581428845908
2017-07-06,0.8190579833955641
2017-07-07,0.8338098870252653
2017-07-08,0.8275827399100467
2017-07-09,0.8252275770460664
2017-07-10,0.83037901502627
2017-07-11,0.8356876313747187
2017-07-12,0.8392410201606983
2017-07-13,0.8332836491039268
2017-07-14,0.8303798246647698
2017-07-15,0.8321459524433042
2017-07-16,0.8311386437548596
2017-07-17,0.8371265502859001
2017-07-18,0.8310878784668063
2017-07-19,0.8321712879120254
2017-07-20,0.831554402279489
2017-07-21,0.8280832282725908
2017-07-22,0.8227090831719828
2017-07-23,0.819642284863094
2017-07-24,0.8135991308681907
2017-07-25,0.8203532089455946
2017-07-26,0.8177473663566802
2017-07-27,0.8177574465399625
2017-07-28,0.8155222355557802
2017-07-29,0.8109526270260717
2017-07-30,0.8106356130947867
2017-07-31,0.8050729083155221
2017-08-01,0.7993981889976366
2017-08-02,0.8101893737005299
2017-08-03,0.8086920224086606
2017-08-04,0.8117468754221591
2017-08-05,0.8175966184302252
2017-08-06,0.811600869307993
2017-08-07,0.805770555999602
2017-08-08,0.800978257704097
2017-08-09,0.7955061247752844
2017-08-10,0.8015708793620296
2017-08-11,0.8023628798775132
2017-08-12,0.8004602731626663
2017-08-13,0.7992407674517076
2017-08-14,0.7938504747162093
2017-08-15,0.7920166856676655
2017-08-16,0.7885036880038817
2017-08-17,0.7904269669201185
2017-08-18,0.7923395794023758
2017-08-19,0.7872644067342457
2017-08-20,0.7836943797174437
2017-08-21,0.7804398558680586
2017-08-22,0.7775205537486873
2017-08-23,0.7732871722846147
2017-08-24,0.7840374737292823
2017-08-25,0.7939216520316181
2017-08-26,0.7898658853105585
2017-08-27,0.816808569154538
2017-08-28,0.816556791500633
2017-08-29,0.8208128032483848
2017-08-30,0.8201691733080332
2017-08-31,0.817867445888077
2017-09-01,0.8134819624380452
2017-09-02,0.8207705796488641
2017-09-03,0.8189230141018347
2017-09-04,0.8220766478569005
2017-09-05,0.8307972787206697
2017-09-06,0.829704928198265
2017-09-07,0.8238512823414204
2017-09-08,0.8190217306638832
2017-09-09,0.8177862922058505
2017-09-10,0.8329629796101601
2017-09-11,0.8431588383539479
2017-09-12,0.8496870197375965
2017-09-13,0.8429403549880052
2017-09-14,0.8643888164649411
2017-09-15,0.8578850131751089
2017-09-16,0.8525626976617066
2017-09-17,0.8614001859339314
2017-09-18,0.859050045688222
2017-09-19,0.8710477111237116
2017-09-20,0.866222992565068
2017-09-21,0.8591009267833092
2017-09-22,0.8571636426637979
2017-09-23,0.8556538967643283
2017-09-24,0.8543898356079981
2017-09-25,0.8478967592992077
2017-09-26,0.8439669390456815
2017-09-27,0.837343035771844
2017-09-28,0.8310528071507175
2017-09-29,0.8250108402586531
2017-09-30,0.8191729340431272
2017-10-01,0.8133018925109199
2017-10-02,0.8077399997010615
2017-10-03,0.8191674493066403
2017-10-04,0.8132452843906767
2017-10-05,0.8181083778925708
2017-10-06,0.8121220862381725
2017-10-07,0.811354877220027
2017-10-08,0.8062022835184691
2017-10-09,0.8053613698095463
2017-10-10,0.8061634902483309
2017-10-11,0.8022936010315418
2017-10-12,0.8058136699465046
2017-10-13,0.8118179550350816
2017-10-14,0.8066340047391455
2017-10-15,0.8058260036735878
2017-10-16,0.8008601399681807
2017-10-17,0.795276217546693
2017-10-18,0.8011454485545193
2017-10-19,0.8133314204856338
2017-10-20,0.8087254612943889
2017-10-21,0.8036138239002121
2017-10-22,0.7982702791774613
2017-10-23,0.7929727662553453
2017-10-24,0.7919132929270912
2017-10-25,0.790001169837818
2017-10-26,0.7891162479855499
2017-10-27,0.7838942502636627
2017-10-28,0.7814869425033749
2017-10-29,0.7892431791474849
2017-10-30,0.793183920439758
2017-10-31,0.7921438242965848
2017-11-01,0.787205587072666
2017-11-02,0.7865457430893247
2017-11-03,0.7813060764539814
2017-11-04,0.7797847631834848
2017-11-05,0.7758874086945352
2017-11-06,0.772070104809537
2017-11-07,0.7727638703289549
2017-11-08,0.7678471612578054
2017-11-09,0.7685714035479352
2017-11-10,0.7654611926000762
2017-11-11,0.7648299165022667
2017-11-12,0.7600921732630428
2017-11-13,0.7587906589328225
2017-11-14,0.758092514960624
2017-11-15,0.7558641193395508
2017-11-16,0.7625713521154169
2017-11-17,0.7613391812637885
2017-11-18,0.7567092031726508
2017-11-19,0.7603442196413184
2017-11-20,0.7565000742301187
2017-11-21,0.7574078419990782
2017-11-22,0.7580810841528365
2017-11-23,0.7723364986734097
2017-11-24,0.7727628596523362
2017-11-25,0.7725357615821857
2017-11-26,0.7696437635961763
2017-11-27,0.7682984359771888
2017-11-28,0.7646762421273577
2017-11-29,0.7607555219566944
2017-11-30,0.7893396580995543
2017-12-01,0.7841644856100798
2017-12-02,0.7805504509119884
2017-12-03,0.7754589426111159
2017-12-04,0.7705623489686609
2017-12-05,0.7663048577429158
2017-12-06,0.763818915005613
2017-12-07,0.7630826725160212
2017-12-08,0.7651006446963797
2017-12-09,0.7622985420428453
2017-12-10,0.7587461406314504
2017-12-11,0.7543651622423211
2017-12-12,0.750740389787026
2017-12-13,0.7467380521973235
2017-12-14,0.748736609040056
2017-12-15,0.744946141633239
2017-12-16,0.7439316412178314
2017-12-17,0.7397498519311104
2017-12-18,0.7381381963578147
2017-12-19,0.7345358351992
2017-12-20,0.736560691245448
2017-12-21,0.7335587341990186
2017-12-22,0.7295935321337622
2017-12-23,0.7257430750592546
2017-12-24,0.7334480546543797
2017-12-25,0.7331973479799908
2017-12-26,0.7326514959189268
2017-12-27,0.7329554838989789
2017-12-28,0.7319968824162755
2017-12-29,0.72831789658084
2017-12-30,0.7255378153601091
2017-12-31,0.7222131185613258
2018-01-01,0.7193429814650044
2018-01-02,0.7196982385436455
2018-01-03,0.7202339836265593
2018-01-04,0.7198537641556945
2018-01-05,0.7205426572957965
2018-01-06,0.7337506115557719
2018-01-07,0.7310344307768465
2018-01-08,0.7308169342661014
2018-01-09,0.727100524817606
2018-01-10,0.7287726816233374
2018-01-11,0.7341120074018709
2018-01-12,0.733591301781189
2018-01-13,0.7296808365743708
2018-01-14,0.7258993645593995
2018-01-15,0.7222038194643204
2018-01-16,0.7253358662532238
2018-01-17,0.7217457078062738
2018-01-18,0.7186961038325524
2018-01-19,0.7153002135698161
2018-01-20,0.715356632567479
2018-01-21,0.711875315057703
2018-01-22,0.71350640395388
2018-01-23,0.7100210230641942
2018-01-24,0.7066304524473487
2018-01-25,0.7185965171255893
2018-01-26,0.7153584075024675
2018-01-27,0.7257656762211094
2018-01-28,0.7262721109357935
2018-01-29,0.728795527968254
2018-01-30,0.7285647290902761
2018-01-31,0.7247203776552454
2018-02-01,0.7226361346938754
2018-02-02,0.7208269869935865
2018-02-03,0.7232716489987268
2018-02-04,0.7245695047712696
2018-02-05,0.724515400294869
2018-02-06,0.7305653498167456
2018-02-07,0.7321292940662621
2018-02-08,0.7320938623683555
2018-02-09,0.7282587383229063
2018-02-10,0.7246125385223421
2018-02-11,0.7234241053606044
2018-02-12,0.742767102771732
2018-02-13,0.738814015104849
2018-02-14,0.7365140663813056
2018-02-15,0.732823123513555
2018-02-16,0.7331618304145191
2018-02-17,0.7297422129948774
2018-02-18,0.7458940108628501
2018-02-19,0.7422447312041279
2018-02-20,0.7525918877470689
2018-02-21,0.7499338694403949
2018-02-22,0.7560879221182006
2018-02-23,0.7534503462478503
2018-02-24,0.7495745767212023
2018-02-25,0.745288141353571
2018-02-26,0.742540593171936
2018-02-27,0.7391024791751177
2018-02-28,0.734998461412951
2018-03-01,0.7316700518904817
2018-03-02,0.7293275879221987
2018-03-03,0.7255358579101427
2018-03-04,0.7224365763009923
2018-03-05,0.71887420396418
2018-03-06,0.7155207637471966
2018-03-07,0.716255488092343
2018-03-08,0.7171827458202816
2018-03-09,0.713644880965571
2018-03-10,0.7112149591136607
2018-03-11,0.7088874756149038
2018-03-12,0.7067680120143773
2018-03-13,0.7221952539044882
2018-03-14,0.7196657048287806
2018-03-15,0.7258617040126916
2018-03-16,0.7457636417153226
2018-03-17,0.751479036482762
2018-03-18,0.7556768558401653
2018-03-19,0.7524086102077348
2018-03-20,0.7611709088240664
2018-03-21,0.7599222509065566
2018-03-22,0.7562463879957853
2018-03-23,0.7536879665755729
2018-03-24,0.759822183260842
2018-03-25,0.7629701713339883
2018-03-26,0.7727352549425153
2018-03-27,0.7679617038818947
2018-03-28,0.7718845983995181
2018-03-29,0.7908053693257383
2018-03-30,0.7923767006723718
2018-03-31,0.7876405825365713
2018-04-01,0.7850095074257134
2018-04-02,0.7819171447268868
2018-04-03,0.7796969027893743
2018-04-04,0.7764823566788204
2018-04-05,0.7714737187573052
2018-04-06,0.7715527245315259
2018-04-07,0.7704238152754198
2018-04-08,0.7688632719110945
2018-04-09,0.7845053212496916
2018-04-10,0.7796332493543104
2018-04-11,0.7952087295193344
2018-04-12,0.7954323552405002
2018-04-13,0.794312917376113
2018-04-14,0.789038216430892
2018-04-15,0.7955510000163765
2018-04-16,0.7931705966300993
2018-04-17,0.7880952772124399
2018-04-18,0.7831191227962827
2018-04-19,0.7792413210342327
2018-04-20,0.7741715251089438
2018-04-21,0.769774394150341
2018-04-22,0.7713757415138531
2018-04-23,0.7673402788896082
2018-04-24,0.7693917816066409
2018-04-25,0.7680656287145105
2018-04-26,0.7649596489561871
2018-04-27,0.7637908665052596
2018-04-28,0.7625427701512767
2018-04-29,0.7608709340727283
2018-04-30,0.7614773726439241
2018-05-01,0.7776367542966418
2018-05-02,0.773240911949996
2018-05-03,0.7683729877935026
2018-05-04,0.7641735708472267
2018-05-05,0.7812021199022917
2018-05-06,0.7810073049043829
2018-05-07,0.7759102324883748
2018-05-08,0.7710244039543628
2018-05-09,0.7682586167387145
2018-05-10,0.7641872092586807
2018-05-11,0.7594906810925092
2018-05-12,0.7642707962362872
2018-05-13,0.7598510634634916
2018-05-14,0.7605640451437049
2018-05-15,0.7559709370362435
2018-05-16,0.7576524266674399
2018-05-17,0.7588237825445592
2018-05-18,0.755239779387643
2018-05-19,0.756437101087907
2018-05-20,0.7692377702634006
2018-05-21,0.7710825351840347
2018-05-22,0.7679813037181903
2018-05-23,0.7641334972571578
2018-05-24,0.762567674102851
2018-05-25,0.7669206286716274
2018-05-26,0.7629898231823599
2018-05-27,0.7604730676209025
2018-05-28,0.7565061973001048
2018-05-29,0.7521281787911666
2018-05-30,0.7493100250785207
2018-05-31,0.7453610779552923
2018-06-01,0.7411776944144706
2018-06-02,0.7370276179752322
2018-06-03,0.7375842510198528
2018-06-04,0.7342572072418593
2018-06-05,0.7308583643641143
2018-06-06,0.7396162650169675
2018-06-07,0.7382492763565827
2018-06-08,0.7389663498887018
2018-06-09,0.7364706717002376
2018-06-10,0.7449093271790324
2018-06-11,0.7421559005406063
2018-06-12,0.743671299748795
2018-06-13,0.7407886275401281
2018-06-14,0.7380927097544135
2018-06-15,0.7379584023291302
2018-06-16,0.7477612777490169
2018-06-17,0.7442511975410148
2018-06-18,0.7454088696203527
2018-06-19,0.7426201901706984
2018-06-20,0.7394195401423457
2018-06-21,0.7409507990817739
2018-06-22,0.7384837065728901
2018-06-23,0.7477838199129958
2018-06-24,0.7508560605166424
2018-06-25,0.7464509917479268
2018-06-26,0.7433821396021119
2018-06-27,0.7524554100546711
2018-06-28,0.7595930087516531
2018-06-29,0.7552739574373943
2018-06-30,0.751068068050491
2018-07-01,0.7495818482996328
2018-07-02,0.7480662054885414
2018-07-03,0.7445821004797092
2018-07-04,0.7405148532202638
2018-07-05,0.7393880829142191
2018-07-06,0.7378182235509305
2018-07-07,0.7425891331915007
2018-07-08,0.7432757583384211
2018-07-09,0.7391781930488317
2018-07-10,0.7450584360170078
2018-07-11,0.7464100518440532
2018-07-12,0.7421826296448449
2018-07-13,0.7418266889046661
2018-07-14,0.7406078548503816
2018-07-15,0.7375028027473143
2018-07-16,0.7374268029258115
2018-07-17,0.7382644365336035
2018-07-18,0.737370328695252
2018-07-19,0.7392024792327886
2018-07-20,0.7375424976304987
2018-07-21,0.7371534819202217
2018-07-22,0.7353110955338853
2018-07-23,0.7316718899148401
2018-07-24,0.7304484567054522
2018-07-25,0.739521635982111
2018-07-26,0.7354102438702342
2018-07-27,0.731436850045937
2018-07-28,0.7325735046425128
2018-07-29,0.7298826351464536
2018-07-30,0.7283059608850637
2018-07-31,0.7307827351640803
2018-08-01,0.7268570247677135
2018-08-02,0.7369467346956156
2018-08-03,0.7433080033947647
2018-08-04,0.7412893375907676
2018-08-05,0.7378078220680692
2018-08-06,0.7375215170245558
2018-08-07,0.7417026414645658
2018-08-08,0.740589395905393
2018-08-09,0.7409602362820978
2018-08-10,0.7407596696194136
2018-08-11,0.7690494772636367
2018-08-12,0.7642168597625804
2018-08-13,0.7598318899292584
2018-08-14,0.7576951650281778
2018-08-15,0.7533761823510202
2018-08-16,0.7490738314780561
2018-08-17,0.747584760662781
2018-08-18,0.7470707601406722
2018-08-19,0.7531444058479366
2018-08-20,0.74931014373846
2018-08-21,0.7450113017427978
2018-08-22,0.7703452880654709
2018-08-23,0.7734666916011731
2018-08-24,0.7689178627420296
2018-08-25,0.7699138378186142
2018-08-26,0.7676044386349337
2018-08-27,0.7632154359038208
2018-08-28,0.7713026555886393
2018-08-29,0.7738300225819023
2018-08-30,0.7690869493616077
2018-08-31,0.7678731406430899
2018-09-01,0.7630751335849393
2018-09-02,0.7734772136808862
2018-09-03,0.7703792420576335
2018-09-04,0.7728555815825805
2018-09-05,0.7702458733336169
2018-09-06,0.7696660508177671
2018-09-07,0.7661262799122557
2018-09-08,0.7629345235505703
2018-09-09,0.7704258324884591
2018-09-10,0.7656777853202728
2018-09-11,0.760976537905649
2018-09-12,0.7643163585870457
2018-09-13,0.7597759961021215
2018-09-14,0.7567764428043282
2018-09-15,0.7552389049414663
2018-09-16,0.7507289288204286
2018-09-17,0.7475472840505462
2018-09-18,0.7432248452277198
2018-09-19,0.7428477917827804
2018-09-20,0.7421049693467908
2018-09-21,0.7381922734162345
2018-09-22,0.7548013707171943
2018-09-23,0.7505947659011385
2018-09-24,0.7467055916956009
2018-09-25,0.7582644912469368
2018-09-26,0.7620675655562891
2018-09-27,0.7892883558694425
2018-09-28,0.7840306946813054
2018-09-29,0.7795741174702652
2018-09-30,0.7751933438630656
2018-10-01,0.7714471555718093
2018-10-02,0.7665531226959057
2018-10-03,0.7748529832966006
2018-10-04,0.7741319124033461
2018-10-05,0.7733466346082074
2018-10-06,0.7695887117354022
2018-10-07,0.7874492404542143
2018-10-08,0.7851085816250605
2018-10-09,0.7826458217396042
2018-10-10,0.7780226011550821
2018-10-11,0.7765915432648295
2018-10-12,0.774969567801377
2018-10-13,0.7700371394349866
2018-10-14,0.7677157256121655
2018-10-15,0.7635417229019359
2018-10-16,0.7687495727294699
2018-10-17,0.7689324091353972
2018-10-18,0.7641386431035119
2018-10-19,0.7597999789497092
2018-10-20,0.7732922444802891
2018-10-21,0.7695868197001499
2018-10-22,0.7647485472885518
2018-10-23,0.7629474939583
2018-10-24,0.7864359819901257
2018-10-25,0.781241051100289
2018-10-26,0.7808871312513327
2018-10-27,0.7768672086282122
2018-10-28,0.7718772392756494
2018-10-29,0.7673175032287359
2018-10-30,0.7690217032467517
2018-10-31,0.764450412502658
2018-11-01,0.7600353782849891
2018-11-02,0.755757867379935
2018-11-03,0.7514468896383738
2018-11-04,0.7496557131567319
2018-11-05,0.745287789565291
2018-11-06,0.7424642001138405
2018-11-07,0.7394232668453337
2018-11-08,0.735618502421395
2018-11-09,0.732678673320353
2018-11-10,0.7292742683460729
2018-11-11,0.7297291104706974
2018-11-12,0.7261789511173149
2018-11-13,0.7287460182946789
2018-11-14,0.7311032037880468
2018-11-15,0.7282139337184473
2018-11-16,0.7254865175884292
2018-11-17,0.7216854990110508
2018-11-18,0.7180634204557012
2018-11-19,0.7158340974974997
2018-11-20,0.7178535837359974
2018-11-21,0.7157790764333972
2018-11-22,0.7127161452038819
2018-11-23,0.7113935110408383
2018-11-24,0.7139981581377762
2018-11-25,0.7249990059144824
2018-11-26,0.7230190000964632
2018-11-27,0.7199240531656422
2018-11-28,0.7205250155252558
2018-11-29,0.7277278350673207
2018-11-30,0.7269549585145787
2018-12-01,0.723151486422136
2018-12-02,0.7194073695086679
2018-12-03,0.7160573601536958
2018-12-04,0.713448098374207
2018-12-05,0.7113066403586038
2018-12-06,0.7102624835710661
2018-12-07,0.7076058459390705
2018-12-08,0.7063222834341318
2018-12-09,0.7119996050407521
2018-12-10,0.7086671403600675
2018-12-11,0.7124746689489295
2018-12-12,0.7132440095670635
2018-12-13,0.7145613999195968
2018-12-14,0.7110393991334348
2018-12-15,0.7102705938275219
2018-12-16,0.7068832993570888
2018-12-17,0.7047368665446799
2018-12-18,0.7107201370658162
2018-12-19,0.7074468222169144
2018-12-20,0.7057189467479357
2018-12-21,0.7038195251794637
2018-12-22,0.7006385938895637
2018-12-23,0.7120823666513849
2018-12-24,0.7099138259980136
2018-12-25,0.7076393674742615
2018-12-26,0.7084428018936659
2018-12-27,0.7052832394445054
2018-12-28,0.7019844106483597
2018-12-29,0.699463462840654
2018-12-30,0.6976464096406412
2018-12-31,0.6946562010107157
2019-01-01,0.6939727890024521
2019-01-02,0.7160884449093589
2019-01-03,0.7144011167586276
2019-01-04,0.7196806932407054
2019-01-05,0.72471509515255
2019-01-06,0.7211129030901043
2019-01-07,0.7232729132459759
2019-01-08,0.7223337591196308
2019-01-09,0.7300107195757859
2019-01-10,0.7262123219238088
2019-01-11,0.7346830511376834
2019-01-12,0.7388576916634195
2019-01-13,0.7354778522694376
2019-01-14,0.7375311904719534
2019-01-15,0.7373117204340529
2019-01-16,0.7338430479975913
2019-01-17,0.7330292504151029
2019-01-18,0.7295214599891101
2019-01-19,0.7336170010443128
2019-01-20,0.7323812438327751
2019-01-21,0.7352501326064944
2019-01-22,0.7317761229487824
2019-01-23,0.7278307738790167
2019-01-24,0.7279425011680326
2019-01-25,0.7332273411982311
2019-01-26,0.7306293708919934
2019-01-27,0.7267159188536086
2019-01-28,0.7232888760895101
2019-01-29,0.722899046618842
2019-01-30,0.7191679540035805
2019-01-31,0.7156151165470883
2019-02-01,0.7126082940502008
2019-02-02,0.7093618168713395
2019-02-03,0.7120900979237057
2019-02-04,0.7087683266820188
2019-02-05,0.7150656189752824
2019-02-06,0.7115554407033347
2019-02-07,0.7081306362704958
2019-02-08,0.7087274946691762
2019-02-09,0.7097266902650318
2019-02-10,0.7176139017912033
2019-02-11,0.7172166284344397
2019-02-12,0.7189774353828411
2019-02-13,0.7167188268045896
2019-02-14,0.7144504010622554
2019-02-15,0.712585856562804
2019-02-16,0.709883844939629
2019-02-17,0.7078827057411884
2019-02-18,0.7063436283923638
2019-02-19,0.7030101381951581
2019-02-20,0.7028689979715387
2019-02-21,0.6996702855503931
2019-02-22,0.6966792674672025
2019-02-23,0.6967828119705294
2019-02-24,0.6945566788296077
2019-02-25,0.6972099867764914
2019-02-26,0.7003083871486846
2019-02-27,0.6981853243786755
2019-02-28,0.6951985586710985
2019-03-01,0.6922573407453388
2019-03-02,0.6954782254283093
2019-03-03,0.6923922860923454
2019-03-04,0.6988731366726754
2019-03-05,0.7075715424301942
2019-03-06,0.7043912618214839
2019-03-07,0.7011370448269441
2019-03-08,0.7028026279299004
2019-03-09,0.7030896530847227
2019-03-10,0.7062047517784774
2019-03-11,0.7038211433554443
2019-03-12,0.7088046291182439
2019-03-13,0.7203947436314472
2019-03-14,0.7278112109643892
2019-03-15,0.7241549169085427
2019-03-16,0.7295199121850418
2019-03-17,0.7260935466572561
2019-03-18,0.7371676302438352
2019-03-19,0.7379647195239559
2019-03-20,0.7404090080778286
2019-03-21,0.736935221467955
2019-03-22,0.7335311710442485
2019-03-23,0.740302009355326
2019-03-24,0.7366896945105376
2019-03-25,0.7330294327929451
2019-03-26,0.7343982104750959
2019-03-27,0.7319485477631248
2019-03-28,0.7280602923101371
2019-03-29,0.726340417925748
2019-03-30,0.7228729961942554
2019-03-31,0.7199204064478167
2019-04-01,0.7166409204782949
2019-04-02,0.7182362873058217
2019-04-03,0.7224067317946129
2019-04-04,0.7221149075090817
2019-04-05,0.7319102590612492
2019-04-06,0.7289915755117194
2019-04-07,0.7251866585745265
2019-04-08,0.7228021724024488
2019-04-09,0.7212861587861538
2019-04-10,0.7186555426285106
2019-04-11,0.7150195134993236
2019-04-12,0.7151706484123866
2019-04-13,0.7142515271773083
2019-04-14,0.7133917483475556
2019-04-15,0.7104073054668131
2019-04-16,0.7077279476414032
2019-04-17,0.7060078526537109
2019-04-18,0.7039766058988768
2019-04-19,0.7010654564198009
2019-04-20,0.697878608863708
2019-04-21,0.701858998579175
2019-04-22,0.7039015245047846
2019-04-23,0.7165234700726142
2019-04-24,0.7247517874454927
2019-04-25,0.7216019904481233
2019-04-26,0.7190255165409335
2019-04-27,0.7174353065206118
2019-04-28,0.7162060783453673
2019-04-29,0.7161352527927229
2019-04-30,0.7125562615808206
2019-05-01,0.7097324819660399
2019-05-02,0.7126019684459539
2019-05-03,0.7180731655759163
2019-05-04,0.7169882315633983
2019-05-05,0.7134722751915921
2019-05-06,0.7099723376359612
2019-05-07,0.7129528426490892
2019-05-08,0.7108096687468134
2019-05-09,0.709913614141745
2019-05-10,0.7067985271098449
2019-05-11,0.7036884343814432
2019-05-12,0.7005078169612806
2019-05-13,0.704777496141457
2019-05-14,0.7014713958285992
2019-05-15,0.7062869062547095
2019-05-16,0.7155585928944916
2019-05-17,0.7219177820316157
2019-05-18,0.718227485027548
2019-05-19,0.7145994241970633
2019-05-20,0.7112344337095952
2019-05-21,0.7095427714755562
2019-05-22,0.7092185236002307
2019-05-23,0.707514602806868
2019-05-24,0.7049945025654198
2019-05-25,0.7040495646269578
2019-05-26,0.7008442261778648
2019-05-27,0.7027933229863352
2019-05-28,0.7042734903389417
2019-05-29,0.7038758009193137
2019-05-30,0.7030277526022551
2019-05-31,0.723770439873458
2019-06-01,0.7242968971622306
2019-06-02,0.7221293952585094
2019-06-03,0.7232192710083544
2019-06-04,0.7195934608830282
2019-06-05,0.7199371413504436
2019-06-06,0.718742146636864
2019-06-07,0.7161223160188186
2019-06-08,0.7236649418804911
2019-06-09,0.7698506323887102
2019-06-10,0.766193207488207
2019-06-11,0.7624883529823089
2019-06-12,0.7591088662288541
2019-06-13,0.7562173055757117
2019-06-14,0.7536517631287216
2019-06-15,0.7552484865644903
2019-06-16,0.7516895008931441
2019-06-17,0.7486069524781778
2019-06-18,0.7447857110207693
2019-06-19,0.7406498793011771
2019-06-20,0.7388445706116785
2019-06-21,0.7348123768838467
2019-06-22,0.730793488195652
2019-06-23,0.7423564928670799
2019-06-24,0.7437517415351804
2019-06-25,0.7423449077535098
2019-06-26,0.7386381509314032
2019-06-27,0.738387435812674
2019-06-28,0.7383056999963393
2019-06-29,0.7384036243170085
2019-06-30,0.7482861144289524
2019-07-01,0.7648546354039967
2019-07-02,0.7661253741188453
2019-07-03,0.7665990702700467
2019-07-04,0.7619313264301547
2019-07-05,0.7683129521054274
2019-07-06,0.7634939828865099
2019-07-07,0.7651475952472874
2019-07-08,0.7640139388684837
2019-07-09,0.7594936973125453
2019-07-10,0.756404898534228
2019-07-11,0.7538887954144302
2019-07-12,0.7510910815245648
2019-07-13,0.7531087756334308
2019-07-14,0.7519403623994361
2019-07-15,0.7475252836422418
2019-07-16,0.7486630215380914
2019-07-17,0.7445204935460819
2019-07-18,0.7553521958401639
2019-07-19,0.7533827800094466
2019-07-20,0.7543350273359825
2019-07-21,0.759423674242842
2019-07-22,0.7554089021838665
2019-07-23,0.7511306387248715
2019-07-24,0.7544032482372475
2019-07-25,0.751395453037902
2019-07-26,0.7490077443020503
2019-07-27,0.750530743228991
2019-07-28,0.752240797944575
2019-07-29,0.7478214888075383
2019-07-30,0.7482614956860852
2019-07-31,0.7476953242903933
2019-08-01,0.7438187706428664
2019-08-02,0.7469245084443733
2019-08-03,0.7458495517413045
2019-08-04,0.7428110390498729
2019-08-05,0.7386163671642396
2019-08-06,0.7450862745498481
2019-08-07,0.7484627820016841
2019-08-08,0.744342497980267
2019-08-09,0.7461651021474558
2019-08-10,0.7444323234895878
2019-08-11,0.7639060258303925
2019-08-12,0.7673955789472039
2019-08-13,0.7625957399275302
2019-08-14,0.7594191258944537
2019-08-15,0.7548484387652755
2019-08-16,0.7531063147043022
2019-08-17,0.7488073696715359
2019-08-18,0.7533108667075172
2019-08-19,0.7516658133741501
2019-08-20,0.754317866691272
2019-08-21,0.7506855103021246
2019-08-22,0.7479891753459346
2019-08-23,0.7454698962490557
2019-08-24,0.7423607039387234
2019-08-25,0.739245683956073
2019-08-26,0.7351207714000664
2019-08-27,0.7341160234548559
2019-08-28,0.7310840216739103
2019-08-29,0.7286863955721169
2019-08-30,0.7249012090352841
2019-08-31,0.7220724590889877
2019-09-01,0.718423183949146
2019-09-02,0.7147910595259584
2019-09-03,0.7114538453254947
2019-09-04,0.7132243114475417
2019-09-05,0.7120616953413714
2019-09-06,0.7108918267976049
2019-09-07,0.7104676731155628
2019-09-08,0.7155369184734282
2019-09-09,0.7219751990371247
2019-09-10,0.722130845610912
2019-09-11,0.7290394485555851
2019-09-12,0.7306455574720747
2019-09-13,0.7267480676516708
2019-09-14,0.7252253313590366
2019-09-15,0.7229299890693343
2019-09-16,0.7385018258771034
2019-09-17,0.7345821370866666
2019-09-18,0.7467834708459558
2019-09-19,0.7434039163248465
2019-09-20,0.7402438346697944
2019-09-21,0.7368024239163113
2019-09-22,0.7448823363770771
2019-09-23,0.7463023921104405
2019-09-24,0.744226926098623
2019-09-25,0.7428840731190726
2019-09-26,0.7402930184125733
2019-09-27,0.7382701926816617
2019-09-28,0.73450483067532
2019-09-29,0.7409550009098295
2019-09-30,0.7368283858922966
2019-10-01,0.7365831149390388
2019-10-02,0.7473434353315581
2019-10-03,0.7500465668335006
2019-10-04,0.7612278175790088
2019-10-05,0.7580876026347279
2019-10-06,0.7535093424137393
2019-10-07,0.7490424286861088
2019-10-08,0.7463848366364703
2019-10-09,0.7476798115075846
2019-10-10,0.743759586168059
2019-10-11,0.7406654088040691
2019-10-12,0.7560136521732137
2019-10-13,0.7517197309680794
2019-10-14,0.7475574885912133
2019-10-15,0.743799443382605
2019-10-16,0.7397888576151231
2019-10-17,0.7409745343149824
2019-10-18,0.7371719235353051
2019-10-19,0.736459666831239
2019-10-20,0.7342056280629291
2019-10-21,0.7393733935931001
2019-10-22,0.7356453483319185
2019-10-23,0.7326186663961736
2019-10-24,0.731657852408229
2019-10-25,0.7291734754406022
2019-10-26,0.7316175424249719
2019-10-27,0.7469783175688026
2019-10-28,0.7427771886412021
2019-10-29,0.7393724260459511
2019-10-30,0.744469549748436
2019-10-31,0.7518064457782057
2019-11-01,0.7482134949843788
2019-11-02,0.7459172085118347
2019-11-03,0.7417801501966115
2019-11-04,0.7385118869766826
2019-11-05,0.7368251094462444
2019-11-06,0.7331255053175263
2019-11-07,0.752163548502122
2019-11-08,0.7478051091496228
2019-11-09,0.743592406630477
2019-11-10,0.7492258617821576
2019-11-11,0.7452930077249017
2019-11-12,0.7438740677693
2019-11-13,0.742475646123031
2019-11-14,0.7382766603401452
2019-11-15,0.7361646459667144
2019-11-16,0.7343559196982741
2019-11-17,0.7365015779318573
2019-11-18,0.7328045210869844
2019-11-19,0.7328591105346983
2019-11-20,0.7290116055693332
2019-11-21,0.7572126088014526
2019-11-22,0.7535027257144536
2019-11-23,0.749339943332967
2019-11-24,0.7483534751150789
2019-11-25,0.74401931686161
2019-11-26,0.7498591832227663
2019-11-27,0.7455231558371355
2019-11-28,0.7413181398302096
2019-11-29,0.7371400222030405
2019-11-30,0.7331295324480617
2019-12-01,0.7343629667772565
2019-12-02,0.7426890598941494
2019-12-03,0.7414488462821359
2019-12-04,0.7385199980110205
2019-12-05,0.7347423647894193
2019-12-06,0.7329298451741786
2019-12-07,0.7400508063230242
2019-12-08,0.7365578715680761
2019-12-09,0.7483043725323496
2019-12-10,0.7439776725252162
2019-12-11,0.7397540758112209
2019-12-12,0.7359531599405822
2019-12-13,0.7329156753025208
2019-12-14,0.7302804148637203
2019-12-15,0.7275737401836212
2019-12-16,0.7326204043037203
2019-12-17,0.7290402757980979
2019-12-18,0.7261147343753347
2019-12-19,0.7225700641786749
2019-12-20,0.7192026579430262
2019-12-21,0.7162887797308448
2019-12-22,0.7131030060136646
2019-12-23,0.7102342110625628
2019-12-24,0.7067971885229932
2019-12-25,0.7041957681810289
2019-12-26,0.7065990070349575
2019-12-27,0.7049437261406661
2019-12-28,0.7040097070296554
2019-12-29,0.7022078649296378
2019-12-30,0.7017679956004823
2019-12-31,0.7013129333174382
2020-01-01,0.6981708248246409
2020-01-02,0.6975114459452124
2020-01-03,0.695421937071792
2020-01-04,0.6940509034890295
2020-01-05,0.6941975610155134
2020-01-06,0.6947983791754675
2020-01-07,0.6930189242179412
2020-01-08,0.6901009723284666
2020-01-09,0.6887170273369109
2020-01-10,0.6865810538790695
2020-01-11,0.6840084456277414
2020-01-12,0.6858286206490778
2020-01-13,0.6856700146647751
2020-01-14,0.6836989415897682
2020-01-15,0.6916694679287011
2020-01-16,0.693657766161962
2020-01-17,0.6911024248922666
2020-01-18,0.6883622642436428
2020-01-19,0.6861315370527705
2020-01-20,0.6839374008224746
2020-01-21,0.6814847687445772
2020-01-22,0.6793784938655236
2020-01-23,0.677325505978257
2020-01-24,0.6755387439755651
2020-01-25,0.6731823752010443
2020-01-26,0.6709395611082217
2020-01-27,0.6684414627685464
2020-01-28,0.6664036059035663
2020-01-29,0.6641684597654283
2020-01-30,0.6626451237034845
2020-01-31,0.667625463452189
2020-02-01,0.6667483325448329
2020-02-02,0.669085876770735
2020-02-03,0.6695175217501655
2020-02-04,0.6671800183198122
2020-02-05,0.6651106744438167
2020-02-06,0.6648661677512187
2020-02-07,0.6628334395576889
2020-02-08,0.6703846152702041
2020-02-09,0.6724668398744736
2020-02-10,0.6961215493884587
2020-02-11,0.696859782674211
2020-02-12,0.6993459113120694
2020-02-13,0.7021729738747406
2020-02-14,0.7012847672605873
2020-02-15,0.7098170728892761
2020-02-16,0.7270758050448518
2020-02-17,0.7356559065906173
2020-02-18,0.7383475940209223
2020-02-19,0.7354219763936827
2020-02-20,0.7315851730575305
2020-02-21,0.7312167856722889
2020-02-22,0.7315015075020296
2020-02-23,0.7463112127496963
2020-02-24,0.7422923975307223
2020-02-25,0.7386346105427433
2020-02-26,0.7542695900553478
2020-02-27,0.772637997001432
2020-02-28,0.7680810560972383
2020-02-29,0.7671641275184782
2020-03-01,0.7670198634341044
2020-03-02,0.770267573048722
2020-03-03,0.7736817235750073
2020-03-04,0.7713139863696209
2020-03-05,0.7675689468710477
2020-03-06,0.7642981085138623
2020-03-07,0.7646683178227339
2020-03-08,0.7654395581925475
2020-03-09,0.7772952147023643
2020-03-10,0.7783115097299582
2020-03-11,0.7861833918763879
2020-03-12,0.7820947074426705
2020-03-13,0.793847710414635
2020-03-14,0.7885387304961575
2020-03-15,0.7919525081097449
2020-03-16,0.8027128416912056
2020-03-17,0.8007106998092214
2020-03-18,0.7971937323866481
2020-03-19,0.7929368712694678
2020-03-20,0.8032734217533166
2020-03-21,0.7976202890714695
2020-03-22,0.7925147661071169
2020-03-23,0.7873220310804004
2020-03-24,0.7822296022853445
2020-03-25,0.7773187626530144
2020-03-26,0.7727150863162408
2020-03-27,0.7685796056437163
2020-03-28,0.7639178866132844
2020-03-29,0.7598052181213234
2020-03-30,0.7607288440964797
2020-03-31,0.7575857533222558
2020-04-01,0.7554025846222242
2020-04-02,0.7579451298413208
2020-04-03,0.7611855959021245
2020-04-04,0.756677274181855
2020-04-05,0.7548549563926668
2020-04-06,0.7519175737435717
2020-04-07,0.7478030372895179
2020-04-08,0.7510644794025115
2020-04-09,0.7467277643880493
2020-04-10,0.7424221653285815
2020-04-11,0.739749787422986
2020-04-12,0.7433239770226207
2020-04-13,0.7407664986812399
2020-04-14,0.7525656294361772
2020-04-15,0.7493831366057613
2020-04-16,0.7500739171875392
2020-04-17,0.746778539793253
2020-04-18,0.7551648046583864
2020-04-19,0.7518570943610098
2020-04-20,0.7474331614652348
2020-04-21,0.7431095384376095
2020-04-22,0.7489574025500513
2020-04-23,0.7445975605347926
2020-04-24,0.7486547898053356
2020-04-25,0.751937723594639
2020-04-26,0.7498204514502405
2020-04-27,0.7510365977699359
2020-04-28,0.7466840500662033
2020-04-29,0.746543692159341
2020-04-30,0.7423402297135213
2020-05-01,0.73866341687069
2020-05-02,0.7349098256538469
2020-05-03,0.7316978558321532
2020-05-04,0.7279994320609846
2020-05-05,0.7253298580295092
2020-05-06,0.7215546202421156
2020-05-07,0.718249151170864
2020-05-08,0.7146598051588681
2020-05-09,0.7138717337897788
2020-05-10,0.724200386148212
2020-05-11,0.7239948241472469
2020-05-12,0.7266033756666055
2020-05-13,0.7227770008094798
2020-05-14,0.7221034031375899
2020-05-15,0.718867075586669
2020-05-16,0.7221048191906442
2020-05-17,0.7205721353311838
2020-05-18,0.7195996630785021
2020-05-19,0.7159653023259089
2020-05-20,0.7126325027642899
2020-05-21,0.7356715308932361
2020-05-22,0.7399351297237492
2020-05-23,0.7581348337816856
2020-05-24,0.7545662545671916
2020-05-25,0.7595086866216287
2020-05-26,0.7550022374368658
2020-05-27,0.7806492705908784
2020-05-28,0.7791273883575451
2020-05-29,0.7746605029964426
2020-05-30,0.7771836626287677
2020-05-31,0.7738102940726331
2020-06-01,0.7694690538642786
2020-06-02,0.7646625019463498
2020-06-03,0.7728856572692546
2020-06-04,0.7680208257487249
2020-06-05,0.7635236968942799
2020-06-06,0.7609286552113143
2020-06-07,0.7618669295784807
2020-06-08,0.7579976775130601
2020-06-09,0.7576220139151875
2020-06-10,0.7593754471200145
2020-06-11,0.754956636724311
2020-06-12,0.7599350332466933
2020-06-13,0.7556263890296843
2020-06-14,0.7558724475440642
2020-06-15,0.7546799455491242
2020-06-16,0.754030253936311
2020-06-17,0.7685555911623709
2020-06-18,0.7638224946907919
2020-06-19,0.7599854142498499
2020-06-20,0.7589014021802417
2020-06-21,0.7563512021871596
2020-06-22,0.7668552666045421
2020-06-23,0.7644800942598632
2020-06-24,0.7730474770571911
2020-06-25,0.7694093910879958
2020-06-26,0.7719885521796518
2020-06-27,0.7674224638251633
2020-06-28,0.7644080071619411
2020-06-29,0.7654800454426404
2020-06-30,0.766281842571506
2020-07-01,0.7744470045959024
2020-07-02,0.7714614728545324
2020-07-03,0.7691362477107737
2020-07-04,0.765191252193276
2020-07-05,0.7872761484547147
2020-07-06,0.7926156604633937
2020-07-07,0.7924877006891828
2020-07-08,0.7873049510532036
2020-07-09,0.7831256919120737
2020-07-10,0.8015961274489203
2020-07-11,0.8050896552783088
2020-07-12,0.8009433556760276
2020-07-13,0.7953449414617936
2020-07-14,0.7922737684391645
2020-07-15,0.7873683739797206
2020-07-16,0.7869033783219447
2020-07-17,0.7887468164605
2020-07-18,0.7888798859368019
2020-07-19,0.7836567491366032
2020-07-20,0.778517305056951
2020-07-21,0.773924022311333
2020-07-22,0.7691052867436029
2020-07-23,0.7669736390142547
2020-07-24,0.762221056092255
2020-07-25,0.7617823651554788
2020-07-26,0.7603285736507006
2020-07-27,0.764435403019679
2020-07-28,0.7599828764944451
2020-07-29,0.7683594660379568
2020-07-30,0.7691442184839173
2020-07-31,0.7645343854011785
2020-08-01,0.7826055354940891
2020-08-02,0.7905561499710443
2020-08-03,0.787664672580092
2020-08-04,0.7832907374585781
2020-08-05,0.7810180675577587
2020-08-06,0.7859728236515802
2020-08-07,0.7865330099235757
2020-08-08,0.7836973771570506
2020-08-09,0.7824241311629784
2020-08-10,0.7789655790829672
2020-08-11,0.7779842673219295
2020-08-12,0.7731005019108755
2020-08-13,0.7702354732611914
2020-08-14,0.7653680650498192
2020-08-15,0.7633808416599392
2020-08-16,0.7646688413979457
2020-08-17,0.7603497036926296
2020-08-18,0.7590332965063038
2020-08-19,0.754917723333424
2020-08-20,0.7586510153721108
2020-08-21,0.7573346675793015
2020-08-22,0.7591255251236435
2020-08-23,0.760473809012524
2020-08-24,0.7558479483941505
2020-08-25,0.7680779847772213
2020-08-26,0.7664762796893263
2020-08-27,0.7691059113688827
2020-08-28,0.7643331130003341
2020-08-29,0.7603431383735942
2020-08-30,0.7598004912424048
2020-08-31,0.757107822004071
2020-09-01,0.7599262933767726
2020-09-02,0.7553122523071677
2020-09-03,0.7566798184290271
2020-09-04,0.7594860831304765
2020-09-05,0.7566342937555279
2020-09-06,0.7531495087468736
2020-09-07,0.7532383731188026
2020-09-08,0.7492476656384187
2020-09-09,0.7541821485587495
2020-09-10,0.7520040820813074
2020-09-11,0.7495625175478013
2020-09-12,0.7456558636286957
2020-09-13,0.7476638691911918
2020-09-14,0.7476858422850314
2020-09-15,0.7553636823707496
2020-09-16,0.7593573645931383
2020-09-17,0.7598895455226424
2020-09-18,0.7603949617959318
2020-09-19,0.765891083148285
2020-09-20,0.7612023353657654
2020-09-21,0.758800968706265
2020-09-22,0.7694263021302805
2020-09-23,0.7685620137566955
2020-09-24,0.7691517139031503
2020-09-25,0.7732134114738877
2020-09-26,0.7758672414128874
2020-09-27,0.7712319902311271
2020-09-28,0.7673781488196764
2020-09-29,0.7646044564282696
2020-09-30,0.7598838674897633
2020-10-01,0.7563020320490135
2020-10-02,0.7600024225907769
2020-10-03,0.7554089071825693
2020-10-04,0.768094598656011
2020-10-05,0.7646678497432429
2020-10-06,0.7611065231679772
2020-10-07,0.7565952767724703
2020-10-08,0.7523256025504309
2020-10-09,0.749633959324943
2020-10-10,0.745280984607315
2020-10-11,0.741220329142146
2020-10-12,0.7379965062737787
2020-10-13,0.7431856986207762
2020-10-14,0.739320209401486
2020-10-15,0.744001431532442
2020-10-16,0.7407058851782206
2020-10-17,0.7449067950255612
2020-10-18,0.7416665140302593
2020-10-19,0.7421290019104592
2020-10-20,0.7442078115941826
2020-10-21,0.7459179551294114
2020-10-22,0.7430051100384298
2020-10-23,0.7517887178316327
2020-10-24,0.7481049081249465
2020-10-25,0.7453212271344859
2020-10-26,0.74445142598382
2020-10-27,0.7405710126392042
2020-10-28,0.7423307629818999
2020-10-29,0.740353845414444
2020-10-30,0.7364983920757951
2020-10-31,0.7325131986558499
2020-11-01,0.729938329293151
2020-11-02,0.7338060139366799
2020-11-03,0.745614105835091
2020-11-04,0.7414945578051857
2020-11-05,0.7375298338071198
2020-11-06,0.7339209654879928
2020-11-07,0.7376541341519838
2020-11-08,0.7402016875841372
2020-11-09,0.7366157683267901
2020-11-10,0.7329327211934491
2020-11-11,0.7313033551562191
2020-11-12,0.7332164151201724
2020-11-13,0.7313253460387382
2020-11-14,0.7275555863028607
2020-11-15,0.725116708922445
2020-11-16,0.7310042158838249
2020-11-17,0.7280182026027565
2020-11-18,0.7258527713452527
2020-11-19,0.7248147141617332
2020-11-20,0.726920569851216
2020-11-21,0.7297255872686064
2020-11-22,0.7426315553443116
2020-11-23,0.7384217433072713
2020-11-24,0.7345179685889873
2020-11-25,0.7320167114015553
2020-11-26,0.7292554613125746
2020-11-27,0.7268251342498313
2020-11-28,0.7445356833254038
2020-11-29,0.7405238808712302
2020-11-30,0.7530513402105776
2020-12-01,0.7502267409847271
2020-12-02,0.7510911157950955
2020-12-03,0.7503226204961365
2020-12-04,0.7514409248482508
2020-12-05,0.7471654527496854
2020-12-06,0.7445130455379301
2020-12-07,0.7419947423692433
2020-12-08,0.7381593302212256
2020-12-09,0.739880296123252
2020-12-10,0.7375798380595974
2020-12-11,0.7382176283920651
2020-12-12,0.7357996574676178
2020-12-13,0.7320551260204271
2020-12-14,0.7300062909146369
2020-12-15,0.7293943920732969
2020-12-16,0.7273603792218577
2020-12-17,0.7235845005954815
2020-12-18,0.7204972090618773
2020-12-19,0.7173285736383418
2020-12-20,0.7138902846297487
2020-12-21,0.7104738655665267
2020-12-22,0.7073017819494295
2020-12-23,0.7039474902068166
2020-12-24,0.715311409596888
2020-12-25,0.7117662636102765
2020-12-26,0.71370518350935
2020-12-27,0.7163200559955765
2020-12-28,0.7311141821928929
2020-12-29,0.7451896174468887
2020-12-30,0.7482903308378175
2020-12-31,0.745634629657402
2021-01-01,0.7415616900011478
2021-01-02,0.7646602286518677
2021-01-03,0.7599292325092148
2021-01-04,0.7569490858899098
2021-01-05,0.7525594489371078
2021-01-06,0.7481473553578281
2021-01-07,0.7445342623869479
2021-01-08,0.7433623131486341
2021-01-09,0.7403666559299601
2021-01-10,0.7481607949153543
2021-01-11,0.7463279471212224
2021-01-12,0.7475432336513673
2021-01-13,0.7434894317974052
2021-01-14,0.7443907941827015
2021-01-15,0.7468515848992802
2021-01-16,0.7485388072070671
2021-01-17,0.7486415108959485
2021-01-18,0.744314126753627
2021-01-19,0.7402938368081383
2021-01-20,0.7363341135489684
2021-01-21,0.7438971276832067
2021-01-22,0.7477521324916123
2021-01-23,0.7434244652501113
2021-01-24,0.7410545904178998
2021-01-25,0.7649894675072637
2021-01-26,0.7616486800362053
2021-01-27,0.7584311232049811
2021-01-28,0.7538446909370045
2021-01-29,0.7565277645323251
2021-01-30,0.7544538331232089
2021-01-31,0.7639943191163079
2021-02-01,0.7594647957345438
2021-02-02,0.7564252461764847
2021-02-03,0.7659661691350061
2021-02-04,0.7756260930010147
2021-02-05,0.7709691008923705
2021-02-06,0.7676294939870731
2021-02-07,0.7654608034915809
2021-02-08,0.7651899719117785
2021-02-09,0.7623676497619091
2021-02-10,0.7579821226855674
2021-02-11,0.7549231652523132
2021-02-12,0.7524121739778602
2021-02-13,0.7502021570477949
2021-02-14,0.7747668161125687
2021-02-15,0.7737483551661934
2021-02-16,0.7703710062294984
2021-02-17,0.7693912074759204
2021-02-18,0.7651581646713794
2021-02-19,0.7611628390543922
2021-02-20,0.7566320447388292
2021-02-21,0.7524617290428324
2021-02-22,0.7492092379543672
2021-02-23,0.7449392979836372
2021-02-24,0.7406793181612809
2021-02-25,0.7421247470908695
2021-02-26,0.7379466939803395
2021-02-27,0.7338484361334627
2021-02-28,0.732010430175273
2021-03-01,0.7290355536427432
2021-03-02,0.7385713700368057
2021-03-03,0.744270771631495
2021-03-04,0.740346960594919
2021-03-05,0.7363115702611035
2021-03-06,0.7372612372921508
2021-03-07,0.7362413070989808
2021-03-08,0.7324303115939373
2021-03-09,0.7481811429261671
2021-03-10,0.7442371508657544
2021-03-11,0.743625806389863
2021-03-12,0.7623187835749549
2021-03-13,0.757812844188498
2021-03-14,0.7539741799079281
2021-03-15,0.749517728415241
2021-03-16,0.7487477979189644
2021-03-17,0.7451237377441268
2021-03-18,0.7501083045188653
2021-03-19,0.7504994791524034
2021-03-20,0.7464169440862267
2021-03-21,0.7432504469530371
2021-03-22,0.7484689740575146
2021-03-23,0.7470000528783202
2021-03-24,0.7427187564020523
2021-03-25,0.7387167518684685
2021-03-26,0.7374096942838162
2021-03-27,0.736420704889012
2021-03-28,0.7328244014378587
2021-03-29,0.7372563711774195
2021-03-30,0.7364203283616495
2021-03-31,0.7347764781012422
2021-04-01,0.7437494651115576
2021-04-02,0.7410996113077567
2021-04-03,0.7409318923424567
2021-04-04,0.7501368095691207
2021-04-05,0.7564202696281866
2021-04-06,0.7658751646742933
2021-04-07,0.7621525511141346
2021-04-08,0.7586432426334195
2021-04-09,0.758250346247783
2021-04-10,0.7552445630971919
2021-04-11,0.763236198361792
2021-04-12,0.7657881666816492
2021-04-13,0.7610862288691104
2021-04-14,0.7594337519764712
2021-04-15,0.759126951798476
2021-04-16,0.7569382447857809
2021-04-17,0.7525418042013758
2021-04-18,0.7487532131083905
2021-04-19,0.7481438805826697
2021-04-20,0.745069721771864
2021-04-21,0.7416774800304315
2021-04-22,0.7469132777295793
2021-04-23,0.7553670603150302
2021-04-24,0.7514416588174251
2021-04-25,0.7470217477359752
2021-04-26,0.7448540736105126
2021-04-27,0.766413970585334
2021-04-28,0.7636090272327991
2021-04-29,0.7589256196263614
2021-04-30,0.7564683473696123
2021-05-01,0.7770617751537476
2021-05-02,0.7720353642845994
2021-05-03,0.7698042433648811
2021-05-04,0.7689129119023151
2021-05-05,0.7838742889719073
2021-05-06,0.783497967686216
2021-05-07,0.7802319887162362
2021-05-08,0.7751263076963575
2021-05-09,0.7703075076438942
2021-05-10,0.7748358497638964
2021-05-11,0.7732144859058009
2021-05-12,0.768895577876711
2021-05-13,0.7646490177638322
2021-05-14,0.7627216649855088
2021-05-15,0.758182842299511
2021-05-16,0.7566038117571332
2021-05-17,0.7578723863735001
2021-05-18,0.756824222566788
2021-05-19,0.7522885286974005
2021-05-20,0.7495013217162827
2021-05-21,0.7451423547172159
2021-05-22,0.7490556010381394
2021-05-23,0.7581738800225206
2021-05-24,0.753888448337188
2021-05-25,0.7513824037770417
2021-05-26,0.7471044493249995
2021-05-27,0.7589246649646689
2021-05-28,0.7610390707304137
2021-05-29,0.756696625323065
2021-05-30,0.7609441975124585
2021-05-31,0.7626465010847678
2021-06-01,0.7661024038532528
2021-06-02,0.7616584730409119
2021-06-03,0.7671032934979279
2021-06-04,0.7627169119300882
2021-06-05,0.7612200945784414
2021-06-06,0.756628328532384
2021-06-07,0.7584663829776668
2021-06-08,0.7539144987523405
2021-06-09,0.7574981067555777
2021-06-10,0.7682100067802868
2021-06-11,0.7643020296732218
2021-06-12,0.7603987201122795
2021-06-13,0.7621831916258726
2021-06-14,0.7605935340997236
2021-06-15,0.7562259453953017
2021-06-16,0.7602647920234438
2021-06-17,0.7594748767181685
2021-06-18,0.7642093081915274
2021-06-19,0.7640086740468126
2021-06-20,0.7598596317570954
2021-06-21,0.7555139419495103
2021-06-22,0.7510009027402594
2021-06-23,0.7478926619697593
2021-06-24,0.7510992090995621
2021-06-25,0.7502080316865132
2021-06-26,0.7537617195413335
2021-06-27,0.7556971751886377
2021-06-28,0.751540137010703
2021-06-29,0.7492052752098646
2021-06-30,0.7449754582304291
2021-07-01,0.7407535210109809
2021-07-02,0.737140693862369
2021-07-03,0.7348060429015946
2021-07-04,0.7330468196932393
2021-07-05,0.7401829539909133
2021-07-06,0.7370214580605244
2021-07-07,0.7412911894840262
2021-07-08,0.7371359564970046
2021-07-09,0.7573583304086774
2021-07-10,0.7536375615732852
2021-07-11,0.7492104681435734
2021-07-12,0.7540947412327504
2021-07-13,0.7605657208249458
2021-07-14,0.7590663442268517
2021-07-15,0.7553303701010606
2021-07-16,0.7553446885447777
2021-07-17,0.7522438331681267
2021-07-18,0.7555276119463485
2021-07-19,0.75101059441477
2021-07-20,0.747406260215099
2021-07-21,0.7430969746553486
2021-07-22,0.7389545264967605
2021-07-23,0.7357975517408933
2021-07-24,0.7445367221086846
2021-07-25,0.741920420857978
2021-07-26,0.7385947202978383
2021-07-27,0.7507750093966732
2021-07-28,0.7473536148306644
2021-07-29,0.7473048710147313
2021-07-30,0.7654511647021593
2021-07-31,0.760748364112176
2021-08-01,0.756308585580962
2021-08-02,0.75195719182231
2021-08-03,0.7482999399271243
2021-08-04,0.7520140542863172
2021-08-05,0.7621313778268366
2021-08-06,0.7614228067257344
2021-08-07,0.7584773298494354
2021-08-08,0.7553227671548145
2021-08-09,0.7582988140603476
2021-08-10,0.7545832304981857
2021-08-11,0.7502383548751731
2021-08-12,0.749468344382164
2021-08-13,0.7460339865543516
2021-08-14,0.7453100825584515
2021-08-15,0.7465701213214625
2021-08-16,0.742271888811089
2021-08-17,0.7408108203930707
2021-08-18,0.7452404801992178
2021-08-19,0.7466845432595138
2021-08-20,0.7423955451451377
2021-08-21,0.751921937834157
2021-08-22,0.7580462100414906
2021-08-23,0.761277856990867
2021-08-24,0.757418877511989
2021-08-25,0.7643231977830892
2021-08-26,0.7850662507005659
2021-08-27,0.7798570278979862
2021-08-28,0.7770714004548828
2021-08-29,0.772563258948316
2021-08-30,0.7678441521688378
2021-08-31,0.7637765472239518
2021-09-01,0.7601162101156573
2021-09-02,0.7588411206285874
2021-09-03,0.7632845659887296
2021-09-04,0.7675424089857991
2021-09-05,0.770447797216711
2021-09-06,0.7664781954767849
2021-09-07,0.7773172010512862
2021-09-08,0.7751304629455477
2021-09-09,0.7711039151364668
2021-09-10,0.7662391054088377
2021-09-11,0.7668599895037931
2021-09-12,0.7664246642506929
2021-09-13,0.7618720503479524
2021-09-14,0.757934124922161
2021-09-15,0.7643922410424906
2021-09-16,0.7631263418635754
2021-09-17,0.7595777321901878
2021-09-18,0.7552719902156976
2021-09-19,0.7528385746128955
2021-09-20,0.7484484666548457
2021-09-21,0.7506437853098049
2021-09-22,0.7472463963830197
2021-09-23,0.7431067987516734
2021-09-24,0.7654315638164899
2021-09-25,0.7611506033822899
2021-09-26,0.7643413451316521
2021-09-27,0.7601950392109478
2021-09-28,0.7556160815411065
2021-09-29,0.7539946269416564
2021-09-30,0.7524491740829256
2021-10-01,0.7601601985053144
2021-10-02,0.7607857735734334
2021-10-03,0.7581057090631707
2021-10-04,0.7628007834291701
2021-10-05,0.7583030249533304
2021-10-06,0.7537270985715925
2021-10-07,0.7505584665302169
2021-10-08,0.7592647952322124
2021-10-09,0.756239271446727
2021-10-10,0.751797382862459
2021-10-11,0.7482722829307832
2021-10-12,0.7501332929181513
2021-10-13,0.7471377966115066
2021-10-14,0.7445814811976985
2021-10-15,0.7457064004222544
2021-10-16,0.7453266883687899
2021-10-17,0.7423993376540586
2021-10-18,0.7452792644762011
2021-10-19,0.743238478373227
2021-10-20,0.7411405684121507
2021-10-21,0.7545934683449529
2021-10-22,0.750309022252624
2021-10-23,0.7516242407828092
2021-10-24,0.7486766372036269
2021-10-25,0.7451049952338678
2021-10-26,0.7408525097380232
2021-10-27,0.7370461410637499
2021-10-28,0.7429749577016556
2021-10-29,0.738842690430147
2021-10-30,0.7362924472620689
2021-10-31,0.7324531170009481
2021-11-01,0.7284996065290694
2021-11-02,0.7293062513750986
2021-11-03,0.7321110550151643
2021-11-04,0.7320661454612217
2021-11-05,0.7282900932658916
2021-11-06,0.7253875585498335
2021-11-07,0.7268244384547399
2021-11-08,0.7266948872267297
2021-11-09,0.7404199346847601
2021-11-10,0.7414520235321926
2021-11-11,0.7383876194582963
2021-11-12,0.7398491160460159
2021-11-13,0.7365184956523623
2021-11-14,0.7368259745678429
2021-11-15,0.7330749959046461
2021-11-16,0.7347806138891686
2021-11-17,0.7388234161421723
2021-11-18,0.7410957254443579
2021-11-19,0.7399717215079051
2021-11-20,0.7379473694993909
2021-11-21,0.7339980073595395
2021-11-22,0.7310856534165209
2021-11-23,0.7304629155545099
2021-11-24,0.7273727458803958
2021-11-25,0.7237849263094837
2021-11-26,0.7205009832343766
2021-11-27,0.7169114776487117
2021-11-28,0.713394899417601
2021-11-29,0.7347815630242818
2021-11-30,0.7307662673576857
2021-12-01,0.7381641675515468
2021-12-02,0.7362718550268526
2021-12-03,0.733163993535768
2021-12-04,0.7312935811172003
2021-12-05,0.733157291954456
2021-12-06,0.7316641416018921
2021-12-07,0.7278653816955895
2021-12-08,0.7250232454051119
2021-12-09,0.7232431629262984
2021-12-10,0.7236669032552371
2021-12-11,0.7219284852648596
2021-12-12,0.7391924917389907
2021-12-13,0.741224618787918
2021-12-14,0.7371921126985256
2021-12-15,0.7337483622882861
2021-12-16,0.731683642647644
2021-12-17,0.7336503423364394
2021-12-18,0.7308194027489591
2021-12-19,0.7288463105915504
2021-12-20,0.7258077647814263
2021-12-21,0.7330536377909339
2021-12-22,0.7378782374084143
2021-12-23,0.7349710120861774
2021-12-24,0.7333905733127125
2021-12-25,0.7312219979119919
2021-12-26,0.7390776462009869
2021-12-27,0.7350899709542853
2021-12-28,0.7320611740281144
2021-12-29,0.7285707613610121
2021-12-30,0.7327357092370704
2021-12-31,0.7364551422076329
2022-01-01,0.7366557956350873
2022-01-02,0.7330879242135547
2022-01-03,0.7301282107602272
2022-01-04,0.7294669580456591
2022-01-05,0.7316149165088743
2022-01-06,0.7316306074762874
2022-01-07,0.7377614086170458
2022-01-08,0.7418460636308852
2022-01-09,0.7383091909602011
2022-01-10,0.7393972872716671
2022-01-11,0.7422955942837948
2022-01-12,0.7386973791008943
2022-01-13,0.7363039274243637
2022-01-14,0.7362889923025887
2022-01-15,0.7322899773937471
2022-01-16,0.7399776181245121
2022-01-17,0.7399304954958971
2022-01-18,0.7428534864751896
2022-01-19,0.7432666481354172
2022-01-20,0.7461775123089311
2022-01-21,0.7443444595684574
2022-01-22,0.7408965636196201
2022-01-23,0.7369840951013642
2022-01-24,0.7342887818337929
2022-01-25,0.7304706342352694
2022-01-26,0.726793643226877
2022-01-27,0.7252104156573155
2022-01-28,0.7352365550997706
2022-01-29,0.7313774166654913
2022-01-30,0.744939425376051
2022-01-31,0.7458918975929867
2022-02-01,0.7568131772570077
2022-02-02,0.7698278889985981
2022-02-03,0.7656332576646517
2022-02-04,0.7610686710089413
2022-02-05,0.757865829905684
2022-02-06,0.7585500121096406
2022-02-07,0.7553620428076236
2022-02-08,0.7530599476505985
2022-02-09,0.7492778598008862
2022-02-10,0.7457342328540587
2022-02-11,0.7424499351641864
2022-02-12,0.7384146529806656
2022-02-13,0.7368546525875326
2022-02-14,0.7358434463547392
2022-02-15,0.7362332922115818
2022-02-16,0.7329433666984241
2022-02-17,0.732207532383738
2022-02-18,0.7437080585594824
2022-02-19,0.7398735254775866
2022-02-20,0.7483612602902977
2022-02-21,0.7441980297150826
2022-02-22,0.747882061914996
2022-02-23,0.7440815181375251
2022-02-24,0.7427164893548446
2022-02-25,0.7410515174401728
2022-02-26,0.7383661332933404
2022-02-27,0.7534555452379074
2022-02-28,0.7494772958099772
2022-03-01,0.7457111213797498
2022-03-02,0.7487560259118097
2022-03-03,0.7501519185796506
2022-03-04,0.7491356516305951
2022-03-05,0.7466092353943363
2022-03-06,0.7436421342963035
2022-03-07,0.7527078389366273
2022-03-08,0.7615562982526316
2022-03-09,0.757788502782104
2022-03-10,0.7535738229272665
2022-03-11,0.7507945872594632
2022-03-12,0.751233621957293
2022-03-13,0.7468216133720702
2022-03-14,0.7425419952710011
2022-03-15,0.7418522171602835
2022-03-16,0.7466111002811489
2022-03-17,0.7425748507905631
2022-03-18,0.7456770240835108
2022-03-19,0.748427572791092
2022-03-20,0.7441605942699414
2022-03-21,0.7472694715829646
2022-03-22,0.75340549799922
2022-03-23,0.7607712367080854
2022-03-24,0.7619655099537765
2022-03-25,0.7627377372053648
2022-03-26,0.7580507755203332
2022-03-27,0.7557896258464329
2022-03-28,0.7573168188666212
2022-03-29,0.7539009108613955
2022-03-30,0.7494940107447999
2022-03-31,0.7553121196450713
2022-04-01,0.767080613773145
2022-04-02,0.7631785960277847
2022-04-03,0.7596139922963313
2022-04-04,0.7566191857321661
2022-04-05,0.7762771973000584
2022-04-06,0.774239125842932
2022-04-07,0.7750176830635392
2022-04-08,0.7747442589512317
2022-04-09,0.7729072500433731
2022-04-10,0.7731694557994329
2022-04-11,0.7690832810567004
2022-04-12,0.7788318729103519
2022-04-13,0.7828548612112873
2022-04-14,0.7793726968524947
2022-04-15,0.7744654088172945
2022-04-16,0.7722614574149758
2022-04-17,0.7733594152771808
2022-04-18,0.7700659853102624
2022-04-19,0.7652193781687829
2022-04-20,0.7622396639620382
2022-04-21,0.7623489261982039
2022-04-22,0.7578446145948983
2022-04-23,0.7569613355830753
2022-04-24,0.7525490201943521
2022-04-25,0.7495763265540932
2022-04-26,0.7519221952973003
2022-04-27,0.7502696280047988
2022-04-28,0.7508046180277668
2022-04-29,0.7475713309789765
2022-04-30,0.7437692088857105
2022-05-01,0.7399299292659903
2022-05-02,0.742649665725356
2022-05-03,0.7410253809380436
2022-05-04,0.7375040535735484
2022-05-05,0.7444733924851867
2022-05-06,0.7419084188900842
2022-05-07,0.7381668043734658
2022-05-08,0.7347101051188337
2022-05-09,0.7320224323761678
2022-05-10,0.729534414632073
2022-05-11,0.7327813792994065
2022-05-12,0.7288949811998074
2022-05-13,0.7265129009827491
2022-05-14,0.726266224405455
2022-05-15,0.7224496972370259
2022-05-16,0.7446372404384947
2022-05-17,0.7554874745152479
2022-05-18,0.7534536789189915
2022-05-19,0.748991931237362
2022-05-20,0.753246692965034
2022-05-21,0.7488824922724522
2022-05-22,0.7590363456882261
2022-05-23,0.7734488519556525
2022-05-24,0.778736538818294
2022-05-25,0.7774037350495716
2022-05-26,0.7734949474163066
2022-05-27,0.7786895241337226
2022-05-28,0.7819003518926391
2022-05-29,0.7872152217286423
2022-05-30,0.7858052810030426
2022-05-31,0.7913761146946418
2022-06-01,0.7917800400137203
2022-06-02,0.789270888935314
2022-06-03,0.7967622017572866
2022-06-04,0.8005981262428262
2022-06-05,0.7966302874821081
2022-06-06,0.7912588122467173
2022-06-07,0.8038142993984101
2022-06-08,0.8033897609350695
2022-06-09,0.8073396034199298
2022-06-10,0.8017544217020065
2022-06-11,0.7964196253648403
2022-06-12,0.7909879928074437
2022-06-13,0.7866660428037747
2022-06-14,0.782778153904941
2022-06-15,0.7776208766405169
2022-06-16,0.7801384793768287
2022-06-17,0.7750782734823003
2022-06-18,0.7700952887202731
2022-06-19,0.7656894276765692
2022-06-20,0.7690640352908583
2022-06-21,0.7654940268664866
2022-06-22,0.7611291605212623
2022-06-23,0.7577941347062963
2022-06-24,0.7585204695690491
2022-06-25,0.7600721928972616
2022-06-26,0.7833155893329671
2022-06-27,0.7835350743597634
2022-06-28,0.7820570025329738
2022-06-29,0.7825141379996564
2022-06-30,0.7823846893554162
2022-07-01,0.7772390346692032
2022-07-02,0.773520395450495
2022-07-03,0.7686014299335007
2022-07-04,0.766009169210289
2022-07-05,0.7673519877666647
2022-07-06,0.7632143760695113
2022-07-07,0.7594864184118204
2022-07-08,0.7639026982452443
2022-07-09,0.7602987127162506
2022-07-10,0.7600170023922916
2022-07-11,0.7582191481364546
2022-07-12,0.7603096756150324
2022-07-13,0.756687633286769
2022-07-14,0.7555940734131603
2022-07-15,0.7526446449560866
2022-07-16,0.7512083707440561
2022-07-17,0.7507837858801185
2022-07-18,0.747808232293237
2022-07-19,0.743731481759244
2022-07-20,0.7478931214171183
2022-07-21,0.7552981886379254
2022-07-22,0.7554890315502016
2022-07-23,0.757797436346865
2022-07-24,0.7537466050777272
2022-07-25,0.7493485757696837
2022-07-26,0.7469411387926564
2022-07-27,0.7488469749940659
2022-07-28,0.7471512042276142
2022-07-29,0.7587323017758312
2022-07-30,0.7547482116925889
2022-07-31,0.7524243013624561
2022-08-01,0.7495192245358872
2022-08-02,0.7480917136756502
2022-08-03,0.7439872495998908
2022-08-04,0.740632035678798
2022-08-05,0.736952800980201
2022-08-06,0.7335771309474268
2022-08-07,0.730737017780788
2022-08-08,0.7283604844833942
2022-08-09,0.7279155231698706
2022-08-10,0.7276137133844802
2022-08-11,0.7349069175730643
2022-08-12,0.7347129876834755
2022-08-13,0.7307244883891828
2022-08-14,0.7331607183425498
2022-08-15,0.7360865757791056
2022-08-16,0.7345458792697652
2022-08-17,0.7308142210925013
2022-08-18,0.7426451105409176
2022-08-19,0.7393139825716692
2022-08-20,0.748585476366218
2022-08-21,0.7444661526569646
2022-08-22,0.7407331352582864
2022-08-23,0.7678253072939429
2022-08-24,0.779916074594661
2022-08-25,0.7748277070451466
2022-08-26,0.7705025635285512
2022-08-27,0.7680644366724921
2022-08-28,0.7662926280352101
2022-08-29,0.7620842428206901
2022-08-30,0.7593020245771622
2022-08-31,0.7553453205690592
2022-09-01,0.7512276686581112
2022-09-02,0.7481007399000925
2022-09-03,0.7455992064173458
2022-09-04,0.744386275820779
2022-09-05,0.7402722321408052
2022-09-06,0.7404175676672767
2022-09-07,0.7397894376482312
2022-09-08,0.7371051669701117
2022-09-09,0.7349568052711792
2022-09-10,0.7398252593937377
2022-09-11,0.7366447740108983
2022-09-12,0.7382127311579532
2022-09-13,0.7349432030832648
2022-09-14,0.7407428192171107
2022-09-15,0.7366841091582134
2022-09-16,0.7410243279899525
2022-09-17,0.7398817562371218
2022-09-18,0.7375717896498675
2022-09-19,0.7356914831000922
2022-09-20,0.7339379091735432
2022-09-21,0.736379960195801
2022-09-22,0.7523069955010022
2022-09-23,0.747866474552747
2022-09-24,0.7435319117073406
2022-09-25,0.7481732241342024
2022-09-26,0.7438371940362375
2022-09-27,0.753724083437436
2022-09-28,0.7730330750766414
2022-09-29,0.7816604125737896
2022-09-30,0.7771933287380013
2022-10-01,0.7726437173943563
2022-10-02,0.7823737261891934
2022-10-03,0.7772282476681722
2022-10-04,0.7724989568352569
2022-10-05,0.7675921380971874
2022-10-06,0.7785962399013988
2022-10-07,0.7782741233861787
2022-10-08,0.7769358908030659
2022-10-09,0.7720596337532912
2022-10-10,0.7690655494548481
2022-10-11,0.7688643363497991
2022-10-12,0.7650548918391565
2022-10-13,0.7624618505327235
2022-10-14,0.7578991443176772
2022-10-15,0.7542755059194779
2022-10-16,0.7507712925301191
2022-10-17,0.753192880787387
2022-10-18,0.7490082213402592
2022-10-19,0.7448696765785902
2022-10-20,0.746520168804907
2022-10-21,0.7483753034281085
2022-10-22,0.7502531153776817
2022-10-23,0.7459773882104263
2022-10-24,0.7417147588658245
2022-10-25,0.7472526842507311
2022-10-26,0.742954124857434
2022-10-27,0.7398425850805416
2022-10-28,0.7369812716770356
2022-10-29,0.7334608384994078
2022-10-30,0.7317678869974152
2022-10-31,0.7292293058748629
2022-11-01,0.7262334923589441
2022-11-02,0.736681589884406
2022-11-03,0.7339402464948743
2022-11-04,0.7317885797359762
2022-11-05,0.7279176921181282
2022-11-06,0.7241170299770054
2022-11-07,0.7267838308292214
2022-11-08,0.7272873704680024
2022-11-09,0.7238840908237302
2022-11-10,0.7226982525029797
2022-11-11,0.7196686314804999
2022-11-12,0.7202018691215251
2022-11-13,0.724260387333105
2022-11-14,0.7218436979589902
2022-11-15,0.7192128858845611
2022-11-16,0.7155661852636268
2022-11-17,0.7205405387123001
2022-11-18,0.7262181611641395
2022-11-19,0.7224754156442081
2022-11-20,0.7263639757184669
2022-11-21,0.7258474130343613
2022-11-22,0.7239481007307834
2022-11-23,0.7246958283950836
2022-11-24,0.720914513228229
2022-11-25,0.7174708325477754
2022-11-26,0.7139824471488472
2022-11-27,0.7119809883901247
2022-11-28,0.7096323897986522
2022-11-29,0.706435071858994
2022-11-30,0.7066711695824339
2022-12-01,0.7052818375901092
2022-12-02,0.705259915025925
2022-12-03,0.7019800989887465
2022-12-04,0.6992843331366021
2022-12-05,0.6961753536467113
2022-12-06,0.6932226155505389
2022-12-07,0.706122216299213
2022-12-08,0.7028615106629181
2022-12-09,0.7105670118945318
2022-12-10,0.7100033894106911
2022-12-11,0.7102343341508001
2022-12-12,0.7086778615459468
2022-12-13,0.7111772069479037
2022-12-14,0.7080669881111913
2022-12-15,0.7046820497039745
2022-12-16,0.7071956692630122
2022-12-17,0.7044942824566846
2022-12-18,0.7021782717915731
2022-12-19,0.6993915589098033
2022-12-20,0.6985749703362204
2022-12-21,0.6964406996459523
2022-12-22,0.6952111543282858
2022-12-23,0.6923076143433906
2022-12-24,0.6986598079143194
2022-12-25,0.695498685568569
2022-12-26,0.6924487168052128
2022-12-27,0.6903239522850458
2022-12-28,0.6879044908431393
2022-12-29,0.6893926973007405
2022-12-30,0.6909693687733753
2022-12-31,0.6895426351694763
2023-01-01,0.686804507966217
2023-01-02,0.6916760151490747
2023-01-03,0.6964529553930281
2023-01-04,0.6934602657328135
2023-01-05,0.7036289220320132
2023-01-06,0.7032908048814104
2023-01-07,0.7026387348547432
2023-01-08,0.699383034534417
2023-01-09,0.6963147565018664
2023-01-10,0.6938375122603276
2023-01-11,0.6913312775091554
2023-01-12,0.6929472633721585
2023-01-13,0.6901384480328521
2023-01-14,0.6960499318545582
2023-01-15,0.6930495446158144
2023-01-16,0.7037796618886951
2023-01-17,0.7054197360169299
2023-01-18,0.7022700143221652
2023-01-19,0.6990410523761252
2023-01-20,0.6958692657898208
2023-01-21,0.7060847408361499
2023-01-22,0.7034374013176137
2023-01-23,0.7004889597483045
2023-01-24,0.7063220990638733
2023-01-25,0.7091822284395645
2023-01-26,0.7065779191782038
2023-01-27,0.7042765447802961
2023-01-28,0.7056392257331292
2023-01-29,0.7045627513538874
2023-01-30,0.7073862334091168
2023-01-31,0.7144637907409995
2023-02-01,0.7120566237300999
2023-02-02,0.7162570252031497
2023-02-03,0.7175770442992281
2023-02-04,0.7308492609920052
2023-02-05,0.7532441268809442
2023-02-06,0.7496371534406925
2023-02-07,0.7555569097618775
2023-02-08,0.7510400985713047
2023-02-09,0.7470019378350644
2023-02-10,0.7458987698828131
2023-02-11,0.7421599165672527
2023-02-12,0.7388558622299223
2023-02-13,0.7407924135935096
2023-02-14,0.7392328225928455
2023-02-15,0.740639764210364
2023-02-16,0.7390871393262535
2023-02-17,0.7363912353569523
2023-02-18,0.753915357450651
2023-02-19,0.7540599298145418
2023-02-20,0.7504828670534421
2023-02-21,0.7693912726319471
2023-02-22,0.7715362358961755
2023-02-23,0.7696570537745366
2023-02-24,0.765378865354237
2023-02-25,0.7680428785582738
2023-02-26,0.7633875298390649
2023-02-27,0.7621054666868283
2023-02-28,0.7609928374360279
2023-03-01,0.7702531565282211
2023-03-02,0.7729211440360129
2023-03-03,0.7692546438187329
2023-03-04,0.7647161117068133
2023-03-05,0.7662486579812446
2023-03-06,0.7636480561569686
2023-03-07,0.7593047151540353
2023-03-08,0.7691809682052163
2023-03-09,0.8092557059672002
2023-03-10,0.8073925928012738
2023-03-11,0.8016771579121517
2023-03-12,0.7969463046667877
2023-03-13,0.7916258531897441
2023-03-14,0.8191203928024834
2023-03-15,0.8132409373823255
2023-03-16,0.8073493928191957
2023-03-17,0.802539742478591
2023-03-18,0.7973622187679412
2023-03-19,0.8085245006352195
2023-03-20,0.8031525622967054
2023-03-21,0.7975008714934948
2023-03-22,0.7925750509664664
2023-03-23,0.8016359716340685
2023-03-24,0.7966867239313105
2023-03-25,0.7964029367001151
2023-03-26,0.7909992019435195
2023-03-27,0.7856512886656801
2023-03-28,0.7832598475982683
2023-03-29,0.7838917743627184
2023-03-30,0.7799490453360157
2023-03-31,0.7799232206174053
2023-04-01,0.7823772737691126
2023-04-02,0.7918463564461453
2023-04-03,0.7911792275573194
2023-04-04,0.7974167205879763
2023-04-05,0.8062113296795475
2023-04-06,0.8045803627879018
2023-04-07,0.7999312742209866
2023-04-08,0.7963813297851493
2023-04-09,0.7970721389343843
2023-04-10,0.7939047992796591
2023-04-11,0.8025074671163367
2023-04-12,0.7969139144220185
2023-04-13,0.7915677567706269
2023-04-14,0.7863183099277689
2023-04-15,0.7862752182927285
2023-04-16,0.7810664989502599
2023-04-17,0.7865525913137464
2023-04-18,0.7812962532924426
2023-04-19,0.7766084650654199
2023-04-20,0.7716037148298068
2023-04-21,0.7728847078225142
2023-04-22,0.7699537966859796
2023-04-23,0.7651102472099213
2023-04-24,0.7648818433586202
2023-04-25,0.7642321252473475
2023-04-26,0.7712957426135034
2023-04-27,0.7664459179056856
2023-04-28,0.7632562834867569
2023-04-29,0.7593135775833194
2023-04-30,0.7550420330752247
2023-05-01,0.7599589302139343
2023-05-02,0.7556658701413657
2023-05-03,0.7548221697427687
2023-05-04,0.7566650039448147
2023-05-05,0.7526419955379235
2023-05-06,0.7813460567546717
2023-05-07,0.7762977051579892
2023-05-08,0.7723015379220973
2023-05-09,0.7675202266537383
2023-05-10,0.7657099023385036
2023-05-11,0.7662643632037435
2023-05-12,0.7714974174195974
2023-05-13,0.7695586216658443
2023-05-14,0.7668467237194851
2023-05-15,0.770174983671504
2023-05-16,0.7653226098404311
2023-05-17,0.7816674234265868
2023-05-18,0.7773902066727911
2023-05-19,0.7839125684136641
2023-05-20,0.780837970847318
2023-05-21,0.77929401406176
2023-05-22,0.7749089635890412
2023-05-23,0.7699306259202138
2023-05-24,0.7760869049291024
2023-05-25,0.7727331121583737
2023-05-26,0.7701657507813958
2023-05-27,0.7655124100259659
2023-05-28,0.7761945070600007
2023-05-29,0.7715696786550063
2023-05-30,0.7698247301728358
2023-05-31,0.7742412719236037
2023-06-01,0.7735812198102774
2023-06-02,0.7721445942980995
2023-06-03,0.7750283117159131
2023-06-04,0.772326736458982
2023-06-05,0.7683698045763657
2023-06-06,0.7680331972518845
2023-06-07,0.7632477145425302
2023-06-08,0.7614657701473173
2023-06-09,0.7568957466043873
2023-06-10,0.7560558175401932
2023-06-11,0.7676537740851586
2023-06-12,0.764434419854505
2023-06-13,0.7598930619245491
2023-06-14,0.7561126075111638
2023-06-15,0.7578687811162684
2023-06-16,0.7542290521407972
2023-06-17,0.7499301262334217
2023-06-18,0.7708477382206675
2023-06-19,0.7679785815697221
2023-06-20,0.7730805104778118
2023-06-21,0.7829644169932065
2023-06-22,0.7823795770222522
2023-06-23,0.7862891123488839
2023-06-24,0.7824610160913814
2023-06-25,0.7816476743023882
2023-06-26,0.796435564397563
2023-06-27,0.8228895197833239
2023-06-28,0.8179159396847463
2023-06-29,0.8130241801723411
2023-06-30,0.807221942671064
2023-07-01,0.801859960861332
2023-07-02,0.8108665928227575
2023-07-03,0.8194540608924671
2023-07-04,0.8192994144418555
2023-07-05,0.818193338243478
2023-07-06,0.8134380681311156
2023-07-07,0.8082178261218848
2023-07-08,0.8215117353799457
2023-07-09,0.815631335959587
2023-07-10,0.8103738935347318
2023-07-11,0.8053477769969145
2023-07-12,0.8002882983798051
2023-07-13,0.794750983542782
2023-07-14,0.7926374830093343
2023-07-15,0.7927602509078553
2023-07-16,0.7898417914489548
2023-07-17,0.810101577111787
2023-07-18,0.8051697041544604
2023-07-19,0.8000212347947042
2023-07-20,0.807614715434119
2023-07-21,0.8124847816724364
2023-07-22,0.8124521642961792
2023-07-23,0.8073028853879635
2023-07-24,0.8164503484256845
2023-07-25,0.8105136612482132
2023-07-26,0.8063032951591047
2023-07-27,0.8015116132747566
2023-07-28,0.7990675346482584
2023-07-29,0.8078882616552356
2023-07-30,0.80642114902256
2023-07-31,0.803157798711892
2023-08-01,0.7980981419688998
2023-08-02,0.7927324792474952
2023-08-03,0.7889099584205822
2023-08-04,0.7838848006880919
2023-08-05,0.7802442908491025
2023-08-06,0.7807893630726631
2023-08-07,0.7757306480636262
2023-08-08,0.8158862639021947
2023-08-09,0.8178359668582378
2023-08-10,0.8162292547526442
2023-08-11,0.8131000668852207
2023-08-12,0.807465978779693
2023-08-13,0.8046503087263195
2023-08-14,0.8031181156989127
2023-08-15,0.8065704947293888
2023-08-16,0.802161948231043
2023-08-17,0.796964489340414
2023-08-18,0.7933473032125564
2023-08-19,0.7903418287753194
2023-08-20,0.7858522818287547
2023-08-21,0.7851556678418081
2023-08-22,0.7812331479516064
2023-08-23,0.7771197227194052
2023-08-24,0.7723401184374867
2023-08-25,0.7744740930821264
2023-08-26,0.7695587845070543
2023-08-27,0.7652453707873881
2023-08-28,0.760580587472708
2023-08-29,0.7559941645624986
2023-08-30,0.7644074959638293
2023-08-31,0.7608769340847857
2023-09-01,0.756558238436526
2023-09-02,0.7532431186574405
2023-09-03,0.7496988829826153
2023-09-04,0.747083308998976
2023-09-05,0.7500694756942755
2023-09-06,0.7524536996143032
2023-09-07,0.7492406684694586
2023-09-08,0.7451908989588906
2023-09-09,0.7411087484220233
2023-09-10,0.7435141940093001
2023-09-11,0.7524064185079573
2023-09-12,0.7502309791662986
2023-09-13,0.7474055763069369
2023-09-14,0.7453858054422848
2023-09-15,0.7525750055422656
2023-09-16,0.7485581808876618
2023-09-17,0.7476816895213572
2023-09-18,0.7434012008615976
2023-09-19,0.7467884205761981
2023-09-20,0.7660238436862579
2023-09-21,0.7655242655121414
2023-09-22,0.7617429730158597
2023-09-23,0.7580861970392968
2023-09-24,0.7536379516934101
2023-09-25,0.7498300022485219
2023-09-26,0.7481617603675569
2023-09-27,0.7509595641041408
2023-09-28,0.7465777721136447
2023-09-29,0.7456809836838721
2023-09-30,0.7416798379090657
2023-10-01,0.7386035289480153
2023-10-02,0.7357258473042433
2023-10-03,0.7316803522180761
2023-10-04,0.7356544806756733
2023-10-05,0.7372408385738599
2023-10-06,0.733213780033121
2023-10-07,0.7465658133934854
2023-10-08,0.7450455011955804
2023-10-09,0.7525577342379148
2023-10-10,0.7483729172707744
2023-10-11,0.7444551992508407
2023-10-12,0.7533865670328885
2023-10-13,0.7529842178210863
2023-10-14,0.7586044730390659
2023-10-15,0.7592716238883336
2023-10-16,0.7554197919666029
2023-10-17,0.7558036036014819
2023-10-18,0.7631016192496201
2023-10-19,0.7591906789503753
2023-10-20,0.774614212114919
2023-10-21,0.7870150441061405
2023-10-22,0.7837598082878778
2023-10-23,0.7791098852986094
2023-10-24,0.7840183892268469
2023-10-25,0.7825431690622493
2023-10-26,0.7773893814357609
2023-10-27,0.7725265565371623
2023-10-28,0.7678185365080471
2023-10-29,0.7631582567520367
2023-10-30,0.7640232553049069
2023-10-31,0.7599902894407827
2023-11-01,0.7621648974290502
2023-11-02,0.7598015506710941
2023-11-03,0.7621727458480794
2023-11-04,0.7606686097064853
2023-11-05,0.7562927802599262
2023-11-06,0.7555343870072303
2023-11-07,0.755838568265303
2023-11-08,0.752314015179645
2023-11-09,0.7492915253983481
2023-11-10,0.7461876366591486
2023-11-11,0.7426363880877074
2023-11-12,0.7558017698317351
2023-11-13,0.7570490418195148
2023-11-14,0.7535302892175446
2023-11-15,0.7526109216591319
2023-11-16,0.7621034429644657
2023-11-17,0.7588949724816691
2023-11-18,0.7615320230177394
2023-11-19,0.7570542568617387
2023-11-20,0.7538002844128809
2023-11-21,0.7711454483862512
2023-11-22,0.7666316799932036
2023-11-23,0.7647828383635309
2023-11-24,0.7806006367569414
2023-11-25,0.7761346174498723
2023-11-26,0.7753605348191859
2023-11-27,0.7840658950000479
2023-11-28,0.7843550083499737
2023-11-29,0.783135289194816
2023-11-30,0.777995237202366
2023-12-01,0.8086522059275457
2023-12-02,0.804652936280704
2023-12-03,0.8080639484949032
2023-12-04,0.8023245385799382
2023-12-05,0.7968635867606622
2023-12-06,0.7916650923757055
2023-12-07,0.794614068388922
2023-12-08,0.8003393051073245
2023-12-09,0.7987514186903771
2023-12-10,0.793363202944234
2023-12-11,0.7886680206526737
2023-12-12,0.7918970050385786
2023-12-13,0.786704139828313
2023-12-14,0.787896836340183
2023-12-15,0.8018633474556364
2023-12-16,0.7977098139034497
2023-12-17,0.7958006462547527
2023-12-18,0.7941196968699824
2023-12-19,0.7899743041335244
2023-12-20,0.7847997405989473
2023-12-21,0.7812031021649115
2023-12-22,0.7870694755687871
2023-12-23,0.7868928853905491
2023-12-24,0.7844554929120543
2023-12-25,0.7847641620787975
2023-12-26,0.7822633606103859
2023-12-27,0.7781372413030738
2023-12-28,0.7758913293748744
2023-12-29,0.7939275953841034
2023-12-30,0.7912050783037993
2023-12-31,0.7871381450118643
2024-01-01,0.7822496105979697
2024-01-02,0.77710761700087
2024-01-03,0.7729819399985668
2024-01-04,0.7701993723955389
2024-01-05,0.7655706650158848
2024-01-06,0.7635616091819232
2024-01-07,0.7588636286327926
2024-01-08,0.7564047973960679
2024-01-09,0.7518690097076968
2024-01-10,0.7778694495698781
2024-01-11,0.7898685376459956
2024-01-12,0.7845346072617174
2024-01-13,0.7796771218419327
2024-01-14,0.7793183531058167
2024-01-15,0.774440177888357
2024-01-16,0.7714007333454885
2024-01-17,0.7767227136341034
2024-01-18,0.7764552544280454
2024-01-19,0.7755302725642329
2024-01-20,0.7803865572558062
2024-01-21,0.7776732822569988
2024-01-22,0.7765492914303707
2024-01-23,0.7835313235392692
2024-01-24,0.7787463173250507
2024-01-25,0.7942073200620238
2024-01-26,0.7912477890017563
2024-01-27,0.7910624801745675
2024-01-28,0.7863517626544959
2024-01-29,0.7811870386426801
2024-01-30,0.7769207179440947
2024-01-31,0.7722463639991279
2024-02-01,0.771736624614102
2024-02-02,0.7694354753829491
2024-02-03,0.7659190993808079
2024-02-04,0.764141146306233
2024-02-05,0.7623258538753456
2024-02-06,0.7609838372161114
2024-02-07,0.7640486511622054
2024-02-08,0.7600353069849687
2024-02-09,0.7657054380460435
2024-02-10,0.776282845373358
2024-02-11,0.7719291320589994
2024-02-12,0.7681302194080062
2024-02-13,0.7719131143529301
2024-02-14,0.7690888920032045
2024-02-15,0.7701097131845884
2024-02-16,0.7654472265957354
2024-02-17,0.7624229671281527
2024-02-18,0.7606549608467775
2024-02-19,0.7577958873687226
2024-02-20,0.7532289496813982
2024-02-21,0.7492697673907776
2024-02-22,0.7464915235098977
2024-02-23,0.7421899891568584
2024-02-24,0.7527731564560323
2024-02-25,0.7588580475702411
2024-02-26,0.7551418809043795
2024-02-27,0.7563514113017801
2024-02-28,0.7600037849044273
2024-02-29,0.7580699821957169
2024-03-01,0.7567704979071223
2024-03-02,0.7530024677219848
2024-03-03,0.7488653015986809
2024-03-04,0.7447350680125336
2024-03-05,0.7404751088810542
2024-03-06,0.7383757737794815
2024-03-07,0.743250660475799
2024-03-08,0.7390683057759762
2024-03-09,0.7351885801461797
2024-03-10,0.7350737363312576
2024-03-11,0.7332129097304225
2024-03-12,0.7301830632307766
2024-03-13,0.7393859141758667
2024-03-14,0.7374567777980324
2024-03-15,0.7353846464787526
2024-03-16,0.7324829002991592
2024-03-17,0.7315191670915944
2024-03-18,0.7380586332850134
2024-03-19,0.7389283782754738
2024-03-20,0.7355162553962485
2024-03-21,0.7468741167703062
2024-03-22,0.7474294472316132
2024-03-23,0.7447385817167138
2024-03-24,0.7409933254492975
2024-03-25,0.7368343209320272
2024-03-26,0.7373577244931795
2024-03-27,0.7334159334740497
2024-03-28,0.7305354623804127
2024-03-29,0.7271724101774618
2024-03-30,0.7261307784373296
2024-03-31,0.7229815068774292
2024-04-01,0.7269393096671736
2024-04-02,0.7231037413592459
2024-04-03,0.721630290899937
2024-04-04,0.7203480330363707
2024-04-05,0.7189625494015004
2024-04-06,0.7186352581908957
2024-04-07,0.7153267202307368
2024-04-08,0.7121039055804
2024-04-09,0.7219236838749813
2024-04-10,0.7267143262111688
2024-04-11,0.7280023655292487
2024-04-12,0.7271104161052273
2024-04-13,0.7238099427563017
2024-04-14,0.7201394705241245
2024-04-15,0.7242141346989862
2024-04-16,0.7227546199029539
2024-04-17,0.7198267300097548
2024-04-18,0.7178500981120676
2024-04-19,0.7142566085485165
2024-04-20,0.7157603641402658
2024-04-21,0.717877811721298
2024-04-22,0.7158440355671537
2024-04-23,0.7128645841687311
2024-04-24,0.7095717590997149
2024-04-25,0.7136461927006083
2024-04-26,0.7189772771579033
2024-04-27,0.7154646508217957
2024-04-28,0.7146809068946004
2024-04-29,0.719684632088623
2024-04-30,0.7182517615749557
2024-05-01,0.7192507695605264
2024-05-02,0.71847871373788
2024-05-03,0.7207534793350528
2024-05-04,0.7172050229852472
2024-05-05,0.7283140717601078
2024-05-06,0.72828968323174
2024-05-07,0.7266699555843218
2024-05-08,0.7247735108301806
2024-05-09,0.7266864171338656
2024-05-10,0.7250362841062459
2024-05-11,0.7212467201844843
2024-05-12,0.7264164832260761
2024-05-13,0.7287559104334116
2024-05-14,0.730488090515375
2024-05-15,0.7296795834629132
2024-05-16,0.7296263588785905
2024-05-17,0.7321885332941354
2024-05-18,0.7288003774717177
2024-05-19,0.725568625686014
2024-05-20,0.7233722019702036
2024-05-21,0.7199099599378529
2024-05-22,0.7294724203722319
2024-05-23,0.7265084310989268
2024-05-24,0.72633074149916
2024-05-25,0.7342412815970885
2024-05-26,0.7308467207355094
2024-05-27,0.729283557413829
2024-05-28,0.7253913344314611
2024-05-29,0.72262820471474
2024-05-30,0.7276348928909557
2024-05-31,0.7401010198266018
2024-06-01,0.7363435635519787
2024-06-02,0.7322893075964425
2024-06-03,0.7338647604077126
2024-06-04,0.7299252303236632
2024-06-05,0.727473123101583
2024-06-06,0.7349701710703348
2024-06-07,0.7310026266648195
2024-06-08,0.7271539283705729
2024-06-09,0.7303337681880865
2024-06-10,0.7316088221089962
2024-06-11,0.7295145882391886
2024-06-12,0.7302962590033262
2024-06-13,0.726678784418997
2024-06-14,0.7236331711063364
2024-06-15,0.7208523486553402
2024-06-16,0.7229576771460351
2024-06-17,0.7192807965261756
2024-06-18,0.7171180522435364
2024-06-19,0.7148462015942906
2024-06-20,0.7133230586142307
2024-06-21,0.7218931523897805
2024-06-22,0.7181948452731562
2024-06-23,0.7155568154977204
2024-06-24,0.7131571828298849
2024-06-25,0.7173903216333317
2024-06-26,0.7153273397278355
2024-06-27,0.7118300187146147
2024-06-28,0.708365241332407
2024-06-29,0.7082639926097357
2024-06-30,0.7101171075408352
2024-07-01,0.7071048007492977
2024-07-02,0.7037422152206398
2024-07-03,0.7027638581236911
2024-07-04,0.6995676344275626
2024-07-05,0.7097802681245227
2024-07-06,0.7093762297786019
2024-07-07,0.7086911132265936
2024-07-08,0.7077136366480727
2024-07-09,0.7080662177862652
2024-07-10,0.7063192125835897
2024-07-11,0.7030182892370596
2024-07-12,0.700528530457805
2024-07-13,0.6981293129691447
2024-07-14,0.7038851480842812
2024-07-15,0.7029524444346247
2024-07-16,0.6996901560112726
2024-07-17,0.6966770600020511
2024-07-18,0.6938041575191497
2024-07-19,0.6985062429771719
2024-07-20,0.7188304846073238
2024-07-21,0.7250647387511602
2024-07-22,0.7229706227215887
2024-07-23,0.7201674745586999
2024-07-24,0.7166392691243139
2024-07-25,0.7166924756380496
2024-07-26,0.7153123419613262
2024-07-27,0.7147201179901835
2024-07-28,0.7287174285731354
2024-07-29,0.7307345268741685
2024-07-30,0.7371626169677071
2024-07-31,0.7386676319983658
2024-08-01,0.7345698505762968
2024-08-02,0.7320274873377747
2024-08-03,0.7290586449139148
2024-08-04,0.7277199530307592
2024-08-05,0.7257619938450844
2024-08-06,0.7341364543697725
2024-08-07,0.730185296985339
2024-08-08,0.7265455105289289
2024-08-09,0.7227274029208915
2024-08-10,0.7400558555687242
2024-08-11,0.7365422286429248
2024-08-12,0.7336840403716134
2024-08-13,0.7381585540417862
2024-08-14,0.7482077535917118
2024-08-15,0.7564314145504369
2024-08-16,0.7520072750201908
2024-08-17,0.7475883730039491
2024-08-18,0.7572363396090628
2024-08-19,0.7527597910591087
2024-08-20,0.7495728722740886
2024-08-21,0.7486082568698593
2024-08-22,0.7502143838055246
2024-08-23,0.7514351692570911
2024-08-24,0.7618691290433384
2024-08-25,0.758949203416293
2024-08-26,0.7586364378220569
2024-08-27,0.755295773220643
2024-08-28,0.7537164126377326
2024-08-29,0.7499518985955764
2024-08-30,0.7456154963135813
2024-08-31,0.7444223887897773
2024-09-01,0.7449475688784593
2024-09-02,0.7453278361066645
2024-09-03,0.7415691364587086
2024-09-04,0.7463266427256657
2024-09-05,0.7471776889883756
2024-09-06,0.76526109419346
2024-09-07,0.7635927430827424
2024-09-08,0.7617642487967935
2024-09-09,0.7578860247136525
2024-09-10,0.7541419413710754
2024-09-11,0.7673863918972148
2024-09-12,0.7667070084427383
2024-09-13,0.763464820090036
2024-09-14,0.7588357801601028
2024-09-15,0.7549676120983307
2024-09-16,0.7692542774545019
2024-09-17,0.76444792847816
2024-09-18,0.7597837669434145
2024-09-19,0.7552558141327281
2024-09-20,0.7515304001105607
2024-09-21,0.7477850052750106
2024-09-22,0.7434726068648972
2024-09-23,0.7401165010778683
2024-09-24,0.7395430775599844
2024-09-25,0.7364509245286122
2024-09-26,0.7351075095048519
2024-09-27,0.7312626349648179
2024-09-28,0.7375908806142035
2024-09-29,0.7339218788452604
2024-09-30,0.7356330077394675
2024-10-01,0.7475539734470408
2024-10-02,0.7465611683545036
2024-10-03,0.7422776226596975
2024-10-04,0.7388673184573152
2024-10-05,0.7525797191761471
2024-10-06,0.7542183329195198
2024-10-07,0.7542703644100037
2024-10-08,0.7506242748315402
2024-10-09,0.7462267220809149
2024-10-10,0.7419998034472249
2024-10-11,0.7394881150322183
2024-10-12,0.7357709048528931
2024-10-13,0.7321981915494018
2024-10-14,0.7327704065830889
2024-10-15,0.7322348571976697
2024-10-16,0.7388476992675131
2024-10-17,0.7592916212751332
2024-10-18,0.7554533044619837
2024-10-19,0.7598763391749648
2024-10-20,0.7552774256737621
2024-10-21,0.756912748506309
2024-10-22,0.7549043231488334
2024-10-23,0.752135005615586
2024-10-24,0.748358572818115
2024-10-25,0.7440245327476316
2024-10-26,0.7417194151235772
2024-10-27,0.7405185825117344
2024-10-28,0.736589378168551
2024-10-29,0.7334567697175389
2024-10-30,0.7350102005543604
2024-10-31,0.7312688266344097
2024-11-01,0.7304654054312122
2024-11-02,0.7284575336283466
2024-11-03,0.7459515633476929
2024-11-04,0.7431366419277448
2024-11-05,0.7626747062672369
2024-11-06,0.7595167541067249
2024-11-07,0.7846480651189394
2024-11-08,0.7825216859239
2024-11-09,0.7774548385855733
2024-11-10,0.7752189664883454
2024-11-11,0.7711542503198998
2024-11-12,0.7662654238110453
2024-11-13,0.7682942200536548
2024-11-14,0.7637607556045423
2024-11-15,0.7612973905648247
2024-11-16,0.756678270602891
2024-11-17,0.7543403389225442
2024-11-18,0.7498922325214146
2024-11-19,0.7460709641103459
2024-11-20,0.7634472508834542
2024-11-21,0.7592179489744715
2024-11-22,0.7559401535656345
2024-11-23,0.7514259976386106
2024-11-24,0.7478050450802562
2024-11-25,0.75823740050068
2024-11-26,0.7566924126957199
2024-11-27,0.7521847310117403
2024-11-28,0.748675520204507
2024-11-29,0.7477018464250188
2024-11-30,0.7570938572394479
2024-12-01,0.7558262052120165
2024-12-02,0.7521569459592023
2024-12-03,0.7495738814441175
2024-12-04,0.7487576818693003
2024-12-05,0.7557630006405366
2024-12-06,0.761984188380865
2024-12-07,0.7615650768387643
2024-12-08,0.7570222698587192
2024-12-09,0.7524862474862788
2024-12-10,0.7499457367070876
2024-12-11,0.7535838982672955
2024-12-12,0.7582244144641695
2024-12-13,0.7581392451413634
2024-12-14,0.7555423228525074
2024-12-15,0.7527295526576023
2024-12-16,0.7505732385636392
2024-12-17,0.7578395453230322
2024-12-18,0.7532964624023666
2024-12-19,0.7544293103279222
2024-12-20,0.7499382164765547
2024-12-21,0.7476325850051885
2024-12-22,0.7457263752465724
2024-12-23,0.7422445005007532
2024-12-24,0.7419955744364892
2024-12-25,0.7453964701587241
2024-12-26,0.7411294891992037
2024-12-27,0.7422262428281262
2024-12-28,0.7479769154132434
2024-12-29,0.7447039951741132
2024-12-30,0.74687173109141
2024-12-31,0.7511003581460702
