date,z_t
2015-01-01,1.198380411305102
2015-01-02,1.9093763397129095
2015-01-03,0.4472107183887049
2015-01-04,-0.21615442811941535
2015-01-05,-0.6846991929210774
2015-01-06,-0.10570545602784248
2015-01-07,0.3304653309078377
2015-01-08,1.0266600585994092
2015-01-09,1.7541818776889615
2015-01-10,1.3324798686905979
2015-01-11,1.0607109566771558
2015-01-12,0.9861474201069718
2015-01-13,-0.7706566033529035
2015-01-14,0.436691879809244
2015-01-15,1.3523438538732608
2015-01-16,0.7203470907924512
2015-01-17,-0.3445659587544539
2015-01-18,-0.2029958149205218
2015-01-19,-2.652727150890671
2015-01-20,-1.4445337558940645
2015-01-21,-0.5020202816400284
2015-01-22,-1.5083925032761814
2015-01-23,-0.5888379807367377
2015-01-24,1.130633629374523
2015-01-25,-0.9392036477209145
2015-01-26,0.7215584987708018
2015-01-27,0.18293111538758888
2015-01-28,1.0877532920237707
2015-01-29,0.370061610995859
2015-01-30,-2.6750225103896343
2015-01-31,-1.6221713900586328
2015-02-01,0.07726073971818648
2015-02-02,-0.039307161925920917
2015-02-03,-0.765984363347318
2015-02-04,-0.4694973208058139
2015-02-05,-0.667569579552931
2015-02-06,-1.244555171695367
2015-02-07,1.843866298513136
2015-02-08,0.12187542800449112
2015-02-09,0.975545978097597
2015-02-10,-0.14043910056951894
2015-02-11,-2.2022774240095515
2015-02-12,-1.0917362057157345
2015-02-13,0.27931457351403
2015-02-14,-0.028604615612282055
2015-02-15,0.7597463273089159
2015-02-16,-0.24702753770853
2015-02-17,-0.9129378322581617
2015-02-18,1.2484050177633328
2015-02-19,0.7509149045538496
2015-02-20,0.16929039256918355
2015-02-21,-1.4339281500804621
2015-02-22,0.9692638303313823
2015-02-23,1.0350065253101053
2015-02-24,0.5240651438565451
2015-02-25,-0.7167284910737106
2015-02-26,0.33501492019454454
2015-02-27,-0.6750448339800361
2015-02-28,0.6697636522229157
2015-03-01,1.4119904306814397
2015-03-02,0.37667008907679433
2015-03-03,0.039259055191408446
2015-03-04,0.36279805015759703
2015-03-05,-0.3033291177866665
2015-03-06,0.3262717461099433
2015-03-07,1.2295562936574267
2015-03-08,0.23170252038085618
2015-03-09,-1.2061549753699345
2015-03-10,1.0486074227941238
2015-03-11,-0.6421770265387747
2015-03-12,-1.587451118593035
2015-03-13,1.0117903085690387
2015-03-14,-0.0015877646924018587
2015-03-15,0.4956335258173059
2015-03-16,0.7119245656244071
2015-03-17,-0.5912119239118799
2015-03-18,-1.1300999074195677
2015-03-19,-1.012149031653895
2015-03-20,-0.081781429274539
2015-03-21,0.7886002279436657
2015-03-22,-1.9185628781662847
2015-03-23,1.0504330928329808
2015-03-24,-1.42969377812513
2015-03-25,0.25187215478124525
2015-03-26,-0.572034811342712
2015-03-27,-0.4303172266122748
2015-03-28,0.7603181956651945
2015-03-29,0.5467803073862153
2015-03-30,1.4648732630030232
2015-03-31,1.3658683666433866
2015-04-01,0.9622795050326889
2015-04-02,-0.05423884099834888
2015-04-03,0.0192386745657645
2015-04-04,-1.2187763473802231
2015-04-05,-0.6937559729162351
2015-04-06,-1.6535595613526943
2015-04-07,0.8970516815158893
2015-04-08,0.004288339278468005
2015-04-09,-2.110980293616452
2015-04-10,-1.8255921138720586
2015-04-11,2.087129393676657
2015-04-12,1.0183563540103149
2015-04-13,0.8447726572795659
2015-04-14,0.12348270537415931
2015-04-15,0.6591821237732224
2015-04-16,0.23611516844301134
2015-04-17,-0.10408213058236865
2015-04-18,-0.7414451464988057
2015-04-19,-1.4157333034861215
2015-04-20,0.34823733070818913
2015-04-21,1.1642628452442874
2015-04-22,-0.4324510924785354
2015-04-23,-0.2714457393252672
2015-04-24,-0.7806252052616698
2015-04-25,1.0505676428736201
2015-04-26,-1.5712151381654595
2015-04-27,-0.07185733719203019
2015-04-28,-0.0940690885327007
2015-04-29,1.075822894286395
2015-04-30,-0.7345681865937534
2015-05-01,-0.9238964123575799
2015-05-02,-0.26302627648084376
2015-05-03,0.6800663468432426
2015-05-04,0.4701535320111786
2015-05-05,1.5758622575287224
2015-05-06,0.5253817606358302
2015-05-07,1.131990057577923
2015-05-08,-2.6394201661340375
2015-05-09,2.525842078593969
2015-05-10,0.2242006810349524
2015-05-11,0.5622766733799229
2015-05-12,-0.09679556331294971
2015-05-13,1.762930349405662
2015-05-14,-0.6873896232433884
2015-05-15,-1.0525697977117585
2015-05-16,1.49989369030601
2015-05-17,1.1367510399761755
2015-05-18,-0.17651436488457783
2015-05-19,1.0553170598796369
2015-05-20,-0.44639458466296855
2015-05-21,-0.31638100907700056
2015-05-22,0.273313376839392
2015-05-23,-0.055844420851831715
2015-05-24,-0.8150116093409141
2015-05-25,0.24383229309329435
2015-05-26,0.766086561104529
2015-05-27,0.1321759527508192
2015-05-28,1.2046343279176213
2015-05-29,-0.08778020419716415
2015-05-30,1.357808850173568
2015-05-31,0.7553483968776857
2015-06-01,0.2998338508413399
2015-06-02,2.629749766402279
2015-06-03,0.3664749293971007
2015-06-04,-2.004431906456835
2015-06-05,1.066066738543102
2015-06-06,0.82788302284572
2015-06-07,0.5102882983088532
2015-06-08,0.0021196576580043446
2015-06-09,-1.152265841813323
2015-06-10,-0.48373124391217787
2015-06-11,-0.43493284743866567
2015-06-12,-0.9098497204062109
2015-06-13,0.5809393382604405
2015-06-14,0.47907939956808093
2015-06-15,0.3814740762524354
2015-06-16,0.24775383120897
2015-06-17,0.8976410911175393
2015-06-18,0.9401132250788733
2015-06-19,0.8516885401696251
2015-06-20,0.06211297913846542
2015-06-21,-1.158335339934018
2015-06-22,-0.06577872035999165
2015-06-23,0.09316455433012365
2015-06-24,1.3972184814622997
2015-06-25,-1.5190833230703473
2015-06-26,-2.3485660049323744
2015-06-27,1.4985563526381958
2015-06-28,-0.21466871564098838
2015-06-29,-0.04359498752718525
2015-06-30,-1.1012557054244125
2015-07-01,0.8224069164176722
2015-07-02,1.491035742344159
2015-07-03,-1.5317798238577145
2015-07-04,0.011027373155886394
2015-07-05,-0.8018202939847301
2015-07-06,2.4693749920789667
2015-07-07,-1.2258770623058184
2015-07-08,2.6592417215400332
2015-07-09,1.6510463386785459
2015-07-10,0.40528377731078097
2015-07-11,-2.9790259667254007
2015-07-12,1.2650207179464352
2015-07-13,-0.992898168877356
2015-07-14,-0.599177181653151
2015-07-15,-0.1303117245150727
2015-07-16,-0.7143721812276503
2015-07-17,1.1950204294325883
2015-07-18,0.741495642090393
2015-07-19,-0.5553767349319515
2015-07-20,0.10485671544910778
2015-07-21,1.3367537596144303
2015-07-22,-0.4974396049221105
2015-07-23,0.21218692305280382
2015-07-24,-1.2282258739885616
2015-07-25,1.0911239232908763
2015-07-26,1.2449073931815884
2015-07-27,-0.37915093684157114
2015-07-28,1.0032357702541206
2015-07-29,0.9290080159933807
2015-07-30,1.8227307492129579
2015-07-31,-0.15460036342845038
2015-08-01,-2.0835772632124474
2015-08-02,-0.978268348398413
2015-08-03,1.3858310181188975
2015-08-04,-0.7707418521618201
2015-08-05,-0.04474914294904951
2015-08-06,-0.18075486456981457
2015-08-07,-1.154268459523951
2015-08-08,0.4657293581474918
2015-08-09,-1.6573688327879414
2015-08-10,-0.3290348008948268
2015-08-11,-0.5154816662466591
2015-08-12,-0.038593725624026035
2015-08-13,0.4184625554037102
2015-08-14,1.1879270136335554
2015-08-15,-2.4293281133185194
2015-08-16,1.0609712716274176
2015-08-17,0.8985625147357542
2015-08-18,0.4144278369967581
2015-08-19,-3.0081111559295657
2015-08-20,-1.6797877000669905
2015-08-21,0.8192631383790665
2015-08-22,0.22272854138641038
2015-08-23,1.3019191981875091
2015-08-24,0.2087303121997273
2015-08-25,1.3746537249976554
2015-08-26,0.5860011168163365
2015-08-27,0.8963638504016489
2015-08-28,-0.4488542179956171
2015-08-29,-0.39550291228213247
2015-08-30,-1.5337868507464856
2015-08-31,0.5023655370178608
2015-09-01,0.9623745737721917
2015-09-02,1.4418272858331178
2015-09-03,0.06272944274444414
2015-09-04,0.5052221810944666
2015-09-05,1.4868246410061159
2015-09-06,0.7912529694780958
2015-09-07,-1.1920945860686232
2015-09-08,-0.7943981986618073
2015-09-09,-0.821133758200763
2015-09-10,0.22511520730231518
2015-09-11,0.7159087121425308
2015-09-12,-0.15078234411125235
2015-09-13,-0.46939064121788704
2015-09-14,0.31251645157368013
2015-09-15,1.529271315084425
2015-09-16,0.13588107580121356
2015-09-17,1.9618924800611546
2015-09-18,-0.1766025295953581
2015-09-19,-1.0450696320178003
2015-09-20,1.0664470114604905
2015-09-21,-1.3704052814141676
2015-09-22,0.5602513069015623
2015-09-23,-2.489742863436198
2015-09-24,2.3005080464594214
2015-09-25,-0.6283787374230995
2015-09-26,-0.589988138677989
2015-09-27,-0.1876527608592005
2015-09-28,-1.4867172153329704
2015-09-29,-1.2491320857889612
2015-09-30,-1.0574185414236632
2015-10-01,-0.19644137166203157
2015-10-02,-0.4661713917451756
2015-10-03,-1.0668743845966662
2015-10-04,-0.49142993485535225
2015-10-05,0.1859294507536825
2015-10-06,1.8577425779852101
2015-10-07,-0.03350591551832682
2015-10-08,-2.1333552869671375
2015-10-09,-0.8691449368385409
2015-10-10,0.5698154869522934
2015-10-11,0.13660198257007147
2015-10-12,-0.2608432475382767
2015-10-13,-0.13278915605789957
2015-10-14,0.4505490679459299
2015-10-15,0.3005981303838971
2015-10-16,0.06405055675489017
2015-10-17,-0.9602367047914322
2015-10-18,-0.030985106499196523
2015-10-19,-1.9768682416201206
2015-10-20,-1.2379420299019643
2015-10-21,1.2875639942759098
2015-10-22,0.831371089325814
2015-10-23,-0.061511350314835615
2015-10-24,0.06687988217183881
2015-10-25,-0.2877322896290894
2015-10-26,-0.6876834985128527
2015-10-27,0.38618345038063656
2015-10-28,0.3391810132250426
2015-10-29,-1.5656383087547514
2015-10-30,-0.290989836188542
2015-10-31,0.3210934665673292
2015-11-01,-1.4738834307496702
2015-11-02,-1.5014499207223528
2015-11-03,-0.9884405266100478
2015-11-04,-0.43798172746393726
2015-11-05,0.2385588612101045
2015-11-06,0.07541416297410669
2015-11-07,1.2142415234580595
2015-11-08,0.20662467808923632
2015-11-09,1.500191958367316
2015-11-10,1.270941160496536
2015-11-11,0.3320327368079918
2015-11-12,0.30822804604616333
2015-11-13,1.213332940585244
2015-11-14,0.8741185212589584
2015-11-15,-2.140749543923328
2015-11-16,1.7760052638971278
2015-11-17,-0.27095099668342887
2015-11-18,1.96108723994123
2015-11-19,1.127881622437141
2015-11-20,-1.74945574461991
2015-11-21,0.3510486399402249
2015-11-22,0.9335574536094231
2015-11-23,-0.8942915980000843
2015-11-24,1.8663771750518134
2015-11-25,-1.7070372163443253
2015-11-26,-0.014853334505730571
2015-11-27,1.0251126141345304
2015-11-28,0.6598052376655809
2015-11-29,1.7323885627835227
2015-11-30,0.4376216060540542
2015-12-01,-0.4342442870548414
2015-12-02,0.853958465049283
2015-12-03,0.18222278855215412
2015-12-04,1.3731790357169096
2015-12-05,1.7315090580588461
2015-12-06,1.1202725121878647
2015-12-07,-2.146573674313749
2015-12-08,0.9020767183766195
2015-12-09,0.3583455822816489
2015-12-10,1.6350827142798967
2015-12-11,-0.07060288417953997
2015-12-12,0.035794658403804434
2015-12-13,-0.5595189962412621
2015-12-14,-0.6731695805757465
2015-12-15,-1.189468319810544
2015-12-16,0.756084701124319
2015-12-17,0.5247838063754315
2015-12-18,0.45283544053135544
2015-12-19,0.5543758307508642
2015-12-20,0.5679917461037991
2015-12-21,1.0939937561996247
2015-12-22,1.1611930382202622
2015-12-23,0.7522868081710006
2015-12-24,0.29046038183630746
2015-12-25,0.6291434095152599
2015-12-26,0.9566616004577428
2015-12-27,0.45620343965274024
2015-12-28,-1.0992550301211483
2015-12-29,0.9759897688027138
2015-12-30,0.16717396425477288
2015-12-31,0.31904630999212485
2016-01-01,-1.48139284564272
2016-01-02,1.4894032006015223
2016-01-03,0.7813358122321579
2016-01-04,0.3493925775138543
2016-01-05,0.3632028060316247
2016-01-06,-0.21837024123854593
2016-01-07,0.8423475626182833
2016-01-08,-0.6817986966634458
2016-01-09,-0.08485126327977228
2016-01-10,0.35423983159293343
2016-01-11,-0.5463399977961885
2016-01-12,-0.6473412842419718
2016-01-13,-0.8777264851214805
2016-01-14,-0.01575834814043445
2016-01-15,-0.6579914750393947
2016-01-16,-1.977274144068515
2016-01-17,-0.06816934042576624
2016-01-18,-0.5357060005080944
2016-01-19,0.2615491864092873
2016-01-20,-1.6771307257202046
2016-01-21,-0.9554076852500102
2016-01-22,0.5707312823958833
2016-01-23,-0.32288534841645655
2016-01-24,0.3745513434449514
2016-01-25,0.23497701121680833
2016-01-26,1.1621532478982886
2016-01-27,1.77030617771342
2016-01-28,0.09684883452770932
2016-01-29,1.6533136772660546
2016-01-30,0.3127547332640138
2016-01-31,0.5464796768772501
2016-02-01,0.3645311078618817
2016-02-02,2.3496712404169147
2016-02-03,0.0856050325456957
2016-02-04,-0.25786866860278296
2016-02-05,-0.17986412398369406
2016-02-06,0.9368125881871977
2016-02-07,0.8593233798373682
2016-02-08,1.4038856264525228
2016-02-09,-0.3315863747791456
2016-02-10,-0.9045740981749568
2016-02-11,-1.5005539379512065
2016-02-12,-2.0415485825370383
2016-02-13,-0.05807540788978574
2016-02-14,1.2716734456642997
2016-02-15,-0.5473716853953785
2016-02-16,-1.6345778810692193
2016-02-17,0.8196807994209547
2016-02-18,-1.1503602428846298
2016-02-19,-0.17725991674975197
2016-02-20,1.945133238553391
2016-02-21,-0.05852658679997147
2016-02-22,0.6520790698832902
2016-02-23,0.18358772039461912
2016-02-24,-0.08058092184860087
2016-02-25,-0.718475616642133
2016-02-26,-1.1825507392223702
2016-02-27,-2.611145164391405
2016-02-28,-0.5806647650325274
2016-02-29,-1.1139930385477206
2016-03-01,1.0116747392098964
2016-03-02,0.0677494198142033
2016-03-03,-1.9612632626159652
2016-03-04,0.6639228311391124
2016-03-05,-1.311486874425317
2016-03-06,-0.9223948816682916
2016-03-07,-0.5640345725115348
2016-03-08,-0.8961929097568007
2016-03-09,0.6326550105632153
2016-03-10,-0.6302442647336362
2016-03-11,-0.9790698529495409
2016-03-12,-1.271759972724337
2016-03-13,-1.5030149378522875
2016-03-14,-0.6634299155168447
2016-03-15,-0.02175817960260694
2016-03-16,-1.0344937908535303
2016-03-17,-0.47902975564854305
2016-03-18,-0.1787984920712072
2016-03-19,-0.35086267292140894
2016-03-20,1.5000233313201774
2016-03-21,0.6088133346352804
2016-03-22,-0.056188090158601094
2016-03-23,-0.30383505410963163
2016-03-24,-1.2375023893384387
2016-03-25,0.5912850625104019
2016-03-26,0.2358233253163191
2016-03-27,0.8344493488812995
2016-03-28,1.4947440613800886
2016-03-29,-0.11294853438351203
2016-03-30,0.33212882779824215
2016-03-31,-0.6970257880520359
2016-04-01,-1.3535454996231755
2016-04-02,0.15233262964346228
2016-04-03,-0.8084382250344808
2016-04-04,0.5984676560040135
2016-04-05,-1.9254099379256449
2016-04-06,2.126814554328151
2016-04-07,1.197497464324065
2016-04-08,-1.2112352108778266
2016-04-09,-1.1538855206742167
2016-04-10,1.1206097081992763
2016-04-11,0.37285474524929046
2016-04-12,-0.06379707150113739
2016-04-13,-1.522105887729018
2016-04-14,-2.1320073507975543
2016-04-15,0.2672609724386449
2016-04-16,0.7589588645835885
2016-04-17,1.1124314397216588
2016-04-18,0.802745725638829
2016-04-19,1.477806718854612
2016-04-20,-0.22722768364831786
2016-04-21,-0.3521367779205467
2016-04-22,0.7507123660612213
2016-04-23,0.1108323859281576
2016-04-24,-1.0018768232643287
2016-04-25,0.17171881951620407
2016-04-26,-1.398882620480128
2016-04-27,1.1515731701145322
2016-04-28,-0.24963275636508683
2016-04-29,0.9405017688327859
2016-04-30,-0.41794692975859365
2016-05-01,-1.3644415822687075
2016-05-02,-0.45759050720466593
2016-05-03,0.5514191600834472
2016-05-04,-1.7001299262268814
2016-05-05,-0.2943670268099407
2016-05-06,1.1768869293645707
2016-05-07,0.5425928339213018
2016-05-08,0.8529364491342319
2016-05-09,0.44165475311403846
2016-05-10,0.23078563077152325
2016-05-11,0.8207939788199821
2016-05-12,0.5817967331943771
2016-05-13,-0.4906812061321127
2016-05-14,1.301770153173393
2016-05-15,0.6410991492014684
2016-05-16,0.6247903188626439
2016-05-17,0.46559123881232317
2016-05-18,-1.6301429484069485
2016-05-19,-0.9733935259905935
2016-05-20,1.2946751413675368
2016-05-21,-0.17607567785334158
2016-05-22,0.2842180254600943
2016-05-23,-0.6203723919926055
2016-05-24,-0.43738475224334145
2016-05-25,-1.7788071364323474
2016-05-26,-1.1602578914092256
2016-05-27,-0.6310399687411741
2016-05-28,-0.03773985008991105
2016-05-29,0.7812423388542121
2016-05-30,1.1534991735563596
2016-05-31,0.10945962991642748
2016-06-01,0.3602143399851311
2016-06-02,-0.24557191351400237
2016-06-03,-0.09896169254588558
2016-06-04,-1.0122571777961122
2016-06-05,-0.41844142862636396
2016-06-06,-2.2623016824226827
2016-06-07,0.872260411750132
2016-06-08,1.0331519665537294
2016-06-09,-1.1124665376309995
2016-06-10,1.2319363405663828
2016-06-11,-2.1642878239081687
2016-06-12,0.6166020130984184
2016-06-13,0.7651614740026011
2016-06-14,-1.0823565948234963
2016-06-15,-1.8240450208546881
2016-06-16,-1.2603910190809158
2016-06-17,0.21274086892246086
2016-06-18,1.0804753767778692
2016-06-19,0.1772668927660212
2016-06-20,1.4563983860574286
2016-06-21,-1.5933974213467514
2016-06-22,0.19360674937923775
2016-06-23,-0.7626609782641589
2016-06-24,0.23632751026232052
2016-06-25,-0.5985913063056518
2016-06-26,1.3750062993213699
2016-06-27,0.6953240086567669
2016-06-28,-1.28008910933682
2016-06-29,1.0181515971325243
2016-06-30,0.2172148593766711
2016-07-01,0.9678245222967553
2016-07-02,0.7578540745943065
2016-07-03,0.48486484829863047
2016-07-04,-0.7199134356081871
2016-07-05,0.7782942837853309
2016-07-06,2.2086953446933952
2016-07-07,-0.28658603729234017
2016-07-08,0.4975682284600429
2016-07-09,0.5584672736075057
2016-07-10,0.43630109508445225
2016-07-11,1.5842496490112512
2016-07-12,0.1411178167630057
2016-07-13,-1.3878390709118247
2016-07-14,1.8811969004137272
2016-07-15,1.2306095370940864
2016-07-16,0.09560746005120851
2016-07-17,-0.3179909246771288
2016-07-18,0.6516277147187738
2016-07-19,-1.0182534713276166
2016-07-20,0.26333134594569474
2016-07-21,-0.6963462711830178
2016-07-22,-2.130409385862083
2016-07-23,-1.260056280949171
2016-07-24,-0.8634583518093107
2016-07-25,-0.504043466981803
2016-07-26,-0.16826398980916507
2016-07-27,-0.21269004024548904
2016-07-28,-1.2545389687718795
2016-07-29,-0.10211666108549151
2016-07-30,0.0799556236424979
2016-07-31,-1.1414638651705757
2016-08-01,0.719017671012291
2016-08-02,-1.7455867205656983
2016-08-03,1.9828528095105076
2016-08-04,0.9401882147052386
2016-08-05,-0.38899433002075545
2016-08-06,0.3651625156570335
2016-08-07,0.9868622031153576
2016-08-08,1.5822285420602833
2016-08-09,0.25988688097906426
2016-08-10,0.4054634754058614
2016-08-11,-0.667300111653076
2016-08-12,0.27229162045432825
2016-08-13,1.141914916083669
2016-08-14,-0.31915397627972997
2016-08-15,-0.5083427606488584
2016-08-16,-1.421364324089832
2016-08-17,-0.8477310198382867
2016-08-18,-0.1303925922371263
2016-08-19,-2.024791876463942
2016-08-20,1.6032871949131093
2016-08-21,0.29345573883107223
2016-08-22,0.39220340106070795
2016-08-23,-1.377251434620301
2016-08-24,0.23591689228382562
2016-08-25,0.28148663398338625
2016-08-26,0.1434649816637621
2016-08-27,-2.1000961386832446
2016-08-28,1.7283721481546168
2016-08-29,0.659754349371
2016-08-30,-0.39947098874174325
2016-08-31,-0.7659579109333439
2016-09-01,0.058713698308934296
2016-09-02,0.7430227813322332
2016-09-03,-0.4988758859519101
2016-09-04,-0.551850038379006
2016-09-05,-0.9405581735096958
2016-09-06,0.40117787062369403
2016-09-07,-1.2304929659785226
2016-09-08,0.3686043863592363
2016-09-09,-0.7391327354068609
2016-09-10,-0.33921131980828156
2016-09-11,-0.4969526521293159
2016-09-12,-0.2381681952776418
2016-09-13,0.4865951294854472
2016-09-14,0.4822520479293893
2016-09-15,0.4301810180639022
2016-09-16,-1.00442310621114
2016-09-17,0.30840354969713113
2016-09-18,-0.15737958872933488
2016-09-19,-1.068830236709591
2016-09-20,-1.5172215618036808
2016-09-21,-0.2581638567357314
2016-09-22,-0.24546999964456975
2016-09-23,-0.13013693823313346
2016-09-24,-0.3593405553765912
2016-09-25,0.740301030041089
2016-09-26,-1.8918356485698207
2016-09-27,-0.12225591996637397
2016-09-28,2.515234152996735
2016-09-29,1.456508279763522
2016-09-30,0.1568226977620495
2016-10-01,-1.4740322502809202
2016-10-02,-0.716168250747101
2016-10-03,0.8821169838886895
2016-10-04,-0.021020957471597077
2016-10-05,0.4106488173133264
2016-10-06,0.39735482536041
2016-10-07,-0.2573043688033664
2016-10-08,-0.21890814354346247
2016-10-09,-0.5149141544503777
2016-10-10,-0.5610784088656222
2016-10-11,1.293942807301592
2016-10-12,0.2874594346183012
2016-10-13,0.09679935423325278
2016-10-14,1.119982654876837
2016-10-15,0.3676168516581707
2016-10-16,-1.0910007892750193
2016-10-17,0.2082198313884153
2016-10-18,-0.11393568648867403
2016-10-19,-1.7246095569188682
2016-10-20,0.9062258858203113
2016-10-21,0.044848832028474436
2016-10-22,-0.6265571697295756
2016-10-23,-0.9910783365748611
2016-10-24,0.00699597657200538
2016-10-25,-1.5024673266797899
2016-10-26,0.16150974017434558
2016-10-27,0.6591464912526005
2016-10-28,0.9648848656552726
2016-10-29,0.08716819248678762
2016-10-30,-1.8689332752960874
2016-10-31,-1.0278955632998736
2016-11-01,1.4018635312231538
2016-11-02,0.1609081792122918
2016-11-03,-1.7516165870167737
2016-11-04,1.0755154353936893
2016-11-05,-0.41997877101188125
2016-11-06,0.17854039878013803
2016-11-07,0.05440809945969362
2016-11-08,-1.1221207836783735
2016-11-09,-1.866954838367342
2016-11-10,0.32439023591226035
2016-11-11,-0.34157552522962853
2016-11-12,-0.11238978978233745
2016-11-13,0.023574598613426347
2016-11-14,0.5689365134911363
2016-11-15,0.2717822173322791
2016-11-16,0.0036001546629768353
2016-11-17,0.6067719287714196
2016-11-18,1.1271424571947561
2016-11-19,0.32908301212712443
2016-11-20,1.2112862371704862
2016-11-21,-0.5484814259150969
2016-11-22,0.24732331124065357
2016-11-23,-1.3167278015322996
2016-11-24,-0.5420709578927632
2016-11-25,-2.03038973220737
2016-11-26,1.270412559275112
2016-11-27,-0.3148548166682651
2016-11-28,-0.893555722484169
2016-11-29,0.4591258792492461
2016-11-30,0.8254257542604507
2016-12-01,1.2817913777872045
2016-12-02,-1.3470678278977855
2016-12-03,-2.0079278354275143
2016-12-04,-0.45363128038556744
2016-12-05,-0.20033052906964385
2016-12-06,-0.6930367124137261
2016-12-07,1.273490414660885
2016-12-08,0.6921436831025446
2016-12-09,-0.2668813983958312
2016-12-10,0.40072302365181367
2016-12-11,-0.20459222838149008
2016-12-12,-1.3514863567059026
2016-12-13,-0.7179897684376474
2016-12-14,-0.8452104534721172
2016-12-15,0.17767162780602322
2016-12-16,-1.08185872409144
2016-12-17,-0.7112758513861931
2016-12-18,-0.25802164294998037
2016-12-19,-1.4600534695767866
2016-12-20,-0.14010028537221667
2016-12-21,1.0352436675002719
2016-12-22,0.21566045123250435
2016-12-23,0.766234212720959
2016-12-24,1.253003576031317
2016-12-25,0.4870467279061879
2016-12-26,1.5227586668168454
2016-12-27,0.9079700386752952
2016-12-28,-1.4800282137173664
2016-12-29,0.1892505019641509
2016-12-30,0.16456287571661693
2016-12-31,0.6726427080153424
2017-01-01,-0.39793899279699213
2017-01-02,-0.29017710786102957
2017-01-03,1.4525677913971224
2017-01-04,0.9202678355016305
2017-01-05,-1.511033329496796
2017-01-06,-0.789409636587242
2017-01-07,0.8037496358258746
2017-01-08,-2.324422696424169
2017-01-09,1.0976775290161844
2017-01-10,0.11710888332713149
2017-01-11,1.528800191497676
2017-01-12,0.40162329438615535
2017-01-13,-1.5930797646223906
2017-01-14,0.7955217438337596
2017-01-15,-1.3072296413933149
2017-01-16,-0.9569269577972773
2017-01-17,-1.3047073266031293
2017-01-18,0.7261852384466461
2017-01-19,-0.4730068311056565
2017-01-20,-0.7869833931355115
2017-01-21,-1.4107103610493414
2017-01-22,-1.4678833501563957
2017-01-23,-0.8332509879819491
2017-01-24,-0.37827661533159035
2017-01-25,-0.8337416922555584
2017-01-26,0.008259716028455497
2017-01-27,0.04132933631407118
2017-01-28,-0.45281094730880384
2017-01-29,0.44236742737077206
2017-01-30,-0.34342383464507265
2017-01-31,-0.0425126096124775
2017-02-01,-0.41053825467601684
2017-02-02,0.20800399336174966
2017-02-03,-0.6936007470432783
2017-02-04,-1.1793163374110507
2017-02-05,0.06563837067115814
2017-02-06,0.20394325877719027
2017-02-07,0.2784676968379232
2017-02-08,-0.4440545227409711
2017-02-09,-0.6320809569760628
2017-02-10,0.5517335628639257
2017-02-11,0.3953060449252454
2017-02-12,0.23745913784127573
2017-02-13,-0.4072353060353059
2017-02-14,-0.2918676747284061
2017-02-15,-1.2390751982279
2017-02-16,1.3877811316749178
2017-02-17,-0.837989796015902
2017-02-18,0.0794118322611841
2017-02-19,0.46467907900438044
2017-02-20,1.317173465380204
2017-02-21,0.19177838548887818
2017-02-22,1.6776675660521927
2017-02-23,-0.22207751074924095
2017-02-24,0.0445282744023299
2017-02-25,0.6561294316293751
2017-02-26,0.9600937108853516
2017-02-27,0.6198539327195479
2017-02-28,1.0347408029198264
2017-03-01,0.06457505149625832
2017-03-02,-0.2200971822331768
2017-03-03,0.4330711113988999
2017-03-04,-0.7523739289942992
2017-03-05,-0.041205555751651864
2017-03-06,0.5101915968889029
2017-03-07,-2.051879139125612
2017-03-08,0.7729171659891847
2017-03-09,-0.06384425415939958
2017-03-10,0.4657633389824787
2017-03-11,-1.6003016618894157
2017-03-12,1.0809110934087567
2017-03-13,-0.9807095818409847
2017-03-14,0.9171658782080526
2017-03-15,0.49392185757800844
2017-03-16,0.19866438065015235
2017-03-17,1.0590564160599691
2017-03-18,0.8871064231311779
2017-03-19,-0.6086741543183157
2017-03-20,0.629720045621854
2017-03-21,1.2305306996166
2017-03-22,-1.036573093425414
2017-03-23,0.001781527442900943
2017-03-24,-1.8875387364277931
2017-03-25,0.5455599402436975
2017-03-26,-2.3475174122462774
2017-03-27,-1.0055326063347918
2017-03-28,-1.6006920506306377
2017-03-29,0.8990434103393449
2017-03-30,0.19395691818288652
2017-03-31,0.009505583177201167
2017-04-01,-1.3451741303342957
2017-04-02,-0.2123489252816239
2017-04-03,-1.633421630867753
2017-04-04,-0.21097968979522796
2017-04-05,1.4601540483275273
2017-04-06,0.5000367580026176
2017-04-07,0.8213413975263829
2017-04-08,-1.3221439609362335
2017-04-09,-0.16421738695375476
2017-04-10,2.04793047859577
2017-04-11,0.3258758648060165
2017-04-12,1.0746441091774313
2017-04-13,0.9703620182594338
2017-04-14,-0.08989535158384611
2017-04-15,1.2045550068598303
2017-04-16,-0.9555444239480135
2017-04-17,-0.04842586165363703
2017-04-18,-0.004863921970512041
2017-04-19,-1.301164657712444
2017-04-20,0.32288663860428385
2017-04-21,1.4930271417452665
2017-04-22,1.3054982869697598
2017-04-23,0.41268434672613563
2017-04-24,0.8206063697022361
2017-04-25,-2.0488121125209107
2017-04-26,-1.101101071335515
2017-04-27,1.0095764929912892
2017-04-28,-0.7410877877316299
2017-04-29,-0.7117264821555427
2017-04-30,1.254784350799455
2017-05-01,1.511545633876985
2017-05-02,0.7989375391823874
2017-05-03,0.6876869157079952
2017-05-04,0.5828906236351028
2017-05-05,-0.205026211448562
2017-05-06,-2.3229190637053825
2017-05-07,-0.004427946799514453
2017-05-08,0.6205530282392808
2017-05-09,-0.7794301991641523
2017-05-10,0.6081030321269097
2017-05-11,-0.8086859086951086
2017-05-12,1.6127609199796404
2017-05-13,-2.035347490537978
2017-05-14,-0.28250066063186796
2017-05-15,-0.5012693462541689
2017-05-16,1.2907757469259151
2017-05-17,-0.9572192174631075
2017-05-18,0.9689276157470009
2017-05-19,-0.9589290045594797
2017-05-20,-0.14322000523831827
2017-05-21,-0.8335960268186156
2017-05-22,-2.217873000771551
2017-05-23,1.8474695757157673
2017-05-24,0.39463072913492064
2017-05-25,0.3139392823325166
2017-05-26,-0.8960347027986386
2017-05-27,0.05880365333111682
2017-05-28,0.7475148265458491
2017-05-29,-1.5066339843823366
2017-05-30,0.08501089270583762
2017-05-31,1.8750590461429943
2017-06-01,-0.7453952508755788
2017-06-02,-2.6743983562376488
2017-06-03,0.7762421306699403
2017-06-04,-0.09261294142788384
2017-06-05,0.43907667212419627
2017-06-06,1.270275579498951
2017-06-07,2.183890255000597
2017-06-08,0.13022488991790448
2017-06-09,-0.6425308872890864
2017-06-10,-0.5241889256871257
2017-06-11,0.9666018052465343
2017-06-12,1.6288746009599737
2017-06-13,0.5852905611170081
2017-06-14,-1.2642031513974952
2017-06-15,-0.1370417121126083
2017-06-16,1.9999901803081077
2017-06-17,-0.08536450896727081
2017-06-18,-1.0496646691433449
2017-06-19,-1.3248156339383035
2017-06-20,1.2933945426192532
2017-06-21,-1.1509544118969817
2017-06-22,0.3585009475913743
2017-06-23,1.4718596506488162
2017-06-24,1.0507333627818523
2017-06-25,0.7531244464242155
2017-06-26,0.5004926438212824
2017-06-27,-1.811548364259894
2017-06-28,2.182009346228575
2017-06-29,-1.8956647181505077
2017-06-30,-0.1634480625639114
2017-07-01,0.8085219646879396
2017-07-02,1.0933274130569555
2017-07-03,0.9776235284703952
2017-07-04,0.19628258418458364
2017-07-05,-1.0319197813447425
2017-07-06,-2.0737218772595982
2017-07-07,-0.1774011936914939
2017-07-08,0.8912192045181039
2017-07-09,-1.525343626541038
2017-07-10,-1.539273528279474
2017-07-11,1.4226703419928568
2017-07-12,0.33447269450397016
2017-07-13,0.8395624329378665
2017-07-14,-1.283100131476171
2017-07-15,-1.0423843656017033
2017-07-16,1.5841095269306484
2017-07-17,-0.2924007268517069
2017-07-18,-1.2284783838054134
2017-07-19,1.07989278849992
2017-07-20,-0.7630884679713744
2017-07-21,-0.42231635949804075
2017-07-22,0.7927573430287059
2017-07-23,-0.016779465182155544
2017-07-24,-1.6235988747532715
2017-07-25,0.8449298332908554
2017-07-26,-1.116007385297871
2017-07-27,0.8832732227915603
2017-07-28,0.5348989008767772
2017-07-29,1.0741158843673875
2017-07-30,-0.23638887008662712
2017-07-31,0.06922276907038759
2017-08-01,-1.8620128360570756
2017-08-02,0.9508414554799124
2017-08-03,1.3609983649903064
2017-08-04,1.5633509405905905
2017-08-05,0.0028770398220816463
2017-08-06,0.06878953189743997
2017-08-07,-0.4403234099279149
2017-08-08,-0.1644530524963712
2017-08-09,1.5675952094325674
2017-08-10,-1.163814207364415
2017-08-11,-0.8876602246144576
2017-08-12,0.9616910951798104
2017-08-13,-0.18889666140756942
2017-08-14,-0.8762386326725687
2017-08-15,0.6331661843273153
2017-08-16,-1.2462603575960074
2017-08-17,1.2477665306550523
2017-08-18,0.2612187374650901
2017-08-19,0.6055359149788655
2017-08-20,0.6466717381768133
2017-08-21,0.6898480630683564
2017-08-22,-0.4196237253036902
2017-08-23,-1.8544246813098753
2017-08-24,1.8055101695648772
2017-08-25,-0.5419944608892505
2017-08-26,-2.631692660121278
2017-08-27,1.0899225756134037
2017-08-28,-1.4569362456415358
2017-08-29,1.0587354456563163
2017-08-30,-0.8809104058577188
2017-08-31,0.5788149993394758
2017-09-01,-1.6574790252123224
2017-09-02,-0.9339013680151844
2017-09-03,-1.3784238379381963
2017-09-04,-1.7481260677215145
2017-09-05,1.0317109524150567
2017-09-06,0.2965595758641903
2017-09-07,0.5201560870628269
2017-09-08,0.9960327748760854
2017-09-09,-2.094937977837945
2017-09-10,1.8354629643600755
2017-09-11,1.6247392673742755
2017-09-12,0.05188953057451987
2017-09-13,2.374711510485045
2017-09-14,-0.34485551674828674
2017-09-15,0.568006600061472
2017-09-16,-1.7647243774459294
2017-09-17,-0.9605006923146472
2017-09-18,-1.935118343089553
2017-09-19,0.6896206599929561
2017-09-20,0.07909527719691692
2017-09-21,-0.9978341411108593
2017-09-22,-1.036017848869102
2017-09-23,-1.0567718936344108
2017-09-24,-0.27422754073694117
2017-09-25,0.7464667914170023
2017-09-26,-0.0015167081281615396
2017-09-27,0.18869080656785517
2017-09-28,-0.23653192354947356
2017-09-29,0.2621305278448232
2017-09-30,-0.18324112413816332
2017-10-01,0.26286891178052113
2017-10-02,1.899072776976616
2017-10-03,0.15156995276583454
2017-10-04,1.4971252126557746
2017-10-05,0.06702786073585683
2017-10-06,1.0314681887807475
2017-10-07,0.38088695429177427
2017-10-08,-1.0132138666039154
2017-10-09,-1.17013600101427
2017-10-10,0.6242402722289537
2017-10-11,1.3903841798743954
2017-10-12,1.5699813850346698
2017-10-13,-0.3751648610526077
2017-10-14,1.017412740778301
2017-10-15,-0.39704558649014626
2017-10-16,-0.05287969390472953
2017-10-17,1.554101173499328
2017-10-18,-1.9399477650033727
2017-10-19,0.5181109255987946
2017-10-20,0.37550537504204407
2017-10-21,-0.25945057052347703
2017-10-22,0.22475646081702552
2017-10-23,-0.9641928956779686
2017-10-24,0.8619934526707608
2017-10-25,0.9774593248725955
2017-10-26,0.1431446533671052
2017-10-27,0.7760651382570788
2017-10-28,1.6720788888933504
2017-10-29,1.4102184221213347
2017-10-30,-0.9667654567550684
2017-10-31,-0.3107280609449072
2017-11-01,0.9964643530060575
2017-11-02,-0.059642079900360224
2017-11-03,-0.8849226348981531
2017-11-04,0.5102226711993216
2017-11-05,-0.5087659397815042
2017-11-06,-1.1092355212936758
2017-11-07,-0.04953946481013022
2017-11-08,-1.105303262922011
2017-11-09,0.6154693119618024
2017-11-10,0.9554039099898693
2017-11-11,-0.016127137005143215
2017-11-12,-0.860978644340449
2017-11-13,-0.9329508328239081
2017-11-14,0.7248288613278671
2017-11-15,-1.5870002841498838
2017-11-16,0.8760194010786582
2017-11-17,-0.07577201000310592
2017-11-18,1.3535815070489468
2017-11-19,0.41907928872524064
2017-11-20,-1.1048004812244505
2017-11-21,-1.0823499411477242
2017-11-22,2.0519534888325857
2017-11-23,1.0829094222763016
2017-11-24,-1.0153613435536926
2017-11-25,-0.6674176224764315
2017-11-26,0.8789404638931898
2017-11-27,0.5143577964989936
2017-11-28,-0.4248888731698277
2017-11-29,-2.7206671844827324
2017-11-30,-0.1779917399644102
2017-12-01,-0.5853660929047007
2017-12-02,0.0688984673669403
2017-12-03,0.144471567344625
2017-12-04,0.36867046735325576
2017-12-05,0.7113711470655246
2017-12-06,0.9395685578174451
2017-12-07,1.2212508860094413
2017-12-08,-0.6560930188392888
2017-12-09,0.5003892061898298
2017-12-10,-0.21813610648692539
2017-12-11,-0.4408045557558297
2017-12-12,0.3008657165142149
2017-12-13,1.1963829775160952
2017-12-14,-0.3576541915068136
2017-12-15,-0.8599860043964886
2017-12-16,-0.11627246158520155
2017-12-17,-0.7613169216556892
2017-12-18,-0.33908705862691857
2017-12-19,-1.1807269067992647
2017-12-20,-0.49470296989720874
2017-12-21,-0.08164714930730849
2017-12-22,-0.10685109821792439
2017-12-23,1.6396807077064361
2017-12-24,0.9297183735241914
2017-12-25,0.8916659202094058
2017-12-26,0.9946059975550194
2017-12-27,-0.8357985228682757
2017-12-28,-0.25364311726481065
2017-12-29,0.5034315420639845
2017-12-30,-0.33425771772631185
2017-12-31,0.4475812608252578
2018-01-01,0.9720779682885868
2018-01-02,-0.9944669222131662
2018-01-03,0.8807349988295274
2018-01-04,-1.012758409790374
2018-01-05,-1.993284467785123
2018-01-06,-0.5442570936702793
2018-01-07,-0.9282246168376909
2018-01-08,0.22190575406150392
2018-01-09,1.1335255969379947
2018-01-10,-1.4642449929619028
2018-01-11,-0.8971692431274502
2018-01-12,0.13960980579603824
2018-01-13,-0.16709773685683876
2018-01-14,0.16461842301505797
2018-01-15,1.26839018818837
2018-01-16,-0.22047314937288165
2018-01-17,-0.3945910545390574
2018-01-18,-0.23994472828124688
2018-01-19,-0.9255565716836441
2018-01-20,-0.13695902641816773
2018-01-21,-1.102834577847568
2018-01-22,0.08586577021754949
2018-01-23,0.10111125146148747
2018-01-24,1.9167865982607468
2018-01-25,-0.30697604279193186
2018-01-26,-1.8191190945981652
2018-01-27,1.0037932635743
2018-01-28,1.2167118247042785
2018-01-29,0.921277791768664
2018-01-30,0.08457588390246552
2018-01-31,0.6303869284105255
2018-02-01,0.6718694433161305
2018-02-02,-1.2010657549182355
2018-02-03,-1.0874759169521102
2018-02-04,0.9335349556470594
2018-02-05,-1.516285221302616
2018-02-06,-1.1281970568761648
2018-02-07,-0.9531502656512142
2018-02-08,0.1694552225052514
2018-02-09,0.22709819215803947
2018-02-10,-0.7786958042770225
2018-02-11,2.326095540661546
2018-02-12,0.2437107068813317
2018-02-13,-0.6460136326443627
2018-02-14,0.29316882666765215
2018-02-15,0.9989916362838641
2018-02-16,-0.3613908382252295
2018-02-17,-2.1581664558907594
2018-02-18,0.38091943959823754
2018-02-19,-1.8225884431290211
2018-02-20,-0.6347933647850065
2018-02-21,-1.5432266639974441
2018-02-22,-0.6514197344695191
2018-02-23,-0.36494418986581867
2018-02-24,0.14194186940965564
2018-02-25,-0.5890594829395843
2018-02-26,0.419190606069959
2018-02-27,0.07116577949976534
2018-02-28,0.40174083076915523
2018-03-01,0.6100363988807891
2018-03-02,0.15361045875013635
2018-03-03,0.4054293255703896
2018-03-04,0.1977902741649029
2018-03-05,0.26185349197872576
2018-03-06,-1.009108557067097
2018-03-07,-1.0329344651937717
2018-03-08,-0.1250041335312684
2018-03-09,-0.5087339520601923
2018-03-10,0.51991607330244
2018-03-11,-0.5546881830098407
2018-03-12,-2.1222902891025073
2018-03-13,0.5293022861923715
2018-03-14,-1.5237469027003956
2018-03-15,2.3530007611352635
2018-03-16,1.5075158396805988
2018-03-17,1.3941902068546357
2018-03-18,0.5300366037759865
2018-03-19,-1.7246737675716473
2018-03-20,0.8704732249083768
2018-03-21,-0.45936276140092763
2018-03-22,0.6654650150026807
2018-03-23,-1.5444524507391968
2018-03-24,-1.3162761984225884
2018-03-25,-1.79219318654899
2018-03-26,0.18358326290966334
2018-03-27,-1.3885311117709913
2018-03-28,2.2873047727313844
2018-03-29,-1.2185922446600066
2018-03-30,0.37542083555892575
2018-03-31,0.7552911125078721
2018-04-01,-0.677684736406456
2018-04-02,-0.796328348766872
2018-04-03,0.6390000619963506
2018-04-04,0.04134922398264321
2018-04-05,1.0455532186932255
2018-04-06,-0.9100283417921666
2018-04-07,0.8535208299793953
2018-04-08,-2.1245548013481836
2018-04-09,0.26922064556196734
2018-04-10,2.1195931478496934
2018-04-11,1.1008482194363434
2018-04-12,0.9625484670033618
2018-04-13,-0.1884730447641275
2018-04-14,-1.5939385906289492
2018-04-15,-0.8113780496285017
2018-04-16,-0.2690016988973162
2018-04-17,-0.2610665016342546
2018-04-18,-0.5297533486335593
2018-04-19,0.05191569439144213
2018-04-20,0.3514750113212606
2018-04-21,-1.1924152463100017
2018-04-22,-0.4345267831263671
2018-04-23,1.2300337479324268
2018-04-24,0.8807332134157483
2018-04-25,-0.6142696793183737
2018-04-26,0.8897537350699701
2018-04-27,-0.8769814788409163
2018-04-28,-0.8182720668154395
2018-04-29,-1.0815004478851231
2018-04-30,2.152556420992339
2018-05-01,0.37583763093763617
2018-05-02,-0.1250435765256992
2018-05-03,-0.37096099485780754
2018-05-04,-2.1963969822922538
2018-05-05,-1.0346184876967668
2018-05-06,0.07679980585372055
2018-05-07,0.1598726293227269
2018-05-08,0.682750944668014
2018-05-09,0.4065350858268795
2018-05-10,0.07749654694100226
2018-05-11,-1.4476826796092572
2018-05-12,0.2604360357456558
2018-05-13,1.090668839232919
2018-05-14,0.09924158170426842
2018-05-15,-1.1798610696691003
2018-05-16,1.133062130328345
2018-05-17,0.4753864265164659
2018-05-18,-1.13175166113486
2018-05-19,-1.9710288346197935
2018-05-20,1.2139439901811389
2018-05-21,0.6266492008038179
2018-05-22,-0.46175481085258324
2018-05-23,-0.8367150454778732
2018-05-24,1.417279692737535
2018-05-25,0.43541645030559006
2018-05-26,-0.695603133355335
2018-05-27,0.385915898372755
2018-05-28,-0.1908780893236921
2018-05-29,0.6038528727524464
2018-05-30,0.3083225514106287
2018-05-31,0.14447405164780633
2018-06-01,0.0762979663873526
2018-06-02,-1.0321979107533148
2018-06-03,-0.4186837852335496
2018-06-04,0.3758004339838613
2018-06-05,-1.7152706254023213
2018-06-06,0.7968960649777164
2018-06-07,-1.0522271789981346
2018-06-08,-0.6108926222003008
2018-06-09,-1.696180974242197
2018-06-10,0.5863251340472433
2018-06-11,1.14232681710862
2018-06-12,0.5551346335832796
2018-06-13,0.5799921065873056
2018-06-14,0.9544986801933115
2018-06-15,-1.7868059241823362
2018-06-16,-0.4317030443581821
2018-06-17,1.1095678861920883
2018-06-18,0.5815813777174507
2018-06-19,0.4799253308593178
2018-06-20,1.139489112806053
2018-06-21,0.6241318963274912
2018-06-22,1.7543926503575797
2018-06-23,1.2954994067077876
2018-06-24,0.015016862533631149
2018-06-25,0.5289500360530368
2018-06-26,-1.7414063819979622
2018-06-27,-1.6151239538932731
2018-06-28,0.2566089763321878
2018-06-29,0.26178721098614127
2018-06-30,-0.8124088303361008
2018-07-01,-0.804151784069056
2018-07-02,-0.4402521425408908
2018-07-03,0.20761941984999396
2018-07-04,-0.8331563765798814
2018-07-05,0.7664804168270463
2018-07-06,1.4271133759214483
2018-07-07,1.0570500636715974
2018-07-08,-0.17080248654230884
2018-07-09,1.5148208357133315
2018-07-10,-1.1306182158401878
2018-07-11,-0.12851969464482335
2018-07-12,-0.9368471188873398
2018-07-13,0.8240313704194702
2018-07-14,-0.4917944870403026
2018-07-15,-0.9601909582014317
2018-07-16,-1.063777350750584
2018-07-17,-0.8587031837497938
2018-07-18,1.1661830778924707
2018-07-19,-0.7523054296417302
2018-07-20,-0.922066406180752
2018-07-21,-0.7172020006676556
2018-07-22,-0.30233912974785454
2018-07-23,-0.7945808255878047
2018-07-24,-1.7362863810916354
2018-07-25,-0.07523150994295211
2018-07-26,0.12216865299059679
2018-07-27,1.0849495606791881
2018-07-28,0.5441148083033368
2018-07-29,-0.7355182957019935
2018-07-30,-1.215184342878189
2018-07-31,-0.0227032728848053
2018-08-01,-1.801849587844362
2018-08-02,-1.549203316851579
2018-08-03,-0.7094729845799564
2018-08-04,0.3990995756588817
2018-08-05,0.9353853816314288
2018-08-06,-1.378519998539918
2018-08-07,-0.8382083131606598
2018-08-08,1.0184330502161736
2018-08-09,-0.9528952261769583
2018-08-10,2.7249820308072557
2018-08-11,-0.03873088415286786
2018-08-12,-0.2743285444776076
2018-08-13,-0.7442193184132941
2018-08-14,-0.23646769080571958
2018-08-15,0.1919272947612297
2018-08-16,0.8064569584954846
2018-08-17,-0.9298810735956825
2018-08-18,1.5352405040137571
2018-08-19,0.37541829572898
2018-08-20,0.126189647499021
2018-08-21,-2.5949528796645467
2018-08-22,1.3259758518093063
2018-08-23,-0.2944978091913345
2018-08-24,1.1338028758010454
2018-08-25,-0.7493077309227958
2018-08-26,0.30306637027742284
2018-08-27,1.6851215821946048
2018-08-28,-1.276914878552345
2018-08-29,-0.2145725682327954
2018-08-30,0.8939547535074867
2018-08-31,-0.054378800515707856
2018-09-01,-1.831269357053929
2018-09-02,-0.6361493304417098
2018-09-03,1.2713777501502386
2018-09-04,-0.713327343856404
2018-09-05,-0.9713520319342869
2018-09-06,0.5379744016778041
2018-09-07,-0.5908369366186211
2018-09-08,1.6452407531770494
2018-09-09,0.16526714655876487
2018-09-10,0.1131735453385029
2018-09-11,1.3337174613756833
2018-09-12,-0.2032610662009479
2018-09-13,-0.6009483914148287
2018-09-14,0.8209673855123605
2018-09-15,0.010470290798024001
2018-09-16,0.5251040796554369
2018-09-17,-0.0330428814264449
2018-09-18,0.936642022617922
2018-09-19,0.8900813484013596
2018-09-20,0.2550893378167938
2018-09-21,2.1807261961657183
2018-09-22,0.25668516623442755
2018-09-23,-0.3395675830202508
2018-09-24,1.8976643181274497
2018-09-25,-1.3690389574668353
2018-09-26,2.6632753135104092
2018-09-27,0.11708270740281426
2018-09-28,0.3998688594454568
2018-09-29,-0.392697321103391
2018-09-30,0.5205843297901634
2018-10-01,0.02344896653348955
2018-10-02,1.7005473651269363
2018-10-03,0.9648952338780391
2018-10-04,-0.956071687827766
2018-10-05,0.5093560965205899
2018-10-06,-2.2364793449815155
2018-10-07,0.7950645048616592
2018-10-08,0.7717636465485205
2018-10-09,0.3419775805366463
2018-10-10,-0.8882661277834881
2018-10-11,0.8610265465122028
2018-10-12,0.10246574629157035
2018-10-13,0.7479132579026425
2018-10-14,0.3740109280894702
2018-10-15,-1.4835855923213488
2018-10-16,-1.0514945495739179
2018-10-17,-0.09720555757907429
2018-10-18,-0.29175479968401935
2018-10-19,-2.009948653440772
2018-10-20,0.5202727801026757
2018-10-21,0.05542885904133846
2018-10-22,0.8066257915684918
2018-10-23,2.5020839062012192
2018-10-24,-0.11240535889017808
2018-10-25,1.0178740490051625
2018-10-26,-0.48893451739261745
2018-10-27,-0.08821253349839653
2018-10-28,-0.2760432249786846
2018-10-29,1.1984149101701824
2018-10-30,0.24278893430084092
2018-10-31,0.2641991406693782
2018-11-01,-0.2782490656175247
2018-11-02,0.21796163633707802
2018-11-03,-0.7700202443629469
2018-11-04,0.0464719083355157
2018-11-05,-0.5741928364714586
2018-11-06,-0.515738855685262
2018-11-07,0.27459822783973137
2018-11-08,-0.5041702800986854
2018-11-09,-0.3626930345055379
2018-11-10,1.0050797361872725
2018-11-11,0.28619797752382636
2018-11-12,-1.2207567376432493
2018-11-13,1.2043284467496858
2018-11-14,-0.4924894250240511
2018-11-15,-0.514936990232391
2018-11-16,-0.013337910700802548
2018-11-17,-0.1447033202918335
2018-11-18,-0.5739376805396407
2018-11-19,1.1505649038957413
2018-11-20,0.604045952180481
2018-11-21,0.3466891023330687
2018-11-22,-0.7191617357845348
2018-11-23,-1.2026099405220485
2018-11-24,-1.8570686883120742
2018-11-25,0.6505024615362213
2018-11-26,-0.3897544854734675
2018-11-27,-1.0026332887186895
2018-11-28,1.600209796312345
2018-11-29,0.8472492796131474
2018-11-30,0.08809113554682212
2018-12-01,-0.021887522943340516
2018-12-02,0.26891729342754506
2018-12-03,0.4786356440135317
2018-12-04,0.5712204598067282
2018-12-05,-0.7593224336364405
2018-12-06,0.43211145540259244
2018-12-07,0.7079071117947519
2018-12-08,1.4713765214835222
2018-12-09,0.18773501874823584
2018-12-10,1.3130028725855691
2018-12-11,-1.0067913087397304
2018-12-12,-1.0710351979597992
2018-12-13,-0.06809350194356112
2018-12-14,-0.8005631726521706
2018-12-15,-0.11144545578284569
2018-12-16,0.5391101164070934
2018-12-17,-1.4947622576711668
2018-12-18,-0.20529360035286157
2018-12-19,0.6276110953043154
2018-12-20,-0.5863267366916163
2018-12-21,-0.1588228231012475
2018-12-22,-1.8827185054263593
2018-12-23,0.5592228944813281
2018-12-24,-0.5254218241198467
2018-12-25,1.000567903052498
2018-12-26,-0.23773275038570038
2018-12-27,-0.07224653074615807
2018-12-28,-0.4172252582777933
2018-12-29,0.5750723826900165
2018-12-30,0.18989404065915905
2018-12-31,-0.7626544537822668
2019-01-01,2.479143568349658
2019-01-02,-0.6689210783325038
2019-01-03,-1.446291672464435
2019-01-04,1.431185635250592
2019-01-05,-0.20585916082477893
2019-01-06,-1.1733231474653103
2019-01-07,0.8114339857875387
2019-01-08,1.6357306290192104
2019-01-09,-0.16063561160405243
2019-01-10,-1.693555682271676
2019-01-11,1.3749788635814406
2019-01-12,0.4121181911411069
2019-01-13,1.1849321760556966
2019-01-14,0.9429305751474323
2019-01-15,0.3759172022796389
2019-01-16,0.8579271674460508
2019-01-17,-0.3309241793297152
2019-01-18,-1.3627196101287224
2019-01-19,-0.7984616940202298
2019-01-20,-1.2576399094574642
2019-01-21,0.3593890845065626
2019-01-22,0.038033205071269935
2019-01-23,-0.9613979810352152
2019-01-24,-1.4591673188585712
2019-01-25,-0.5664535728808874
2019-01-26,-0.05011656014139467
2019-01-27,0.30695770332136396
2019-01-28,-0.8872521914266635
2019-01-29,0.04607601386419747
2019-01-30,0.1523089675968593
2019-01-31,-0.3641211703547382
2019-02-01,0.24313157920539574
2019-02-02,-1.211771116094526
2019-02-03,-0.1956988624944456
2019-02-04,1.5230416310049755
2019-02-05,-0.10140077273996057
2019-02-06,-0.10369599169200898
2019-02-07,0.9766276349641617
2019-02-08,1.0259677786106858
2019-02-09,1.6436668518960909
2019-02-10,-0.871641824793894
2019-02-11,1.1260120035762513
2019-02-12,-0.572026571967567
2019-02-13,0.5596450175154889
2019-02-14,-0.6302277562923275
2019-02-15,-0.434145292516352
2019-02-16,0.5840910205546628
2019-02-17,-0.6643346586431812
2019-02-18,-0.05436396809956873
2019-02-19,0.8680037385404296
2019-02-20,-0.12454712791873765
2019-02-21,0.21779941842819592
2019-02-22,-0.8849388625683434
2019-02-23,-0.4657773588485571
2019-02-24,-1.1812470067991463
2019-02-25,-1.230281093051676
2019-02-26,-0.5110021821125014
2019-02-27,0.19995915907912465
2019-02-28,-0.18416210923086754
2019-03-01,-1.235121747884308
2019-03-02,0.016077560518644743
2019-03-03,1.5244575132975922
2019-03-04,1.6963555085622708
2019-03-05,0.21599346053592233
2019-03-06,0.10415371525221542
2019-03-07,1.0869140587472326
2019-03-08,0.9250472541750351
2019-03-09,1.240450815589111
2019-03-10,-0.479709460908196
2019-03-11,-1.4111063932279722
2019-03-12,1.8934866561663337
2019-03-13,1.615755899520109
2019-03-14,0.2162694049075342
2019-03-15,1.4621732072822298
2019-03-16,0.3309600139967729
2019-03-17,1.864295237224753
2019-03-18,1.0589048126540936
2019-03-19,-1.2258554969959763
2019-03-20,0.39552396679381524
2019-03-21,0.39266424288881346
2019-03-22,-1.5770347710469235
2019-03-23,0.35237001394357265
2019-03-24,-0.30650979539486994
2019-03-25,1.1122035196121003
2019-03-26,0.6008491577317764
2019-03-27,-0.12496781908198379
2019-03-28,-0.7063301895110354
2019-03-29,0.28768555415064373
2019-03-30,-0.4295345736203585
2019-03-31,0.30289277320579233
2019-04-01,-1.107498680123703
2019-04-02,1.356623766228063
2019-04-03,-0.8979090342062405
2019-04-04,-1.7811195166126552
2019-04-05,-0.4898151011048663
2019-04-06,-0.13667684804019706
2019-04-07,-0.5740727095027768
2019-04-08,0.7217791182648021
2019-04-09,-0.5016755562442046
2019-04-10,-0.026780353863928893
2019-04-11,-0.9369401329904183
2019-04-12,-0.7905043749858777
2019-04-13,0.7966099599405055
2019-04-14,0.35458799701184207
2019-04-15,0.4267140856451682
2019-04-16,0.6302427843168243
2019-04-17,0.5600403495145628
2019-04-18,0.30177607982699556
2019-04-19,0.08963780256498054
2019-04-20,-1.3153707238507322
2019-04-21,-1.1293098961053332
2019-04-22,1.9571872491734712
2019-04-23,1.671821988963851
2019-04-24,0.38518912656028964
2019-04-25,-0.5158015715894975
2019-04-26,-0.6964259257593817
2019-04-27,-0.7499406388874539
2019-04-28,-0.9113543830654928
2019-04-29,0.003342749159599729
2019-04-30,-0.3991992956107946
2019-05-01,1.226152381831527
2019-05-02,1.4602815297728025
2019-05-03,0.774308509504583
2019-05-04,-0.14040567649316615
2019-05-05,0.06101111750202147
2019-05-06,1.2372579160243282
2019-05-07,-0.5686012010331863
2019-05-08,-0.7806814434651007
2019-05-09,0.2745564760933008
2019-05-10,-0.24314419231012224
2019-05-11,-0.15669378570109185
2019-05-12,1.3449342457439903
2019-05-13,-0.02403847075907306
2019-05-14,-1.3941968525451958
2019-05-15,-1.7399294930338975
2019-05-16,1.5331705264641207
2019-05-17,0.07884185484278693
2019-05-18,0.01385372773488523
2019-05-19,0.20515610002426662
2019-05-20,-0.6495578855516215
2019-05-21,0.8601884772454845
2019-05-22,0.6393126678060913
2019-05-23,-0.45218718480094117
2019-05-24,0.7546129127800774
2019-05-25,0.14373633114226433
2019-05-26,1.1174744040666293
2019-05-27,1.069298134473982
2019-05-28,-0.8352145137669958
2019-05-29,-0.7663281293292322
2019-05-30,2.4058268110062526
2019-05-31,-1.0019673034773693
2019-06-01,0.6130071739283725
2019-06-02,-1.0626745570553449
2019-06-03,0.16906060117674498
2019-06-04,-0.9712287596499143
2019-06-05,0.7632456806596409
2019-06-06,0.49073785954293275
2019-06-07,-1.6223486548229453
2019-06-08,3.4200477694070517
2019-06-09,-0.5142118976178836
2019-06-10,0.4857103737601815
2019-06-11,-0.5382992059497714
2019-06-12,-0.6180769999477982
2019-06-13,0.6641607760552167
2019-06-14,-1.1682770489081304
2019-06-15,0.46213160229115985
2019-06-16,-0.5503484455076918
2019-06-17,-0.3468031846342971
2019-06-18,-0.16908847854764733
2019-06-19,-0.7345011271629038
2019-06-20,0.1418891048546961
2019-06-21,-0.03405386368034115
2019-06-22,-1.895413766738349
2019-06-23,1.1305832297029161
2019-06-24,0.8030436726559527
2019-06-25,-0.33670596254662344
2019-06-26,0.9416296282729896
2019-06-27,0.9614478674719659
2019-06-28,-0.982486039471519
2019-06-29,-1.7920540600581027
2019-06-30,2.176392063451676
2019-07-01,1.1540258558659304
2019-07-02,1.0770066856788367
2019-07-03,0.15827607337435293
2019-07-04,1.5678756658288535
2019-07-05,0.02534291452480475
2019-07-06,1.188252804080031
2019-07-07,0.8945609300207066
2019-07-08,-0.21023052124928165
2019-07-09,0.582973179764113
2019-07-10,-0.6731111877850386
2019-07-11,-0.6146620713523488
2019-07-12,-1.2044714005753172
2019-07-13,0.8606263899043529
2019-07-14,0.061565206034828616
2019-07-15,1.1130635107199773
2019-07-16,0.21870992911735745
2019-07-17,-1.853190363988764
2019-07-18,-0.7554768491242001
2019-07-19,-1.104054781418554
2019-07-20,1.466914218829809
2019-07-21,0.3645111547068117
2019-07-22,0.23022589352223272
2019-07-23,-1.316828658293315
2019-07-24,0.5771560472239887
2019-07-25,0.676864514875058
2019-07-26,1.1539593574515903
2019-07-27,1.1744579667189852
2019-07-28,0.06669293564179277
2019-07-29,-1.0401398692058128
2019-07-30,-0.9250574072286741
2019-07-31,-0.32087302294391484
2019-08-01,-1.293591211005221
2019-08-02,-0.8570832978510976
2019-08-03,-0.53259038036984
2019-08-04,0.06715891234033804
2019-08-05,-1.558415486396563
2019-08-06,1.3187073571319157
2019-08-07,0.22760421586146448
2019-08-08,1.1759608021670083
2019-08-09,-0.7627692088824402
2019-08-10,2.3241573902663806
2019-08-11,1.3493262725829243
2019-08-12,-0.0064865771243648625
2019-08-13,-0.5791202477430113
2019-08-14,-0.09370853904736756
2019-08-15,0.7870603474041729
2019-08-16,-0.19018190316328173
2019-08-17,1.4161508181637286
2019-08-18,-0.7964468902835399
2019-08-19,1.26323360469638
2019-08-20,-0.4385929454065825
2019-08-21,-0.6205509894020876
2019-08-22,0.6419010162794185
2019-08-23,-0.5154340865837579
2019-08-24,-0.4985448484411924
2019-08-25,0.03248473453662733
2019-08-26,-0.8353162943281995
2019-08-27,0.4745171854451499
2019-08-28,-0.5970084511440225
2019-08-29,-0.14692392774205099
2019-08-30,-0.47353146438179883
2019-08-31,-0.12925875829627045
2019-09-01,0.018245751112439493
2019-09-02,0.22303789436699015
2019-09-03,1.1170385068667683
2019-09-04,0.7468102994050769
2019-09-05,0.7418347703717901
2019-09-06,0.8499193483679626
2019-09-07,-1.425067240083855
2019-09-08,-1.5392511565818714
2019-09-09,-0.9535989636976882
2019-09-10,1.579526288112319
2019-09-11,1.1299758024298818
2019-09-12,0.07939537686630344
2019-09-13,0.7338169027837751
2019-09-14,-0.5921059303367047
2019-09-15,2.127808529513902
2019-09-16,-0.2099695364318748
2019-09-17,1.9344657108577363
2019-09-18,0.45929087246663614
2019-09-19,-0.49354844846525536
2019-09-20,-0.4037150450610429
2019-09-21,-1.6718354724421902
2019-09-22,1.137197083347624
2019-09-23,-0.71037363285441
2019-09-24,-0.8133972084527039
2019-09-25,-0.6088941333787489
2019-09-26,0.6985760304789863
2019-09-27,0.2797538621419845
2019-09-28,1.5540599005060143
2019-09-29,0.09988095742594269
2019-09-30,0.938179672055682
2019-10-01,-1.8469966972072336
2019-10-02,1.2622296487311488
2019-10-03,-1.875563339294013
2019-10-04,0.5803727480152954
2019-10-05,0.003623863644380663
2019-10-06,0.023008809881648055
2019-10-07,-0.6211594129453327
2019-10-08,1.1270929674251715
2019-10-09,0.30492397014029815
2019-10-10,0.5103151989805915
2019-10-11,2.1129735681449047
2019-10-12,-0.2295227256626022
2019-10-13,-0.24415166788175688
2019-10-14,0.35930677278984335
2019-10-15,-0.22762706716080086
2019-10-16,-1.1048223333347489
2019-10-17,0.2901558032145079
2019-10-18,0.8799373164836888
2019-10-19,0.6452344838179349
2019-10-20,-1.455478754766171
2019-10-21,-0.3045038549987102
2019-10-22,0.4840623381714711
2019-10-23,-0.8345732766805682
2019-10-24,0.5824181137187976
2019-10-25,1.2133082435880427
2019-10-26,2.1149113994782356
2019-10-27,0.15981689650314887
2019-10-28,-0.429605009176099
2019-10-29,-1.454521359898265
2019-10-30,-1.624399792934995
2019-10-31,-0.4340555427787518
2019-11-01,0.6809069754759782
2019-11-02,0.1854522072789473
2019-11-03,-0.45887845832290663
2019-11-04,-0.7460351083129743
2019-11-05,0.2926151239356026
2019-11-06,-2.306955426335598
2019-11-07,0.1332259940735877
2019-11-08,-0.16538896842143533
2019-11-09,-1.4995921673864279
2019-11-10,0.3134650694657784
2019-11-11,0.8056928157818604
2019-11-12,0.8045828185639077
2019-11-13,0.04128063680267842
2019-11-14,-0.6766399055341837
2019-11-15,0.7193027057355765
2019-11-16,-1.1922030525131302
2019-11-17,0.290644200530683
2019-11-18,-0.9655038725270844
2019-11-19,0.17331249217925693
2019-11-20,-2.731206637195249
2019-11-21,0.4355559482272969
2019-11-22,-0.2624880220758446
2019-11-23,0.8747857726041512
2019-11-24,0.05277747247013859
2019-11-25,-1.5155266340383522
2019-11-26,-0.10229115402309168
2019-11-27,0.12972330586697484
2019-11-28,0.013203118129089213
2019-11-29,-0.12583432021403665
2019-11-30,-1.0982218498696328
2019-12-01,-1.68751984806659
2019-12-02,0.8234366592072392
2019-12-03,-0.5352035980689009
2019-12-04,0.2771013760682906
2019-12-05,0.7139387043726959
2019-12-06,1.6021011497656668
2019-12-07,-0.38752527055992414
2019-12-08,1.9074308794755552
2019-12-09,0.06488397322479929
2019-12-10,0.06514902555728469
2019-12-11,0.279387612068013
2019-12-12,-0.4831346248052002
2019-12-13,0.5573746044928036
2019-12-14,0.5297609147883793
2019-12-15,1.4396951308212125
2019-12-16,-0.30097318109633875
2019-12-17,-0.47262789568846963
2019-12-18,0.25199942754702026
2019-12-19,0.292556151484165
2019-12-20,0.41708768442924105
2019-12-21,-0.3064553678786798
2019-12-22,-0.38940269835987734
2019-12-23,-0.01864296831274909
2019-12-24,-0.42553949221275117
2019-12-25,-1.1710328660761702
2019-12-26,-0.6379158394239622
2019-12-27,-0.7561851298921254
2019-12-28,-0.5985845105020062
2019-12-29,0.8231524991371464
2019-12-30,0.81963726429814
2019-12-31,-0.14236679215181178
2020-01-01,-0.7777337527675642
2020-01-02,0.5041186468337059
2020-01-03,0.6464268658379222
2020-01-04,0.8839244576205654
2020-01-05,-0.9449274779516355
2020-01-06,0.561244078031658
2020-01-07,0.1643639989412481
2020-01-08,0.621926449653566
2020-01-09,-0.44090622825170767
2020-01-10,-0.27324458556202696
2020-01-11,1.0715313336774184
2020-01-12,0.8166125358191855
2020-01-13,-0.46699234403592726
2020-01-14,1.634460454636991
2020-01-15,1.1051563600943368
2020-01-16,-0.34540459480135194
2020-01-17,0.24391719742978446
2020-01-18,0.41120423576100285
2020-01-19,-0.406881122728493
2020-01-20,-0.298458150743721
2020-01-21,0.40125483632341885
2020-01-22,-0.4028425526617376
2020-01-23,-0.4659966100357506
2020-01-24,0.2532712881337963
2020-01-25,-0.28076455480804063
2020-01-26,-0.03335739404189872
2020-01-27,0.32050259105549966
2020-01-28,-0.20128733389883338
2020-01-29,0.45684150736776674
2020-01-30,1.3650274289247484
2020-01-31,0.6265532310738244
2020-02-01,1.0976830870640395
2020-02-02,-0.855591600941119
2020-02-03,0.18219033544221536
2020-02-04,0.29544042193850995
2020-02-05,-0.7348410817093566
2020-02-06,0.28787721939741706
2020-02-07,-1.5878457107341424
2020-02-08,1.075045179502399
2020-02-09,2.5693366577563443
2020-02-10,0.9669710868947171
2020-02-11,1.1676540397449875
2020-02-12,1.206458498933804
2020-02-13,-0.7544536578046167
2020-02-14,-1.6856652017713514
2020-02-15,2.2224773731594576
2020-02-16,1.7014738762170674
2020-02-17,1.2456981321930285
2020-02-18,0.5209908975792912
2020-02-19,0.21556194139777574
2020-02-20,0.9105140307276147
2020-02-21,0.9893411135005354
2020-02-22,2.08452473425981
2020-02-23,0.251708976198863
2020-02-24,-0.35252533994205393
2020-02-25,2.128761371277677
2020-02-26,-2.2661762095080387
2020-02-27,-0.2840999664994809
2020-02-28,0.9275896267766814
2020-02-29,1.0135683540720473
2020-03-01,1.3327569445196084
2020-03-02,-1.3499608636264422
2020-03-03,-0.7520694446067308
2020-03-04,-0.5023143459694359
2020-03-05,-0.581857617029978
2020-03-06,1.0630698309838653
2020-03-07,-1.1047210508643404
2020-03-08,1.9176813854086796
2020-03-09,-1.148735340333753
2020-03-10,1.678084197578438
2020-03-11,0.4998186423598074
2020-03-12,1.913873213502436
2020-03-13,0.1608071634449466
2020-03-14,-1.368804771059609
2020-03-15,1.8587986303213155
2020-03-16,-0.8765511439273567
2020-03-17,0.6629769976274617
2020-03-18,0.5161104528386897
2020-03-19,-1.8344690092120897
2020-03-20,0.017707674190634595
2020-03-21,0.29675119490103075
2020-03-22,-0.20969437120594106
2020-03-23,0.19806204794446178
2020-03-24,0.2292305370251539
2020-03-25,-0.30715787513850007
2020-03-26,-0.41658905261309054
2020-03-27,-0.19161919000012492
2020-03-28,0.366220384563326
2020-03-29,1.1119228239565129
2020-03-30,-0.5777238925207105
2020-03-31,-0.7301682585420909
2020-04-01,1.2582789640473535
2020-04-02,1.3219511458444118
2020-04-03,0.17892764085578752
2020-04-04,-0.7808725943975398
2020-04-05,0.592566006129408
2020-04-06,0.267225173703849
2020-04-07,-1.3119677466935629
2020-04-08,0.12949861042146216
2020-04-09,0.02201376592681251
2020-04-10,-0.5915291185158358
2020-04-11,-1.3295495152257866
2020-04-12,0.6169094081399211
2020-04-13,1.911177238073196
2020-04-14,-0.5335942065006539
2020-04-15,1.0699362970290696
2020-04-16,-0.4967412092673019
2020-04-17,-1.697395035391148
2020-04-18,0.519167651858029
2020-04-19,-0.03671175540575515
2020-04-20,0.014391033822368006
2020-04-21,1.5154255663485705
2020-04-22,-0.015049624372218495
2020-04-23,-1.3756531911101122
2020-04-24,1.3148228675839706
2020-04-25,-0.722274419752256
2020-04-26,-1.12480992278008
2020-04-27,-0.11422706864084263
2020-04-28,-0.9724506766049227
2020-04-29,-0.15058663575620762
2020-04-30,0.3466735225134132
2020-05-01,-0.28821917814043624
2020-05-02,-0.43333680611727915
2020-05-03,-0.241265457342986
2020-05-04,0.5267964832597992
2020-05-05,-0.07300644808040511
2020-05-06,0.30753259410742767
2020-05-07,-0.09720562748683045
2020-05-08,-0.8084159716291941
2020-05-09,-1.8135640395050687
2020-05-10,0.9134711469796628
2020-05-11,1.2215872353021768
2020-05-12,-0.021642592965667957
2020-05-13,-0.8475705564821828
2020-05-14,0.3373427026365977
2020-05-15,1.273759114582187
2020-05-16,0.7166987657675794
2020-05-17,0.7987025300284025
2020-05-18,0.08003523251975551
2020-05-19,-0.23943724454473234
2020-05-20,-2.5120752965688276
2020-05-21,-1.383453827780644
2020-05-22,2.262343335194096
2020-05-23,0.47537049921801905
2020-05-24,1.4558757899176606
2020-05-25,0.1535922927396052
2020-05-26,-2.6016080090816365
2020-05-27,0.8833045439826481
2020-05-28,0.3650390273636129
2020-05-29,-1.280633400536869
2020-05-30,-0.6016250954883028
2020-05-31,0.36599046079785913
2020-06-01,-0.09716789091021039
2020-06-02,-1.6947062479569535
2020-06-03,0.12027338881925866
2020-06-04,-0.26481651349853097
2020-06-05,0.6848144857736802
2020-06-06,1.11524422736697
2020-06-07,-0.4216156637352814
2020-06-08,-0.9691169116711191
2020-06-09,-1.1890877835825373
2020-06-10,-0.2060240624975738
2020-06-11,1.4589857423252133
2020-06-12,0.264492727304352
2020-06-13,1.0338823474740009
2020-06-14,0.864481675596749
2020-06-15,-0.929532362803976
2020-06-16,-2.0669095270969864
2020-06-17,-0.14440556184368775
2020-06-18,0.4413371235199646
2020-06-19,-0.8884397220190432
2020-06-20,0.6762052520262886
2020-06-21,-1.835844379626917
2020-06-22,0.7301124019743529
2020-06-23,-1.7169927455119625
2020-06-24,-0.5331551026289558
2020-06-25,1.279061792272163
2020-06-26,-0.27454761321603033
2020-06-27,-0.6280703948020248
2020-06-28,1.1340813478206295
2020-06-29,1.1091260655084565
2020-06-30,1.6916454928323514
2020-07-01,-0.6586658373984253
2020-07-02,-0.7516365120685676
2020-07-03,0.44445868475085193
2020-07-04,2.4378324074704985
2020-07-05,1.5115280097170742
2020-07-06,1.061813251032524
2020-07-07,0.21440805811580269
2020-07-08,-0.4855058855108908
2020-07-09,-2.2621124893279063
2020-07-10,1.3877053595064506
2020-07-11,0.571510229395713
2020-07-12,-0.012203635685382843
2020-07-13,-0.7143270730558526
2020-07-14,0.3228370856021676
2020-07-15,-1.0176007697225322
2020-07-16,-1.2373027054353036
2020-07-17,-1.0813252275773801
2020-07-18,-0.13799379811589402
2020-07-19,-0.10179842435511426
2020-07-20,0.3204344723346384
2020-07-21,-0.17308089616724975
2020-07-22,-0.7726432722197156
2020-07-23,0.09090394596636604
2020-07-24,0.9707407397204497
2020-07-25,-0.8454099766623098
2020-07-26,1.3956527695318215
2020-07-27,-0.247812491265024
2020-07-28,1.7026664457155716
2020-07-29,1.112168732605747
2020-07-30,-0.22602513448477576
2020-07-31,-2.2483124645625994
2020-08-01,1.685145639318412
2020-08-02,-0.7262394544038115
2020-08-03,-0.4422262101543353
2020-08-04,-0.7929452800758533
2020-08-05,1.47891366595189
2020-08-06,-1.118589597783908
2020-08-07,-0.7221536211810753
2020-08-08,-0.9201427445193169
2020-08-09,-0.6067249420328784
2020-08-10,0.9438219363963228
2020-08-11,0.19157919970837867
2020-08-12,0.673781895860471
2020-08-13,0.0076497927741202044
2020-08-14,-0.7824074721006061
2020-08-15,-1.1534232799978097
2020-08-16,0.30362595271502496
2020-08-17,-0.8596981326819335
2020-08-18,-0.329170552475595
2020-08-19,-1.3597844925286526
2020-08-20,0.8554004976532039
2020-08-21,1.1921868724706877
2020-08-22,1.152680588366267
2020-08-23,0.04551703460068854
2020-08-24,-1.9382688851495875
2020-08-25,0.8422059643658999
2020-08-26,1.279832496320496
2020-08-27,-0.12238421543336887
2020-08-28,-0.40428103584905156
2020-08-29,-0.9547370232070321
2020-08-30,-0.655523066549314
2020-08-31,-1.2847407525360146
2020-09-01,0.04243549442866669
2020-09-02,-1.1486193198552364
2020-09-03,1.2831504094272665
2020-09-04,0.6266653414534481
2020-09-05,0.4870200810631149
2020-09-06,-1.0118195380609547
2020-09-07,0.3259209726310294
2020-09-08,1.4505743280980457
2020-09-09,0.7200554573713438
2020-09-10,-0.6700033534494244
2020-09-11,0.3255047155625081
2020-09-12,1.195699914838726
2020-09-13,0.9932313255602094
2020-09-14,-1.6498400032776745
2020-09-15,-1.381567556589926
2020-09-16,1.0711464278660427
2020-09-17,-1.0693030265582613
2020-09-18,-1.5025577524515163
2020-09-19,-0.12920883239189163
2020-09-20,-0.7079628177332843
2020-09-21,-1.8437902043829137
2020-09-22,-0.9367876727746397
2020-09-23,1.092998246113585
2020-09-24,1.4006663446367902
2020-09-25,-1.290030052630929
2020-09-26,-0.2829715269120749
2020-09-27,0.47750172172019634
2020-09-28,-0.6689067297232596
2020-09-29,0.05359252533208913
2020-09-30,-0.4814480169466526
2020-10-01,1.358545404044222
2020-10-02,-0.08235392069888664
2020-10-03,1.9644215480389207
2020-10-04,-0.553793898600693
2020-10-05,0.5100427951895451
2020-10-06,0.17591978711316228
2020-10-07,-0.2473356359327823
2020-10-08,0.62777507637978
2020-10-09,-0.07363589030098526
2020-10-10,-0.21988632355723733
2020-10-11,-0.4667341775349026
2020-10-12,-1.4605457140398612
2020-10-13,-0.2856774586782362
2020-10-14,1.4213221102610452
2020-10-15,-0.4645194845515372
2020-10-16,-1.3834846855109038
2020-10-17,-0.4826970494360622
2020-10-18,1.0307787794987258
2020-10-19,-1.1972791673491283
2020-10-20,1.1648144166434518
2020-10-21,0.5590613497565144
2020-10-22,1.7221830161483933
2020-10-23,-0.40967139344903514
2020-10-24,0.5938843671178091
2020-10-25,0.8798515299616388
2020-10-26,-0.2914427573025178
2020-10-27,1.1640376377642956
2020-10-28,0.7129036462379181
2020-10-29,-0.262259384188686
2020-10-30,0.13473023575439722
2020-10-31,-0.5679714896250133
2020-11-01,1.343631327931482
2020-11-02,1.9107649612646103
2020-11-03,0.1916913372143626
2020-11-04,0.2234034076428871
2020-11-05,0.33203865173791314
2020-11-06,-1.3365597030173668
2020-11-07,-1.2350628811749658
2020-11-08,-0.3601082724060519
2020-11-09,-0.2971701504149213
2020-11-10,-0.7371235929093227
2020-11-11,-1.1646998230148908
2020-11-12,0.695852999065018
2020-11-13,-0.1991250527814835
2020-11-14,-0.573550809624284
2020-11-15,1.504192355651691
2020-11-16,0.46861773728917017
2020-11-17,0.6284694979789093
2020-11-18,0.8045745099924794
2020-11-19,1.1737167316101045
2020-11-20,-1.2443161523511244
2020-11-21,1.9758158323085298
2020-11-22,-0.008974025154627393
2020-11-23,0.21750107653851522
2020-11-24,0.5913664974748793
2020-11-25,-0.5262325520050737
2020-11-26,-0.5827441665885801
2020-11-27,-2.2413479571862878
2020-11-28,0.23553729648407845
2020-11-29,-1.9542674363634278
2020-11-30,0.606374057782389
2020-12-01,-1.0896015575834055
2020-12-02,-0.9066766125162062
2020-12-03,1.1157742829090909
2020-12-04,0.18054513928293178
2020-12-05,-0.6146894627648251
2020-12-06,-0.6287563538655001
2020-12-07,0.2865885555767282
2020-12-08,-1.156424025942777
2020-12-09,-0.6499486948492894
2020-12-10,-1.0422597672896619
2020-12-11,0.6223455268651759
2020-12-12,-0.2641374297895309
2020-12-13,-0.6648690334570763
2020-12-14,0.8749649040234562
2020-12-15,-0.6575570828982971
2020-12-16,-0.12820023449521467
2020-12-17,0.3959013213926815
2020-12-18,0.34781794755927337
2020-12-19,0.19992457731569427
2020-12-20,-0.16097045230408963
2020-12-21,0.254772309409385
2020-12-22,0.05861506350306937
2020-12-23,-1.8782219594415592
2020-12-24,-0.05814438040526889
2020-12-25,-1.1353898271409648
2020-12-26,1.2070997673327744
2020-12-27,2.0852079347777273
2020-12-28,-2.0433294897953314
2020-12-29,-1.2948295060227932
2020-12-30,0.6185447680429267
2020-12-31,-0.21782922430388613
2021-01-01,-2.497083657051438
2021-01-02,0.029321174631768237
2021-01-03,0.6051514342477521
2021-01-04,0.19019400199390163
2021-01-05,-0.08820635199443012
2021-01-06,-0.4062250882425572
2021-01-07,-0.8378015592614284
2021-01-08,-0.5299670089643501
2021-01-09,-1.653963442700188
2021-01-10,0.7538996552219208
2021-01-11,1.1189422053005593
2021-01-12,-0.24894612680126066
2021-01-13,1.081591372089807
2021-01-14,-1.2362668111776767
2021-01-15,-1.1666527042334622
2021-01-16,-1.0041675700153814
2021-01-17,-0.07662318839409461
2021-01-18,-0.22882326867422964
2021-01-19,0.2111568333676859
2021-01-20,1.635625602164043
2021-01-21,1.3580612445987275
2021-01-22,0.03181855323659068
2021-01-23,-0.6510297524951842
2021-01-24,-2.535390004704857
2021-01-25,-0.5573068006338134
2021-01-26,-0.5671571092779011
2021-01-27,-0.003931070282571198
2021-01-28,-1.2687745748347177
2021-01-29,0.7434496818929803
2021-01-30,-1.775441042597147
2021-01-31,-0.20502515591065876
2021-02-01,-0.5922054850776333
2021-02-02,-1.7761178375321673
2021-02-03,1.7865931838534115
2021-02-04,-0.27219869050968504
2021-02-05,0.582882235820129
2021-02-06,0.7630110233528258
2021-02-07,0.9962934473217588
2021-02-08,0.6529936465523707
2021-02-09,-0.25597427266066436
2021-02-10,-0.5823721851254353
2021-02-11,-0.6687242155793377
2021-02-12,-0.7092293804385797
2021-02-13,-2.557600379048844
2021-02-14,0.9303888945099423
2021-02-15,0.5871667048913409
2021-02-16,-0.9252207453849591
2021-02-17,0.3679203698248659
2021-02-18,0.4079639645763048
2021-02-19,0.163986702770541
2021-02-20,0.28917755912149085
2021-02-21,-0.5181107064887607
2021-02-22,0.1480548533844674
2021-02-23,0.03424351817289256
2021-02-24,1.1328962053708178
2021-02-25,-0.06765012188865105
2021-02-26,-0.008524470495491368
2021-02-27,-0.7067714436276717
2021-02-28,-0.4768943984028118
2021-03-01,-1.7664255129243494
2021-03-02,-1.500584253546697
2021-03-03,-0.27220844055627214
2021-03-04,0.16598800891186802
2021-03-05,-1.0737825771710934
2021-03-06,0.839021879422913
2021-03-07,0.23842943821027585
2021-03-08,-2.1360297317302237
2021-03-09,-0.30039579070999456
2021-03-10,0.9100783204053128
2021-03-11,2.2858811702644712
2021-03-12,0.19620913252517985
2021-03-13,0.40491376588483097
2021-03-14,0.07327769890471521
2021-03-15,0.9027676057051122
2021-03-16,-0.4069906222514703
2021-03-17,-1.450813796742682
2021-03-18,-1.0391662907016939
2021-03-19,-0.26672641848356954
2021-03-20,0.5073910798069106
2021-03-21,1.4674263049703777
2021-03-22,-0.8075881778099606
2021-03-23,-0.08642744404056876
2021-03-24,0.21902908138295535
2021-03-25,-0.8029013943798793
2021-03-26,0.8436467700460645
2021-03-27,0.3274559069269615
2021-03-28,1.3945018764353543
2021-03-29,0.8638330644388034
2021-03-30,-0.7460314376133166
2021-03-31,-1.73135833805163
2021-04-01,0.6013477859166793
2021-04-02,0.9571361380557425
2021-04-03,-1.749081850190496
2021-04-04,1.552814739933787
2021-04-05,1.7706817280302047
2021-04-06,0.48000651582614495
2021-04-07,0.5091626616958292
2021-04-08,0.9684904781083848
2021-04-09,0.5935912864711612
2021-04-10,-1.6749773637769256
2021-04-11,1.269071236915321
2021-04-12,0.11504561654255685
2021-04-13,0.8169674436586073
2021-04-14,-0.980006781104042
2021-04-15,-0.7341816202498781
2021-04-16,-0.18599224156126273
2021-04-17,-0.384843783526726
2021-04-18,-0.9208967599239984
2021-04-19,-0.5358055244843899
2021-04-20,-0.4463877223892315
2021-04-21,1.4674098691684623
2021-04-22,1.7019631700973676
2021-04-23,-0.3632547480779416
2021-04-24,-0.0048749628615589995
2021-04-25,-0.6979344816136702
2021-04-26,-2.4239668704169617
2021-04-27,0.6603104462095476
2021-04-28,-0.07658777212960748
2021-04-29,0.6914621919427825
2021-04-30,-2.3729426234442896
2021-05-01,-0.02902202557912414
2021-05-02,-0.7669396247405615
2021-05-03,0.934434829371265
2021-05-04,2.0889404251627526
2021-05-05,1.0204434438094436
2021-05-06,0.644049141476138
2021-05-07,0.004760250841913998
2021-05-08,-0.19015260547356866
2021-05-09,1.437932128501567
2021-05-10,-0.8567573462996053
2021-05-11,-0.36856004981410234
2021-05-12,-0.3603761705792953
2021-05-13,-0.7888034619216063
2021-05-14,0.1824917741541603
2021-05-15,-0.8191156848655591
2021-05-16,-1.1409606584642769
2021-05-17,-0.8878553529200128
2021-05-18,0.052975322763955966
2021-05-19,-0.6102400241661353
2021-05-20,0.057912054582306007
2021-05-21,1.3642731502050465
2021-05-22,1.7465071718972107
2021-05-23,0.25676929261058185
2021-05-24,-0.6658657704224358
2021-05-25,-0.17811445873724424
2021-05-26,1.913280366374454
2021-05-27,-1.2243540246159406
2021-05-28,0.2611204470794082
2021-05-29,-1.4033325735122173
2021-05-30,-1.1891146288605068
2021-05-31,-1.345192652295556
2021-06-01,-0.2682593713455332
2021-06-02,1.4997387040397911
2021-06-03,0.2997516319135931
2021-06-04,-0.8421568098484998
2021-06-05,0.11669777281460868
2021-06-06,-1.195591727943073
2021-06-07,0.08901068470153681
2021-06-08,-1.3462739443392004
2021-06-09,-1.8487385413550999
2021-06-10,-0.4484208055063765
2021-06-11,0.4272038470341844
2021-06-12,1.1960041181624204
2021-06-13,0.8284043998293914
2021-06-14,-0.24547206787129067
2021-06-15,-1.3861015175293314
2021-06-16,-0.9252454742494368
2021-06-17,1.4441434342622308
2021-06-18,-1.0015902117237319
2021-06-19,0.35568575196614227
2021-06-20,0.24758852492735847
2021-06-21,0.029867346206424252
2021-06-22,0.5419055405590918
2021-06-23,-1.3073244162649234
2021-06-24,-0.891299525821996
2021-06-25,-1.339665685179561
2021-06-26,-1.2005929323331186
2021-06-27,-0.28585102808342133
2021-06-28,-0.6861137307250839
2021-06-29,0.1759981085139642
2021-06-30,0.10011538664025789
2021-07-01,-0.35557327076139816
2021-07-02,-0.6333549960670828
2021-07-03,-0.7227079080347085
2021-07-04,-1.6032687590224135
2021-07-05,0.47619253244841636
2021-07-06,1.3853675020119487
2021-07-07,0.07252328973820256
2021-07-08,-2.363757327057826
2021-07-09,0.4336049232549961
2021-07-10,-0.10085142801859222
2021-07-11,-1.446620855318726
2021-07-12,1.5690476019496478
2021-07-13,-0.836209161487879
2021-07-14,-0.43963494008527776
2021-07-15,1.0078452672195806
2021-07-16,-0.5628899751016808
2021-07-17,1.3190761927064143
2021-07-18,-0.008524496097712634
2021-07-19,0.4263297368657933
2021-07-20,-0.05755809145724275
2021-07-21,-0.13406238438811183
2021-07-22,-0.47059783647150766
2021-07-23,-1.716154960652278
2021-07-24,0.6108542694038226
2021-07-25,0.44516539527190213
2021-07-26,-1.9336312812601388
2021-07-27,0.4710032767394558
2021-07-28,0.9844823166891077
2021-07-29,2.257303952041339
2021-07-30,0.1061742858699782
2021-07-31,0.21209291605646338
2021-08-01,0.20336045061666794
2021-08-02,0.41795123608166035
2021-08-03,-1.3510444722887176
2021-08-04,-1.8108896147635534
2021-08-05,0.9391264924823982
2021-08-06,0.617353579665132
2021-08-07,-0.5658700091231139
2021-08-08,1.2962546151480938
2021-08-09,0.44039272146129166
2021-08-10,-0.18353095905899192
2021-08-11,-0.9044700267459178
2021-08-12,-0.46071820400360053
2021-08-13,0.900222220309264
2021-08-14,1.1217864343593267
2021-08-15,0.03611894160910068
2021-08-16,0.7910330934566283
2021-08-17,1.4023776551116818
2021-08-18,1.140173412640276
2021-08-19,-0.06339545608754399
2021-08-20,-1.770481182126079
2021-08-21,-1.5424697401589322
2021-08-22,1.3213206929268975
2021-08-23,-0.42078559599990495
2021-08-24,-1.6018073633702308
2021-08-25,2.3764792303000775
2021-08-26,0.05028267302382919
2021-08-27,0.7087167320491438
2021-08-28,0.33753095511619763
2021-08-29,0.2115542523927576
2021-08-30,-0.4049941436047877
2021-08-31,-0.4834936862385945
2021-09-01,-0.8644537425926311
2021-09-02,-1.4208911449971688
2021-09-03,1.4104850577524886
2021-09-04,-1.3046810832272193
2021-09-05,0.44572029961276577
2021-09-06,-1.8582766840362606
2021-09-07,-0.7882303604669778
2021-09-08,-0.4576055548784015
2021-09-09,0.07194488446860642
2021-09-10,-1.092211530841358
2021-09-11,0.9807146762145528
2021-09-12,0.22270408554467702
2021-09-13,-0.4031242959959106
2021-09-14,-1.5706725651516265
2021-09-15,0.8761964426941664
2021-09-16,0.5053106669026407
2021-09-17,-0.2621791938139294
2021-09-18,-0.6828306116865965
2021-09-19,0.11926291306037858
2021-09-20,-1.2173092187021008
2021-09-21,0.4760221936962243
2021-09-22,0.2023269416782256
2021-09-23,2.4605653008925943
2021-09-24,0.32337684626343494
2021-09-25,-1.3214099918640967
2021-09-26,-0.3589165007360015
2021-09-27,0.10511351747462777
2021-09-28,-0.8062265207730251
2021-09-29,0.8122813918762205
2021-09-30,1.6546209594406425
2021-10-01,1.0822332984144722
2021-10-02,-0.6612034992147777
2021-10-03,1.4398706461298365
2021-10-04,0.20698354665305493
2021-10-05,0.04100686610575077
2021-10-06,-0.5418684817313709
2021-10-07,-1.720244884065033
2021-10-08,-0.5940261889845243
2021-10-09,0.14390476652613582
2021-10-10,-0.4512799883453439
2021-10-11,1.1855466953201461
2021-10-12,-0.5610747061823376
2021-10-13,-0.6320641020935843
2021-10-14,1.106765721706703
2021-10-15,0.941917496944703
2021-10-16,-0.5534407199233458
2021-10-17,-1.2717349004761045
2021-10-18,0.7125081824163239
2021-10-19,0.6963845394270406
2021-10-20,2.007726781161006
2021-10-21,0.2175091816621867
2021-10-22,1.1355089670824061
2021-10-23,-0.577050429343761
2021-10-24,0.4208793711664833
2021-10-25,-0.061438840955112047
2021-10-26,0.28754073901456323
2021-10-27,1.5168426679434266
2021-10-28,-0.14012516362719202
2021-10-29,0.6000501562461408
2021-10-30,0.22495098245036768
2021-10-31,0.05734105393145143
2021-11-01,1.043461031656417
2021-11-02,-1.2475630593232157
2021-11-03,-0.9519576767398249
2021-11-04,-0.20552121805435572
2021-11-05,0.4741337698180675
2021-11-06,1.1060792633509253
2021-11-07,0.9293629596132974
2021-11-08,-2.0234423490972384
2021-11-09,1.089897700062015
2021-11-10,-0.5054442231096985
2021-11-11,-1.1307501940980802
2021-11-12,0.4316227259464758
2021-11-13,-1.0030183415655713
2021-11-14,-0.2716825807209923
2021-11-15,-1.1467540596025947
2021-11-16,-1.363980533583514
2021-11-17,1.2108742663639844
2021-11-18,0.8351061279294962
2021-11-19,0.697221600567857
2021-11-20,0.1851278171997795
2021-11-21,-0.5021755780834403
2021-11-22,-0.8762879940436336
2021-11-23,0.43887101797038824
2021-11-24,-0.2456051908397672
2021-11-25,0.334312531868359
2021-11-26,-0.14831959171442902
2021-11-27,-0.13833530345424447
2021-11-28,-2.432189068433738
2021-11-29,-0.04265166174575698
2021-11-30,1.6206798592465872
2021-12-01,0.7125579696541774
2021-12-02,-0.4678307509664907
2021-12-03,0.6990939959589633
2021-12-04,-1.1597642114725428
2021-12-05,0.758887006157778
2021-12-06,-0.1865052951500222
2021-12-07,0.48645855272809396
2021-12-08,0.6855712135385199
2021-12-09,-0.9887655576973504
2021-12-10,-0.6878082773259503
2021-12-11,-2.2193474640080515
2021-12-12,1.1884577327559827
2021-12-13,-0.18154568736148188
2021-12-14,-0.3826372191896916
2021-12-15,0.6683393874982724
2021-12-16,-1.1706166533490419
2021-12-17,-0.5188393109048898
2021-12-18,0.6734518945739967
2021-12-19,0.4428150416839963
2021-12-20,-1.6066951495646622
2021-12-21,-1.426907353589457
2021-12-22,0.522743508812358
2021-12-23,-0.7512138041284406
2021-12-24,-0.6487880375327406
2021-12-25,-1.6533533281229393
2021-12-26,0.1777860918865693
2021-12-27,0.48057858475327375
2021-12-28,-0.32915096757410656
2021-12-29,-1.3675911662513114
2021-12-30,1.334006906617601
2021-12-31,0.9905561115448247
2022-01-01,-0.3391499891279545
2022-01-02,0.4863465258985943
2022-01-03,0.8687080423135052
2022-01-04,-1.1850539157460331
2022-01-05,0.9581954797660366
2022-01-06,-1.5279889086557292
2022-01-07,1.3707118620611316
2022-01-08,-0.38670888549705024
2022-01-09,-1.092057009312052
2022-01-10,-1.2695269788196122
2022-01-11,0.37133853307508125
2022-01-12,-0.6287365646795227
2022-01-13,0.9648577462674628
2022-01-14,0.11759192909998076
2022-01-15,-1.6421311396270204
2022-01-16,0.969019237412139
2022-01-17,1.2724386909430512
2022-01-18,-1.027620520067954
2022-01-19,1.2756125598542745
2022-01-20,0.7477292392504451
2022-01-21,-0.4276106059092119
2022-01-22,-0.24216627247622274
2022-01-23,-0.5634063169172538
2022-01-24,-0.21122162894781638
2022-01-25,-0.23769170655332247
2022-01-26,0.7242932885773876
2022-01-27,1.7972232486324726
2022-01-28,-0.2007787713939863
2022-01-29,2.0139937768074634
2022-01-30,1.0895175209691081
2022-01-31,-1.8589717630959666
2022-02-01,1.9831698341423305
2022-02-02,0.38214516210811983
2022-02-03,-0.20694274053747014
2022-02-04,0.5675498236497366
2022-02-05,1.0842783347418703
2022-02-06,0.5595543659356967
2022-02-07,0.704377423937351
2022-02-08,0.39018459560581387
2022-02-09,0.43194128700732903
2022-02-10,-0.4766693129632312
2022-02-11,-0.19731480071919638
2022-02-12,0.7649887459672249
2022-02-13,0.8391216795455128
2022-02-14,1.0110569333055346
2022-02-15,0.42042213616619667
2022-02-16,0.8660339588045103
2022-02-17,1.8918218425131892
2022-02-18,0.30239731318898133
2022-02-19,1.701060509482733
2022-02-20,-0.20380640662119875
2022-02-21,1.3439793392513621
2022-02-22,0.3480899025912956
2022-02-23,0.8098792679873845
2022-02-24,0.7623954288241815
2022-02-25,0.5831917980858548
2022-02-26,-2.0991852769027455
2022-02-27,0.33190316824750155
2022-02-28,0.3705037800514264
2022-03-01,-1.2905620038841012
2022-03-02,-1.1410269170685605
2022-03-03,-0.8729599609366572
2022-03-04,-0.6449571714954236
2022-03-05,-0.5510733857942579
2022-03-06,-1.7410120812648202
2022-03-07,-1.7304109054056833
2022-03-08,-0.44582980182060766
2022-03-09,0.28237331455444353
2022-03-10,0.6167948110373701
2022-03-11,1.0456448614718974
2022-03-12,0.026242355702605705
2022-03-13,0.0829929097955875
2022-03-14,-0.8961113516582826
2022-03-15,-1.4299587162432856
2022-03-16,0.24697345607683127
2022-03-17,1.2917451100641177
2022-03-18,-1.2643337204691758
2022-03-19,0.13563760204339279
2022-03-20,1.2942870239040174
2022-03-21,-1.539986362266372
2022-03-22,-1.6314861300566161
2022-03-23,-1.1402725674082042
2022-03-24,-1.1002897571510128
2022-03-25,0.02170793520682079
2022-03-26,0.7196253210668005
2022-03-27,-1.1648338419733402
2022-03-28,0.5059911000563753
2022-03-29,-0.12695331998768714
2022-03-30,-1.5180947167983583
2022-03-31,1.911315002689672
2022-04-01,-0.4435654372039779
2022-04-02,-0.5020418069328015
2022-04-03,0.6011772543438132
2022-04-04,2.3283061062604604
2022-04-05,-0.8057223907318799
2022-04-06,1.12108278268717
2022-04-07,1.0146790660553897
2022-04-08,0.8285343006701316
2022-04-09,1.0671516490925137
2022-04-10,0.43200086894532713
2022-04-11,-1.7930084743250796
2022-04-12,1.4068523871843588
2022-04-13,-0.6041704508732731
2022-04-14,0.19675794654646825
2022-04-15,-0.7777937143143071
2022-04-16,-1.148826579271061
2022-04-17,-0.6010811150081624
2022-04-18,-0.0612211156589413
2022-04-19,-0.6258438041991985
2022-04-20,-1.031623709384957
2022-04-21,0.1975297297142531
2022-04-22,0.9083181780402443
2022-04-23,0.17652454688146227
2022-04-24,0.5760975065132985
2022-04-25,-1.2327715669117811
2022-04-26,-0.7914228027645498
2022-04-27,-1.054982996645746
2022-04-28,0.5142530565425801
2022-04-29,-0.345226260796643
2022-04-30,-0.301142729709192
2022-05-01,-1.254010865444854
2022-05-02,-0.7682584468932205
2022-05-03,0.3857381028189139
2022-05-04,-1.5940525426886145
2022-05-05,-0.620093576200179
2022-05-06,-0.32109150203748277
2022-05-07,0.3854547241791523
2022-05-08,-0.5546864411313112
2022-05-09,-0.5832748549962968
2022-05-10,1.288374471168894
2022-05-11,-0.1435857525954828
2022-05-12,0.590745625162049
2022-05-13,0.9138008502077433
2022-05-14,0.029876689212537878
2022-05-15,-2.4657405639079895
2022-05-16,1.854353484096029
2022-05-17,-0.7462730773470221
2022-05-18,0.03732616282692315
2022-05-19,-1.3963167952643627
2022-05-20,-0.14910497054255153
2022-05-21,1.8122969722385067
2022-05-22,-2.0604296935088673
2022-05-23,1.4973430302645352
2022-05-24,0.9018746103173886
2022-05-25,0.4962537338282694
2022-05-26,1.4905508497753182
2022-05-27,1.3424205162375067
2022-05-28,1.5057651882253074
2022-05-29,-0.9118607056595084
2022-05-30,-1.5268686376352327
2022-05-31,-1.1121141340920426
2022-06-01,-0.7840185565687029
2022-06-02,1.6586743016019827
2022-06-03,-1.4091660990646395
2022-06-04,-0.5861630049612375
2022-06-05,-0.16301429568868034
2022-06-06,1.95936886055183
2022-06-07,1.0514036669703903
2022-06-08,-1.4236227714562093
2022-06-09,-0.18683810104088852
2022-06-10,0.24486268410267564
2022-06-11,0.1127442990168142
2022-06-12,0.4720612915704046
2022-06-13,0.5435086988338054
2022-06-14,0.04452442442665968
2022-06-15,-1.283719463465556
2022-06-16,-0.0970461201349502
2022-06-17,-0.003033455855582033
2022-06-18,0.31764648098485093
2022-06-19,-1.341790206723814
2022-06-20,0.5289796512766827
2022-06-21,-0.2937971335230943
2022-06-22,-0.5412712913318535
2022-06-23,-1.0884926253847749
2022-06-24,1.1713102312918333
2022-06-25,-2.4928267327555016
2022-06-26,1.080776609415965
2022-06-27,-0.8953757397782174
2022-06-28,-1.1022533607731646
2022-06-29,1.0438230195153693
2022-06-30,-0.04970834476062751
2022-07-01,0.5356557281850678
2022-07-02,-0.07684777009510582
2022-07-03,-0.7022503310674049
2022-07-04,1.162669582056402
2022-07-05,0.38219674446910906
2022-07-06,0.46470308732858834
2022-07-07,1.419360497026492
2022-07-08,0.4968866878046313
2022-07-09,0.9846350216733024
2022-07-10,0.7938999272090814
2022-07-11,-1.2212059433509213
2022-07-12,-0.47430028552274933
2022-07-13,0.8792230126260095
2022-07-14,0.5933278997866381
2022-07-15,0.8236069711763152
2022-07-16,0.9487643275151041
2022-07-17,-0.5679186014996329
2022-07-18,0.2412089938751411
2022-07-19,-1.3833716880718006
2022-07-20,1.6311111311416397
2022-07-21,-1.0272454965513438
2022-07-22,1.2373446195846152
2022-07-23,-0.3412121364445811
2022-07-24,-0.13148617727375334
2022-07-25,0.6662642883525597
2022-07-26,1.187856260316253
2022-07-27,0.7762514894535175
2022-07-28,-1.8990589891015601
2022-07-29,-0.36900466454410236
2022-07-30,-0.6988342097420043
2022-07-31,-0.5886463729096651
2022-08-01,0.8162751052289163
2022-08-02,-0.23110817294239658
2022-08-03,0.4495701101592259
2022-08-04,-0.33255795718271336
2022-08-05,-0.4010044524657619
2022-08-06,0.5164289114771041
2022-08-07,-0.5996360516042664
2022-08-08,-0.8927573977021045
2022-08-09,-0.9101456450824504
2022-08-10,-1.611243732353949
2022-08-11,-0.9400891247177404
2022-08-12,-0.08731432658001106
2022-08-13,-1.2148016994316693
2022-08-14,1.2638977602603885
2022-08-15,-0.7607466278066628
2022-08-16,-0.2568411609394776
2022-08-17,-1.9117347822530786
2022-08-18,0.44797272250160663
2022-08-19,-1.7528291012180588
2022-08-20,0.22950873398284202
2022-08-21,0.3443430675884991
2022-08-22,-2.6742530534822473
2022-08-23,1.9314538368049785
2022-08-24,0.0463656962945926
2022-08-25,0.37761725612596164
2022-08-26,-0.7319854192136567
2022-08-27,0.8195836972576559
2022-08-28,0.3536136373886042
2022-08-29,-0.6485410263320925
2022-08-30,-0.3810563819933121
2022-08-31,-0.29783493940859623
2022-09-01,-0.5390505297600205
2022-09-02,0.645443803769115
2022-09-03,0.8350805410037037
2022-09-04,0.17720243381417128
2022-09-05,0.9921154361595059
2022-09-06,0.8988035767796846
2022-09-07,-0.5779801294780913
2022-09-08,0.6661802230842894
2022-09-09,-1.4322564528953767
2022-09-10,-0.4696456725706805
2022-09-11,-1.1386673828139267
2022-09-12,0.4379363361991202
2022-09-13,1.5053405309383678
2022-09-14,-0.15607423305318446
2022-09-15,1.3908592803237732
2022-09-16,0.8323664079033752
2022-09-17,0.6482764726837043
2022-09-18,0.7125048505521994
2022-09-19,-0.7265246917034605
2022-09-20,-1.219959419558089
2022-09-21,-2.1448443062036646
2022-09-22,0.00491700924670665
2022-09-23,-0.008173551336192858
2022-09-24,-1.42214042001755
2022-09-25,0.0372764740031188
2022-09-26,1.794015009818271
2022-09-27,-2.312541100301297
2022-09-28,-1.7243131210347582
2022-09-29,0.3819169051454682
2022-09-30,-0.32480673563848833
2022-10-01,1.7929281078205197
2022-10-02,-0.04952320186203924
2022-10-03,0.257867684099882
2022-10-04,0.05692518263406146
2022-10-05,1.8682857373194668
2022-10-06,1.016266093377859
2022-10-07,0.9001557295774016
2022-10-08,-0.1815011896687487
2022-10-09,-0.6487078022481635
2022-10-10,1.0110448749826417
2022-10-11,-0.4754629847024229
2022-10-12,-0.690329597607641
2022-10-13,0.16318752058011626
2022-10-14,-0.4609552937227564
2022-10-15,0.47004316919484385
2022-10-16,1.2412998037469254
2022-10-17,-0.2496897094638975
2022-10-18,0.2248861843920818
2022-10-19,-1.1600007133942345
2022-10-20,1.1823752051369656
2022-10-21,-1.1873029240595185
2022-10-22,-0.161861835186077
2022-10-23,0.078655807641762
2022-10-24,1.4907789011948294
2022-10-25,-0.07011905228116558
2022-10-26,-0.5023611661372474
2022-10-27,0.5420063552022271
2022-10-28,-0.3573008267863484
2022-10-29,-0.72881689797003
2022-10-30,-0.5720253676221783
2022-10-31,-0.4561071925411612
2022-11-01,1.8247245523380433
2022-11-02,0.552548390541181
2022-11-03,0.6538643255891038
2022-11-04,0.13696801998004185
2022-11-05,-0.11723130773292097
2022-11-06,1.2273296580225534
2022-11-07,1.0055692816343635
2022-11-08,0.3207155100330037
2022-11-09,0.7768671088692843
2022-11-10,0.40682168086285064
2022-11-11,0.9941069220535186
2022-11-12,-1.349104858835039
2022-11-13,-0.5632782582077097
2022-11-14,0.5045354393980247
2022-11-15,-0.036472972979700306
2022-11-16,1.422193891704072
2022-11-17,1.4838997873626747
2022-11-18,-0.13358200106742046
2022-11-19,-1.3368585882586252
2022-11-20,-0.8782960847358495
2022-11-21,-0.6679960364943217
2022-11-22,1.027853711943883
2022-11-23,-0.019531365677952765
2022-11-24,-0.24204069786432633
2022-11-25,-0.17008426548298808
2022-11-26,-0.6019151334233404
2022-11-27,0.5189788249244659
2022-11-28,0.2327494699756217
2022-11-29,-0.9272820553800246
2022-11-30,-0.6863595095486011
2022-12-01,-0.890311522368196
2022-12-02,0.0982606088995049
2022-12-03,0.36310700029510573
2022-12-04,-0.12901692419397195
2022-12-05,0.19164476432437733
2022-12-06,-1.9736476204164384
2022-12-07,0.13841936944875727
2022-12-08,-1.6262788934432417
2022-12-09,0.8292059884469248
2022-12-10,-0.9351947148798502
2022-12-11,-0.6701453100292228
2022-12-12,-1.187922782947359
2022-12-13,0.2891022058093608
2022-12-14,-0.021429904839296188
2022-12-15,-1.1830911070667298
2022-12-16,-0.39912338652680174
2022-12-17,0.48697070586892677
2022-12-18,0.33316297360871616
2022-12-19,0.7568119834904231
2022-12-20,0.49903407910717235
2022-12-21,-0.6764562291172167
2022-12-22,0.20778209841452075
2022-12-23,-1.514022933847496
2022-12-24,-0.020073927989860154
2022-12-25,-0.09561684085603497
2022-12-26,0.4667434957682852
2022-12-27,0.3657107989231793
2022-12-28,1.0405540273641465
2022-12-29,1.0539819986957288
2022-12-30,0.6171586392596738
2022-12-31,0.22582786834976615
2023-01-01,1.3830776291740718
2023-01-02,-1.3801056784200456
2023-01-03,0.1691155465645604
2023-01-04,1.7966352524028668
2023-01-05,-0.8419460443406679
2023-01-06,0.7947430052564441
2023-01-07,-0.021174944158589833
2023-01-08,0.16454730493985173
2023-01-09,-0.39148632246627163
2023-01-10,0.36375019350225846
2023-01-11,1.0624127877148049
2023-01-12,0.23085332697808988
2023-01-13,1.4759929566903456
2023-01-14,0.15622076809414992
2023-01-15,1.8343172050947079
2023-01-16,-1.089018575929407
2023-01-17,0.20450727717120842
2023-01-18,0.06915112845088382
2023-01-19,-0.004347118976035287
2023-01-20,-1.8005837027203602
2023-01-21,-0.4076412900848105
2023-01-22,-0.28117501673824263
2023-01-23,-1.478870995080042
2023-01-24,-1.220234396032441
2023-01-25,0.4397282515859113
2023-01-26,-0.5018528768359376
2023-01-27,-1.0588767289731098
2023-01-28,-0.735538225325177
2023-01-29,1.2139992660526906
2023-01-30,1.582163433576632
2023-01-31,0.5182068880109006
2023-02-01,1.352218853972954
2023-02-02,-1.0769840495790042
2023-02-03,1.9970221126722307
2023-02-04,-2.4707233541259557
2023-02-05,0.4388559895965247
2023-02-06,-1.525753270490523
2023-02-07,-0.01659776476398944
2023-02-08,-0.2898467955291019
2023-02-09,0.8535417444619442
2023-02-10,0.35323069935089113
2023-02-11,0.452055448201166
2023-02-12,-1.178691124068558
2023-02-13,-0.7722567912834483
2023-02-14,-1.1266065026034089
2023-02-15,-0.7728295354958242
2023-02-16,0.572603588732603
2023-02-17,2.228882347321372
2023-02-18,-1.0194914063444793
2023-02-19,-0.45108345668335986
2023-02-20,2.294132662287228
2023-02-21,-1.241087594847635
2023-02-22,-0.8144163992429566
2023-02-23,-0.3560503986805472
2023-02-24,1.2814619636602642
2023-02-25,0.18795793156486534
2023-02-26,-0.871681701383468
2023-02-27,-0.8899412306607641
2023-02-28,-1.7599424478287795
2023-03-01,-1.2877009382483686
2023-03-02,-0.5266977834150268
2023-03-03,0.25955408984044265
2023-03-04,1.1786893589909706
2023-03-05,-0.6931302275031431
2023-03-06,-0.28555941605581703
2023-03-07,1.7979954128576088
2023-03-08,-3.145947356887153
2023-03-09,-0.9076809627939219
2023-03-10,0.08848552396134156
2023-03-11,0.43272617178881934
2023-03-12,-0.1975213562567463
2023-03-13,2.652834479769979
2023-03-14,0.17770664009430423
2023-03-15,0.010153657034604652
2023-03-16,0.4446993222554297
2023-03-17,-0.3115478728876373
2023-03-18,-1.8826879027169963
2023-03-19,0.2923571080436793
2023-03-20,-0.0032236690718337887
2023-03-21,-0.35448438571289653
2023-03-22,1.758464238768397
2023-03-23,0.3753422078473587
2023-03-24,1.053169225658972
2023-03-25,0.13624897960485363
2023-03-26,-0.055431638766872744
2023-03-27,0.7831864966512427
2023-03-28,-1.1212122917721135
2023-03-29,0.5199072511366739
2023-03-30,1.0499477834736024
2023-03-31,-1.2810848603009073
2023-04-01,1.7799717537205955
2023-04-02,-1.0046003065934812
2023-04-03,-1.5766162684957148
2023-04-04,-1.74394142306207
2023-04-05,-0.9276600028621204
2023-04-06,0.4672965330683889
2023-04-07,0.6550164686002735
2023-04-08,-1.1469301703558104
2023-04-09,-0.7053066324996696
2023-04-10,1.7308820756804044
2023-04-11,-0.0950967439692446
2023-04-12,0.18271633396584558
2023-04-13,0.16447591300540654
2023-04-14,-1.059452044097404
2023-04-15,0.09402171942251132
2023-04-16,-1.517429523741757
2023-04-17,0.0002899165541820494
2023-04-18,0.3101152142606952
2023-04-19,0.05668703766817014
2023-04-20,1.1651992561582827
2023-04-21,0.662219616041298
2023-04-22,-0.061914486484228405
2023-04-23,-1.000301942561839
2023-04-24,0.9520210082862932
2023-04-25,1.6168576303502131
2023-04-26,0.09732166593502264
2023-04-27,-0.592533091494493
2023-04-28,-0.4104561730511401
2023-04-29,0.27384370808160957
2023-04-30,-1.4543214315182305
2023-05-01,0.27121318380808435
2023-05-02,0.9081068550769534
2023-05-03,-1.1934293244081187
2023-05-04,-0.3417456995129956
2023-05-05,2.7322721015173075
2023-05-06,-0.13495835920602647
2023-05-07,0.47094640164084184
2023-05-08,0.17248679171313727
2023-05-09,0.8129123691513771
2023-05-10,-1.0845545490728088
2023-05-11,-1.4876572085848159
2023-05-12,0.806231119030265
2023-05-13,-0.686451477648932
2023-05-14,-1.3392285010390212
2023-05-15,0.055225302452467075
2023-05-16,2.1613804279001183
2023-05-17,0.4325067281009362
2023-05-18,-1.5875481287716104
2023-05-19,-0.6768242900324474
2023-05-20,0.8810350104674248
2023-05-21,0.38972489323299364
2023-05-22,0.011980888422518916
2023-05-23,1.5572513880399923
2023-05-24,-0.6008612598419458
2023-05-25,0.7194195379474129
2023-05-26,0.2163329404674686
2023-05-27,-1.8487069035558805
2023-05-28,0.28985683001779067
2023-05-29,0.8324094522307096
2023-05-30,-1.4289158708672325
2023-05-31,0.9705286183445269
2023-06-01,0.8770118165511372
2023-06-02,-1.3081864082698977
2023-06-03,-0.7061426917713208
2023-06-04,-0.4591129000495053
2023-06-05,-0.9947954594079517
2023-06-06,0.081002685517627
2023-06-07,-0.80512710186161
2023-06-08,-0.14055484035530683
2023-06-09,-0.9114395691120492
2023-06-10,1.9013874748453767
2023-06-11,0.5918897164660238
2023-06-12,-0.2042338241030728
2023-06-13,0.4330589241738314
2023-06-14,-1.1871427155194234
2023-06-15,-0.45686789886690243
2023-06-16,0.20525329094858558
2023-06-17,-2.3912375745829455
2023-06-18,-0.6652845484155112
2023-06-19,1.479276091947005
2023-06-20,-1.8024411991297835
2023-06-21,0.9963372462008147
2023-06-22,-1.401423524485091
2023-06-23,0.5536208452459005
2023-06-24,-0.9701733219578702
2023-06-25,-2.0786371304604088
2023-06-26,2.6072928137276152
2023-06-27,0.48630930938497785
2023-06-28,-0.47993874045206175
2023-06-29,-0.1328286556223747
2023-06-30,-0.28493321431457075
2023-07-01,1.7583120152718954
2023-07-02,1.7362461473069162
2023-07-03,1.1032757823058204
2023-07-04,1.0098876485856927
2023-07-05,0.5098078513294518
2023-07-06,0.37542938748492316
2023-07-07,-1.9995300339351552
2023-07-08,0.2074705621065188
2023-07-09,0.379069614750444
2023-07-10,-0.4084297111621701
2023-07-11,0.36829477165310737
2023-07-12,0.09891387570837676
2023-07-13,0.8437121051630466
2023-07-14,-1.0868014746274497
2023-07-15,0.7289806422559423
2023-07-16,2.343483748293762
2023-07-17,0.43038402343461
2023-07-18,-0.3406561475208722
2023-07-19,-1.670365497359517
2023-07-20,1.493428609956164
2023-07-21,-1.1038502898734444
2023-07-22,0.38861627167668594
2023-07-23,1.7685019768637065
2023-07-24,-0.08124499461840731
2023-07-25,0.5814266797964683
2023-07-26,0.4433434636121499
2023-07-27,-0.818532648740132
2023-07-28,-1.7461179815536303
2023-07-29,0.9494839536790285
2023-07-30,0.7199397075054655
2023-07-31,-0.35350505644366736
2023-08-01,0.18757330614180898
2023-08-02,-0.5813854107030556
2023-08-03,0.2484488796967025
2023-08-04,0.5793197049673556
2023-08-05,-1.10792933903528
2023-08-06,0.11445074074212905
2023-08-07,3.140887899366392
2023-08-08,1.281410405454214
2023-08-09,0.9543205914918513
2023-08-10,-0.7671056326533701
2023-08-11,-0.23036286142368578
2023-08-12,-0.7853853336037897
2023-08-13,0.9355186975201857
2023-08-14,-1.3860171535342676
2023-08-15,0.5275713860841711
2023-08-16,-0.30165319079581526
2023-08-17,-0.633495487580848
2023-08-18,0.717926219531824
2023-08-19,0.4287007449033667
2023-08-20,-0.9898329552419542
2023-08-21,-0.5298386867016841
2023-08-22,-0.46952607075918995
2023-08-23,0.23445374974472816
2023-08-24,-1.2439531089721856
2023-08-25,-0.10802623306027358
2023-08-26,-0.34425995868567555
2023-08-27,-0.13641888551465442
2023-08-28,-0.10689311210265508
2023-08-29,-1.7033221976422006
2023-08-30,0.5154398742968528
2023-08-31,-0.2694963261779452
2023-09-01,-0.5242270458170317
2023-09-02,-0.4546486953490994
2023-09-03,0.631296082301525
2023-09-04,-1.2870822962817572
2023-09-05,-1.2369507444507717
2023-09-06,0.526579809695687
2023-09-07,0.26812622629623045
2023-09-08,-0.2073141771638287
2023-09-09,-1.2266172162260496
2023-09-10,-1.7295682123123912
2023-09-11,0.7146802736204425
2023-09-12,-0.594738741007352
2023-09-13,0.7228234178844617
2023-09-14,-1.6145623399032563
2023-09-15,0.31125253607686937
2023-09-16,-0.8869797260617502
2023-09-17,-0.10642518694123364
2023-09-18,1.3176579786222478
2023-09-19,2.311563418243496
2023-09-20,0.971714446855723
2023-09-21,-0.4644033629569033
2023-09-22,-0.47371453688146137
2023-09-23,-0.17050547766643678
2023-09-24,0.3865327378701905
2023-09-25,0.7831289769269051
2023-09-26,-1.2717478038971763
2023-09-27,-0.07768576906643808
2023-09-28,0.8794906735528877
2023-09-29,0.25301188930317725
2023-09-30,0.5038997981965034
2023-10-01,-0.532668448284437
2023-10-02,0.006437320409930352
2023-10-03,1.3547375554243526
2023-10-04,1.1389089862201656
2023-10-05,-0.11213944321439956
2023-10-06,2.00189600993511
2023-10-07,-0.794923826197124
2023-10-08,-1.6369607492075506
2023-10-09,-0.24280652546565354
2023-10-10,0.31176773127895513
2023-10-11,1.7325238651359045
2023-10-12,-0.9561510489704163
2023-10-13,1.5060241219938557
2023-10-14,1.083808329279825
2023-10-15,0.4104351622470813
2023-10-16,-1.0483349450637154
2023-10-17,-1.6281659012949188
2023-10-18,0.4180252979810976
2023-10-19,2.114480355024395
2023-10-20,1.949625365802014
2023-10-21,-0.6582549340125133
2023-10-22,0.34168133815706153
2023-10-23,-1.4739722140977187
2023-10-24,0.8968324969937005
2023-10-25,0.03907137927402793
2023-10-26,-0.19546549777264047
2023-10-27,0.2167897342172818
2023-10-28,0.18185316963488107
2023-10-29,1.1116011472793779
2023-10-30,0.3903020402347369
2023-10-31,-1.2312702826583468
2023-11-01,0.7170293153201311
2023-11-02,1.2486995794772198
2023-11-03,0.8397766388228808
2023-11-04,0.24251381737960884
2023-11-05,-0.9200203762322681
2023-11-06,1.0399948342672722
2023-11-07,0.47357283066890704
2023-11-08,0.5652548131707886
2023-11-09,-0.5348891687354219
2023-11-10,0.4109703288422718
2023-11-11,-1.9913219782851037
2023-11-12,-1.13759039380676
2023-11-13,0.48131688223048
2023-11-14,0.8936081845161442
2023-11-15,-1.7717853623311888
2023-11-16,0.5708807308476861
2023-11-17,-1.2710872547437115
2023-11-18,0.20158653952997171
2023-11-19,0.5394143084505099
2023-11-20,-2.214989624350363
2023-11-21,0.2873045423345736
2023-11-22,0.8052319553898059
2023-11-23,2.1342970834581054
2023-11-24,0.3752452504225456
2023-11-25,-0.9615486084657643
2023-11-26,-1.7301742499096768
2023-11-27,1.0889783720477113
2023-11-28,-0.9278487569077417
2023-11-29,-0.08689209375030528
2023-11-30,-2.789087837122002
2023-12-01,0.6113793727368697
2023-12-02,-1.384328915796584
2023-12-03,-0.07841372222679996
2023-12-04,0.1900923786781785
2023-12-05,0.2540432096924309
2023-12-06,-1.3351646822945886
2023-12-07,-1.5437510179753386
2023-12-08,0.9199843097416084
2023-12-09,0.18349748154831166
2023-12-10,-0.39310305686365277
2023-12-11,-1.3543523339915657
2023-12-12,-0.20206178776893913
2023-12-13,1.1790224689426856
2023-12-14,-2.0351410976228683
2023-12-15,0.5569260376211015
2023-12-16,0.8761252298151077
2023-12-17,0.8990857916271787
2023-12-18,0.5249415732980608
2023-12-19,-0.18716144363455162
2023-12-20,0.5911011299572156
2023-12-21,1.5444728882599432
2023-12-22,1.047126495572125
2023-12-23,-0.7803114439221993
2023-12-24,1.0915653176544826
2023-12-25,0.7654366343085617
2023-12-26,0.4719434857553367
2023-12-27,-0.7823160898692125
2023-12-28,2.2432985472186453
2023-12-29,0.7605227686667806
2023-12-30,-0.5277443433729253
2023-12-31,0.2866974597972323
2024-01-01,0.05067004472801839
2024-01-02,0.444434286678463
2024-01-03,-0.686667634038498
2024-01-04,-0.2288986954006292
2024-01-05,0.7798939498644349
2024-01-06,0.04879294186211529
2024-01-07,-0.6910000545970558
2024-01-08,-0.0234192365840898
2024-01-09,-2.61904729929918
2024-01-10,-1.927302631120972
2024-01-11,-0.01728189352984792
2024-01-12,0.27527949560013043
2024-01-13,1.0143935513329507
2024-01-14,0.21158001436936288
2024-01-15,-0.6496233971332738
2024-01-16,-1.4982673482231592
2024-01-17,1.018566013319817
2024-01-18,-0.9449463633542878
2024-01-19,1.46716641648481
2024-01-20,0.7213812437133751
2024-01-21,0.9243795203064767
2024-01-22,1.6183289395839178
2024-01-23,0.29391180100620057
2024-01-24,2.1138307158954444
2024-01-25,-0.7273482150269694
2024-01-26,1.0536289070145919
2024-01-27,-0.3740457204030892
2024-01-28,0.1368003901938128
2024-01-29,-0.4325026626848591
2024-01-30,0.2773233155304864
2024-01-31,0.9833202965646413
2024-02-01,0.7559646761084126
2024-02-02,0.5417070537962086
2024-02-03,0.8129771985969306
2024-02-04,0.802991522464047
2024-02-05,0.8613572092101359
2024-02-06,1.3105635415341572
2024-02-07,-0.3960015706405873
2024-02-08,-1.51513701087017
2024-02-09,1.842471571308758
2024-02-10,-0.37902143027745133
2024-02-11,0.49346487038364656
2024-02-12,-1.3775310845383688
2024-02-13,0.6763357114231471
2024-02-14,-1.136484056337701
2024-02-15,0.21094277412451765
2024-02-16,0.6187912764975113
2024-02-17,-0.8047746761735202
2024-02-18,0.6298304838648673
2024-02-19,0.03148627296405009
2024-02-20,0.33655401994940737
2024-02-21,0.5997134077661721
2024-02-22,0.011403356574237128
2024-02-23,1.8372994209529687
2024-02-24,-1.540201643725585
2024-02-25,-0.4434496119386902
2024-02-26,-1.1328038543190582
2024-02-27,-1.3546325177148164
2024-02-28,0.7745331091026999
2024-02-29,0.8561231373725281
2024-03-01,-0.4176593123723046
2024-03-02,-0.2683827727323712
2024-03-03,0.22736305186589537
2024-03-04,-0.00840239412616836
2024-03-05,0.6865637156256059
2024-03-06,-1.4359766344016665
2024-03-07,0.0985091301105838
2024-03-08,0.237301047622484
2024-03-09,0.9503720027687385
2024-03-10,0.7072204763907072
2024-03-11,0.4700741878756338
2024-03-12,-1.7448256110508
2024-03-13,0.7107247997784191
2024-03-14,0.6804617887859667
2024-03-15,0.5116263221512667
2024-03-16,0.8337973190800416
2024-03-17,-1.558579833855534
2024-03-18,1.0684021208433796
2024-03-19,-0.4034932811887532
2024-03-20,-1.883660426845411
2024-03-21,1.050862380524204
2024-03-22,0.6086173694161059
2024-03-23,0.34237450614095416
2024-03-24,-0.052691217043444864
2024-03-25,-1.0281098531617876
2024-03-26,0.18114003101249693
2024-03-27,-0.50650187154841
2024-03-28,-0.3601145031098742
2024-03-29,0.8078726784738832
2024-03-30,-0.39481388427157105
2024-03-31,-1.3435019272393713
2024-04-01,0.013796771598743986
2024-04-02,0.7296624490711673
2024-04-03,-0.7550857890286227
2024-04-04,0.7346408067617282
2024-04-05,0.8845358078811099
2024-04-06,0.27899342243696845
2024-04-07,0.28255246277549123
2024-04-08,-1.7793387843164996
2024-04-09,1.4132393857670005
2024-04-10,1.0926281578670145
2024-04-11,0.831482214161841
2024-04-12,0.3547728869259867
2024-04-13,0.14626998299155397
2024-04-14,1.3504412892661182
2024-04-15,-0.7355553931994168
2024-04-16,-0.4355007316898832
2024-04-17,-0.6308576543483796
2024-04-18,-0.07894176389894396
2024-04-19,1.0933591526963093
2024-04-20,-1.160480794011322
2024-04-21,-0.6120550881224395
2024-04-22,-0.3745838160448458
2024-04-23,0.22254011695863285
2024-04-24,-1.3381610405020388
2024-04-25,-1.4498049104403907
2024-04-26,0.17779838112178353
2024-04-27,-0.8113984956894709
2024-04-28,1.4237645891166817
2024-04-29,-0.724785615918886
2024-04-30,1.045054283574005
2024-05-01,0.823957640237686
2024-05-02,1.1806791413555673
2024-05-03,-0.1818175833884778
2024-05-04,-1.8646454643221615
2024-05-05,0.9458737834076131
2024-05-06,-0.7234098314628562
2024-05-07,-0.6715295397607736
2024-05-08,-1.1542706963325589
2024-05-09,-0.7130768814156427
2024-05-10,-0.0186744123908786
2024-05-11,-1.4437512067508866
2024-05-12,1.1991535410113885
2024-05-13,1.1424056249660974
2024-05-14,0.8497684189424659
2024-05-15,0.9454416457999588
2024-05-16,1.225211499374473
2024-05-17,0.3642706560454528
2024-05-18,-0.38847622105667995
2024-05-19,-0.6127309107861743
2024-05-20,-0.2602911305457719
2024-05-21,1.7649113585114498
2024-05-22,-0.4655143673287866
2024-05-23,-0.9225538273533812
2024-05-24,-1.6545720334739673
2024-05-25,0.37700113635093224
2024-05-26,-0.7407643872456153
2024-05-27,-0.0003056346838227354
2024-05-28,-0.49207683386884515
2024-05-29,1.4317485378692938
2024-05-30,-1.9496201329705267
2024-05-31,0.2997754408108095
2024-06-01,0.03757017377566774
2024-06-02,1.1322540915519743
2024-06-03,-0.1194806138856174
2024-06-04,-0.5813142716147018
2024-06-05,1.6258282507381325
2024-06-06,-0.11775315970472752
2024-06-07,0.1399447660145265
2024-06-08,1.279250644203366
2024-06-09,1.0976852176925498
2024-06-10,-0.6552412331873038
2024-06-11,1.0426460109436784
2024-06-12,0.26336078010067004
2024-06-13,-0.4277621905609795
2024-06-14,0.4783052936699041
2024-06-15,1.1674199944960095
2024-06-16,0.12312144565387874
2024-06-17,-0.592762099930681
2024-06-18,-0.5607728056513378
2024-06-19,0.6929240097121885
2024-06-20,-1.6942904208253884
2024-06-21,0.06479177565894804
2024-06-22,0.4833592802829057
2024-06-23,-0.5254323338604453
2024-06-24,-1.3563494504029079
2024-06-25,-0.6043368863685108
2024-06-26,0.1216617520497395
2024-06-27,-0.052808346733296214
2024-06-28,0.8875793941573864
2024-06-29,-1.120263530042013
2024-06-30,0.3178780956809783
2024-07-01,0.018006631052105957
2024-07-02,0.7451323221522196
2024-07-03,0.12454129777847946
2024-07-04,1.8015590979982734
2024-07-05,0.8496912468215984
2024-07-06,0.8080431140563867
2024-07-07,0.761410467337689
2024-07-08,-0.9452441990149898
2024-07-09,0.626501137669399
2024-07-10,0.10310354880432693
2024-07-11,-0.43275464772470446
2024-07-12,-0.4421530494354853
2024-07-13,1.4703878505855523
2024-07-14,0.7529419001614626
2024-07-15,-0.025717204343403254
2024-07-16,0.20543160078172618
2024-07-17,0.24296074664016734
2024-07-18,-1.375844000548529
2024-07-19,-2.3870084812796035
2024-07-20,1.526050866583974
2024-07-21,-0.629927340655263
2024-07-22,0.4690974966535734
2024-07-23,-0.18591772329179737
2024-07-24,0.928352094421521
2024-07-25,-0.7232733828671554
2024-07-26,0.8384659670467902
2024-07-27,-2.0395690408692886
2024-07-28,1.1709869954223457
2024-07-29,-1.5497139166152671
2024-07-30,-1.133144977043484
2024-07-31,0.06420218983602487
2024-08-01,-0.5835158783118409
2024-08-02,-0.47844963791341055
2024-08-03,-0.7696481840822952
2024-08-04,0.6646802002287278
2024-08-05,-1.6866905445519191
2024-08-06,0.11436829959055007
2024-08-07,-0.25214534437737485
2024-08-08,0.045556632251590706
2024-08-09,2.2225286365670462
2024-08-10,0.3813969738395158
2024-08-11,-0.5269890311070307
2024-08-12,-1.398897609797651
2024-08-13,1.8026258246568292
2024-08-14,-1.687164931660986
2024-08-15,0.16032920349360044
2024-08-16,-0.05733662818857927
2024-08-17,-1.780009037425894
2024-08-18,0.13505340714653927
2024-08-19,-0.5335673439480079
2024-08-20,0.8781843613300974
2024-08-21,1.1614637998803474
2024-08-22,1.125922194489071
2024-08-23,1.8303420891137114
2024-08-24,-0.6236593902582209
2024-08-25,0.9783235583278918
2024-08-26,0.5285954095845778
2024-08-27,-0.8111783337665758
2024-08-28,0.39947349564770945
2024-08-29,-0.10429065846306938
2024-08-30,-0.8378175765853414
2024-08-31,-1.0429712946669787
2024-09-01,1.0280562868231031
2024-09-02,0.3424358549932551
2024-09-03,-1.429582737120847
2024-09-04,-1.0813478646577377
2024-09-05,2.2541820087638986
2024-09-06,0.8260159104145572
2024-09-07,-0.7996430775894199
2024-09-08,-0.41862089856096923
2024-09-09,-0.4306732817474207
2024-09-10,1.9960521135318379
2024-09-11,-0.9539442644590915
2024-09-12,-0.5837239263908782
2024-09-13,0.13104669203841512
2024-09-14,-0.4032202885348157
2024-09-15,-2.053836517084115
2024-09-16,-0.09144308787218176
2024-09-17,-0.12064919874294183
2024-09-18,-0.1422917813202908
2024-09-19,0.4198286694263747
2024-09-20,0.39065652987773547
2024-09-21,-0.06819386510679189
2024-09-22,-0.4463804144888595
2024-09-23,-0.9050202322811084
2024-09-24,0.48923803182478165
2024-09-25,0.7911047883134411
2024-09-26,0.2071209334340389
2024-09-27,1.5426127009815218
2024-09-28,0.3110586893362128
2024-09-29,-1.1486767471949417
2024-09-30,1.917807521769254
2024-10-01,0.869481011119476
2024-10-02,-0.06775170205546485
2024-10-03,-0.4250911471123383
2024-10-04,-2.0224915982830107
2024-10-05,-1.170682961669166
2024-10-06,1.0098376525781976
2024-10-07,0.43478257823645455
2024-10-08,-0.026000406028488587
2024-10-09,-0.12507584489288387
2024-10-10,0.6200894901508954
2024-10-11,0.30954438294607484
2024-10-12,0.3304401298281638
2024-10-13,1.0244217902251247
2024-10-14,-0.8919429099293618
2024-10-15,-1.5645209355644518
2024-10-16,2.373726237140343
2024-10-17,-0.4142168299308813
2024-10-18,-1.416087250814856
2024-10-19,-0.07006779235428015
2024-10-20,1.174429242052259
2024-10-21,0.7544249356558265
2024-10-22,-0.6237843804257482
2024-10-23,-0.38566966787622675
2024-10-24,-0.05328889349975547
2024-10-25,-0.6644581569947712
2024-10-26,-0.826229573285103
2024-10-27,0.2297468625742252
2024-10-28,0.4634840944672216
2024-10-29,-1.1319433618161432
2024-10-30,0.2573628531117697
2024-10-31,0.8525397961139004
2024-11-01,0.6661317030045181
2024-11-02,-2.229586295331103
2024-11-03,0.578762120257386
2024-11-04,-2.327824207646951
2024-11-05,-0.5830184472218919
2024-11-06,-2.5762471927796535
2024-11-07,-0.8162449535209035
2024-11-08,0.14228650319115693
2024-11-09,-0.781793397612699
2024-11-10,-0.44888236676602405
2024-11-11,-0.012687015600025876
2024-11-12,-1.226548216540903
2024-11-13,-0.25203967423598755
2024-11-14,0.7066099147787571
2024-11-15,-0.08909176915775015
2024-11-16,0.7030505167410607
2024-11-17,0.0959242276624543
2024-11-18,0.3563415335300056
2024-11-19,-2.2186154806751626
2024-11-20,-0.3252993631002459
2024-11-21,-0.5443577447643565
2024-11-22,0.05401172780714285
2024-11-23,0.4244291167501447
2024-11-24,1.8293317854457838
2024-11-25,0.8238943296082176
2024-11-26,0.09152971893723182
2024-11-27,-0.45739228419739664
2024-11-28,0.8747816747787086
2024-11-29,-1.7636743175558447
2024-11-30,0.8577953388810874
2024-12-01,-0.43790550996027816
2024-12-02,0.6463359925535064
2024-12-03,-0.8970892973660723
2024-12-04,-1.6036304249321391
2024-12-05,1.552214937508007
2024-12-06,-0.9724867328450365
2024-12-07,0.16228464112202248
2024-12-08,-0.06154848980445715
2024-12-09,0.654918505427844
2024-12-10,-1.3464806317311886
2024-12-11,-1.4314938159009296
2024-12-12,-1.002519702240198
2024-12-13,-0.6657404051967413
2024-12-14,0.6184174582619344
2024-12-15,0.7187403737915392
2024-12-16,1.6229929430917522
2024-12-17,-0.08098554795660398
2024-12-18,1.1221614547230128
2024-12-19,-0.004413751386885085
2024-12-20,0.6853760281950816
2024-12-21,0.7411368361199981
2024-12-22,-0.42693154495206115
2024-12-23,0.9499373507487042
2024-12-24,-1.3171893963667218
2024-12-25,0.04534322478055834
2024-12-26,-1.0979034749714134
2024-12-27,-1.5073986794751992
2024-12-28,-0.4911357388054078
2024-12-29,1.2094284732452418
2024-12-30,1.3920650171368452
2024-12-31,0.7503706811959422
