date,sigma2_total
2015-01-01,1.1029065868042924
2015-01-02,1.105556808134025
2015-01-03,1.122479437018863
2015-01-04,1.1164433855551246
2015-01-05,1.1094358276764258
2015-01-06,1.10525618739536
2015-01-07,1.0980808322618474
2015-01-08,1.0916111838358324
2015-01-09,1.0912723839458003
2015-01-10,1.103849952251876
2015-01-11,1.1077663352415221
2015-01-12,1.107269606479153
2015-01-13,1.1056746254903693
2015-01-14,1.1015310358828652
2015-01-15,1.0947461089555308
2015-01-16,1.098577933170459
2015-01-17,1.0937604549055093
2015-01-18,1.086355705532585
2015-01-19,1.0785215063988542
2015-01-20,1.1152151036579407
2015-01-21,1.1198564723276596
2015-01-22,1.1122144623869428
2015-01-23,1.1178889541173045
2015-01-24,1.1106758724984749
2015-01-25,1.1096051118021537
2015-01-26,1.1058429753653582
2015-01-27,1.0996830612310131
2015-01-28,1.090388044472616
2015-01-29,1.0885916252972383
2015-01-30,1.0800032492906375
2015-01-31,1.1161287125874335
2015-02-01,1.122981582291374
2015-02-02,1.112283636051037
2015-02-03,1.1017147309029156
2015-02-04,1.0950958403406794
2015-02-05,1.0861466337211652
2015-02-06,1.078741060914982
2015-02-07,1.0783939757472194
2015-02-08,1.0896741926368678
2015-02-09,1.0790586915787381
2015-02-10,1.0745531024194908
2015-02-11,1.064133566989342
2015-02-12,1.084106359077803
2015-02-13,1.0806669433723735
2015-02-14,1.0700994915328061
2015-02-15,1.0592110884347394
2015-02-16,1.0520929192176458
2015-02-17,1.0418367282562582
2015-02-18,1.0364751380515786
2015-02-19,1.0355403097317673
2015-02-20,1.0284563930130621
2015-02-21,1.0181977417833725
2015-02-22,1.020246621591939
2015-02-23,1.0154601317131615
2015-02-24,1.0114600399627454
2015-02-25,1.002705047329019
2015-02-26,0.9954839412358482
2015-02-27,0.985990736717127
2015-02-28,0.9786449226330749
2015-03-01,0.9713444570238181
2015-03-02,0.9729516788092334
2015-03-03,0.9638503897015316
2015-03-04,0.9541066686187796
2015-03-05,0.9452721206761525
2015-03-06,0.9363673455624445
2015-03-07,0.9276978221122764
2015-03-08,0.926839890892221
2015-03-09,0.9179734730723206
2015-03-10,0.9168272111432388
2015-03-11,0.913709433009785
2015-03-12,0.9068909256704379
2015-03-13,0.9114006230851014
2015-03-14,0.9077639713137391
2015-03-15,0.8986740641976692
2015-03-16,0.8910642776896253
2015-03-17,0.8849545888185884
2015-03-18,0.8781124244769115
2015-03-19,0.8761681639343
2015-03-20,0.8728997227803864
2015-03-21,0.8644216641681326
2015-03-22,0.8592452487719519
2015-03-23,0.8695812747606066
2015-03-24,0.8666277501163204
2015-03-25,0.8684740385667858
2015-03-26,0.8601324802140807
2015-03-27,0.8533038163766413
2015-03-28,0.8458921480326921
2015-03-29,0.8405858267062
2015-03-30,0.8339862857545391
2015-03-31,0.836568051524986
2015-04-01,0.8376930534417487
2015-04-02,0.8341354581040076
2015-04-03,0.8260957443793329
2015-04-04,0.8182311722772012
2015-04-05,0.8176928047595299
2015-04-06,0.8123077411418586
2015-04-07,0.8177837695581012
2015-04-08,0.8138945845837384
2015-04-09,0.8062184737108592
2015-04-10,0.8198489289007187
2015-04-11,0.8280267645464848
2015-04-12,0.8411032214395834
2015-04-13,0.8377271458412877
2015-04-14,0.8328139876906505
2015-04-15,0.8245799555186378
2015-04-16,0.8185890540512831
2015-04-17,0.8109106844049128
2015-04-18,0.8032133579885665
2015-04-19,0.7982602347458962
2015-04-20,0.8002457798523316
2015-04-21,0.7933322144990061
2015-04-22,0.7923537494865738
2015-04-23,0.7859439220157466
2015-04-24,0.7791720477789632
2015-04-25,0.7750319339570817
2015-04-26,0.7732405360296383
2015-04-27,0.7776953569030256
2015-04-28,0.7708256896760369
2015-04-29,0.7641573334114797
2015-04-30,0.7628329330046979
2015-05-01,0.7587654103088485
2015-05-02,0.7561993303338084
2015-05-03,0.7502028041533157
2015-05-04,0.7461043909296451
2015-05-05,0.741049035338553
2015-05-06,0.7459951196927233
2015-05-07,0.7411999923213414
2015-05-08,0.7409180482910678
2015-05-09,0.7654494371893462
2015-05-10,0.7877185015549402
2015-05-11,0.7809046510793366
2015-05-12,0.7755015248316678
2015-05-13,0.7688410796133328
2015-05-14,0.7763950773917607
2015-05-15,0.7718588150210135
2015-05-16,0.7703302421077106
2015-05-17,0.7740270694139457
2015-05-18,0.7733298474221614
2015-05-19,0.7669176687876116
2015-05-20,0.765574798467255
2015-05-21,0.7601502948898569
2015-05-22,0.7544298659956916
2015-05-23,0.7487549272674964
2015-05-24,0.7429219850576838
2015-05-25,0.7401468561004068
2015-05-26,0.7348100554583087
2015-05-27,0.7319060891262698
2015-05-28,0.7266258757769789
2015-05-29,0.7276332908403965
2015-05-30,0.7224513481588442
2015-05-31,0.725232597599176
2015-06-01,0.7225501855807303
2015-06-02,0.7178954897059934
2015-06-03,0.7422546420537086
2015-06-04,0.7373510670616326
2015-06-05,0.7494628970760043
2015-06-06,0.7488511674799658
2015-06-07,0.7462773973719233
2015-06-08,0.7419051160875366
2015-06-09,0.7365128657795597
2015-06-10,0.7370367646938542
2015-06-11,0.7328170611033558
2015-06-12,0.7285191586325548
2015-06-13,0.7270831022488586
2015-06-14,0.7235907493221272
2015-06-15,0.7197337578959337
2015-06-16,0.7156267755311859
2015-06-17,0.7112788006665818
2015-06-18,0.7101752311004655
2015-06-19,0.7094380518003142
2015-06-20,0.7080699653354027
2015-06-21,0.7037338588257677
2015-06-22,0.7050740594560082
2015-06-23,0.7008486131602699
2015-06-24,0.6967612137738687
2015-06-25,0.7007789380783067
2015-06-26,0.7062347169120877
2015-06-27,0.7250199434504513
2015-06-28,0.7299995356747081
2015-06-29,0.7254732957952654
2015-06-30,0.7208856307253654
2015-07-01,0.7215786407254208
2015-07-02,0.719997693974645
2015-07-03,0.725041391434971
2015-07-04,0.7305806559182999
2015-07-05,0.7259732229398037
2015-07-06,0.7242519955412896
2015-07-07,0.7459030578676229
2015-07-08,0.7476191804396121
2015-07-09,0.7739060736167016
2015-07-10,0.7808485289099648
2015-07-11,0.7759609921172048
2015-07-12,0.8111042513321987
2015-07-13,0.8124672357857907
2015-07-14,0.8108951647190695
2015-07-15,0.8063817226410909
2015-07-16,0.8003681231527011
2015-07-17,0.7968578222822584
2015-07-18,0.7977692420214515
2015-07-19,0.7945648208326574
2015-07-20,0.7903270413506143
2015-07-21,0.78482754138243
2015-07-22,0.7877206521685863
2015-07-23,0.783454405090721
2015-07-24,0.7783821360067442
2015-07-25,0.7801910559882868
2015-07-26,0.7805492319527143
2015-07-27,0.7825984254405743
2015-07-28,0.7781629606876179
2015-07-29,0.7778330237031675
2015-07-30,0.7768936086317999
2015-07-31,0.7873003585100862
2015-08-01,0.7823818361601202
2015-08-02,0.7975741525795985
2015-08-03,0.7969154718497994
2015-08-04,0.8008540137954793
2015-08-05,0.7985237534474586
2015-08-06,0.793497380635182
2015-08-07,0.7887813638792224
2015-08-08,0.7902818061538701
2015-08-09,0.7866072955849461
2015-08-10,0.7948262669303147
2015-08-11,0.7906597678224301
2015-08-12,0.787378153459775
2015-08-13,0.7829947413460588
2015-08-14,0.7795728600212719
2015-08-15,0.781980300813049
2015-08-16,0.8051730324139916
2015-08-17,0.805997635969932
2015-08-18,0.8053596772903481
2015-08-19,0.801773681216544
2015-08-20,0.8404088022976411
2015-08-21,0.8493974838325747
2015-08-22,0.847612982491846
2015-08-23,0.8428187245450002
2015-08-24,0.8464019859155931
2015-08-25,0.8417535093743448
2015-08-26,0.8464706769940431
2015-08-27,0.8434755675133031
2015-08-28,0.842912217639841
2015-08-29,0.8394359615755278
2015-08-30,0.8358858920161799
2015-08-31,0.8433476217503928
2015-09-01,0.840358179995639
2015-09-02,0.8408596332911706
2015-09-03,0.8471706645259361
2015-09-04,0.8431090798942276
2015-09-05,0.8404707017360091
2015-09-06,0.8476933902655893
2015-09-07,0.8469957323037194
2015-09-08,0.8503809620575473
2015-09-09,0.8498344007414645
2015-09-10,0.8496011507206002
2015-09-11,0.8463229470519258
2015-09-12,0.8455124526811453
2015-09-13,0.8423521158163425
2015-09-14,0.8403291461373129
2015-09-15,0.8378223085186972
2015-09-16,0.8465689855281282
2015-09-17,0.8437161193823287
2015-09-18,0.8601452270312787
2015-09-19,0.8572577630383497
2015-09-20,0.8599025394362847
2015-09-21,0.8628288333289269
2015-09-22,0.8695885032456199
2015-09-23,0.8683197233319032
2015-09-24,0.8974260892467086
2015-09-25,0.9222856549745018
2015-09-26,0.9207607280363248
2015-09-27,0.9190960444548898
2015-09-28,0.9158456323511601
2015-09-29,0.9245466046500296
2015-09-30,0.9297144966845247
2015-10-01,0.93247770949499
2015-10-02,0.929326038925656
2015-10-03,0.9273046619486599
2015-10-04,0.9304634215811344
2015-10-05,0.9287202600196856
2015-10-06,0.9259521470583908
2015-10-07,0.9420624641761891
2015-10-08,0.9390064916911611
2015-10-09,0.9614039659314557
2015-10-10,0.9624187640075208
2015-10-11,0.96103848444138
2015-10-12,0.9580154592498595
2015-10-13,0.9554059789762643
2015-10-14,0.9526341568628818
2015-10-15,0.9510341944492202
2015-10-16,0.948898951075485
2015-10-17,0.9463880619559581
2015-10-18,0.9491410007878056
2015-10-19,0.9467400197872637
2015-10-20,0.9663672525367453
2015-10-21,0.9725221428640993
2015-10-22,0.9793941140058786
2015-10-23,0.9806473279776236
2015-10-24,0.9779440474513883
2015-10-25,0.9753535515598587
2015-10-26,0.9733205095077887
2015-10-27,0.9736283406922083
2015-10-28,0.9721134639887523
2015-10-29,0.9704793151020317
2015-10-30,0.982354685114125
2015-10-31,0.9804382749761787
2015-11-01,0.978708639179464
2015-11-02,0.9890498553177823
2015-11-03,0.9998364856100979
2015-11-04,1.0030224222188893
2015-11-05,1.0015320154861673
2015-11-06,0.9993014922899326
2015-11-07,0.9968419446205767
2015-11-08,1.003130932579932
2015-11-09,1.0008681075455073
2015-11-10,1.0117608537685194
2015-11-11,1.018792786413115
2015-11-12,1.0166881063691207
2015-11-13,1.0145498281285585
2015-11-14,1.0207414717585266
2015-11-15,1.0225931482997024
2015-11-16,1.0475442130690682
2015-11-17,1.0638058170612747
2015-11-18,1.060637855745733
2015-11-19,1.081219970644236
2015-11-20,1.0853701018542508
2015-11-21,1.1009496106278966
2015-11-22,1.0973390823221139
2015-11-23,1.0986506857901457
2015-11-24,1.0994623288834693
2015-11-25,1.117704889640142
2015-11-26,1.1321546786635757
2015-11-27,1.1270085884776233
2015-11-28,1.128953032404352
2015-11-29,1.1267311483937448
2015-11-30,1.1416237051378062
2015-12-01,1.1374572803927754
2015-12-02,1.1333219642999022
2015-12-03,1.1328591696307764
2015-12-04,1.1277031746418011
2015-12-05,1.1349704449106157
2015-12-06,1.1495832928107148
2015-12-07,1.1522420795118808
2015-12-08,1.1776521470314125
2015-12-09,1.1767297184444874
2015-12-10,1.1710010032218239
2015-12-11,1.1829527003881641
2015-12-12,1.1761109250519883
2015-12-13,1.169333791390929
2015-12-14,1.1647989121528428
2015-12-15,1.1612561727199107
2015-12-16,1.1643143215830445
2015-12-17,1.1614594185057339
2015-12-18,1.1565553418891166
2015-12-19,1.15120113239032
2015-12-20,1.1465832230971171
2015-12-21,1.1420897057121038
2015-12-22,1.1435086634859537
2015-12-23,1.1458476734219079
2015-12-24,1.1427750600205235
2015-12-25,1.1364304940470933
2015-12-26,1.1322347523561889
2015-12-27,1.1315115477103035
2015-12-28,1.1259903693207305
2015-12-29,1.1271493160741448
2015-12-30,1.1264954303907493
2015-12-31,1.1196136471995888
2016-01-01,1.1132877911247876
2016-01-02,1.1207586331248727
2016-01-03,1.1282056712411628
2016-01-04,1.1247700585573843
2016-01-05,1.1180632258276682
2016-01-06,1.1114765107041382
2016-01-07,1.1043893524153625
2016-01-08,1.1016791028910942
2016-01-09,1.0973288295367765
2016-01-10,1.0900062919898914
2016-01-11,1.08351698069066
2016-01-12,1.0781805265850233
2016-01-13,1.0736246724252503
2016-01-14,1.0712847783789936
2016-01-15,1.0640200509729327
2016-01-16,1.0595396471699874
2016-01-17,1.0767539040349325
2016-01-18,1.06904298769924
2016-01-19,1.063191001817698
2016-01-20,1.0559941515203766
2016-01-21,1.0659332286552807
2016-01-22,1.0637380108914805
2016-01-23,1.0577923510733651
2016-01-24,1.0504912633597527
2016-01-25,1.0434795857851016
2016-01-26,1.0360034407933663
2016-01-27,1.0365028766733593
2016-01-28,1.047758009793097
2016-01-29,1.0395361141751065
2016-01-30,1.048078897539795
2016-01-31,1.040156696562752
2016-02-01,1.0335484548081544
2016-02-02,1.025975699856272
2016-02-03,1.0510096560987157
2016-02-04,1.0419749937219478
2016-02-05,1.0334231122874096
2016-02-06,1.0247690807736514
2016-02-07,1.021322221140916
2016-02-08,1.016995887437357
2016-02-09,1.0200227509927273
2016-02-10,1.011721098708287
2016-02-11,1.00773635359213
2016-02-12,1.0122202935912332
2016-02-13,1.0279349463211422
2016-02-14,1.0183191596356245
2016-02-15,1.018513465866036
2016-02-16,1.0107001292468205
2016-02-17,1.0170711293964358
2016-02-18,1.0112970419637515
2016-02-19,1.0094206389430174
2016-02-20,0.9998046744751394
2016-02-21,1.0123959816957437
2016-02-22,1.0023172266918103
2016-02-23,0.9948942546275833
2016-02-24,0.9852628370562156
2016-02-25,0.9756342543554806
2016-02-26,0.9690924233614294
2016-02-27,0.9676364857761399
2016-02-28,0.9969323403167096
2016-02-29,0.9885212227959708
2016-03-01,0.9854808609060399
2016-03-02,0.9811483836044006
2016-03-03,0.9709423297659535
2016-03-04,0.9828496183978767
2016-03-05,0.9749350820631122
2016-03-06,0.9744608496799672
2016-03-07,0.968931878677473
2016-03-08,0.9604121850552282
2016-03-09,0.9547687905661898
2016-03-10,0.9469152617973448
2016-03-11,0.9391668160934526
2016-03-12,0.9346376877732386
2016-03-13,0.9337526809304134
2016-03-14,0.9363318047833181
2016-03-15,0.9287954518218063
2016-03-16,0.9189817388657343
2016-03-17,0.9151510936981486
2016-03-18,0.9068177893437581
2016-03-19,0.8975905548966184
2016-03-20,0.8890387107711716
2016-03-21,0.891771101218019
2016-03-22,0.8845584665062523
2016-03-23,0.8755659970519655
2016-03-24,0.8672294333239163
2016-03-25,0.8664027630837765
2016-03-26,0.8595257183954778
2016-03-27,0.8512934386030333
2016-03-28,0.846446811761889
2016-03-29,0.8493213944017454
2016-03-30,0.8410244035987452
2016-03-31,0.8333991016132074
2016-04-01,0.8277812851420694
2016-04-02,0.8288160572650627
2016-04-03,0.8209875584477647
2016-04-04,0.8163832027752885
2016-04-05,0.8104396833474632
2016-04-06,0.8205719603177531
2016-04-07,0.8345559412239538
2016-04-08,0.8333472253390821
2016-04-09,0.8323006932023793
2016-04-10,0.8305890058846491
2016-04-11,0.8285217512024945
2016-04-12,0.8210381306474772
2016-04-13,0.8130846667285965
2016-04-14,0.816389271397492
2016-04-15,0.8303343860510176
2016-04-16,0.8224177020485253
2016-04-17,0.8171428192431432
2016-04-18,0.8151631185094931
2016-04-19,0.8103720478495103
2016-04-20,0.8130238162290818
2016-04-21,0.80543749141075
2016-04-22,0.7983922406321317
2016-04-23,0.793592903884085
2016-04-24,0.7863312554663185
2016-04-25,0.783849277387809
2016-04-26,0.7769266520845672
2016-04-27,0.7789989883363954
2016-04-28,0.7781519986474005
2016-04-29,0.771538016401572
2016-04-30,0.7688341875241419
2016-05-01,0.7629813416728094
2016-05-02,0.7648580484904335
2016-05-03,0.7592751258054199
2016-05-04,0.7542625957037745
2016-05-05,0.7608635216136952
2016-05-06,0.754856136521248
2016-05-07,0.7547820029884945
2016-05-08,0.7498734914262607
2016-05-09,0.7470070227198992
2016-05-10,0.741872290199269
2016-05-11,0.7362568902320319
2016-05-12,0.7334866492160194
2016-05-13,0.7293414062798877
2016-05-14,0.7248875455759033
2016-05-15,0.7267613626036483
2016-05-16,0.7231252573231881
2016-05-17,0.7194991567416208
2016-05-18,0.715235534936875
2016-05-19,0.7213718539381174
2016-05-20,0.7201971349572208
2016-05-21,0.7221524673621003
2016-05-22,0.7170935878245199
2016-05-23,0.7123872717907591
2016-05-24,0.709089153099552
2016-05-25,0.7050733203850768
2016-05-26,0.7135208188689199
2016-05-27,0.7142862884665138
2016-05-28,0.7110645142291706
2016-05-29,0.7062691350556278
2016-05-30,0.7041441113914049
2016-05-31,0.7050696504204602
2016-06-01,0.7005160296343526
2016-06-02,0.6965776099095152
2016-06-03,0.69246473557077
2016-06-04,0.6882619996254654
2016-06-05,0.6882965914161926
2016-06-06,0.6848992621688379
2016-06-07,0.7015573931131582
2016-06-08,0.7003031535304848
2016-06-09,0.7003567064562227
2016-06-10,0.7011289463960731
2016-06-11,0.7030628851346281
2016-06-12,0.7181117040931224
2016-06-13,0.7150010819406328
2016-06-14,0.7128424861586039
2016-06-15,0.7132102632582498
2016-06-16,0.7226566756330282
2016-06-17,0.7246677824472783
2016-06-18,0.720071148814059
2016-06-19,0.7203688803666014
2016-06-20,0.7158531494902417
2016-06-21,0.7202878027930488
2016-06-22,0.7264652753711062
2016-06-23,0.7218863351383296
2016-06-24,0.7197531273442279
2016-06-25,0.7154507451585871
2016-06-26,0.7125463497264009
2016-06-27,0.7161667994690282
2016-06-28,0.7138156254574483
2016-06-29,0.7163993565705753
2016-06-30,0.7164227635140377
2016-07-01,0.7122844276480723
2016-07-02,0.7120033990576258
2016-07-03,0.7102270890757337
2016-07-04,0.707087419303578
2016-07-05,0.7052220786830518
2016-07-06,0.7037822912026455
2016-07-07,0.7201405731574059
2016-07-08,0.7162241559882659
2016-07-09,0.71312255760929
2016-07-10,0.7103856696704588
2016-07-11,0.7072246121237473
2016-07-12,0.7138431446930733
2016-07-13,0.7099405207361398
2016-07-14,0.7141449879685832
2016-07-15,0.7251267044670571
2016-07-16,0.7274452825797997
2016-07-17,0.7232971475661771
2016-07-18,0.7196696245195197
2016-07-19,0.7175309453125489
2016-07-20,0.7180630493443918
2016-07-21,0.7145180574744238
2016-07-22,0.7128413839393387
2016-07-23,0.728296627957209
2016-07-24,0.7311558880227671
2016-07-25,0.7303778427163862
2016-07-26,0.7275332315861863
2016-07-27,0.7238194915621948
2016-07-28,0.7203031999083785
2016-07-29,0.723410928963084
2016-07-30,0.7198390692342793
2016-07-31,0.7163747726133973
2016-08-01,0.7185199173728861
2016-08-02,0.7173425250004999
2016-08-03,0.7269562548483819
2016-08-04,0.7403726848695321
2016-08-05,0.7405165714994214
2016-08-06,0.7375034991914607
2016-08-07,0.7345290349731477
2016-08-08,0.7353199083630405
2016-08-09,0.7427974816915324
2016-08-10,0.7395818023415583
2016-08-11,0.7369162724154826
2016-08-12,0.7355881151220758
2016-08-13,0.7327307894787505
2016-08-14,0.7353209613228867
2016-08-15,0.7327096251815064
2016-08-16,0.7308938277075879
2016-08-17,0.7367899769429096
2016-08-18,0.7370214400028114
2016-08-19,0.7342563895622095
2016-08-20,0.7493412833044862
2016-08-21,0.7577551613902699
2016-08-22,0.7550513470229561
2016-08-23,0.7527768941279047
2016-08-24,0.7583794230293697
2016-08-25,0.7557380940827364
2016-08-26,0.7533307393342981
2016-08-27,0.7507859515296783
2016-08-28,0.7678639868955474
2016-08-29,0.7786345380881572
2016-08-30,0.7776884110230738
2016-08-31,0.7755694209818729
2016-09-01,0.7755316361639434
2016-09-02,0.7728974766239447
2016-09-03,0.7729074896399862
2016-09-04,0.7716109096873337
2016-09-05,0.7706745709753381
2016-09-06,0.7724831551886567
2016-09-07,0.7710367571537005
2016-09-08,0.7758763573002544
2016-09-09,0.7744124518094943
2016-09-10,0.7749423481797355
2016-09-11,0.7735683423969888
2016-09-12,0.7729095425403912
2016-09-13,0.771476903332917
2016-09-14,0.7709797077815459
2016-09-15,0.7705570865436627
2016-09-16,0.7700101532989984
2016-09-17,0.7733142010628489
2016-09-18,0.7724712244387524
2016-09-19,0.7714076971156999
2016-09-20,0.7755555387969818
2016-09-21,0.7850577936463097
2016-09-22,0.7841896824364251
2016-09-23,0.7833935596327957
2016-09-24,0.7824964184897985
2016-09-25,0.7822210936162138
2016-09-26,0.7839756021544574
2016-09-27,0.7998591760275615
2016-09-28,0.798958582438965
2016-09-29,0.828029611607737
2016-09-30,0.8370675921522371
2016-10-01,0.8357241530903023
2016-10-02,0.8451248546746655
2016-10-03,0.8462306986573075
2016-10-04,0.8487284538048578
2016-10-05,0.8473576954085227
2016-10-06,0.8469375343099016
2016-10-07,0.8465495369190447
2016-10-08,0.8457861998227761
2016-10-09,0.84502223986106
2016-10-10,0.8454358963701916
2016-10-11,0.8461650041311644
2016-10-12,0.8537700923571935
2016-10-13,0.853320837847792
2016-10-14,0.8525805772111072
2016-10-15,0.85821378849854
2016-10-16,0.8581547791943734
2016-10-17,0.8635290393736526
2016-10-18,0.8630325639596195
2016-10-19,0.862454744061741
2016-10-20,0.8770838954942157
2016-10-21,0.8805546080569429
2016-10-22,0.8797593218984177
2016-10-23,0.88107389293187
2016-10-24,0.8855004775565282
2016-10-25,0.8847674130040998
2016-10-26,0.8959353533247202
2016-10-27,0.8952390245624634
2016-10-28,0.8967724145104464
2016-10-29,0.90096547396529
2016-10-30,0.9002160590816727
2016-10-31,0.9181129065308645
2016-11-01,0.9228148567625957
2016-11-02,0.9324597869125947
2016-11-03,0.931350630507452
2016-11-04,0.9470829387093057
2016-11-05,0.9520968704728341
2016-11-06,0.9515478081375282
2016-11-07,0.9502246913027965
2016-11-08,0.94879320231051
2016-11-09,0.954474940610104
2016-11-10,0.9726914436174173
2016-11-11,0.9714646004887616
2016-11-12,0.9703465947874024
2016-11-13,0.9686696155440594
2016-11-14,0.9669722942032539
2016-11-15,0.9671723759237822
2016-11-16,0.9659488781524678
2016-11-17,0.964336283002704
2016-11-18,0.964865067209516
2016-11-19,0.9705413717174701
2016-11-20,0.969468334782456
2016-11-21,0.9762137771231884
2016-11-22,0.9761354467521596
2016-11-23,0.9746692103344483
2016-11-24,0.982872762255639
2016-11-25,0.9826036407996424
2016-11-26,1.0045859666016344
2016-11-27,1.0117134862818418
2016-11-28,1.009672818157022
2016-11-29,1.0118307623040892
2016-11-30,1.0104129022069106
2016-12-01,1.0118107780952599
2016-12-02,1.0189114430066917
2016-12-03,1.0269315575380962
2016-12-04,1.0482946735790917
2016-12-05,1.0459506125515952
2016-12-06,1.0425919645312014
2016-12-07,1.0419786665919732
2016-12-08,1.0483654446593818
2016-12-09,1.0475458749767783
2016-12-10,1.0441695334938708
2016-12-11,1.041368851520766
2016-12-12,1.0378460716181837
2016-12-13,1.045292917895904
2016-12-14,1.044499912872417
2016-12-15,1.044891701035052
2016-12-16,1.041001351902097
2016-12-17,1.0441400236999323
2016-12-18,1.0430665406347128
2016-12-19,1.0392418203803557
2016-12-20,1.0481105517252778
2016-12-21,1.0437436875824644
2016-12-22,1.045889291052378
2016-12-23,1.0415936970528128
2016-12-24,1.0406455322896575
2016-12-25,1.0456768230865314
2016-12-26,1.0423305472539763
2016-12-27,1.051782900689016
2016-12-28,1.05178143910426
2016-12-29,1.0601731643497672
2016-12-30,1.0549066560502696
2016-12-31,1.0496209220798034
2017-01-01,1.0471386890210332
2017-01-02,1.0427580682095703
2017-01-03,1.0379307949730536
2017-01-04,1.0455270766519185
2017-01-05,1.0451501581911933
2017-01-06,1.053537357132259
2017-01-07,1.0514207310812316
2017-01-08,1.0493896832989493
2017-01-09,1.0767322267148878
2017-01-10,1.077518666371444
2017-01-11,1.0706184485156227
2017-01-12,1.078445169894969
2017-01-13,1.0722449991181056
2017-01-14,1.0811028921311963
2017-01-15,1.0776230222591343
2017-01-16,1.0809380741656816
2017-01-17,1.0790380370974675
2017-01-18,1.082061962334306
2017-01-19,1.0774344770550508
2017-01-20,1.0708673358167529
2017-01-21,1.066838162999916
2017-01-22,1.0713939514808524
2017-01-23,1.0768071779162174
2017-01-24,1.0727705622701325
2017-01-25,1.0652205246956425
2017-01-26,1.0612028434222127
2017-01-27,1.052811103497867
2017-01-28,1.044528842366984
2017-01-29,1.0375940500789462
2017-01-30,1.0306566212559478
2017-01-31,1.0233031593794557
2017-02-01,1.0153204909031137
2017-02-02,1.0084268203355475
2017-02-03,1.000847812635308
2017-02-04,0.995929300612502
2017-02-05,0.9963419164741525
2017-02-06,0.98850299543501
2017-02-07,0.9809740360007689
2017-02-08,0.9737368716724193
2017-02-09,0.9672611687921786
2017-02-10,0.9619893033959067
2017-02-11,0.9561956008179247
2017-02-12,0.9496022163072126
2017-02-13,0.9425115138215626
2017-02-14,0.9361063635573195
2017-02-15,0.9293148784458306
2017-02-16,0.9305199016204467
2017-02-17,0.9337320415841593
2017-02-18,0.9300671570916074
2017-02-19,0.922575048737776
2017-02-20,0.9163189461626828
2017-02-21,0.9183045977552493
2017-02-22,0.9109851909846494
2017-02-23,0.9186382275053996
2017-02-24,0.911173818070958
2017-02-25,0.9035591199822177
2017-02-26,0.8983313463582847
2017-02-27,0.8957311247565873
2017-02-28,0.8902625603895493
2017-03-01,0.8884299773554959
2017-03-02,0.8809746921070855
2017-03-03,0.8738633339196299
2017-03-04,0.8675714186149641
2017-03-05,0.8632884118091874
2017-03-06,0.8561600116377008
2017-03-07,0.8504453024678796
2017-03-08,0.8645360776427703
2017-03-09,0.8601471720093168
2017-03-10,0.852785450266096
2017-03-11,0.8466161898170269
2017-03-12,0.85219420960391
2017-03-13,0.850651602970128
2017-03-14,0.8480348567739688
2017-03-15,0.8448031258437942
2017-03-16,0.8386105455099089
2017-03-17,0.8315056040955587
2017-03-18,0.8298173689539189
2017-03-19,0.8264684221689108
2017-03-20,0.8211117621385323
2017-03-21,0.81595721455913
2017-03-22,0.8162333594292946
2017-03-23,0.8143376274381291
2017-03-24,0.8072855340559503
2017-03-25,0.8172764595421215
2017-03-26,0.8114657699356356
2017-03-27,0.8306148060889165
2017-03-28,0.8278405868304516
2017-03-29,0.8326268103843807
2017-03-30,0.8287263013768266
2017-03-31,0.8211201474889658
2017-04-01,0.8135017136909106
2017-04-02,0.8147063398456569
2017-04-03,0.8074055476115105
2017-04-04,0.8127167137394041
2017-04-05,0.8053995289062313
2017-04-06,0.8081331571007457
2017-04-07,0.8018565889244248
2017-04-08,0.7977168709354839
2017-04-09,0.7986821593372946
2017-04-10,0.7915258997908754
2017-04-11,0.8039320955476648
2017-04-12,0.7969638104180681
2017-04-13,0.7950760403051909
2017-04-14,0.7922125604021495
2017-04-15,0.785046855370076
2017-04-16,0.7847214739513096
2017-04-17,0.7819070511545504
2017-04-18,0.7749545468328903
2017-04-19,0.7681689562609302
2017-04-20,0.7692058701551291
2017-04-21,0.7630296321049769
2017-04-22,0.7665454582651662
2017-04-23,0.7676415575512984
2017-04-24,0.7617885410057045
2017-04-25,0.7583379677601538
2017-04-26,0.7706868853714999
2017-04-27,0.7694763583187013
2017-04-28,0.7674160814118876
2017-04-29,0.7632780159094184
2017-04-30,0.7590477662913876
2017-05-01,0.7596908374661808
2017-05-02,0.7635034376128301
2017-05-03,0.7598748792163347
2017-05-04,0.7555952973562811
2017-05-05,0.7508314264387537
2017-05-06,0.7448750309851486
2017-05-07,0.762556921631126
2017-05-08,0.756127341198852
2017-05-09,0.7515898326523657
2017-05-10,0.7481552222900062
2017-05-11,0.7437617644273422
2017-05-12,0.7407288743997769
2017-05-13,0.7462674559054879
2017-05-14,0.7585365313272857
2017-05-15,0.7526550885743262
2017-05-16,0.7476963098285365
2017-05-17,0.7491023810221278
2017-05-18,0.7471931506314899
2017-05-19,0.7454370544247807
2017-05-20,0.7436470496376143
2017-05-21,0.7379703184414
2017-05-22,0.7353846042148301
2017-05-23,0.7511708686904129
2017-05-24,0.7603689896825038
2017-05-25,0.7549444092301393
2017-05-26,0.7494146597167627
2017-05-27,0.7471484633307096
2017-05-28,0.7414262463452312
2017-05-29,0.7382910007616834
2017-05-30,0.7426867257007985
2017-05-31,0.7371451718371472
2017-06-01,0.7470029869658169
2017-06-02,0.7438044739119967
2017-06-03,0.7696156769108302
2017-06-04,0.7661807546849873
2017-06-05,0.76015493696736
2017-06-06,0.755121975854071
2017-06-07,0.7565512620231861
2017-06-08,0.7720539163817964
2017-06-09,0.7659983800775635
2017-06-10,0.7618980609054528
2017-06-11,0.7572870783150438
2017-06-12,0.7557455682929539
2017-06-13,0.7619125599975908
2017-06-14,0.7576631485075378
2017-06-15,0.759138188823187
2017-06-16,0.7535395641818798
2017-06-17,0.7657882202883052
2017-06-18,0.7600157158267907
2017-06-19,0.7593086046141371
2017-06-20,0.7615597462201599
2017-06-21,0.7634302053737604
2017-06-22,0.7637262512854358
2017-06-23,0.7586489524456722
2017-06-24,0.7628301416745481
2017-06-25,0.7622044120542036
2017-06-26,0.7591965554529871
2017-06-27,0.754853244735
2017-06-28,0.7641278379102765
2017-06-29,0.780051742235435
2017-06-30,0.790691431643912
2017-07-01,0.7846859216728618
2017-07-02,0.7817487949550069
2017-07-03,0.7813923790642897
2017-07-04,0.7799611108917901
2017-07-05,0.7743586366350285
2017-07-06,0.7736022964310116
2017-07-07,0.787655031357143
2017-07-08,0.7819152544617914
2017-07-09,0.7798564588171719
2017-07-10,0.7849166018364886
2017-07-11,0.7901526062544213
2017-07-12,0.7937565649826541
2017-07-13,0.7883898510041123
2017-07-14,0.7859348701945876
2017-07-15,0.7879254187931282
2017-07-16,0.7873164567815771
2017-07-17,0.7933627741399816
2017-07-18,0.78803825505954
2017-07-19,0.7894920166282234
2017-07-20,0.7893608437722183
2017-07-21,0.786546247106059
2017-07-22,0.7819475693436239
2017-07-23,0.7795656913989905
2017-07-24,0.7743763269275478
2017-07-25,0.7813977831624715
2017-07-26,0.7795372819743728
2017-07-27,0.7801995631892517
2017-07-28,0.7787494569589681
2017-07-29,0.7750964889035574
2017-07-30,0.7755363628523628
2017-07-31,0.7709852279958627
2017-08-01,0.7663493830247813
2017-08-02,0.7775382156094578
2017-08-03,0.7769783951828237
2017-08-04,0.7808296917814002
2017-08-05,0.7874161312184795
2017-08-06,0.7826312007173997
2017-08-07,0.7780287972846368
2017-08-08,0.7744530635421908
2017-08-09,0.7702447503742015
2017-08-10,0.7772469276190991
2017-08-11,0.7791858505749191
2017-08-12,0.7785467510852817
2017-08-13,0.7786082727264809
2017-08-14,0.7746376325607373
2017-08-15,0.774167552714663
2017-08-16,0.7720893925156217
2017-08-17,0.7753744863834602
2017-08-18,0.7786994735076579
2017-08-19,0.7751950162270891
2017-08-20,0.7732005074783345
2017-08-21,0.7715485358614311
2017-08-22,0.7702604685357531
2017-08-23,0.7677009591049065
2017-08-24,0.7800768217598392
2017-08-25,0.7916829493975504
2017-08-26,0.7894488161146958
2017-08-27,0.8182986128875404
2017-08-28,0.8200168887580471
2017-08-29,0.8263221030631731
2017-08-30,0.8277544037956172
2017-08-31,0.8275566343574268
2017-09-01,0.8252838726399213
2017-09-02,0.8349138220822485
2017-09-03,0.835316582543361
2017-09-04,0.8408762708669906
2017-09-05,0.8522167647975455
2017-09-06,0.8535661905595093
2017-09-07,0.8500490872014559
2017-09-08,0.8476082464814302
2017-09-09,0.8489201254689575
2017-09-10,0.8673660044617392
2017-09-11,0.8807607508644508
2017-09-12,0.8904330488841579
2017-09-13,0.8862462622927694
2017-09-14,0.9118075987043991
2017-09-15,0.9079888110419021
2017-09-16,0.9054314127729207
2017-09-17,0.9179775663511989
2017-09-18,0.9186775050351843
2017-09-19,0.9348098009700112
2017-09-20,0.9329673251627388
2017-09-21,0.9286553308396813
2017-09-22,0.9299625757829838
2017-09-23,0.9317693387692233
2017-09-24,0.9338810286314482
2017-09-25,0.9302929539457434
2017-09-26,0.929520479513894
2017-09-27,0.9257817367977477
2017-09-28,0.9224009973279692
2017-09-29,0.9192854585571704
2017-09-30,0.9163870001631158
2017-10-01,0.913440013639494
2017-10-02,0.9108280999287653
2017-10-03,0.9274383828252615
2017-10-04,0.9244677054073014
2017-10-05,0.933788221125854
2017-10-06,0.930754309476158
2017-10-07,0.9337032135152881
2017-10-08,0.9316089096609482
2017-10-09,0.9344984682228237
2017-10-10,0.9393229525971882
2017-10-11,0.9387159425245067
2017-10-12,0.9467794467050205
2017-10-13,0.9578326856764984
2017-10-14,0.9557119824630378
2017-10-15,0.9587672399972051
2017-10-16,0.9568659307770696
2017-10-17,0.9541907715442695
2017-10-18,0.9652746139219534
2017-10-19,0.9840746663773813
2017-10-20,0.9826084283809624
2017-10-21,0.9804889591928803
2017-10-22,0.9780419295569741
2017-10-23,0.9756037224981303
2017-10-24,0.97835197177102
2017-10-25,0.9800345572894713
2017-10-26,0.982978123232707
2017-10-27,0.9804869263416807
2017-10-28,0.9814743896522752
2017-10-29,0.995248809845173
2017-10-30,1.004264698373211
2017-10-31,1.006980136772798
2017-11-01,1.004698902720178
2017-11-02,1.0078367811198943
2017-11-03,1.005061602544946
2017-11-04,1.0070186962497418
2017-11-05,1.0058613150516607
2017-11-06,1.0047483866495452
2017-11-07,1.009467653213466
2017-11-08,1.0068123101172912
2017-11-09,1.011506083554136
2017-11-10,1.0111130280573999
2017-11-11,1.0139456190912934
2017-11-12,1.0112759056396774
2017-11-13,1.0131147648984173
2017-11-14,1.0157133339536524
2017-11-15,1.0162096396135747
2017-11-16,1.0286992505896588
2017-11-17,1.0304610309421705
2017-11-18,1.0275532709288437
2017-11-19,1.0358178706347045
2017-11-20,1.0338445437162327
2017-11-21,1.0383024852497356
2017-11-22,1.0423936093919548
2017-11-23,1.0651682785626988
2017-11-24,1.068874102267741
2017-11-25,1.0716182278463033
2017-11-26,1.0705931626429925
2017-11-27,1.0716411881950156
2017-11-28,1.069431133533858
2017-11-29,1.066710783839996
2017-11-30,1.1095885110380743
2017-12-01,1.1050230011798157
2017-12-02,1.102555554095024
2017-12-03,1.0978992304571003
2017-12-04,1.0934125104088002
2017-12-05,1.0897288193799783
2017-12-06,1.0884676285174133
2017-12-07,1.0896128990503129
2017-12-08,1.0946157275000508
2017-12-09,1.092640465009939
2017-12-10,1.089491997522447
2017-12-11,1.0850518949517265
2017-12-12,1.0815975385305931
2017-12-13,1.077498373552693
2017-12-14,1.0819694212608582
2017-12-15,1.0779863680453832
2017-12-16,1.077925043635589
2017-12-17,1.0731785849876043
2017-12-18,1.0720637355169134
2017-12-19,1.0679619341507092
2017-12-20,1.0719512802811435
2017-12-21,1.0685351885964927
2017-12-22,1.0636185208119948
2017-12-23,1.058771429191046
2017-12-24,1.0706964619943056
2017-12-25,1.070924306268598
2017-12-26,1.070629762135701
2017-12-27,1.071485924282819
2017-12-28,1.070404826444264
2017-12-29,1.0652527646524346
2017-12-30,1.0613227459771153
2017-12-31,1.0565045486218232
2018-01-01,1.052260891472452
2018-01-02,1.0526454751740537
2018-01-03,1.0532038465768017
2018-01-04,1.0523329080393902
2018-01-05,1.052935014923643
2018-01-06,1.0717324153168772
2018-01-07,1.0671730242677204
2018-01-08,1.0661735765191604
2018-01-09,1.0599841564197712
2018-01-10,1.0615636056091093
2018-01-11,1.068387595967923
2018-01-12,1.066588650932069
2018-01-13,1.0597803599013609
2018-01-14,1.0530852434341604
2018-01-15,1.0464423617410281
2018-01-16,1.0496090017475652
2018-01-17,1.0429659460272038
2018-01-18,1.0370355182510522
2018-01-19,1.0305386000705232
2018-01-20,1.0289434196913434
2018-01-21,1.0221896593024857
2018-01-22,1.0227042634956514
2018-01-23,1.0158143037641343
2018-01-24,1.0090042449918482
2018-01-25,1.024024191454875
2018-01-26,1.0172800876367822
2018-01-27,1.0298469307092217
2018-01-28,1.028260231307611
2018-01-29,1.0294498660812605
2018-01-30,1.0266733552294756
2018-01-31,1.0187520625753401
2018-02-01,1.0132608116833213
2018-02-02,1.0081061491301786
2018-02-03,1.0088367397688893
2018-02-04,1.007893774183496
2018-02-05,1.005007079181985
2018-02-06,1.0105071338244815
2018-02-07,1.0097164916915937
2018-02-08,1.0066600784013138
2018-02-09,0.9983430537367354
2018-02-10,0.9902665508950275
2018-02-11,0.9855215532958559
2018-02-12,1.008620964026117
2018-02-13,0.999973560293734
2018-02-14,0.9935482968687749
2018-02-15,0.9852325347800611
2018-02-16,0.9823105127697679
2018-02-17,0.9743301421165877
2018-02-18,0.9923857498865472
2018-02-19,0.9840041259628077
2018-02-20,0.9941137053945246
2018-02-21,0.9869774853715877
2018-02-22,0.991393425577856
2018-02-23,0.9842382415160289
2018-02-24,0.9754733954113344
2018-02-25,0.9661923902279083
2018-02-26,0.9589213528561412
2018-02-27,0.9507714640287195
2018-02-28,0.941786908119314
2018-03-01,0.9338197166780599
2018-03-02,0.9271275893493535
2018-03-03,0.9186142466164852
2018-03-04,0.9110045696293876
2018-03-05,0.9028386556432603
2018-03-06,0.8949660673543294
2018-03-07,0.8922176893929961
2018-03-08,0.8896997898622359
2018-03-09,0.8816569726418796
2018-03-10,0.875016130609726
2018-03-11,0.8685299861139419
2018-03-12,0.8623274163298212
2018-03-13,0.8774734781905932
2018-03-14,0.8707456401472375
2018-03-15,0.8745676298426869
2018-03-16,0.8947844396418503
2018-03-17,0.8978654971292528
2018-03-18,0.899100066392395
2018-03-19,0.8914649274133142
2018-03-20,0.8980761897860101
2018-03-21,0.8928599688559605
2018-03-22,0.8848388420092957
2018-03-23,0.8781796926609252
2018-03-24,0.8816572199718163
2018-03-25,0.8816519426343208
2018-03-26,0.8892599416034825
2018-03-27,0.8801431182738464
2018-03-28,0.8810284377121711
2018-03-29,0.8989588248914293
2018-03-30,0.8971066495403575
2018-03-31,0.8881634876124463
2018-04-01,0.8816641173135454
2018-04-02,0.8747099383469826
2018-04-03,0.8687934628733113
2018-04-04,0.8618322374287135
2018-04-05,0.8529554181896392
2018-04-06,0.8497655835757529
2018-04-07,0.8452914096464925
2018-04-08,0.8403971973031655
2018-04-09,0.8542916793880911
2018-04-10,0.8458475239131994
2018-04-11,0.8595903028104235
2018-04-12,0.8567221179607302
2018-04-13,0.852457897217084
2018-04-14,0.8438060898622244
2018-04-15,0.8478033587971725
2018-04-16,0.8423563168391105
2018-04-17,0.8341230849754911
2018-04-18,0.8260795989663704
2018-04-19,0.8192747020641762
2018-04-20,0.8112962719789955
2018-04-21,0.8041036190899434
2018-04-22,0.8032350911546094
2018-04-23,0.7965535886830198
2018-04-24,0.7962460511715777
2018-04-25,0.7924894948807156
2018-04-26,0.7869589191294352
2018-04-27,0.7834828036959385
2018-04-28,0.7799809453448983
2018-04-29,0.7761023899215662
2018-04-30,0.7745988944867843
2018-05-01,0.7889186260131108
2018-05-02,0.7824014146277374
2018-05-03,0.7754791878343305
2018-05-04,0.7693027078388444
2018-05-05,0.7845124044295843
2018-05-06,0.782432039026977
2018-05-07,0.7755005322307187
2018-05-08,0.7688502670484777
2018-05-09,0.7643776734096226
2018-05-10,0.7586667340547368
2018-05-11,0.752398949515027
2018-05-12,0.7555636855345939
2018-05-13,0.7496764594506211
2018-05-14,0.7489039924498191
2018-05-15,0.7429569164034727
2018-05-16,0.7432240874492057
2018-05-17,0.743027334183313
2018-05-18,0.7382194621675299
2018-05-19,0.7381297408398195
2018-05-20,0.7493798064510584
2018-05-21,0.7499732625258434
2018-05-22,0.7457974195598925
2018-05-23,0.7409455961108075
2018-05-24,0.7383522634080348
2018-05-25,0.7415232868753643
2018-05-26,0.7367209561716505
2018-05-27,0.7333283791734471
2018-05-28,0.728580781393837
2018-05-29,0.7234817056982056
2018-05-30,0.7199251193870507
2018-05-31,0.7153225422977686
2018-06-01,0.7105358463952421
2018-06-02,0.7058210507577777
2018-06-03,0.7056480101451388
2018-06-04,0.7017921445946557
2018-06-05,0.6979031711803578
2018-06-06,0.7056472421443176
2018-06-07,0.703753821763509
2018-06-08,0.7038756737196958
2018-06-09,0.70096615397379
2018-06-10,0.7084868184526073
2018-06-11,0.7053854325568948
2018-06-12,0.7063684541928076
2018-06-13,0.7032005777240805
2018-06-14,0.7002384128689203
2018-06-15,0.699732804129931
2018-06-16,0.7086693899587926
2018-06-17,0.7050101931925858
2018-06-18,0.7057975755854493
2018-06-19,0.7028724511717416
2018-06-20,0.6995827431742246
2018-06-21,0.700793391852659
2018-06-22,0.6982451379172668
2018-06-23,0.7068434103140825
2018-06-24,0.7095738978233799
2018-06-25,0.7052605002604058
2018-06-26,0.7022328369930918
2018-06-27,0.7106960007483454
2018-06-28,0.7173505279003226
2018-06-29,0.7132069150609465
2018-06-30,0.7091923992985971
2018-07-01,0.7077676563995233
2018-07-02,0.7063365612325602
2018-07-03,0.7030680557151519
2018-07-04,0.6992698593951086
2018-07-05,0.6982692382508955
2018-07-06,0.6968711417980187
2018-07-07,0.7014837267955086
2018-07-08,0.7022604818699314
2018-07-09,0.6985380810095717
2018-07-10,0.7042672384363875
2018-07-11,0.7057395917525822
2018-07-12,0.7019584607338211
2018-07-13,0.7018602049438288
2018-07-14,0.7009678233715664
2018-07-15,0.6983116399347922
2018-07-16,0.6985456180840968
2018-07-17,0.6996690299897365
2018-07-18,0.6991751921946651
2018-07-19,0.701291265996878
2018-07-20,0.7001191583515953
2018-07-21,0.7001775726758862
2018-07-22,0.6988797566781252
2018-07-23,0.6958966286542193
2018-07-24,0.6952342639671555
2018-07-25,0.7044045914074423
2018-07-26,0.7010474459818233
2018-07-27,0.6978434905373553
2018-07-28,0.6995409739307648
2018-07-29,0.6976109934908744
2018-07-30,0.6967714554164953
2018-07-31,0.6998405832147359
2018-08-01,0.6968072234144282
2018-08-02,0.7072473025377458
2018-08-03,0.7141584726952639
2018-08-04,0.7130556858513493
2018-08-05,0.7105726317105008
2018-08-06,0.711196072172765
2018-08-07,0.7161666677750872
2018-08-08,0.716064039153579
2018-08-09,0.7174309718778491
2018-08-10,0.7182810555369353
2018-08-11,0.7468347378773816
2018-08-12,0.7432955428780463
2018-08-13,0.7402167400276718
2018-08-14,0.7393573570009737
2018-08-15,0.7363978637300268
2018-08-16,0.7334803480239326
2018-08-17,0.7333481448458562
2018-08-18,0.7342099558288997
2018-08-19,0.7415981021351007
2018-08-20,0.7392766853912214
2018-08-21,0.7365236087546155
2018-08-22,0.7631522017762751
2018-08-23,0.7678791815770221
2018-08-24,0.7650335891588759
2018-08-25,0.7677428324904195
2018-08-26,0.7671991240468296
2018-08-27,0.764607713629771
2018-08-28,0.7745709918893319
2018-08-29,0.7790239737279079
2018-08-30,0.7761997523853683
2018-08-31,0.7769700519062147
2018-09-01,0.7741457468495081
2018-09-02,0.7868055127464637
2018-09-03,0.785801039483188
2018-09-04,0.7905295948426257
2018-09-05,0.7901042325052381
2018-09-06,0.7918006711447624
2018-09-07,0.7904884763541232
2018-09-08,0.7895634138579772
2018-09-09,0.7997566119829241
2018-09-10,0.7973017980573138
2018-09-11,0.7949134094644357
2018-09-12,0.8009685092033973
2018-09-13,0.7988093496067732
2018-09-14,0.798291807952213
2018-09-15,0.7993477736746721
2018-09-16,0.7972827763819168
2018-09-17,0.7966467244271085
2018-09-18,0.7948127701302373
2018-09-19,0.7972254418665791
2018-09-20,0.7992857430293202
2018-09-21,0.7979576886960569
2018-09-22,0.8189066731007012
2018-09-23,0.8173645808802684
2018-09-24,0.8161779986079859
2018-09-25,0.8319504771044338
2018-09-26,0.8393189071586681
2018-09-27,0.8726516059902503
2018-09-28,0.8702102784409712
2018-09-29,0.8686566467820876
2018-09-30,0.8671882009369343
2018-10-01,0.8664318954578125
2018-10-02,0.8643847333275205
2018-10-03,0.8772667888161205
2018-10-04,0.8800050445767971
2018-10-05,0.8826972046230424
2018-10-06,0.8820077942836052
2018-10-07,0.9061927239674259
2018-10-08,0.9072340337478346
2018-10-09,0.908140555275965
2018-10-10,0.906533843003999
2018-10-11,0.9086434960407287
2018-10-12,0.9105396023685305
2018-10-13,0.9085371132297617
2018-10-14,0.9096010257218524
2018-10-15,0.9084576409201254
2018-10-16,0.9185002957863339
2018-10-17,0.9225828618409809
2018-10-18,0.9206862936504502
2018-10-19,0.9193053310937265
2018-10-20,0.9395567635669736
2018-10-21,0.9389726226885525
2018-10-22,0.9369710539476467
2018-10-23,0.9386632767873064
2018-10-24,0.9715851476716592
2018-10-25,0.9691672074468123
2018-10-26,0.9727273626585667
2018-10-27,0.9716975743951644
2018-10-28,0.9694055026406018
2018-10-29,0.9676001668923676
2018-10-30,0.973672472363499
2018-10-31,0.9717760302196516
2018-11-01,0.9700219652035529
2018-11-02,0.9683868777606858
2018-11-03,0.9666511472112467
2018-11-04,0.96810986126133
2018-11-05,0.9661919341691837
2018-11-06,0.9662201690783709
2018-11-07,0.9659145549804898
2018-11-08,0.9645536262381775
2018-11-09,0.9642681628964461
2018-11-10,0.9633129946758704
2018-11-11,0.9674119941187699
2018-11-12,0.9661555562334325
2018-11-13,0.9730000525225695
2018-11-14,0.9795523078371569
2018-11-15,0.9790357819765415
2018-11-16,0.9786722709761108
2018-11-17,0.9767903736314815
2018-11-18,0.9750752512722669
2018-11-19,0.9751816761983872
2018-11-20,0.9810296601594932
2018-11-21,0.9812351453729222
2018-11-22,0.980014896297311
2018-11-23,0.9811187258890219
2018-11-24,0.9875916405243468
2018-11-25,1.0056779097413433
2018-11-26,1.005736984533519
2018-11-27,1.0041674323641427
2018-11-28,1.0076838296283026
2018-11-29,1.0204002560115946
2018-11-30,1.021893251825189
2018-12-01,1.0190451627149812
2018-12-02,1.0161887549765947
2018-12-03,1.0137981284073414
2018-12-04,1.0123685349197524
2018-12-05,1.0115182457517
2018-12-06,1.0121479135035631
2018-12-07,1.0103970184992397
2018-12-08,1.0105225835191451
2018-12-09,1.0205444935704664
2018-12-10,1.017583005676783
2018-12-11,1.024798106198613
2018-12-12,1.0275762109166309
2018-12-13,1.0310693876538206
2018-12-14,1.0274946862293912
2018-12-15,1.0278085555163905
2018-12-16,1.024243585146349
2018-12-17,1.0223841360058148
2018-12-18,1.0322420500788176
2018-12-19,1.02857647014411
2018-12-20,1.027065844643369
2018-12-21,1.0252156971407487
2018-12-22,1.0214073344060128
2018-12-23,1.038842106732707
2018-12-24,1.0363409064805478
2018-12-25,1.033593753153352
2018-12-26,1.0352533949676075
2018-12-27,1.0310326892943102
2018-12-28,1.0265173517765374
2018-12-29,1.0230496752343208
2018-12-30,1.0205229658958315
2018-12-31,1.0161923360768443
2019-01-01,1.015149163096227
2019-01-02,1.0473657166142258
2019-01-03,1.0446743992561636
2019-01-04,1.0520799007921735
2019-01-05,1.0590322332805087
2019-01-06,1.0532734980707812
2019-01-07,1.055842665822737
2019-01-08,1.0537976493039085
2019-01-09,1.0642267064255497
2019-01-10,1.0578340686179126
2019-01-11,1.0692186626688431
2019-01-12,1.0742456006070884
2019-01-13,1.0681998812478635
2019-01-14,1.0699599024030941
2019-01-15,1.0683330623239227
2019-01-16,1.0619194567434214
2019-01-17,1.0592713435713408
2019-01-18,1.052655860106535
2019-01-19,1.0569277387337885
2019-01-20,1.0534310122245367
2019-01-21,1.0557538190381273
2019-01-22,1.0488911616165573
2019-01-23,1.0412943938410388
2019-01-24,1.039435919078588
2019-01-25,1.0448736075517349
2019-01-26,1.0389962606939103
2019-01-27,1.0311953059363386
2019-01-28,1.0240365502562598
2019-01-29,1.0211208743372726
2019-01-30,1.01343167851718
2019-01-31,1.005952638383304
2019-02-01,0.9992000451893441
2019-02-02,0.9920716377847209
2019-02-03,0.9932404426546589
2019-02-04,0.9859139517978603
2019-02-05,0.9918988731741608
2019-02-06,0.9842129100739638
2019-02-07,0.9766187304747681
2019-02-08,0.9745303328193535
2019-02-09,0.9729381523239479
2019-02-10,0.9807021071567987
2019-02-11,0.9770650998033743
2019-02-12,0.9763164136951932
2019-02-13,0.9700680581534759
2019-02-14,0.9637846873180024
2019-02-15,0.9580248591825533
2019-02-16,0.9511220235447378
2019-02-17,0.9451439768793097
2019-02-18,0.9397653569156077
2019-02-19,0.9319902823095607
2019-02-20,0.928433743914142
2019-02-21,0.9208262850390353
2019-02-22,0.9134959378380408
2019-02-23,0.9102129861479565
2019-02-24,0.90387478823943
2019-02-25,0.9038638162025531
2019-02-26,0.9043824299927843
2019-02-27,0.8981361877770135
2019-02-28,0.8907894852476499
2019-03-01,0.8835178536183695
2019-03-02,0.8840979845878236
2019-03-03,0.8766505629147817
2019-03-04,0.8812906793284634
2019-03-05,0.8886435715962008
2019-03-06,0.8810453999541213
2019-03-07,0.8733851041748368
2019-03-08,0.8718605599869645
2019-03-09,0.8686167470238066
2019-03-10,0.8688520135874294
2019-03-11,0.8623227083183509
2019-03-12,0.8648122921807032
2019-03-13,0.8752858426401494
2019-03-14,0.8806011382024925
2019-03-15,0.8725111764658665
2019-03-16,0.8752948378264344
2019-03-17,0.8675349698151082
2019-03-18,0.8770778940393329
2019-03-19,0.8743515906102894
2019-03-20,0.8735800240777037
2019-03-21,0.8658516816737437
2019-03-22,0.8582611200096507
2019-03-23,0.8625826865801999
2019-03-24,0.8548155112511047
2019-03-25,0.8470538531015891
2019-03-26,0.8451418588496633
2019-03-27,0.8388692743242897
2019-03-28,0.831007411242923
2019-03-29,0.8256774092548242
2019-03-30,0.8184165070840017
2019-03-31,0.8118005003435361
2019-04-01,0.8048776207262103
2019-04-02,0.8034718548181723
2019-04-03,0.8049567003197109
2019-04-04,0.801488792457653
2019-04-05,0.8092133353557139
2019-04-06,0.8028899800239278
2019-04-07,0.7956582347654337
2019-04-08,0.7900506397994483
2019-04-09,0.7854488009427901
2019-04-10,0.7796909787804212
2019-04-11,0.772908819167209
2019-04-12,0.7702760751113237
2019-04-13,0.7665358848159775
2019-04-14,0.7629089303633875
2019-04-15,0.7570673654818044
2019-04-16,0.7516152386790231
2019-04-17,0.7472414378061187
2019-04-18,0.7425954690087809
2019-04-19,0.7370825666348175
2019-04-20,0.7313447928549662
2019-04-21,0.7331594362414374
2019-04-22,0.7329740550174085
2019-04-23,0.7438021398900928
2019-04-24,0.7500479763742192
2019-04-25,0.744548350473984
2019-04-26,0.7397037792720822
2019-04-27,0.7359321118817715
2019-04-28,0.7325846049773167
2019-04-29,0.7304711696956363
2019-04-30,0.7248347913001425
2019-05-01,0.7200292056873798
2019-05-02,0.7210440880224399
2019-05-03,0.7247141740959924
2019-05-04,0.7218006603117377
2019-05-05,0.7164955596567115
2019-05-06,0.7112674878979063
2019-05-07,0.7125763854880679
2019-05-08,0.7088053255302349
2019-05-09,0.706327407042981
2019-05-10,0.7016926267547747
2019-05-11,0.6971177553526586
2019-05-12,0.6925271389872949
2019-05-13,0.6953403415657482
2019-05-14,0.6907172805232015
2019-05-15,0.694128194959947
2019-05-16,0.7019318667791725
2019-05-17,0.7068896065483861
2019-05-18,0.7020412883188886
2019-05-19,0.6973046232505784
2019-05-20,0.6928738328750045
2019-05-21,0.6901182207403338
2019-05-22,0.688732059288803
2019-05-23,0.6860448220311616
2019-05-24,0.6826073335350857
2019-05-25,0.6807342608447235
2019-05-26,0.6767149609985444
2019-05-27,0.677707482859087
2019-05-28,0.678276175049703
2019-05-29,0.6770671268656056
2019-05-30,0.6754578502690539
2019-05-31,0.6946020209567615
2019-06-01,0.6943529368799708
2019-06-02,0.6915536353232938
2019-06-03,0.69190501123095
2019-06-04,0.6877767533891508
2019-06-05,0.6874743979103957
2019-06-06,0.6857318282143979
2019-06-07,0.6826607663411429
2019-06-08,0.6893008708585624
2019-06-09,0.732736899996272
2019-06-10,0.7287300186574948
2019-06-11,0.724710503946997
2019-06-12,0.7210316662526269
2019-06-13,0.7178463955792601
2019-06-14,0.7149994946362682
2019-06-15,0.7161272771618341
2019-06-16,0.7123922512274995
2019-06-17,0.7091362888440202
2019-06-18,0.7052075318568105
2019-06-19,0.7010075985206005
2019-06-20,0.6990387505696631
2019-06-21,0.6949876545242966
2019-06-22,0.6909739448717931
2019-06-23,0.7017132239475583
2019-06-24,0.7028601752124336
2019-06-25,0.7013809972735684
2019-06-26,0.6977514478858987
2019-06-27,0.6974087641907776
2019-06-28,0.6972470488039343
2019-06-29,0.6972762211420603
2019-06-30,0.7065655530145879
2019-07-01,0.7221884761673247
2019-07-02,0.7233883288106948
2019-07-03,0.7238574732061968
2019-07-04,0.7194934837357874
2019-07-05,0.7255855378280351
2019-07-06,0.7211219601616576
2019-07-07,0.7227934838689231
2019-07-08,0.7218542927655054
2019-07-09,0.7177366362382956
2019-07-10,0.714992493579787
2019-07-11,0.7128108328500733
2019-07-12,0.7103841000835346
2019-07-13,0.7125344605645544
2019-07-14,0.7116937738161608
2019-07-15,0.7078015226089736
2019-07-16,0.7091894016356322
2019-07-17,0.7055980293087791
2019-07-18,0.7162256143879601
2019-07-19,0.7147443067580511
2019-07-20,0.7160596252423419
2019-07-21,0.7213306833725336
2019-07-22,0.717981807914146
2019-07-23,0.7144039375742138
2019-07-24,0.7180342188526924
2019-07-25,0.7157145664570885
2019-07-26,0.71400958926024
2019-07-27,0.7160604412774951
2019-07-28,0.7183214477315751
2019-07-29,0.7147566836634947
2019-07-30,0.715862946868831
2019-07-31,0.716037074549705
2019-08-01,0.713067734965931
2019-08-02,0.7168229655224736
2019-08-03,0.7166003518048073
2019-08-04,0.71451942992881
2019-08-05,0.7113513304443148
2019-08-06,0.7184908096343001
2019-08-07,0.7226940644048195
2019-08-08,0.7196928535086703
2019-08-09,0.7224705567211793
2019-08-10,0.7218422614268913
2019-08-11,0.7418398600229686
2019-08-12,0.7463872409632282
2019-08-13,0.7429092409120933
2019-08-14,0.7410395944079069
2019-08-15,0.737836940918447
2019-08-16,0.7374288869741606
2019-08-17,0.7345474711237854
2019-08-18,0.7403426391184293
2019-08-19,0.7401421776618161
2019-08-20,0.744217353626996
2019-08-21,0.7421331727372898
2019-08-22,0.7410048388866838
2019-08-23,0.7400846345910885
2019-08-24,0.738610586779008
2019-08-25,0.7371611567792908
2019-08-26,0.7347326090111195
2019-08-27,0.7354552172651972
2019-08-28,0.7341819345743521
2019-08-29,0.7335773424582723
2019-08-30,0.7316053658485466
2019-08-31,0.7306267745588291
2019-09-01,0.7288459914549233
2019-09-02,0.7271080985314455
2019-09-03,0.7256960477126415
2019-09-04,0.7295346496767074
2019-09-05,0.7304199590958308
2019-09-06,0.731336174918469
2019-09-07,0.733059970850109
2019-09-08,0.7405114785762466
2019-09-09,0.7494614209035854
2019-09-10,0.7519562832783473
2019-09-11,0.7615520384903711
2019-09-12,0.7656830530310356
2019-09-13,0.764084617343953
2019-09-14,0.7650098605051834
2019-09-15,0.7651518923406291
2019-09-16,0.7842974521090412
2019-09-17,0.7828300173359859
2019-09-18,0.7986184032487318
2019-09-19,0.797822275617296
2019-09-20,0.7972812039484269
2019-09-21,0.7964553144034331
2019-09-22,0.8081452148853843
2019-09-23,0.8126903752185713
2019-09-24,0.8134687215533356
2019-09-25,0.8150754337030208
2019-09-26,0.8153370583849343
2019-09-27,0.8162449939967827
2019-09-28,0.8152405990661137
2019-09-29,0.8256244943012759
2019-09-30,0.8242703416118042
2019-10-01,0.8272752058639811
2019-10-02,0.8427234028885553
2019-10-03,0.849181660692804
2019-10-04,0.8653361382067448
2019-10-05,0.865280558237728
2019-10-06,0.8635796015975521
2019-10-07,0.8619943533461423
2019-10-08,0.8624867208409955
2019-10-09,0.8675678580662477
2019-10-10,0.8666113746811304
2019-10-11,0.8666084665599575
2019-10-12,0.8882676157051483
2019-10-13,0.8869251096547324
2019-10-14,0.8857172462716119
2019-10-15,0.8849683879552018
2019-10-16,0.8838980971740269
2019-10-17,0.8890383579855473
2019-10-18,0.8881949528247512
2019-10-19,0.891065170585218
2019-10-20,0.8920661866447133
2019-10-21,0.9021092315468009
2019-10-22,0.9013137714378235
2019-10-23,0.901349363462966
2019-10-24,0.9039107045665462
2019-10-25,0.9045748683351463
2019-10-26,0.9113537335125221
2019-10-27,0.9343128545598742
2019-10-28,0.9328585651526844
2019-10-29,0.9323609585697311
2019-10-30,0.942586540851261
2019-10-31,0.9557029094668062
2019-11-01,0.9549338695710294
2019-11-02,0.955777594645414
2019-11-03,0.9542159839282253
2019-11-04,0.95371865763579
2019-11-05,0.9552209060818379
2019-11-06,0.954067077705504
2019-11-07,0.9825572872809557
2019-11-08,0.9805328813446744
2019-11-09,0.9786315747883242
2019-11-10,0.9896674542471076
2019-11-11,0.9880452683885018
2019-11-12,0.9896982866378452
2019-11-13,0.9913314440674081
2019-11-14,0.9891635034718769
2019-11-15,0.9897249921424406
2019-11-16,0.9906369838888965
2019-11-17,0.9968437116639621
2019-11-18,0.9950925394290098
2019-11-19,0.9983748725115493
2019-11-20,0.9962783830400568
2019-11-21,1.0380348472572865
2019-11-22,1.0360981725614617
2019-11-23,1.033452567461482
2019-11-24,1.03511140436077
2019-11-25,1.0320618170293403
2019-11-26,1.0430723309603402
2019-11-27,1.0398736781652467
2019-11-28,1.0367638680420677
2019-11-29,1.033597769834917
2019-11-30,1.0305729579907748
2019-12-01,1.0348440721236947
2019-12-02,1.0490749790678644
2019-12-03,1.0497475404893126
2019-12-04,1.0479450573897344
2019-12-05,1.0448451704831037
2019-12-06,1.0444496657175746
2019-12-07,1.0567254814781841
2019-12-08,1.0537800954962304
2019-12-09,1.0725819248999195
2019-12-10,1.0682857903923297
2019-12-11,1.0640358303017579
2019-12-12,1.060293461087608
2019-12-13,1.0575535099168345
2019-12-14,1.0552991109133383
2019-12-15,1.0528473534290488
2019-12-16,1.061535546444347
2019-12-17,1.0576418630399889
2019-12-18,1.0546009925910145
2019-12-19,1.0505645692430885
2019-12-20,1.0466893212289554
2019-12-21,1.0433789833815788
2019-12-22,1.0395782460195724
2019-12-23,1.0361458711069178
2019-12-24,1.0317912008856565
2019-12-25,1.028563955658404
2019-12-26,1.032559042110892
2019-12-27,1.0305363648460157
2019-12-28,1.0294789586816964
2019-12-29,1.0270636942860736
2019-12-30,1.0265520560908177
2019-12-31,1.0259302760010316
2020-01-01,1.0212900847852011
2020-01-02,1.0201946150960497
2020-01-03,1.0169209947994644
2020-01-04,1.014612469871043
2020-01-05,1.0144367052619334
2020-01-06,1.01483792087494
2020-01-07,1.0116775217365677
2020-01-08,1.006773909208414
2020-01-09,1.0040277957669974
2020-01-10,1.00010535174735
2020-01-11,0.9954695352720586
2020-01-12,0.997145169923086
2020-01-13,0.9958595299370232
2020-01-14,0.9918637506684614
2020-01-15,1.00219939587183
2020-01-16,1.0037686944347584
2020-01-17,0.9986845596495446
2020-01-18,0.9932656009092458
2020-01-19,0.988515060172821
2020-01-20,0.9837511193980627
2020-01-21,0.9785515368325243
2020-01-22,0.9737870302961378
2020-01-23,0.9690374156918259
2020-01-24,0.9646081030998228
2020-01-25,0.9593075126837041
2020-01-26,0.9541139775040692
2020-01-27,0.9485050221378155
2020-01-28,0.9434980575912625
2020-01-29,0.9381618104422563
2020-01-30,0.9337812624124563
2020-01-31,0.9384927468443347
2020-02-01,0.9348964495237608
2020-02-02,0.9357440812281025
2020-02-03,0.933859186649486
2020-02-04,0.9280636050732578
2020-02-05,0.922604179267263
2020-02-06,0.9196330016468448
2020-02-07,0.9141470783786018
2020-02-08,0.921807249119356
2020-02-09,0.921859997180425
2020-02-10,0.951330330444395
2020-02-11,0.9493329436515905
2020-02-12,0.9496583042290165
2020-02-13,0.9503804668999369
2020-02-14,0.9460244113939942
2020-02-15,0.9543024114739596
2020-02-16,0.9741562875310813
2020-02-17,0.9822259302715916
2020-02-18,0.9823455076704047
2020-02-19,0.9749591053629048
2020-02-20,0.9663655150164734
2020-02-21,0.9623441929924615
2020-02-22,0.9591553629187983
2020-02-23,0.9749123340621887
2020-02-24,0.9659965904588454
2020-02-25,0.9575667453519636
2020-02-26,0.9740682494197912
2020-02-27,0.9939111020073002
2020-02-28,0.9841771391143341
2020-02-29,0.9791202829114944
2020-03-01,0.9750423386487762
2020-03-02,0.9752498909528651
2020-03-03,0.9756255548748913
2020-03-04,0.968698109756476
2020-03-05,0.9600674035047206
2020-03-06,0.952062921293469
2020-03-07,0.9486079324218406
2020-03-08,0.9456455747336004
2020-03-09,0.9563154463988481
2020-03-10,0.9535884156391911
2020-03-11,0.9592220948794012
2020-03-12,0.950251832179632
2020-03-13,0.9605007271381183
2020-03-14,0.950085181180915
2020-03-15,0.95020290820565
2020-03-16,0.959079534713863
2020-03-17,0.9526810802736076
2020-03-18,0.9445270071805814
2020-03-19,0.9355556233627937
2020-03-20,0.9437948177907459
2020-03-21,0.9332479786323982
2020-03-22,0.923419776610441
2020-03-23,0.9135665797041007
2020-03-24,0.9039072225263335
2020-03-25,0.894534619797479
2020-03-26,0.8855908597653374
2020-03-27,0.8772561217334205
2020-03-28,0.8683941109921234
2020-03-29,0.8602301316453481
2020-03-30,0.8578171291329353
2020-03-31,0.8508638025067381
2020-04-01,0.8450488043114224
2020-04-02,0.8445560982312736
2020-04-03,0.8448540775874789
2020-04-04,0.8365961991213572
2020-04-05,0.8313751505751492
2020-04-06,0.8249867842162388
2020-04-07,0.8173775489506993
2020-04-08,0.8178760781576613
2020-04-09,0.8101473751510395
2020-04-10,0.8025300405010823
2020-04-11,0.796749089305529
2020-04-12,0.7977364846299033
2020-04-13,0.7921837874729782
2020-04-14,0.801994678327556
2020-04-15,0.7958535295364155
2020-04-16,0.7938811306890616
2020-04-17,0.7877454383521413
2020-04-18,0.7939612590419495
2020-04-19,0.7879117714000252
2020-04-20,0.7807660461678753
2020-04-21,0.773801437770614
2020-04-22,0.7774708603010567
2020-04-23,0.7705864313364027
2020-04-24,0.7724614069839967
2020-04-25,0.7735624996954279
2020-04-26,0.7691522055752984
2020-04-27,0.7682116445756848
2020-04-28,0.761631506503707
2020-04-29,0.7594078818453803
2020-04-30,0.753110023187567
2020-05-01,0.7474142836492331
2020-05-02,0.7417065458874187
2020-05-03,0.7366090156552745
2020-05-04,0.7310842742477041
2020-05-05,0.7266530238851698
2020-05-06,0.7211736211246299
2020-05-07,0.7162238300796347
2020-05-08,0.7110496221515166
2020-05-09,0.7087147367117906
2020-05-10,0.7174381771116451
2020-05-11,0.7157465656604027
2020-05-12,0.7168739668688802
2020-05-13,0.7116962536072177
2020-05-14,0.7096724112475193
2020-05-15,0.705177344445694
2020-05-16,0.7070727501515031
2020-05-17,0.7043330988582174
2020-05-18,0.702183845891014
2020-05-19,0.6974825735597275
2020-05-20,0.6931233670757864
2020-05-21,0.7144209458322724
2020-05-22,0.7174815365959346
2020-05-23,0.7340601883626173
2020-05-24,0.7295780401956957
2020-05-25,0.7333596711614663
2020-05-26,0.7280528274117735
2020-05-27,0.7518326453788488
2020-05-28,0.7494525903697271
2020-05-29,0.7442814541894127
2020-05-30,0.745862656135698
2020-05-31,0.7418193456059234
2020-06-01,0.7368888802513358
2020-06-02,0.7315538152895318
2020-06-03,0.7387126440051077
2020-06-04,0.7333899370351248
2020-06-05,0.7284566558483166
2020-06-06,0.7253734833810717
2020-06-07,0.7256887927611008
2020-06-08,0.7214553642723469
2020-06-09,0.720577915517792
2020-06-10,0.7217518284900156
2020-06-11,0.7170877142168705
2020-06-12,0.7213754835658511
2020-06-13,0.7168728486047149
2020-06-14,0.7167189175097547
2020-06-15,0.7152263597232462
2020-06-16,0.7142736441097864
2020-06-17,0.7277142720629524
2020-06-18,0.7229399310837843
2020-06-19,0.719040614981526
2020-06-20,0.7177711237705752
2020-06-21,0.7151390677743237
2020-06-22,0.7248707145430563
2020-06-23,0.7224488804406909
2020-06-24,0.7303893442725986
2020-06-25,0.7268193715308299
2020-06-26,0.7291451019240074
2020-06-27,0.7247445713755051
2020-06-28,0.7218322189813419
2020-06-29,0.7228008394122946
2020-06-30,0.7235360689277899
2020-07-01,0.7312457508034099
2020-07-02,0.728448773385151
2020-07-03,0.7262971072808679
2020-07-04,0.7226374418685839
2020-07-05,0.7435842745162452
2020-07-06,0.7487410770862445
2020-07-07,0.7487568218370233
2020-07-08,0.7440188236745073
2020-07-09,0.740250350482457
2020-07-10,0.7579186833545575
2020-07-11,0.7614561060831069
2020-07-12,0.7577919157818518
2020-07-13,0.7527751816225179
2020-07-14,0.750172056913021
2020-07-15,0.7458539956498814
2020-07-16,0.7457651976184569
2020-07-17,0.7478904229405445
2020-07-18,0.7484208853064042
2020-07-19,0.7438935456664838
2020-07-20,0.73946657013816
2020-07-21,0.7355795875861022
2020-07-22,0.7314997111441637
2020-07-23,0.7299986036075722
2020-07-24,0.7260261031656983
2020-07-25,0.7261873028525224
2020-07-26,0.7254082779099392
2020-07-27,0.7299661848902064
2020-07-28,0.7263803575775731
2020-07-29,0.7350907066361317
2020-07-30,0.7365777987614458
2020-07-31,0.7329269225491775
2020-08-01,0.7510660240022847
2020-08-02,0.759553738241298
2020-08-03,0.7576647131508276
2020-08-04,0.7543766060249915
2020-08-05,0.753140036081886
2020-08-06,0.7589126782194693
2020-08-07,0.7604861845543424
2020-08-08,0.7588109906856663
2020-08-09,0.7586811942637987
2020-08-10,0.7564644034866157
2020-08-11,0.7566860517959324
2020-08-12,0.7531428212252366
2020-08-13,0.7515941635414953
2020-08-14,0.7481194936519323
2020-08-15,0.7474895289169339
2020-08-16,0.7501068852225627
2020-08-17,0.7472603027022016
2020-08-18,0.747396711408457
2020-08-19,0.7448091780321849
2020-08-20,0.7500079291684678
2020-08-21,0.750263067742068
2020-08-22,0.7536416154384874
2020-08-23,0.7566321915002272
2020-08-24,0.753716606102761
2020-08-25,0.7676724201447586
2020-08-26,0.7678745059325061
2020-08-27,0.772364939133134
2020-08-28,0.7694633208397152
2020-08-29,0.7673750753713661
2020-08-30,0.7688017666884013
2020-08-31,0.7680918621438799
2020-09-01,0.7730210875436505
2020-09-02,0.7704324319696008
2020-09-03,0.773983916973723
2020-09-04,0.7790670350664828
2020-09-05,0.7783941372628106
2020-09-06,0.7770990543547972
2020-09-07,0.7795288363157805
2020-09-08,0.7777721739568912
2020-09-09,0.7853313686737025
2020-09-10,0.7855408137333952
2020-09-11,0.7855071600781822
2020-09-12,0.783963797897684
2020-09-13,0.7886793352941427
2020-09-14,0.7913535829896539
2020-09-15,0.8022049380791514
2020-09-16,0.8092324995081136
2020-09-17,0.8126341827079335
2020-09-18,0.8160570928750177
2020-09-19,0.8249046277274537
2020-09-20,0.8228306879283961
2020-09-21,0.8232459570633919
2020-09-22,0.8378712929125391
2020-09-23,0.840067910526347
2020-09-24,0.8438956890822281
2020-09-25,0.8515946155574227
2020-09-26,0.8578129769928791
2020-09-27,0.856004757867825
2020-09-28,0.8550670354868101
2020-09-29,0.855342693855121
2020-09-30,0.853444872901192
2020-10-01,0.8528253436482154
2020-10-02,0.8604534010079072
2020-10-03,0.8587214121881395
2020-10-04,0.8767025351616149
2020-10-05,0.8763681083507238
2020-10-06,0.8758776541090191
2020-10-07,0.8742854185087123
2020-10-08,0.8729585867204541
2020-10-09,0.8734560576829395
2020-10-10,0.87200887681484
2020-10-11,0.8708864087131986
2020-10-12,0.870733606272036
2020-10-13,0.8805374844031426
2020-10-14,0.8796390205957456
2020-10-15,0.8889312712092869
2020-10-16,0.8887160265472047
2020-10-17,0.897514452929213
2020-10-18,0.8973650949348693
2020-10-19,0.9016931543814967
2020-10-20,0.9080077033415983
2020-10-21,0.9138997845161916
2020-10-22,0.914127927257475
2020-10-23,0.9287809423266002
2020-10-24,0.928060223747298
2020-10-25,0.9284239970022399
2020-10-26,0.9311522443595507
2020-10-27,0.9300878147699715
2020-10-28,0.9360914707773936
2020-10-29,0.9373755721653625
2020-10-30,0.9362431781173042
2020-10-31,0.9348958124831563
2020-11-01,0.9353031310313722
2020-11-02,0.943958162557255
2020-11-03,0.9628905054493795
2020-11-04,0.9612743842208802
2020-11-05,0.9597987359016019
2020-11-06,0.9587268545046592
2020-11-07,0.9672227760229666
2020-11-08,0.9741690968361613
2020-11-09,0.9730105291136019
2020-11-10,0.971659065248601
2020-11-11,0.9729733955923877
2020-11-12,0.9789687936707964
2020-11-13,0.9798499401730643
2020-11-14,0.9781506771371712
2020-11-15,0.9781734036943748
2020-11-16,0.9894031155369185
2020-11-17,0.9885930846932209
2020-11-18,0.9888301279699527
2020-11-19,0.990542847208507
2020-11-20,0.9965086079166714
2020-11-21,1.0034035997991342
2020-11-22,1.0242006907237127
2020-11-23,1.0213739805347721
2020-11-24,1.0188820802399319
2020-11-25,1.01825301942953
2020-11-26,1.0171831055008353
2020-11-27,1.0164948044406972
2020-11-28,1.0439677655104793
2020-11-29,1.0409673224101608
2020-11-30,1.0611792133822164
2020-12-01,1.0597222244082565
2020-12-02,1.0633991211165117
2020-12-03,1.0646927418543732
2020-12-04,1.0685914666919694
2020-12-05,1.0647358850214033
2020-12-06,1.0630971546694756
2020-12-07,1.0615585287371345
2020-12-08,1.0580405305025666
2020-12-09,1.062402322178492
2020-12-10,1.0609084844080767
2020-12-11,1.0635558984581335
2020-12-12,1.0617149237929628
2020-12-13,1.057863675247369
2020-12-14,1.0563674153248854
2020-12-15,1.0568611930742504
2020-12-16,1.0552047837679772
2020-12-17,1.0509261090920368
2020-12-18,1.0475507879492882
2020-12-19,1.0439618785434595
2020-12-20,1.0398852257644795
2020-12-21,1.0357454235640147
2020-12-22,1.0318678114604511
2020-12-23,1.0276311763474235
2020-12-24,1.0447997080173097
2020-12-25,1.0401099973862773
2020-12-26,1.0433444800084948
2020-12-27,1.047480479268558
2020-12-28,1.0693426696142392
2020-12-29,1.0900695653882961
2020-12-30,1.0946521433932561
2020-12-31,1.090720532948162
2021-01-01,1.0847626029703437
2021-01-02,1.1184078084792093
2021-01-03,1.1112505227465743
2021-01-04,1.1065614607524668
2021-01-05,1.09972142047966
2021-01-06,1.092760618584689
2021-01-07,1.0868802439552354
2021-01-08,1.0844757680049255
2021-01-09,1.0793238327315304
2021-01-10,1.0898052178034436
2021-01-11,1.0861660253324523
2021-01-12,1.0868737499445273
2021-01-13,1.0798358105609975
2021-01-14,1.079911347184947
2021-01-15,1.0821559168043744
2021-01-16,1.0831851928960516
2021-01-17,1.0818319987244143
2021-01-18,1.0740007940259626
2021-01-19,1.0665471081264162
2021-01-20,1.0591166787832942
2021-01-21,1.0681701351604784
2021-01-22,1.0717903717463593
2021-01-23,1.0636040075407576
2021-01-24,1.0581587941938715
2021-01-25,1.0901357051786433
2021-01-26,1.083107471513149
2021-01-27,1.07619854448592
2021-01-28,1.0672976486376828
2021-01-29,1.0686226465408304
2021-01-30,1.063155567777103
2021-01-31,1.0739601264059309
2021-02-01,1.0649009624973764
2021-02-02,1.057891776788607
2021-02-03,1.0683880861543151
2021-02-04,1.0789147281002014
2021-02-05,1.0694450441109409
2021-02-06,1.0617737071742988
2021-02-07,1.0556856600235909
2021-02-08,1.052168631252693
2021-02-09,1.045101702845524
2021-02-10,1.0358699337477513
2021-02-11,1.0284327615370605
2021-02-12,1.0217182336571002
2021-02-13,1.0153872376347113
2021-02-14,1.0451507795379487
2021-02-15,1.0402538194855298
2021-02-16,1.0321643963985534
2021-02-17,1.0272683026609135
2021-02-18,1.018016029047915
2021-02-19,1.0090841237013837
2021-02-20,0.9994504297239319
2021-02-21,0.9903043660679455
2021-02-22,0.9823739953539926
2021-02-23,0.9731201907795156
2021-02-24,0.9638973783744923
2021-02-25,0.9620913623243087
2021-02-26,0.9529887640277344
2021-02-27,0.9440127338992259
2021-02-28,0.9379582079948444
2021-03-01,0.9304573453456053
2021-03-02,0.9388783657772712
2021-03-03,0.9423348642343897
2021-03-04,0.9335898628867263
2021-03-05,0.9247383541700112
2021-03-06,0.9221588297404995
2021-03-07,0.917113416617679
2021-03-08,0.9086151306784963
2021-03-09,0.924324042747319
2021-03-10,0.9156437215805054
2021-03-11,0.9110914404821766
2021-03-12,0.930104894230146
2021-03-13,0.9207491583647679
2021-03-14,0.9122565178989783
2021-03-15,0.9030700195938849
2021-03-16,0.8983648991696676
2021-03-17,0.8902722001983402
2021-03-18,0.8924746353976561
2021-03-19,0.8892029605052089
2021-03-20,0.8806685559912998
2021-03-21,0.8732716671040982
2021-03-22,0.8757389533325319
2021-03-23,0.8703870911392618
2021-03-24,0.861811313773609
2021-03-25,0.853625847787239
2021-03-26,0.8486074596472892
2021-03-27,0.8439947100046011
2021-03-28,0.836445161433288
2021-03-29,0.8380862684865961
2021-03-30,0.8337544161373452
2021-03-31,0.8285525833424008
2021-04-01,0.8353239157706078
2021-04-02,0.8290484480199046
2021-04-03,0.8255987451002749
2021-04-04,0.8325908237423136
2021-04-05,0.836312050198042
2021-04-06,0.8435124853596887
2021-04-07,0.8362163675672808
2021-04-08,0.8292263113015937
2021-04-09,0.8257011700835225
2021-04-10,0.819387505822431
2021-04-11,0.825029216243957
2021-04-12,0.8247937813271426
2021-04-13,0.816798961806929
2021-04-14,0.8121467521095542
2021-04-15,0.8089869530362715
2021-04-16,0.8038771415145715
2021-04-17,0.7964931518353291
2021-04-18,0.7898284386170737
2021-04-19,0.7865796362697975
2021-04-20,0.7807989160449649
2021-04-21,0.7747536816267521
2021-04-22,0.7777622790474185
2021-04-23,0.7841245392950907
2021-04-24,0.777669410855623
2021-04-25,0.7707764354968174
2021-04-26,0.7662751329139172
2021-04-27,0.786173536236963
2021-04-28,0.7810715860787439
2021-04-29,0.7741181332975249
2021-04-30,0.7695035553745182
2021-05-01,0.7883353051336746
2021-05-02,0.7811815849676269
2021-05-03,0.7769236801911781
2021-05-04,0.7740738593758036
2021-05-05,0.7871958966122586
2021-05-06,0.7849272453415415
2021-05-07,0.7798200064618156
2021-05-08,0.7729406042301091
2021-05-09,0.7664162141159014
2021-05-10,0.7692384489648202
2021-05-11,0.7659946085295873
2021-05-12,0.7601357784082707
2021-05-13,0.7544101678909174
2021-05-14,0.7510285342606413
2021-05-15,0.7451307437733667
2021-05-16,0.7421954418165027
2021-05-17,0.7420957432434986
2021-05-18,0.7397681978452134
2021-05-19,0.7340815725796221
2021-05-20,0.7301528566521606
2021-05-21,0.7247432243813975
2021-05-22,0.7274184041414142
2021-05-23,0.7351668255682768
2021-05-24,0.7299486473011157
2021-05-25,0.7264996258010772
2021-05-26,0.7213824975687215
2021-05-27,0.7318352459402664
2021-05-28,0.7329463298554362
2021-05-29,0.7278761527917862
2021-05-30,0.7311030466776864
2021-05-31,0.7319113516458343
2021-06-01,0.7344301158136324
2021-06-02,0.7294090080873562
2021-06-03,0.7338889243962795
2021-06-04,0.7289935080824012
2021-06-05,0.7268958581800303
2021-06-06,0.7218779772844679
2021-06-07,0.7230262633428707
2021-06-08,0.7181139923573994
2021-06-09,0.7209798773236247
2021-06-10,0.7306482060955743
2021-06-11,0.7264343211614207
2021-06-12,0.72225682055679
2021-06-13,0.7235095690691662
2021-06-14,0.7215852454816484
2021-06-15,0.7170541044822448
2021-06-16,0.7205192384289794
2021-06-17,0.7194311965221715
2021-06-18,0.7235989521242562
2021-06-19,0.7231161454421547
2021-06-20,0.7189216091174025
2021-06-21,0.7145672541643852
2021-06-22,0.7100802959396186
2021-06-23,0.7069462933780638
2021-06-24,0.7098036780659657
2021-06-25,0.7088102200623463
2021-06-26,0.7120378638819778
2021-06-27,0.7137578559563611
2021-06-28,0.709745492403777
2021-06-29,0.7074762446368434
2021-06-30,0.7034394818732893
2021-07-01,0.699431802844383
2021-07-02,0.6960205113226499
2021-07-03,0.6938370605172063
2021-07-04,0.6922177783575832
2021-07-05,0.6990199049630818
2021-07-06,0.6961185948164975
2021-07-07,0.7002576296869003
2021-07-08,0.6964594851989545
2021-07-09,0.7157186720812
2021-07-10,0.7123766655251113
2021-07-11,0.7083874187091966
2021-07-12,0.7132249700542251
2021-07-13,0.7195896570931389
2021-07-14,0.7184383471260914
2021-07-15,0.7151918439807529
2021-07-16,0.7155187745177938
2021-07-17,0.7129176038057032
2021-07-18,0.716391944093649
2021-07-19,0.7124937825977468
2021-07-20,0.7094824278324682
2021-07-21,0.7058229374724515
2021-07-22,0.7023426721166023
2021-07-23,0.6998205653193986
2021-07-24,0.7086433481239858
2021-07-25,0.7066894671949039
2021-07-26,0.704083124482319
2021-07-27,0.7162934888127196
2021-07-28,0.7136546329838164
2021-07-29,0.7142629080421267
2021-07-30,0.7323083301853461
2021-07-31,0.728537434180602
2021-08-01,0.7250411946305133
2021-08-02,0.72165282849085
2021-08-03,0.718954645686083
2021-08-04,0.7233719278787346
2021-08-05,0.7339983158942474
2021-08-06,0.7342442178376128
2021-08-07,0.7323638228234173
2021-08-08,0.7303095001141862
2021-08-09,0.7342189614315741
2021-08-10,0.7316851355732916
2021-08-11,0.7285669929877359
2021-08-12,0.7289507850958934
2021-08-13,0.7267750311565935
2021-08-14,0.7272720194355488
2021-08-15,0.7297451861965509
2021-08-16,0.7268200015200886
2021-08-17,0.7267032039756269
2021-08-18,0.7324111841105196
2021-08-19,0.7352372743862252
2021-08-20,0.7324546750773367
2021-08-21,0.7433555140168459
2021-08-22,0.7509679661883746
2021-08-23,0.7557783988974679
2021-08-24,0.7535926923238725
2021-08-25,0.762167956958283
2021-08-26,0.7846517158333588
2021-08-27,0.7812796636549298
2021-08-28,0.7803641813728979
2021-08-29,0.7777487075702086
2021-08-30,0.774945461340521
2021-08-31,0.7728249265814239
2021-09-01,0.7711438956317435
2021-09-02,0.7719172154638368
2021-09-03,0.7785643390045371
2021-09-04,0.7850949181962311
2021-09-05,0.7903113623584446
2021-09-06,0.788521137123715
2021-09-07,0.8020352597397612
2021-09-08,0.8021850311090741
2021-09-09,0.8004605098253206
2021-09-10,0.7978863017800009
2021-09-11,0.8010592422678637
2021-09-12,0.8031779168987636
2021-09-13,0.8010130882579579
2021-09-14,0.7995129983838998
2021-09-15,0.8090356999535983
2021-09-16,0.8104489719440406
2021-09-17,0.8094673410065778
2021-09-18,0.8076961186102272
2021-09-19,0.8079475660277297
2021-09-20,0.8061180203602968
2021-09-21,0.8114172980812699
2021-09-22,0.8107100545764375
2021-09-23,0.809210515052991
2021-09-24,0.8366462080570543
2021-09-25,0.8351170534055808
2021-09-26,0.841823181418025
2021-09-27,0.8404855043154679
2021-09-28,0.838672369810269
2021-09-29,0.8401541683505573
2021-09-30,0.841744902397818
2021-10-01,0.8537552272836645
2021-10-02,0.8578813242543145
2021-10-03,0.8583059952141164
2021-10-04,0.8671242286612406
2021-10-05,0.8655264410927561
2021-10-06,0.8638291668855442
2021-10-07,0.8637390022619219
2021-10-08,0.8773701867268653
2021-10-09,0.877499799802955
2021-10-10,0.8759768284813687
2021-10-11,0.8755088167638513
2021-10-12,0.8813585702402033
2021-10-13,0.881519062075802
2021-10-14,0.882191228388445
2021-10-15,0.8872372746991926
2021-10-16,0.8905146851575465
2021-10-17,0.8907478699355035
2021-10-18,0.8979632294975787
2021-10-19,0.899267062874875
2021-10-20,0.9004921991342394
2021-10-21,0.9206792396880932
2021-10-22,0.9192797264657105
2021-10-23,0.9247321452038539
2021-10-24,0.9249361903241861
2021-10-25,0.9243386871036006
2021-10-26,0.9228574515777277
2021-10-27,0.9218897895736893
2021-10-28,0.9331069445654983
2021-10-29,0.9316929531246526
2021-10-30,0.93223336153128
2021-10-31,0.9311007891682136
2021-11-01,0.9297733239338336
2021-11-02,0.9344932208895351
2021-11-03,0.9417777902534352
2021-11-04,0.9453945885801667
2021-11-05,0.9441561014427194
2021-11-06,0.943997150787744
2021-11-07,0.9494566042182758
2021-11-08,0.9528528528524669
2021-11-09,0.9744563287953247
2021-11-10,0.9793988355260835
2021-11-11,0.9788906994706578
2021-11-12,0.984343229919334
2021-11-13,0.9833776335829141
2021-11-14,0.9872198345222094
2021-11-15,0.9855711606590123
2021-11-16,0.991209891059735
2021-11-17,0.9999862844551201
2021-11-18,1.0063513613405688
2021-11-19,1.0080643912355762
2021-11-20,1.0084901343639783
2021-11-21,1.0062108060543307
2021-11-22,1.0052737483763419
2021-11-23,1.0074183049118082
2021-11-24,1.006091171509862
2021-11-25,1.003993806688161
2021-11-26,1.0022343619391725
2021-11-27,0.9999654193763322
2021-11-28,0.9977120693837006
2021-11-29,1.0302908022656805
2021-11-30,1.0272508750751235
2021-12-01,1.0402006195888929
2021-12-02,1.040010446647267
2021-12-03,1.0380177983264844
2021-12-04,1.0376909168290025
2021-12-05,1.042591107323223
2021-12-06,1.0426459955823273
2021-12-07,1.039325799461188
2021-12-08,1.0372777133634528
2021-12-09,1.0366604450499315
2021-12-10,1.0391213315592986
2021-12-11,1.0383961377906796
2021-12-12,1.064960391690125
2021-12-13,1.0695428187047187
2021-12-14,1.0652869298819365
2021-12-15,1.0617824402556848
2021-12-16,1.0601782189789508
2021-12-17,1.0643298328603286
2021-12-18,1.061434000794469
2021-12-19,1.0596897772140286
2021-12-20,1.0563020426461744
2021-12-21,1.0677994420768067
2021-12-22,1.07569615799145
2021-12-23,1.0722338739738395
2021-12-24,1.0706125500270394
2021-12-25,1.0680390661527717
2021-12-26,1.0800203493197225
2021-12-27,1.0746062677219028
2021-12-28,1.0704988405763805
2021-12-29,1.06562260989093
2021-12-30,1.071851884959288
2021-12-31,1.0773387904504357
2022-01-01,1.0775862199206514
2022-01-02,1.072229505368367
2022-01-03,1.0676722531127067
2022-01-04,1.0663861516084339
2022-01-05,1.0691149999692398
2022-01-06,1.068635890343944
2022-01-07,1.0769931489891766
2022-01-08,1.0822637432208293
2022-01-09,1.0763244121618916
2022-01-10,1.077039891925293
2022-01-11,1.080297553340936
2022-01-12,1.0740125177455875
2022-01-13,1.0693996636473893
2022-01-14,1.0681578060996033
2022-01-15,1.0610567720225894
2022-01-16,1.0707965857075914
2022-01-17,1.0692440576818734
2022-01-18,1.0718931774129739
2022-01-19,1.0708300606061847
2022-01-20,1.0732750718425856
2022-01-21,1.0688124639752408
2022-01-22,1.0619639434547252
2022-01-23,1.0543898858371508
2022-01-24,1.048497832713196
2022-01-25,1.0409452074669185
2022-01-26,1.0335416391581913
2022-01-27,1.0290590271115418
2022-01-28,1.0409521429076836
2022-01-29,1.0330968766234594
2022-01-30,1.0497481263586952
2022-01-31,1.0485132370495718
2022-02-01,1.0611829349011492
2022-02-02,1.0766359232861191
2022-02-03,1.0679237332063614
2022-02-04,1.0586650006449942
2022-02-05,1.051268922393307
2022-02-06,1.049215102785414
2022-02-07,1.0417579490429187
2022-02-08,1.0354893339638633
2022-02-09,1.0271573924036688
2022-02-10,1.019131780632262
2022-02-11,1.011440464764008
2022-02-12,1.0027106698198187
2022-02-13,0.9973215928536349
2022-02-14,0.9926436388104234
2022-02-15,0.9898172825078291
2022-02-16,0.9820178090363267
2022-02-17,0.9776217633874107
2022-02-18,0.9894774172223871
2022-02-19,0.980860585671672
2022-02-20,0.9885253848111275
2022-02-21,0.9794286268664938
2022-02-22,0.9806337829242913
2022-02-23,0.9719996660740062
2022-02-24,0.9665484905692419
2022-02-25,0.9607000261900898
2022-02-26,0.9535304304593913
2022-02-27,0.9692350546921545
2022-02-28,0.960339296179737
2022-03-01,0.9517401269756346
2022-03-02,0.9518251891336261
2022-03-03,0.9497810921693981
2022-03-04,0.944672548837591
2022-03-05,0.9376712568863473
2022-03-06,0.9301399905779469
2022-03-07,0.93762527479224
2022-03-08,0.944747322035292
2022-03-09,0.9361932455281278
2022-03-10,0.9271307390501853
2022-03-11,0.9198746414319846
2022-03-12,0.9165798922282693
2022-03-13,0.9073947178835486
2022-03-14,0.8984243665776495
2022-03-15,0.8938340894260309
2022-03-16,0.8958012399999347
2022-03-17,0.887226795681936
2022-03-18,0.8872023228968307
2022-03-19,0.8867481349902752
2022-03-20,0.8780063758917418
2022-03-21,0.8779937636101915
2022-03-22,0.8815148858823799
2022-03-23,0.8864329543074749
2022-03-24,0.88414422218788
2022-03-25,0.8813833528404666
2022-03-26,0.8723611147026462
2022-03-27,0.8661929816148817
2022-03-28,0.8644007862867952
2022-03-29,0.8570071767347577
2022-03-30,0.8485560722056656
2022-03-31,0.851709093327181
2022-04-01,0.861527721452001
2022-04-02,0.8537476217027702
2022-04-03,0.8464156628725603
2022-04-04,0.8397857338447757
2022-04-05,0.858266231700952
2022-04-06,0.8527243073356771
2022-04-07,0.8503316964358629
2022-04-08,0.8468253428609871
2022-04-09,0.8416618915968176
2022-04-10,0.8388347601835774
2022-04-11,0.8313496895960439
2022-04-12,0.8388425329936915
2022-04-13,0.8401610929592256
2022-04-14,0.8334696776174207
2022-04-15,0.8253328508844959
2022-04-16,0.8201505699640261
2022-04-17,0.8185265917942511
2022-04-18,0.8123103903417591
2022-04-19,0.8045323844363003
2022-04-20,0.7987922284275444
2022-04-21,0.79634700143791
2022-04-22,0.7891451018287317
2022-04-23,0.7857795100050182
2022-04-24,0.7788154227375759
2022-04-25,0.7734122478564873
2022-04-26,0.7735465248239347
2022-04-27,0.7696129627298453
2022-04-28,0.7679743598151696
2022-04-29,0.7625365494040174
2022-04-30,0.756585589609612
2022-05-01,0.7506647543562799
2022-05-02,0.7514477571692562
2022-05-03,0.7478786601083566
2022-05-04,0.7424541846261812
2022-05-05,0.7476280418254022
2022-05-06,0.7432618277936821
2022-05-07,0.7377770336019487
2022-05-08,0.7326383673807373
2022-05-09,0.7283245401380881
2022-05-10,0.7242642706181384
2022-05-11,0.725939045382296
2022-05-12,0.7205908966757492
2022-05-13,0.7167847036646487
2022-05-14,0.7151319846258752
2022-05-15,0.7100127439027591
2022-05-16,0.7304567556655048
2022-05-17,0.7397604781383946
2022-05-18,0.7364736138113771
2022-05-19,0.7308647596743167
2022-05-20,0.7338015407001572
2022-05-21,0.7283809713625641
2022-05-22,0.737110845310597
2022-05-23,0.749978273077378
2022-05-24,0.7540076842510844
2022-05-25,0.7516592347263195
2022-05-26,0.7468644009925199
2022-05-27,0.7508946087976226
2022-05-28,0.7530375446852616
2022-05-29,0.7572323806338397
2022-05-30,0.754989179120896
2022-05-31,0.7594831431633413
2022-06-01,0.7590461843761385
2022-06-02,0.7558522836515598
2022-06-03,0.7622636484598094
2022-06-04,0.7651998106834316
2022-06-05,0.7607093672326066
2022-06-06,0.754917955558313
2022-06-07,0.7662552518596106
2022-06-08,0.7652398642006464
2022-06-09,0.768418565064511
2022-06-10,0.7625524593215934
2022-06-11,0.7569606352594654
2022-06-12,0.7513117232750529
2022-06-13,0.74675014600648
2022-06-14,0.7426320906234661
2022-06-15,0.7373407970480197
2022-06-16,0.7393539578936617
2022-06-17,0.734211896645311
2022-06-18,0.7291721495417322
2022-06-19,0.724706939012272
2022-06-20,0.7276301183247638
2022-06-21,0.7240064471156752
2022-06-22,0.719656684271837
2022-06-23,0.7163056704732249
2022-06-24,0.7168169166811978
2022-06-25,0.7181300593378642
2022-06-26,0.7399558036901785
2022-06-27,0.7400508207563846
2022-06-28,0.738565254223651
2022-06-29,0.7389298794941859
2022-06-30,0.7387629678607962
2022-07-01,0.7338820320661696
2022-07-02,0.7303708310268291
2022-07-03,0.7257481916568821
2022-07-04,0.7233441999437061
2022-07-05,0.7246780146310566
2022-07-06,0.7208578708296286
2022-07-07,0.7174456767881431
2022-07-08,0.7217491905974296
2022-07-09,0.7184973917916595
2022-07-10,0.718406838396367
2022-07-11,0.7169052329115889
2022-07-12,0.7191030728260941
2022-07-13,0.7159205045066315
2022-07-14,0.7151519249007674
2022-07-15,0.7126488392309208
2022-07-16,0.7116005460736509
2022-07-17,0.7115338856971399
2022-07-18,0.7090724215382216
2022-07-19,0.7055879911901937
2022-07-20,0.7099445854113017
2022-07-21,0.7174121337518558
2022-07-22,0.718057967232817
2022-07-23,0.7207447606303042
2022-07-24,0.7174092318060262
2022-07-25,0.7137648875354358
2022-07-26,0.7120395480128024
2022-07-27,0.7144540049839966
2022-07-28,0.7134613492935186
2022-07-29,0.7251850768161509
2022-07-30,0.7220687982492486
2022-07-31,0.7205658214848367
2022-08-01,0.7185325200805376
2022-08-02,0.7179431316246675
2022-08-03,0.7148110816140721
2022-08-04,0.7124234187433747
2022-08-05,0.7097491725841507
2022-08-06,0.7073924788938808
2022-08-07,0.7055785779737893
2022-08-08,0.7042401003344408
2022-08-09,0.7048004948998513
2022-08-10,0.7055340179919221
2022-08-11,0.7136784191087905
2022-08-12,0.7145993732844368
2022-08-13,0.7118607494931377
2022-08-14,0.7154166952491033
2022-08-15,0.7194979010784889
2022-08-16,0.7192548244586705
2022-08-17,0.7168969747189731
2022-08-18,0.7298604936754912
2022-08-19,0.727979710265274
2022-08-20,0.738561721504186
2022-08-21,0.7359846703907706
2022-08-22,0.7338165519524292
2022-08-23,0.7622785505326136
2022-08-24,0.7759762423285437
2022-08-25,0.7726428455739021
2022-08-26,0.7700957186570897
2022-08-27,0.7694655600735241
2022-08-28,0.7695397347254486
2022-08-29,0.7671993562317008
2022-08-30,0.7663243329661461
2022-08-31,0.7642938160828867
2022-09-01,0.7621264001556064
2022-09-02,0.7609917601088428
2022-09-03,0.7605249459677921
2022-09-04,0.7614092400368255
2022-09-05,0.7593578155623765
2022-09-06,0.7617110386815426
2022-09-07,0.7633141437941542
2022-09-08,0.7628325289263163
2022-09-09,0.7629372481435804
2022-09-10,0.7703815114815084
2022-09-11,0.7694965346563216
2022-09-12,0.7736131041910892
2022-09-13,0.7727007763666595
2022-09-14,0.7813786092352512
2022-09-15,0.7797093061602359
2022-09-16,0.7869763784308517
2022-09-17,0.7884777192633409
2022-09-18,0.7887673307287109
2022-09-19,0.789545279907697
2022-09-20,0.7904893934176402
2022-09-21,0.7959986472367391
2022-09-22,0.8162004505247991
2022-09-23,0.814393591984789
2022-09-24,0.8127090440295708
2022-09-25,0.820878569365194
2022-09-26,0.8192405096610174
2022-09-27,0.8333310975564494
2022-09-28,0.8580038155010826
2022-09-29,0.8709813444191851
2022-09-30,0.8694255308873614
2022-10-01,0.8677757844338155
2022-10-02,0.8822244468799639
2022-10-03,0.8799559964371234
2022-10-04,0.8781487599895528
2022-10-05,0.876129027098272
2022-10-06,0.892331113646909
2022-10-07,0.895634044243756
2022-10-08,0.8977900620036142
2022-10-09,0.8958569061857836
2022-10-10,0.896097294646993
2022-10-11,0.8996023516105621
2022-10-12,0.8988904931862628
2022-10-13,0.8995993221042667
2022-10-14,0.897970194000347
2022-10-15,0.8974327481504882
2022-10-16,0.8970198862139381
2022-10-17,0.9036982122478363
2022-10-18,0.9024561307601143
2022-10-19,0.9012406996843072
2022-10-20,0.9070284601279065
2022-10-21,0.9130924587417223
2022-10-22,0.9192112292796442
2022-10-23,0.9177847560570229
2022-10-24,0.916335289872265
2022-10-25,0.9270029989238846
2022-10-26,0.9254753696488731
2022-10-27,0.9253875532041642
2022-10-28,0.9255794364104202
2022-10-29,0.9249063480954943
2022-10-30,0.9265047328584565
2022-10-31,0.9270026523537815
2022-11-01,0.9268811157768386
2022-11-02,0.9439435770680515
2022-11-03,0.9441308375102835
2022-11-04,0.9450361385463147
2022-11-05,0.9436733201731454
2022-11-06,0.9423437238181088
2022-11-07,0.9494035581507658
2022-11-08,0.953629725452835
2022-11-09,0.9526937357754429
2022-11-10,0.954626603574738
2022-11-11,0.954074677706356
2022-11-12,0.9582032588397805
2022-11-13,0.9670109712080376
2022-11-14,0.9671461656437031
2022-11-15,0.9669344646347283
2022-11-16,0.9652898663003842
2022-11-17,0.9752406872382499
2022-11-18,0.986148765976991
2022-11-19,0.9842291521220897
2022-11-20,0.9926600916897432
2022-11-21,0.9950374568033399
2022-11-22,0.9954593110267731
2022-11-23,0.9994646236958118
2022-11-24,0.997158240090996
2022-11-25,0.9952352503806582
2022-11-26,0.993166919969655
2022-11-27,0.9930882540457343
2022-11-28,0.992450045137295
2022-11-29,0.9905441202668885
2022-11-30,0.9933799762935669
2022-12-01,0.9938637456210498
2022-12-02,0.9962049672559807
2022-12-03,0.993867461094511
2022-12-04,0.9922704362700864
2022-12-05,0.9900007008247144
2022-12-06,0.9878655288045448
2022-12-07,1.0082785298331665
2022-12-08,1.0055713181778674
2022-12-09,1.0184910864666543
2022-12-10,1.0195017405070381
2022-12-11,1.0215756886749683
2022-12-12,1.0209977258272551
2022-12-13,1.0261861994835406
2022-12-14,1.0231993735725018
2022-12-15,1.019721562315518
2022-12-16,1.024696195743637
2022-12-17,1.0220322115713378
2022-12-18,1.019835939625013
2022-12-19,1.0168647003851539
2022-12-20,1.016668881091204
2022-12-21,1.0144673625282785
2022-12-22,1.0134950860324834
2022-12-23,1.0099931332012342
2022-12-24,1.0199121529117494
2022-12-25,1.0158608039231043
2022-12-26,1.011881104582325
2022-12-27,1.009164150234611
2022-12-28,1.005928173765687
2022-12-29,1.0083199660181632
2022-12-30,1.0107557350248524
2022-12-31,1.008711849455792
2023-01-01,1.0046633420235698
2023-01-02,1.011659593757557
2023-01-03,1.0184286610391902
2023-01-04,1.0137490340198385
2023-01-05,1.0282188320411143
2023-01-06,1.0272421461939911
2023-01-07,1.025720639239596
2023-01-08,1.0203153160855405
2023-01-09,1.0151039431011526
2023-01-10,1.010675440771546
2023-01-11,1.0061267955682769
2023-01-12,1.00749516115123
2023-01-13,1.0023494330366414
2023-01-14,1.0097817241847271
2023-01-15,1.0041990678050494
2023-01-16,1.0184157474260969
2023-01-17,1.019373935118208
2023-01-18,1.0133336529460868
2023-01-19,1.0071138996482414
2023-01-20,1.000913487626526
2023-01-21,1.013874909562617
2023-01-22,1.0082718605512706
2023-01-23,1.0021769522687114
2023-01-24,1.0085639443059569
2023-01-25,1.010608513630007
2023-01-26,1.0047937369651156
2023-01-27,0.9993542844144051
2023-01-28,0.9990480737821094
2023-01-29,0.9952201985228126
2023-01-30,0.9968292022647296
2023-01-31,1.0043341996367021
2023-02-01,0.9984265080113787
2023-02-02,1.0017148698560159
2023-02-03,1.0008937677924985
2023-02-04,1.0166290675633458
2023-02-05,1.0448579554823898
2023-02-06,1.0368869691420644
2023-02-07,1.0420266999028975
2023-02-08,1.0327119559020628
2023-02-09,1.0240374148931242
2023-02-10,1.0193566394461757
2023-02-11,1.0110453720707775
2023-02-12,1.0033097982635286
2023-02-13,1.002651292632237
2023-02-14,0.9972158651161116
2023-02-15,0.9957414945550451
2023-02-16,0.9902494056498217
2023-02-17,0.9832077194139042
2023-02-18,1.003057869427266
2023-02-19,0.9996676984921221
2023-02-20,0.9913278576985425
2023-02-21,1.0125851017980727
2023-02-22,1.0116494781713714
2023-02-23,1.0054091937841736
2023-02-24,0.9960406125685156
2023-02-25,0.9956916573018353
2023-02-26,0.9858432112643868
2023-02-27,0.9803621970187539
2023-02-28,0.9750946826365587
2023-03-01,0.9830627651645746
2023-03-02,0.9825440980078437
2023-03-03,0.973967402690793
2023-03-04,0.9643197688039972
2023-03-05,0.9623365318234596
2023-03-06,0.9551631934234808
2023-03-07,0.9458428029700465
2023-03-08,0.9542060928912817
2023-03-09,0.9997772769712197
2023-03-10,0.9933446047259258
2023-03-11,0.9822160424337263
2023-03-12,0.9723539211943419
2023-03-13,0.9618322566764845
2023-03-14,0.9910789217865357
2023-03-15,0.9798480828588658
2023-03-16,0.9686764460484014
2023-03-17,0.9588727161560036
2023-03-18,0.9486970763925024
2023-03-19,0.9579518701569114
2023-03-20,0.947608723090352
2023-03-21,0.9370124409896253
2023-03-22,0.9273448461171827
2023-03-23,0.9340475931891634
2023-03-24,0.9244328708531561
2023-03-25,0.9202852518253561
2023-03-26,0.9102780022389718
2023-03-27,0.9004167415989034
2023-03-28,0.8940121376732038
2023-03-29,0.8910997012121974
2023-03-30,0.8830364071531441
2023-03-31,0.8794611946767269
2023-04-01,0.8787077888341358
2023-04-02,0.8858174837299662
2023-04-03,0.8815878816548796
2023-04-04,0.8850676780434157
2023-04-05,0.8913619545766696
2023-04-06,0.8861412574664765
2023-04-07,0.877666319498244
2023-04-08,0.8704754954316474
2023-04-09,0.8679763893494186
2023-04-10,0.8613311569890814
2023-04-11,0.86747995973727
2023-04-12,0.8583178344431089
2023-04-13,0.849511786451309
2023-04-14,0.8408973921294673
2023-04-15,0.837918337094458
2023-04-16,0.8295016255739913
2023-04-17,0.8324903002625591
2023-04-18,0.824156730190898
2023-04-19,0.8165065835992004
2023-04-20,0.8086053245092858
2023-04-21,0.8073526417897177
2023-04-22,0.8017544171821661
2023-04-23,0.7942386577635823
2023-04-24,0.7915787014456481
2023-04-25,0.7885340891019151
2023-04-26,0.7934772308114546
2023-04-27,0.7862063072181533
2023-04-28,0.7807107756281407
2023-04-29,0.7745138575709868
2023-04-30,0.7680526633121745
2023-05-01,0.770984333929855
2023-05-02,0.7646181631718144
2023-05-03,0.7618030467629866
2023-05-04,0.7617437433962368
2023-05-05,0.7558312587118783
2023-05-06,0.7827714088373249
2023-05-07,0.7758878003049483
2023-05-08,0.7701237997500542
2023-05-09,0.7636430133837854
2023-05-10,0.7601784272260445
2023-05-11,0.7591093824824338
2023-05-12,0.76270797596426
2023-05-13,0.7592540309155853
2023-05-14,0.7550903525581144
2023-05-15,0.7569164407338086
2023-05-16,0.7507482036384577
2023-05-17,0.7653954385812761
2023-05-18,0.7598707005735382
2023-05-19,0.7649402443799641
2023-05-20,0.760680546488034
2023-05-21,0.757959942709982
2023-05-22,0.7525249672622323
2023-05-23,0.7465668088549119
2023-05-24,0.7514421897438738
2023-05-25,0.7471432841721725
2023-05-26,0.7436498247902779
2023-05-27,0.7381878448867646
2023-05-28,0.7475423234940644
2023-05-29,0.7421827328361976
2023-05-30,0.7396353207988993
2023-05-31,0.7430388456874452
2023-06-01,0.7415997417563784
2023-06-02,0.7394511353341675
2023-06-03,0.7414708017589711
2023-06-04,0.7381784357872909
2023-06-05,0.733723180030431
2023-06-06,0.7327590443182612
2023-06-07,0.7275841822865877
2023-06-08,0.7253066828518719
2023-06-09,0.7204065563555102
2023-06-10,0.7190882986660421
2023-06-11,0.7296200017982141
2023-06-12,0.7260900880090435
2023-06-13,0.7213356418932303
2023-06-14,0.7173341305727918
2023-06-15,0.7186118427533027
2023-06-16,0.7147990383760143
2023-06-17,0.7103896976230643
2023-06-18,0.7298846136064533
2023-06-19,0.7268735690464216
2023-06-20,0.7314302028189322
2023-06-21,0.7405299922269911
2023-06-22,0.7397492061087674
2023-06-23,0.7432405768423591
2023-06-24,0.7394412088793385
2023-06-25,0.738514967359096
2023-06-26,0.7523495334020884
2023-06-27,0.7772211920507598
2023-06-28,0.7724300044246085
2023-06-29,0.7677405816799071
2023-06-30,0.7622154244625421
2023-07-01,0.757129520341023
2023-07-02,0.7656337321357075
2023-07-03,0.7737655430722415
2023-07-04,0.7736662996668351
2023-07-05,0.7726919762967195
2023-07-06,0.7682942725273787
2023-07-07,0.7634795977876736
2023-07-08,0.7761792587443015
2023-07-09,0.7707878202987576
2023-07-10,0.7660067405607102
2023-07-11,0.761465912674231
2023-07-12,0.7569149689515087
2023-07-13,0.7519331624644894
2023-07-14,0.7502126362135542
2023-07-15,0.7506326875292647
2023-07-16,0.7481970009867787
2023-07-17,0.7677506278269176
2023-07-18,0.763462619451535
2023-07-19,0.7589908317892414
2023-07-20,0.7666358706903579
2023-07-21,0.7717302247363884
2023-07-22,0.7721988344044561
2023-07-23,0.7678296296304286
2023-07-24,0.7770900901257549
2023-07-25,0.7720254778259233
2023-07-26,0.7686279467406497
2023-07-27,0.7646998669519522
2023-07-28,0.7630367162911162
2023-07-29,0.7721676139477379
2023-07-30,0.7715043784623994
2023-07-31,0.7691512062580287
2023-08-01,0.7651030826802373
2023-08-02,0.7607848453435669
2023-08-03,0.7579721036590353
2023-08-04,0.7540288060795886
2023-08-05,0.7514426149233616
2023-08-06,0.7529194950837812
2023-08-07,0.7490231290234352
2023-08-08,0.7888673762409106
2023-08-09,0.7918655061489459
2023-08-10,0.7914604894257734
2023-08-11,0.7896128835312041
2023-08-12,0.7853606674407378
2023-08-13,0.7838781660547423
2023-08-14,0.7836809772445464
2023-08-15,0.7883933726347229
2023-08-16,0.7854633284934042
2023-08-17,0.7817875116229815
2023-08-18,0.7796898493778381
2023-08-19,0.778225258936732
2023-08-20,0.7753295147172988
2023-08-21,0.7762106219868217
2023-08-22,0.7739383964521743
2023-08-23,0.7715058232615354
2023-08-24,0.7684385569513764
2023-08-25,0.7722902287325858
2023-08-26,0.7691524379748234
2023-08-27,0.766641351574087
2023-08-28,0.7638034898257953
2023-08-29,0.7610684013364891
2023-08-30,0.7714770216568474
2023-08-31,0.7698909620344168
2023-09-01,0.7675343052761119
2023-09-02,0.7662227506064906
2023-09-03,0.7647066916985431
2023-09-04,0.7641679501974888
2023-09-05,0.7694076501236177
2023-09-06,0.7740933145315902
2023-09-07,0.7730659161160732
2023-09-08,0.7712004791966617
2023-09-09,0.76932340110465
2023-09-10,0.7742228064208326
2023-09-11,0.7859610929466548
2023-09-12,0.7862076772135438
2023-09-13,0.7858034017462856
2023-09-14,0.7862763011536951
2023-09-15,0.7965282922627481
2023-09-16,0.7949774170541752
2023-09-17,0.7967899577453897
2023-09-18,0.795001366772008
2023-09-19,0.8014545310094909
2023-09-20,0.8250476177485716
2023-09-21,0.8275025295535433
2023-09-22,0.8264378258846276
2023-09-23,0.825522418838388
2023-09-24,0.8237553353409194
2023-09-25,0.8226963484628248
2023-09-26,0.8240034604165565
2023-09-27,0.8302745945457928
2023-09-28,0.8286405817478077
2023-09-29,0.8308905187333998
2023-09-30,0.8296975321051955
2023-10-01,0.8295443841567047
2023-10-02,0.8296231161222809
2023-10-03,0.828387948252242
2023-10-04,0.8362652975386087
2023-10-05,0.8414860791018788
2023-10-06,0.8403193277186531
2023-10-07,0.8591442766136442
2023-10-08,0.8609390486807131
2023-10-09,0.8732279399754171
2023-10-10,0.8719867208052473
2023-10-11,0.8710426745688928
2023-10-12,0.8851809589402301
2023-10-13,0.8884170289094202
2023-10-14,0.8988058779743006
2023-10-15,0.9033771011669746
2023-10-16,0.9025739030990643
2023-10-17,0.9068306177709817
2023-10-18,0.9194368166647175
2023-10-19,0.9185681203104393
2023-10-20,0.9411629656738729
2023-10-21,0.9602367934882471
2023-10-22,0.9602636791099554
2023-10-23,0.9585480569803754
2023-10-24,0.9685983855248202
2023-10-25,0.970782547586942
2023-10-26,0.9683703220349256
2023-10-27,0.9662683310684775
2023-10-28,0.9643081521860287
2023-10-29,0.9623552877281802
2023-10-30,0.9673438458176307
2023-10-31,0.9661062828920639
2023-11-01,0.9727398391395293
2023-11-02,0.9735682328030807
2023-11-03,0.9804487440246746
2023-11-04,0.9823319815810322
2023-11-05,0.9804588165649968
2023-11-06,0.9832293099744313
2023-11-07,0.9873579951275483
2023-11-08,0.9864450241840803
2023-11-09,0.986132105354499
2023-11-10,0.9856542018004212
2023-11-11,0.9845233509208329
2023-11-12,1.0055676747590343
2023-11-13,1.01078940942452
2023-11-14,1.0096007376302432
2023-11-15,1.011835929104206
2023-11-16,1.0280680469762629
2023-11-17,1.027152831438659
2023-11-18,1.034102291723283
2023-11-19,1.0313359502718202
2023-11-20,1.0301549697600472
2023-11-21,1.0571348633454483
2023-11-22,1.0541510409475154
2023-11-23,1.0547506440692613
2023-11-24,1.079715199069713
2023-11-25,1.0766103586174487
2023-11-26,1.078545330221342
2023-11-27,1.0936340203170565
2023-11-28,1.0969526963974456
2023-11-29,1.0980910871880831
2023-11-30,1.0936414609149285
2023-12-01,1.1395304223826592
2023-12-02,1.1366011805881255
2023-12-03,1.1440615852921918
2023-12-04,1.1384824200993389
2023-12-05,1.133185059227323
2023-12-06,1.1281493672775447
2023-12-07,1.1346368747027715
2023-12-08,1.1450310449739507
2023-12-09,1.1448901885688627
2023-12-10,1.139199021186681
2023-12-11,1.1343919008048307
2023-12-12,1.1408921953199505
2023-12-13,1.1351670490580312
2023-12-14,1.1385583043965235
2023-12-15,1.1603493316943514
2023-12-16,1.1558473095092265
2023-12-17,1.1544932509961883
2023-12-18,1.153370646411176
2023-12-19,1.1485654550033018
2023-12-20,1.1421558287027986
2023-12-21,1.1379361531499104
2023-12-22,1.1474082958663976
2023-12-23,1.1479816115602541
2023-12-24,1.1451577456957405
2023-12-25,1.1462439385168497
2023-12-26,1.1431279951831952
2023-12-27,1.137535797919512
2023-12-28,1.1345920231485616
2023-12-29,1.1612148622011829
2023-12-30,1.1573813639467478
2023-12-31,1.1514814799478934
2024-01-01,1.1442812313611803
2024-01-02,1.1366136151931812
2024-01-03,1.1303376000694285
2024-01-04,1.1259316623477562
2024-01-05,1.1187348194191453
2024-01-06,1.1152750195555823
2024-01-07,1.1077984284738056
2024-01-08,1.1035031761351783
2024-01-09,1.096092233179315
2024-01-10,1.1330802023742186
2024-01-11,1.1495326865077966
2024-01-12,1.1406565295104656
2024-01-13,1.1323944105092085
2024-01-14,1.1305818652855315
2024-01-15,1.1221306048723705
2024-01-16,1.1162679130380029
2024-01-17,1.1224110251912298
2024-01-18,1.1203785200457208
2024-01-19,1.1173125161141162
2024-01-20,1.1224801397618969
2024-01-21,1.1166696900769657
2024-01-22,1.1130667738361348
2024-01-23,1.1209841681356423
2024-01-24,1.1119791642595425
2024-01-25,1.131772127183743
2024-01-26,1.1251990774083975
2024-01-27,1.1225017852164272
2024-01-28,1.113321347716933
2024-01-29,1.1034547571347801
2024-01-30,1.094815283241801
2024-01-31,1.085560169683362
2024-02-01,1.0821081885055353
2024-02-02,1.0760871167263257
2024-02-03,1.068322432125939
2024-02-04,1.0629388883853434
2024-02-05,1.0574556171978715
2024-02-06,1.0525815334999105
2024-02-07,1.053738089413717
2024-02-08,1.0450807485834295
2024-02-09,1.0496773537412252
2024-02-10,1.0608799805955207
2024-02-11,1.0516000111468435
2024-02-12,1.0430621381935297
2024-02-13,1.044772688952551
2024-02-14,1.037491330674567
2024-02-15,1.0353619044412747
2024-02-16,1.0255673801653535
2024-02-17,1.0179645149843322
2024-02-18,1.0120246747277484
2024-02-19,1.004620509193482
2024-02-20,0.9949552132693938
2024-02-21,0.9861034699448
2024-02-22,0.9788104888436693
2024-02-23,0.9695287465675261
2024-02-24,0.979635929108884
2024-02-25,0.9837844320103536
2024-02-26,0.9751947310273009
2024-02-27,0.9729602577522933
2024-02-28,0.9738273647105959
2024-02-29,0.9675135591064299
2024-03-01,0.962013255818572
2024-03-02,0.9533902246806032
2024-03-03,0.9443316329391541
2024-03-04,0.9353174782278472
2024-03-05,0.9261787075171266
2024-03-06,0.9197722568798804
2024-03-07,0.9220382953914421
2024-03-08,0.9130657872363356
2024-03-09,0.9045111585809055
2024-03-10,0.9006134315671467
2024-03-11,0.8945928272354293
2024-03-12,0.8871787355912303
2024-03-13,0.8946057271244979
2024-03-14,0.8885381646459933
2024-03-15,0.8823314814694205
2024-03-16,0.8751689554694153
2024-03-17,0.8703573843982795
2024-03-18,0.8744628610331001
2024-03-19,0.8718330860957507
2024-03-20,0.8641844874297535
2024-03-21,0.8738729058411536
2024-03-22,0.8708874114547347
2024-03-23,0.864155011563677
2024-03-24,0.8562565476435369
2024-03-25,0.8479453228158977
2024-03-26,0.8450686064660092
2024-03-27,0.8371203356067106
2024-03-28,0.8304461834432799
2024-03-29,0.8232841828626918
2024-03-30,0.8188034732322779
2024-03-31,0.8119988943642523
2024-04-01,0.8132076947399194
2024-04-02,0.8057333576991964
2024-04-03,0.8009509074523314
2024-04-04,0.7964299273218807
2024-04-05,0.7918443042660962
2024-04-06,0.7884701879324603
2024-04-07,0.781879682383229
2024-04-08,0.7754497323587628
2024-04-09,0.7832366833580738
2024-04-10,0.7855504656018031
2024-04-11,0.7840965034519677
2024-04-12,0.7803360650424956
2024-04-13,0.7740502612956625
2024-04-14,0.7674387461020126
2024-04-15,0.7691237593775314
2024-04-16,0.7649662809376677
2024-04-17,0.7593151018052942
2024-04-18,0.7547295162388691
2024-04-19,0.7485081857928406
2024-04-20,0.747680753711738
2024-04-21,0.7475275906449709
2024-04-22,0.7430968387238582
2024-04-23,0.7377458711335961
2024-04-24,0.7321355674927239
2024-04-25,0.7341697528946045
2024-04-26,0.737513837365934
2024-04-27,0.7318262221516223
2024-04-28,0.7289877100485924
2024-04-29,0.732085995489788
2024-04-30,0.728672082103074
2024-05-01,0.7277716567752381
2024-05-02,0.725123472918652
2024-05-03,0.7255911804460661
2024-05-04,0.72024412468505
2024-05-05,0.7296426814971565
2024-05-06,0.7279051278303872
2024-05-07,0.7246208894837795
2024-05-08,0.7211122373206176
2024-05-09,0.7214368470046797
2024-05-10,0.7182662698864264
2024-05-11,0.7130297700317298
2024-05-12,0.7166895769668965
2024-05-13,0.7175835017836854
2024-05-14,0.7179127564433659
2024-05-15,0.7157839445389664
2024-05-16,0.7144377138121677
2024-05-17,0.7156877060843981
2024-05-18,0.7111618837488056
2024-05-19,0.7068379859940627
2024-05-20,0.7035690546442163
2024-05-21,0.699114663127442
2024-05-22,0.7073363218589537
2024-05-23,0.703438085174541
2024-05-24,0.7022775743142599
2024-05-25,0.7089621939945834
2024-05-26,0.704759529246567
2024-05-27,0.7023630289012188
2024-05-28,0.6977631934714246
2024-05-29,0.6942896519997757
2024-05-30,0.698310734007153
2024-05-31,0.7095036838040731
2024-06-01,0.7051659599578933
2024-06-02,0.7005823294647361
2024-06-03,0.7014170497332655
2024-06-04,0.6970121131618403
2024-06-05,0.6940618092531662
2024-06-06,0.7006279360348419
2024-06-07,0.6962901171508865
2024-06-08,0.6920985615627046
2024-06-09,0.6946239346895992
2024-06-10,0.6953609141554734
2024-06-11,0.6929218489132007
2024-06-12,0.6932405981260226
2024-06-13,0.689409869440906
2024-06-14,0.6861496073241244
2024-06-15,0.6831672211079727
2024-06-16,0.6848393839590708
2024-06-17,0.6810579576439806
2024-06-18,0.6787352806069823
2024-06-19,0.6763333121582579
2024-06-20,0.6746629956435339
2024-06-21,0.6825585713883059
2024-06-22,0.6788744021794126
2024-06-23,0.6762154098316008
2024-06-24,0.6738039028512057
2024-06-25,0.6776797745794672
2024-06-26,0.6756284462538297
2024-06-27,0.6722437329161556
2024-06-28,0.6689109077999242
2024-06-29,0.6687748575964425
2024-06-30,0.6705043913663183
2024-07-01,0.6676601211601505
2024-07-02,0.6645051911146936
2024-07-03,0.663621508901653
2024-07-04,0.6606632842544574
2024-07-05,0.6703892233687783
2024-07-06,0.6701092961414429
2024-07-07,0.669584278900758
2024-07-08,0.6688034499629661
2024-07-09,0.6693003068272719
2024-07-10,0.6678332258578618
2024-07-11,0.6649167151981434
2024-07-12,0.6627870165767255
2024-07-13,0.6607628878615266
2024-07-14,0.6664804394687683
2024-07-15,0.6658889368179269
2024-07-16,0.6631113575623138
2024-07-17,0.6605897991399403
2024-07-18,0.6582212717758965
2024-07-19,0.6630636261742783
2024-07-20,0.682773664131261
2024-07-21,0.689141060528098
2024-07-22,0.6876208118731374
2024-07-23,0.6854489177321931
2024-07-24,0.6826088203405203
2024-07-25,0.6832042846674045
2024-07-26,0.6824595472697228
2024-07-27,0.6824926157693165
2024-07-28,0.6964973063361286
2024-07-29,0.6990948683084441
2024-07-30,0.7059503337431043
2024-07-31,0.7081295552497149
2024-08-01,0.7049662083925531
2024-08-02,0.7033203328102076
2024-08-03,0.7012908262845374
2024-08-04,0.7008571428856468
2024-08-05,0.6998562990233584
2024-08-06,0.708860975848817
2024-08-07,0.7060044823497181
2024-08-08,0.7034739871436354
2024-08-09,0.7007959843469871
2024-08-10,0.7186786250409471
2024-08-11,0.7163785366654057
2024-08-12,0.7147439002919034
2024-08-13,0.7202935728693731
2024-08-14,0.7313459122795333
2024-08-15,0.7406847681568538
2024-08-16,0.7376864391373092
2024-08-17,0.7347186579997776
2024-08-18,0.7456273032919455
2024-08-19,0.7426801410341067
2024-08-20,0.7410332106645942
2024-08-21,0.7416181397471961
2024-08-22,0.7447948480513759
2024-08-23,0.7476392114326892
2024-08-24,0.7597208082088585
2024-08-25,0.7585484590116337
2024-08-26,0.7600203624189474
2024-08-27,0.7584962815755543
2024-08-28,0.7587753611289287
2024-08-29,0.7568877335313187
2024-08-30,0.7544487236363847
2024-08-31,0.7552223900072993
2024-09-01,0.7577842547052293
2024-09-02,0.7602481432444365
2024-09-03,0.7585276770494012
2024-09-04,0.7655683200182062
2024-09-05,0.7686655725256414
2024-09-06,0.7895957784287989
2024-09-07,0.7902446073874968
2024-09-08,0.7907652742894846
2024-09-09,0.7891882222676075
2024-09-10,0.7877740140126861
2024-09-11,0.8041857633888196
2024-09-12,0.8060964414448002
2024-09-13,0.805347097326561
2024-09-14,0.8031547202969804
2024-09-15,0.8017843068841706
2024-09-16,0.819779448685997
2024-09-17,0.817508967246493
2024-09-18,0.8154011575787772
2024-09-19,0.8134498885078815
2024-09-20,0.8123756948603377
2024-09-21,0.8112944075373014
2024-09-22,0.8096088639474026
2024-09-23,0.8089758685411469
2024-09-24,0.8114097697012471
2024-09-25,0.8111054886585238
2024-09-26,0.8127482737766533
2024-09-27,0.8116420256287012
2024-09-28,0.8218759534122417
2024-09-29,0.8210189093890127
2024-09-30,0.8262081163350781
2024-10-01,0.8429608110047296
2024-10-02,0.8452355904093735
2024-10-03,0.8437942448194345
2024-10-04,0.843342541886163
2024-10-05,0.8625141819405322
2024-10-06,0.8679507585533702
2024-10-07,0.8715988606617138
2024-10-08,0.8709844565885054
2024-10-09,0.8694860240768856
2024-10-10,0.8681697622296963
2024-10-11,0.8688511680890468
2024-10-12,0.8681077050179549
2024-10-13,0.8675193223819349
2024-10-14,0.8718461020970963
2024-10-15,0.8748725941182447
2024-10-16,0.8864865321794739
2024-10-17,0.9148462715514653
2024-10-18,0.91404615612689
2024-10-19,0.9232563226160068
2024-10-20,0.9215137357974331
2024-10-21,0.927370621662354
2024-10-22,0.9287676691241838
2024-10-23,0.9292087560017296
2024-10-24,0.9283749070348183
2024-10-25,0.9268087442203459
2024-10-26,0.9277350730635621
2024-10-27,0.930021967441553
2024-10-28,0.9288514887879125
2024-10-29,0.9286430582226071
2024-10-30,0.9343513760785404
2024-10-31,0.9333076387899719
2024-11-01,0.9359784976239144
2024-11-02,0.9370779496011867
2024-11-03,0.9633263000948052
2024-11-04,0.9634031839364494
2024-11-05,0.9925215027584325
2024-11-06,0.9921628388475874
2024-11-07,1.0288418984025143
2024-11-08,1.029865855236308
2024-11-09,1.0269556753752245
2024-11-10,1.0277185266261855
2024-11-11,1.0259936101332054
2024-11-12,1.0230948490930782
2024-11-13,1.0293818607990763
2024-11-14,1.0268261481733647
2024-11-15,1.0269806923344362
2024-11-16,1.024152559077127
2024-11-17,1.0243365343034956
2024-11-18,1.0215791156566667
2024-11-19,1.0195919627047694
2024-11-20,1.0465816882185563
2024-11-21,1.0439568466888454
2024-11-22,1.0425552507915563
2024-11-23,1.039361271849892
2024-11-24,1.0373131666321922
2024-11-25,1.0547266346228046
2024-11-26,1.0554528270098815
2024-11-27,1.0519612421524274
2024-11-28,1.0497725326331941
2024-11-29,1.051057513659751
2024-11-30,1.0668758170687342
2024-12-01,1.067631668796561
2024-12-02,1.064908129592229
2024-12-03,1.0636302961644106
2024-12-04,1.0647757435185918
2024-12-05,1.0769876797596247
2024-12-06,1.08804436325966
2024-12-07,1.0895574541742905
2024-12-08,1.0850777213146239
2024-12-09,1.080503347535596
2024-12-10,1.078695151173489
2024-12-11,1.0856942033895638
2024-12-12,1.0940725077141236
2024-12-13,1.0955567958035577
2024-12-14,1.0933197435329947
2024-12-15,1.090672840001788
2024-12-16,1.0888804154384644
2024-12-17,1.100677756401608
2024-12-18,1.09523852809434
2024-12-19,1.0979563187389063
2024-12-20,1.0923942913084936
2024-12-21,1.0899162741320423
2024-12-22,1.0879246488722019
2024-12-23,1.0835376214821097
2024-12-24,1.0837751909455249
2024-12-25,1.0892540996478568
2024-12-26,1.0834352606567197
2024-12-27,1.0853633010215589
2024-12-28,1.0940064507280967
2024-12-29,1.0893591930918585
2024-12-30,1.09257691511751
2024-12-31,1.0987158460049729
