date,G_daily_MWh,price_EUR_MWh
2015-01-05,219623.5,35.857083333333335
2015-01-06,102706.75,33.87916666666667
2015-01-07,210599.0,38.7175
2015-01-08,420530.25,28.48
2015-01-09,635351.75,24.25125
2015-01-10,624062.5,12.862499999999999
2015-01-11,620424.5,1.1033333333333335
2015-01-12,621972.25,22.5625
2015-01-13,508998.75,24.80541666666667
2015-01-14,400045.75,27.212500000000002
2015-01-15,536748.75,25.36708333333333
2015-01-16,257051.5,33.084583333333335
2015-01-17,122733.0,31.49875
2015-01-18,126265.0,26.991666666666664
2015-01-19,32878.5,42.57833333333333
2015-01-20,15892.0,47.037083333333335
2015-01-21,45236.5,44.987500000000004
2015-01-22,63024.5,43.821666666666665
2015-01-23,31449.0,42.370416666666664
2015-01-24,142059.0,29.778750000000002
2015-01-25,107670.75,28.275000000000002
2015-01-26,204852.0,37.502916666666664
2015-01-27,266563.75,32.93666666666667
2015-01-28,412118.25,28.18166666666667
2015-01-29,405875.0,26.2375
2015-01-30,88741.5,38.237500000000004
2015-01-31,131315.25,29.81458333333333
2015-02-01,114063.25,29.229166666666668
2015-02-02,189803.5,42.37833333333334
2015-02-03,93829.75,45.53041666666667
2015-02-04,38859.5,48.282916666666665
2015-02-05,112927.75,44.03958333333333
2015-02-06,172794.5,39.297916666666666
2015-02-07,251384.0,26.913749999999997
2015-02-08,396206.5,12.441666666666668
2015-02-09,371386.0,27.555000000000003
2015-02-10,143115.5,44.17916666666667
2015-02-11,26261.75,48.32416666666666
2015-02-12,22821.25,48.384166666666665
2015-02-13,83745.75,38.7
2015-02-14,106553.0,32.665
2015-02-15,181931.0,29.4275
2015-02-16,196276.25,35.53125
2015-02-17,62855.5,42.944583333333334
2015-02-18,112829.5,43.19708333333333
2015-02-19,221703.5,38.14416666666667
2015-02-20,320161.75,30.777083333333334
2015-02-21,274206.25,30.3425
2015-02-22,135206.75,33.52458333333333
2015-02-23,354994.75,31.67958333333333
2015-02-24,301874.25,34.64083333333333
2015-02-25,107150.75,44.275416666666665
2015-02-26,158760.75,37.29666666666667
2015-02-27,136599.0,38.86375
2015-02-28,177401.75,29.507500000000004
2015-03-01,434905.25,10.746666666666668
2015-03-02,483546.25,26.742083333333337
2015-03-03,423001.75,27.21083333333333
2015-03-04,362957.25,26.135416666666668
2015-03-05,161206.0,36.3675
2015-03-06,119917.25,39.94416666666667
2015-03-07,242499.5,28.677916666666665
2015-03-08,190871.75,22.480416666666667
2015-03-09,64613.5,38.92958333333333
2015-03-10,128493.75,37.895
2015-03-11,124819.0,34.85458333333333
2015-03-12,65247.0,39.4625
2015-03-13,138819.5,36.66833333333333
2015-03-14,128219.75,31.9475
2015-03-15,215616.0,27.547916666666666
2015-03-16,315808.0,30.844166666666666
2015-03-17,178212.0,31.9325
2015-03-18,115569.0,36.435
2015-03-19,42162.75,37.231249999999996
2015-03-20,26563.5,35.3025
2015-03-21,136436.0,30.967916666666667
2015-03-22,137065.5,25.98375
2015-03-23,54606.5,41.195
2015-03-24,20841.75,48.27791666666667
2015-03-25,128680.75,39.54125
2015-03-26,109214.0,40.7325
2015-03-27,210946.0,33.687916666666666
2015-03-28,185383.75,27.062083333333334
2015-03-29,462892.25,12.133478260869564
2015-03-30,495187.0,16.0525
2015-03-31,587563.25,17.847083333333334
2015-04-01,561974.25,19.101666666666667
2015-04-02,405433.0,32.246249999999996
2015-04-03,173752.5,23.707916666666666
2015-04-04,80485.0,27.982083333333335
2015-04-05,71704.75,25.402083333333334
2015-04-06,78637.25,25.843333333333334
2015-04-07,136328.75,36.365833333333335
2015-04-08,83519.75,41.9825
2015-04-09,24183.25,42.36958333333333
2015-04-10,31473.75,35.525
2015-04-11,315520.25,23.55458333333333
2015-04-12,254870.75,-0.7983333333333329
2015-04-13,356613.5,21.173750000000002
2015-04-14,182085.75,32.56666666666667
2015-04-15,267059.25,26.962083333333336
2015-04-16,132417.25,34.29291666666666
2015-04-17,132234.25,37.29125
2015-04-18,82986.0,26.859166666666667
2015-04-19,42582.5,23.270416666666666
2015-04-20,108455.75,32.69375
2015-04-21,198295.25,30.41333333333333
2015-04-22,100077.5,35.70041666666666
2015-04-23,49211.0,34.714166666666664
2015-04-24,47188.25,33.413333333333334
2015-04-25,126243.25,26.614583333333332
2015-04-26,71348.5,22.969166666666666
2015-04-27,117831.25,35.03541666666667
2015-04-28,116806.5,37.13166666666667
2015-04-29,125537.5,32.370416666666664
2015-04-30,149524.0,34.97625
2015-05-01,64240.75,23.206666666666667
2015-05-02,32342.25,26.105416666666667
2015-05-03,187458.25,17.125
2015-05-04,172313.5,30.85375
2015-05-05,355272.75,26.773749999999996
2015-05-06,259048.5,25.999583333333334
2015-05-07,264513.25,27.865
2015-05-08,37388.25,29.879166666666666
2015-05-09,237342.0,17.27958333333333
2015-05-10,240479.5,2.390416666666667
2015-05-11,137913.5,29.241666666666664
2015-05-12,251837.25,29.364166666666666
2015-05-13,202877.0,26.398750000000003
2015-05-14,72136.5,20.210416666666667
2015-05-15,51934.5,30.577083333333334
2015-05-16,156868.5,20.491666666666667
2015-05-17,220352.5,12.26625
2015-05-18,129047.75,30.08125
2015-05-19,233109.0,28.747500000000002
2015-05-20,82522.25,34.76583333333333
2015-05-21,67080.5,33.99208333333333
2015-05-22,31278.75,31.189999999999998
2015-05-23,62002.5,24.42375
2015-05-24,18131.25,19.716666666666665
2015-05-25,63300.75,23.520833333333332
2015-05-26,121745.5,33.19833333333333
2015-05-27,113729.0,31.96375
2015-05-28,232526.0,30.492500000000003
2015-05-29,129572.25,31.124166666666667
2015-05-30,233138.75,21.546666666666667
2015-05-31,236140.0,15.30375
2015-06-01,141256.0,31.438333333333333
2015-06-02,424788.0,22.03
2015-06-03,323231.0,27.75
2015-06-04,41775.0,28.929166666666664
2015-06-05,134855.25,29.611666666666665
2015-06-06,168864.75,23.62875
2015-06-07,90963.75,18.013333333333332
2015-06-08,142078.75,30.635833333333334
2015-06-09,101304.0,33.781666666666666
2015-06-10,74324.5,32.430416666666666
2015-06-11,55090.5,35.757083333333334
2015-06-12,46994.0,35.20166666666667
2015-06-13,114343.5,26.50583333333333
2015-06-14,103283.25,18.49
2015-06-15,97091.75,31.903333333333336
2015-06-16,77089.0,37.466249999999995
2015-06-17,90243.75,31.360833333333332
2015-06-18,186895.25,32.574999999999996
2015-06-19,186404.75,32.39666666666667
2015-06-20,127453.5,28.077916666666667
2015-06-21,63819.25,23.467083333333335
2015-06-22,119582.25,33.251666666666665
2015-06-23,168245.0,31.86583333333333
2015-06-24,162552.75,30.587500000000002
2015-06-25,48914.0,36.464999999999996
2015-06-26,25408.75,36.26833333333333
2015-06-27,150722.0,29.37875
2015-06-28,61313.25,20.985
2015-06-29,46859.75,36.124583333333334
2015-06-30,37789.0,35.55416666666667
2015-07-01,118749.25,33.57958333333333
2015-07-02,185107.75,33.89666666666667
2015-07-03,80498.75,44.75958333333333
2015-07-04,72082.75,33.61958333333333
2015-07-05,80317.5,28.27875
2015-07-06,163693.5,37.053333333333335
2015-07-07,85404.75,49.01583333333334
2015-07-08,366535.0,29.572083333333335
2015-07-09,372870.75,28.7025
2015-07-10,215243.75,32.14333333333334
2015-07-11,43630.5,33.21375
2015-07-12,101833.25,27.899583333333336
2015-07-13,111312.0,40.97708333333333
2015-07-14,115347.75,41.61375
2015-07-15,46167.75,47.72625
2015-07-16,30693.5,45.58708333333333
2015-07-17,148407.75,38.04833333333333
2015-07-18,127152.25,37.635
2015-07-19,116474.5,29.837500000000002
2015-07-20,110661.0,41.767916666666665
2015-07-21,166761.75,45.6
2015-07-22,68519.75,46.701249999999995
2015-07-23,68933.0,47.178333333333335
2015-07-24,74287.0,45.49916666666667
2015-07-25,405351.25,15.83
2015-07-26,245750.0,11.038333333333334
2015-07-27,247722.0,31.11375
2015-07-28,394006.0,24.557083333333335
2015-07-29,344947.0,27.401666666666667
2015-07-30,334285.25,24.495833333333334
2015-07-31,112514.25,30.523333333333337
2015-08-01,58927.0,22.396666666666665
2015-08-02,36617.0,17.286666666666665
2015-08-03,102528.25,28.934166666666666
2015-08-04,153487.5,33.19916666666666
2015-08-05,54508.0,34.80708333333333
2015-08-06,81220.0,34.445
2015-08-07,69198.25,34.217083333333335
2015-08-08,121174.0,28.285416666666666
2015-08-09,65743.0,26.985
2015-08-10,72776.5,34.314166666666665
2015-08-11,78365.0,38.788333333333334
2015-08-12,69161.5,37.5875
2015-08-13,158313.0,34.20708333333334
2015-08-14,174742.0,30.470416666666665
2015-08-15,61800.75,32.38166666666667
2015-08-16,72583.5,30.067916666666665
2015-08-17,115278.5,40.44541666666667
2015-08-18,90762.0,37.57625
2015-08-19,27790.75,39.45708333333334
2015-08-20,22609.25,37.35041666666667
2015-08-21,42197.0,31.915000000000003
2015-08-22,95013.75,27.522499999999997
2015-08-23,248168.25,16.87333333333333
2015-08-24,221302.75,30.91333333333333
2015-08-25,351305.75,25.997083333333332
2015-08-26,232381.25,29.307083333333335
2015-08-27,194794.25,30.88625
2015-08-28,68404.75,41.002916666666664
2015-08-29,28552.75,30.039583333333336
2015-08-30,38570.0,26.59875
2015-08-31,78775.0,35.499583333333334
2015-09-01,169191.0,39.135
2015-09-02,139936.5,37.624583333333334
2015-09-03,60937.75,40.755833333333335
2015-09-04,185877.25,33.02
2015-09-05,389602.75,19.738333333333333
2015-09-06,458040.25,1.5145833333333332
2015-09-07,139803.0,32.52291666666667
2015-09-08,69665.75,35.470416666666665
2015-09-09,83773.75,34.53333333333333
2015-09-10,130173.0,33.74875
2015-09-11,117658.75,33.470416666666665
2015-09-12,117242.25,30.627916666666668
2015-09-13,113834.5,25.969583333333333
2015-09-14,192470.25,33.9075
2015-09-15,309350.5,28.254166666666666
2015-09-16,267351.0,33.92625
2015-09-17,391476.0,27.704583333333332
2015-09-18,172997.5,36.4675
2015-09-19,76718.75,30.541666666666668
2015-09-20,140167.25,21.883750000000003
2015-09-21,71340.0,36.722500000000004
2015-09-22,152469.25,33.437916666666666
2015-09-23,75820.25,43.24916666666667
2015-09-24,157344.5,32.022083333333335
2015-09-25,60488.0,35.382083333333334
2015-09-26,57646.75,32.94375
2015-09-27,84852.25,26.0125
2015-09-28,83345.5,34.4675
2015-09-29,163113.25,34.37
2015-09-30,146542.75,37.015
2015-10-01,103322.5,39.01791666666667
2015-10-02,71689.25,37.98041666666666
2015-10-03,58469.75,28.85291666666667
2015-10-04,49201.0,31.183333333333334
2015-10-05,94152.0,39.29833333333333
2015-10-06,233524.5,37.22666666666667
2015-10-07,167183.0,40.48041666666666
2015-10-08,43872.0,47.14125000000001
2015-10-09,37421.0,44.33583333333333
2015-10-10,154841.25,33.64458333333334
2015-10-11,267702.0,21.905
2015-10-12,176056.5,34.83541666666667
2015-10-13,92499.25,42.154583333333335
2015-10-14,75796.75,44.70208333333333
2015-10-15,117760.75,39.85208333333333
2015-10-16,35579.0,47.3375
2015-10-17,10383.75,40.46333333333333
2015-10-18,18536.75,37.47833333333333
2015-10-19,17571.5,50.720416666666665
2015-10-20,24324.25,48.40291666666667
2015-10-21,76030.5,41.69541666666667
2015-10-22,204215.25,37.20583333333334
2015-10-23,152957.75,37.784166666666664
2015-10-24,92099.5,32.806666666666665
2015-10-25,87424.5,33.66958333333333
2015-10-26,113701.0,39.52166666666667
2015-10-27,137088.0,40.36875
2015-10-28,128440.25,42.19625
2015-10-29,28269.0,49.64166666666667
2015-10-30,61640.75,43.19583333333333
2015-10-31,157230.75,35.727916666666665
2015-11-01,80399.0,31.5725
2015-11-02,33729.5,39.959583333333335
2015-11-03,23876.25,41.645
2015-11-04,73628.75,42.31
2015-11-05,76045.75,43.96791666666667
2015-11-06,171464.5,36.6675
2015-11-07,287437.75,29.450416666666666
2015-11-08,275020.5,20.638749999999998
2015-11-09,505473.5,28.680833333333336
2015-11-10,527157.5,28.843333333333334
2015-11-11,322908.5,35.079166666666666
2015-11-12,229355.0,36.44625
2015-11-13,388542.25,32.089999999999996
2015-11-14,525075.75,20.69125
2015-11-15,509004.5,23.832083333333333
2015-11-16,378139.25,30.511666666666667
2015-11-17,428771.75,31.72083333333333
2015-11-18,632262.75,20.438333333333333
2015-11-19,611417.25,24.845416666666665
2015-11-20,281717.0,38.168749999999996
2015-11-21,158621.0,29.739166666666666
2015-11-22,241014.5,26.015416666666667
2015-11-23,124040.5,49.42625
2015-11-24,346650.25,35.208333333333336
2015-11-25,158258.75,41.73375
2015-11-26,72568.75,51.265833333333326
2015-11-27,179343.0,36.76916666666667
2015-11-28,418329.75,27.86916666666667
2015-11-29,644023.5,10.814583333333333
2015-11-30,556539.25,25.28
2015-12-01,365596.25,35.665416666666665
2015-12-02,289012.5,36.4
2015-12-03,219089.5,42.534166666666664
2015-12-04,445323.0,30.72666666666667
2015-12-05,530753.0,23.49875
2015-12-06,558232.5,17.557083333333335
2015-12-07,112432.5,40.61125
2015-12-08,181074.5,34.729166666666664
2015-12-09,245593.75,34.945
2015-12-10,345120.0,29.460833333333337
2015-12-11,463058.25,26.403333333333332
2015-12-12,372762.5,25.8225
2015-12-13,286228.5,27.102083333333336
2015-12-14,87813.0,41.941250000000004
2015-12-15,65506.25,42.61208333333334
2015-12-16,193459.25,36.96791666666667
2015-12-17,287142.25,32.46791666666667
2015-12-18,273944.0,32.64458333333334
2015-12-19,252706.25,26.869583333333335
2015-12-20,303692.25,17.330416666666668
2015-12-21,506234.0,24.982083333333335
2015-12-22,581799.75,16.974999999999998
2015-12-23,503958.0,19.508333333333333
2015-12-24,375098.5,17.27125
2015-12-25,359646.75,13.3025
2015-12-26,556411.0,6.792083333333333
2015-12-27,400234.0,15.527083333333332
2015-12-28,159962.5,30.809166666666666
2015-12-29,257706.75,30.957083333333333
2015-12-30,251939.0,26.86375
2015-12-31,258919.5,21.920416666666668
2016-01-01,86528.25,24.949166666666667
2016-01-02,341620.25,18.137083333333333
2016-01-03,356507.75,14.145416666666668
2016-01-04,233462.5,27.47458333333333
2016-01-05,160886.25,33.38916666666667
2016-01-06,104122.25,33.606249999999996
2016-01-07,247711.25,33.39541666666667
2016-01-08,440490.25,26.9675
2016-01-09,163748.75,28.89708333333333
2016-01-10,294443.0,20.562916666666666
2016-01-11,172182.75,33.61625
2016-01-12,277630.75,29.446250000000003
2016-01-13,320110.25,29.160416666666666
2016-01-14,210985.0,33.594166666666666
2016-01-15,140966.5,35.40416666666667
2016-01-16,108512.5,28.3175
2016-01-17,88703.25,27.56625
2016-01-18,58690.5,38.86625
2016-01-19,131615.75,48.20208333333333
2016-01-20,104564.25,48.72666666666667
2016-01-21,30331.25,52.17958333333333
2016-01-22,150193.0,33.2925
2016-01-23,247503.5,28.279583333333335
2016-01-24,204481.75,26.318749999999998
2016-01-25,253673.0,28.340416666666666
2016-01-26,421768.75,25.510416666666668
2016-01-27,608016.25,19.2025
2016-01-28,416045.0,25.802083333333332
2016-01-29,582146.0,22.647499999999997
2016-01-30,618684.5,12.052083333333334
2016-01-31,443345.75,12.051250000000001
2016-02-01,504298.0,21.254166666666666
2016-02-02,653291.25,16.569583333333334
2016-02-03,485201.25,22.866666666666664
2016-02-04,340832.25,26.363333333333333
2016-02-05,220825.25,27.860416666666666
2016-02-06,344605.5,16.29625
2016-02-07,455016.75,9.772916666666667
2016-02-08,682469.5,13.64125
2016-02-09,575170.0,16.152083333333334
2016-02-10,379021.25,24.329166666666666
2016-02-11,302371.5,25.715416666666666
2016-02-12,85501.0,28.59166666666667
2016-02-13,131809.75,22.936666666666667
2016-02-14,225743.5,15.36625
2016-02-15,174019.25,24.527083333333334
2016-02-16,63667.75,32.36875
2016-02-17,157294.25,26.089166666666667
2016-02-18,57410.5,27.86375
2016-02-19,83383.5,27.3625
2016-02-20,535350.0,14.19
2016-02-21,581942.75,8.92375
2016-02-22,496595.5,19.189583333333335
2016-02-23,239066.0,24.519166666666667
2016-02-24,217500.5,23.95125
2016-02-25,129905.75,27.88
2016-02-26,83341.5,27.83375
2016-02-27,112073.25,23.000833333333333
2016-02-28,177703.75,18.336666666666666
2016-02-29,245315.5,23.944999999999997
2016-03-01,184072.0,24.997083333333332
2016-03-02,337946.5,24.049166666666665
2016-03-03,97876.5,28.190416666666668
2016-03-04,237401.0,24.883750000000003
2016-03-05,77219.75,23.12625
2016-03-06,104469.5,21.33375
2016-03-07,52878.0,29.422916666666666
2016-03-08,55098.75,28.36375
2016-03-09,197477.75,25.749166666666667
2016-03-10,106896.5,26.155
2016-03-11,85351.5,27.9225
2016-03-12,81123.25,27.814583333333335
2016-03-13,130389.25,22.926666666666666
2016-03-14,91215.5,27.454583333333332
2016-03-15,139956.5,27.145416666666666
2016-03-16,248274.0,25.409583333333334
2016-03-17,69682.25,27.63083333333333
2016-03-18,106601.5,25.24083333333333
2016-03-19,84271.25,24.549166666666665
2016-03-20,235849.25,17.882916666666667
2016-03-21,265770.25,25.300833333333333
2016-03-22,155450.25,28.4225
2016-03-23,115957.0,26.442083333333333
2016-03-24,61611.5,27.783749999999998
2016-03-25,156888.0,25.452916666666667
2016-03-26,190213.75,20.090833333333332
2016-03-27,332887.0,10.411739130434782
2016-03-28,434391.5,1.5220833333333335
2016-03-29,384218.5,22.066666666666666
2016-03-30,265739.25,27.193749999999998
2016-03-31,96523.25,27.942083333333333
2016-04-01,88797.5,27.596249999999998
2016-04-02,152470.75,21.498333333333335
2016-04-03,90055.0,17.689583333333335
2016-04-04,109277.0,27.139166666666668
2016-04-05,106046.75,26.8725
2016-04-06,349582.75,22.62
2016-04-07,312922.25,22.820833333333336
2016-04-08,90483.0,28.347083333333334
2016-04-09,48373.0,24.136666666666667
2016-04-10,118200.25,19.307083333333335
2016-04-11,181478.75,23.594166666666666
2016-04-12,73035.0,28.355
2016-04-13,43180.0,28.537916666666664
2016-04-14,51601.25,26.73875
2016-04-15,202050.5,25.2375
2016-04-16,294114.0,18.894583333333333
2016-04-17,154027.0,18.5125
2016-04-18,196635.25,23.93166666666667
2016-04-19,344897.5,20.54041666666667
2016-04-20,176335.75,23.909583333333334
2016-04-21,82554.75,26.58666666666667
2016-04-22,128681.75,25.745833333333334
2016-04-23,160853.75,22.59875
2016-04-24,162649.75,15.549166666666666
2016-04-25,223380.5,26.487083333333334
2016-04-26,257021.0,26.994583333333335
2016-04-27,353589.5,26.091250000000002
2016-04-28,175709.0,29.895833333333332
2016-04-29,242445.75,25.65416666666667
2016-04-30,117954.25,24.521666666666665
2016-05-01,189391.25,18.631666666666668
2016-05-02,58045.75,27.828333333333333
2016-05-03,181848.75,28.27416666666667
2016-05-04,85465.5,27.36
2016-05-05,116279.25,19.45
2016-05-06,208298.5,22.535416666666666
2016-05-07,262491.25,14.770000000000001
2016-05-08,344521.5,-12.89
2016-05-09,314632.75,21.563333333333333
2016-05-10,220305.25,27.034583333333334
2016-05-11,240473.5,25.073333333333334
2016-05-12,292183.25,25.30458333333333
2016-05-13,181450.75,27.3625
2016-05-14,328700.5,12.85
2016-05-15,341448.5,7.4004166666666675
2016-05-16,236067.5,20.787499999999998
2016-05-17,181207.75,30.302916666666665
2016-05-18,75549.5,30.627916666666668
2016-05-19,52632.5,33.35583333333333
2016-05-20,154591.25,27.66125
2016-05-21,94387.75,21.81833333333333
2016-05-22,203846.75,5.651666666666666
2016-05-23,142368.25,29.231666666666666
2016-05-24,166278.0,29.41
2016-05-25,27372.75,30.522916666666664
2016-05-26,16823.75,27.5475
2016-05-27,31468.0,28.670833333333334
2016-05-28,60362.5,23.715416666666666
2016-05-29,123694.75,13.474166666666667
2016-05-30,194424.75,24.813333333333333
2016-05-31,81006.5,28.67375
2016-06-01,122098.5,30.472916666666666
2016-06-02,66561.75,28.77541666666667
2016-06-03,84538.0,29.080416666666665
2016-06-04,47918.25,25.14916666666667
2016-06-05,38721.0,20.317916666666665
2016-06-06,60352.75,30.51625
2016-06-07,46855.25,29.117500000000003
2016-06-08,120507.25,29.084166666666665
2016-06-09,78251.25,30.6775
2016-06-10,126094.5,26.186666666666667
2016-06-11,34276.25,26.377916666666668
2016-06-12,63345.0,22.4175
2016-06-13,77039.0,29.299166666666665
2016-06-14,57016.5,30.144583333333333
2016-06-15,51433.0,30.582083333333333
2016-06-16,33995.0,30.5825
2016-06-17,142427.0,28.040000000000003
2016-06-18,129828.0,21.98125
2016-06-19,74136.75,17.39875
2016-06-20,164831.0,26.956666666666667
2016-06-21,105394.0,33.086666666666666
2016-06-22,43811.25,32.44625
2016-06-23,118786.25,29.41208333333333
2016-06-24,96114.25,30.58125
2016-06-25,111968.25,27.985
2016-06-26,158147.25,16.335
2016-06-27,144637.25,27.770416666666666
2016-06-28,56530.75,33.07833333333333
2016-06-29,208022.75,27.326666666666668
2016-06-30,125623.5,29.633333333333336
2016-07-01,200987.25,27.108333333333334
2016-07-02,219409.75,21.0575
2016-07-03,159069.75,14.242916666666666
2016-07-04,49478.25,30.826666666666668
2016-07-05,258876.25,26.979166666666668
2016-07-06,398791.5,16.210416666666667
2016-07-07,93178.25,29.582083333333333
2016-07-08,174634.0,28.660416666666666
2016-07-09,194242.25,20.473333333333333
2016-07-10,133867.75,15.291666666666666
2016-07-11,275330.0,25.227500000000003
2016-07-12,140231.25,29.865416666666665
2016-07-13,55341.75,32.57666666666667
2016-07-14,239022.75,25.199166666666667
2016-07-15,273185.75,25.998333333333335
2016-07-16,98933.75,24.844166666666666
2016-07-17,91407.75,21.491249999999997
2016-07-18,91207.5,29.82875
2016-07-19,36659.25,32.43333333333333
2016-07-20,93552.25,29.44458333333333
2016-07-21,87654.5,32.77708333333333
2016-07-22,56599.0,31.74416666666667
2016-07-23,39820.5,29.56041666666667
2016-07-24,17008.5,27.09166666666667
2016-07-25,31041.0,33.21625
2016-07-26,36016.25,32.93666666666667
2016-07-27,66366.0,33.5175
2016-07-28,44607.0,31.615
2016-07-29,115064.25,30.05541666666667
2016-07-30,108116.0,27.70125
2016-07-31,52296.0,25.280416666666667
2016-08-01,119175.5,29.73125
2016-08-02,76135.75,32.55166666666667
2016-08-03,222777.5,29.2675
2016-08-04,197602.25,27.89
2016-08-05,109953.75,31.547916666666666
2016-08-06,139533.25,24.567916666666665
2016-08-07,152434.25,15.401666666666666
2016-08-08,290219.75,21.27
2016-08-09,134772.25,28.77125
2016-08-10,125795.5,28.145416666666666
2016-08-11,169186.0,28.8425
2016-08-12,151057.75,28.02416666666667
2016-08-13,226259.5,18.81
2016-08-14,83095.75,21.750416666666666
2016-08-15,58938.75,27.981666666666666
2016-08-16,56758.0,29.66208333333333
2016-08-17,42965.5,29.777083333333334
2016-08-18,41851.0,30.589166666666667
2016-08-19,31506.75,30.73166666666667
2016-08-20,112017.25,24.874583333333334
2016-08-21,204803.0,15.088333333333333
2016-08-22,150695.25,28.335833333333337
2016-08-23,59903.0,31.37875
2016-08-24,85997.25,29.772916666666664
2016-08-25,170826.25,28.804583333333337
2016-08-26,124745.25,29.436666666666667
2016-08-27,66178.5,26.228333333333335
2016-08-28,179103.25,21.705
2016-08-29,199330.0,28.945416666666663
2016-08-30,74749.5,32.110416666666666
2016-08-31,56433.5,30.66541666666667
2016-09-01,64705.75,31.25583333333333
2016-09-02,65445.25,30.545416666666668
2016-09-03,97063.25,29.485416666666666
2016-09-04,239946.0,24.439999999999998
2016-09-05,152568.75,36.77833333333333
2016-09-06,33932.0,33.089166666666664
2016-09-07,75651.0,30.765
2016-09-08,98587.5,30.971249999999998
2016-09-09,58997.75,32.32416666666666
2016-09-10,34509.25,28.398749999999996
2016-09-11,54089.5,27.254166666666666
2016-09-12,74680.25,33.12708333333333
2016-09-13,126546.75,31.9325
2016-09-14,179416.25,29.087500000000002
2016-09-15,227565.0,27.96625
2016-09-16,82582.25,32.44833333333333
2016-09-17,152988.75,27.604583333333334
2016-09-18,179124.5,24.73625
2016-09-19,56218.0,34.7875
2016-09-20,19781.5,34.53333333333333
2016-09-21,32751.25,35.02458333333333
2016-09-22,24641.25,32.594166666666666
2016-09-23,56637.75,31.09958333333333
2016-09-24,57269.5,29.359583333333333
2016-09-25,139049.25,23.0675
2016-09-26,55304.25,36.48708333333333
2016-09-27,41970.25,34.90416666666666
2016-09-28,386929.5,24.5925
2016-09-29,448645.75,22.438333333333333
2016-09-30,189932.0,33.7175
2016-10-01,94293.0,33.134166666666665
2016-10-02,172017.0,30.02208333333333
2016-10-03,142069.25,30.5775
2016-10-04,296689.5,30.328333333333333
2016-10-05,314971.5,29.675416666666667
2016-10-06,295008.5,31.188333333333333
2016-10-07,114202.0,38.38708333333333
2016-10-08,107297.0,36.08166666666667
2016-10-09,45967.5,33.28875
2016-10-10,14483.25,50.1875
2016-10-11,106724.0,38.31333333333333
2016-10-12,131442.5,36.86708333333333
2016-10-13,255866.0,34.07458333333333
2016-10-14,355408.0,29.704583333333332
2016-10-15,183777.75,31.060000000000002
2016-10-16,75066.5,33.699999999999996
2016-10-17,116676.5,41.94416666666667
2016-10-18,109347.75,40.026666666666664
2016-10-19,185476.75,40.41125
2016-10-20,95963.75,40.51416666666667
2016-10-21,62800.5,39.579166666666666
2016-10-22,42796.0,37.755
2016-10-23,43817.0,34.71
2016-10-24,77838.0,41.920833333333334
2016-10-25,40151.25,52.861250000000005
2016-10-26,28639.5,45.17416666666667
2016-10-27,150219.5,39.595416666666665
2016-10-28,314564.5,35.95916666666667
2016-10-29,227123.0,34.384166666666665
2016-10-30,93121.5,36.71208333333333
2016-10-31,43104.25,43.064166666666665
2016-11-01,170005.5,34.74666666666667
2016-11-02,373325.0,33.03208333333333
2016-11-03,100495.0,45.59916666666667
2016-11-04,201097.5,40.354166666666664
2016-11-05,158144.25,38.862500000000004
2016-11-06,161572.25,35.45708333333334
2016-11-07,111629.5,38.012499999999996
2016-11-08,91495.5,54.248333333333335
2016-11-09,108634.75,48.300000000000004
2016-11-10,109551.75,51.77875
2016-11-11,91140.75,47.65625
2016-11-12,60060.5,39.82375
2016-11-13,123144.0,37.037083333333335
2016-11-14,196363.25,39.85541666666666
2016-11-15,335755.75,40.13833333333333
2016-11-16,324846.5,43.02875
2016-11-17,449076.5,33.961666666666666
2016-11-18,560642.0,24.174583333333334
2016-11-19,336303.25,31.559166666666666
2016-11-20,571320.25,-0.31583333333333347
2016-11-21,347422.5,33.82666666666667
2016-11-22,191823.75,38.33958333333333
2016-11-23,62343.25,45.38666666666666
2016-11-24,210747.5,39.725833333333334
2016-11-25,136999.5,42.72708333333333
2016-11-26,98407.5,38.63875
2016-11-27,228059.0,31.12125
2016-11-28,181897.25,40.777499999999996
2016-11-29,167423.5,42.80916666666667
2016-11-30,410074.25,36.01333333333333
2016-12-01,583399.0,27.625833333333333
2016-12-02,277512.75,38.60541666666666
2016-12-03,61885.25,40.985
2016-12-04,86400.25,38.25541666666667
2016-12-05,70644.0,48.8525
2016-12-06,65822.25,58.33291666666667
2016-12-07,251294.0,37.93
2016-12-08,434353.0,30.419166666666666
2016-12-09,365592.25,35.84625
2016-12-10,348174.5,32.1975
2016-12-11,461748.5,28.975416666666664
2016-12-12,159807.75,47.45291666666666
2016-12-13,86696.75,49.1975
2016-12-14,46953.75,60.05833333333334
2016-12-15,136423.5,49.84583333333333
2016-12-16,117752.5,53.059583333333336
2016-12-17,64309.75,46.791666666666664
2016-12-18,110577.75,43.69291666666667
2016-12-19,61151.5,57.40708333333333
2016-12-20,131653.5,48.824999999999996
2016-12-21,233225.75,40.05375
2016-12-22,191527.5,45.23374999999999
2016-12-23,305230.5,38.16958333333333
2016-12-24,599515.75,8.452499999999999
2016-12-25,650148.0,-2.6950000000000003
2016-12-26,660967.25,-12.247916666666667
2016-12-27,590620.5,4.480416666666667
2016-12-28,206175.75,41.30291666666667
2016-12-29,112694.0,46.437916666666666
2016-12-30,172638.5,41.992916666666666
2016-12-31,232349.75,36.277499999999996
2017-01-01,254395.5,29.37875
2017-01-02,225582.25,46.24583333333334
2017-01-03,560809.25,38.63375
2017-01-04,620445.25,27.054583333333337
2017-01-05,242259.5,49.96083333333333
2017-01-06,69146.0,49.55416666666667
2017-01-07,196535.5,38.52333333333333
2017-01-08,37257.5,42.64125
2017-01-09,117976.25,55.91916666666666
2017-01-10,238999.0,54.60583333333333
2017-01-11,534019.5,35.9175
2017-01-12,527834.75,34.17666666666667
2017-01-13,461396.0,39.79625
2017-01-14,416698.5,33.33
2017-01-15,212679.75,35.61708333333333
2017-01-16,63848.0,80.27708333333334
2017-01-17,66954.75,85.37333333333333
2017-01-18,108439.75,69.73583333333333
2017-01-19,110561.0,66.85791666666667
2017-01-20,102133.5,62.88375
2017-01-21,75572.25,48.260416666666664
2017-01-22,45711.75,41.35541666666666
2017-01-23,29754.5,75.63625
2017-01-24,20556.25,101.92166666666667
2017-01-25,50099.75,86.0075
2017-01-26,174996.5,48.96541666666667
2017-01-27,209549.5,43.78958333333333
2017-01-28,157740.75,42.391666666666666
2017-01-29,240698.0,37.649166666666666
2017-01-30,284933.25,51.91916666666666
2017-01-31,79443.5,69.18249999999999
2017-02-01,142717.75,51.298750000000005
2017-02-02,185856.5,44.88083333333333
2017-02-03,151322.75,48.15416666666667
2017-02-04,191035.25,45.29916666666667
2017-02-05,90587.5,43.51291666666666
2017-02-06,82969.25,61.78625
2017-02-07,168047.25,53.416666666666664
2017-02-08,144565.25,59.66208333333333
2017-02-09,141450.5,57.92208333333334
2017-02-10,207315.25,44.85916666666666
2017-02-11,233858.0,38.54833333333333
2017-02-12,253403.5,33.12583333333333
2017-02-13,267736.5,42.33375
2017-02-14,164575.0,42.981249999999996
2017-02-15,74031.0,47.32041666666667
2017-02-16,196704.0,40.625
2017-02-17,215000.5,43.02166666666667
2017-02-18,107805.0,40.192083333333336
2017-02-19,277506.25,28.416666666666668
2017-02-20,549260.25,31.197916666666668
2017-02-21,502962.5,32.6775
2017-02-22,722701.25,24.141666666666666
2017-02-23,623879.5,25.59875
2017-02-24,479897.5,28.74625
2017-02-25,332272.75,29.72583333333333
2017-02-26,466996.0,13.570833333333333
2017-02-27,463202.25,28.953333333333333
2017-02-28,536938.25,29.675833333333333
2017-03-01,409129.75,35.63166666666667
2017-03-02,570784.5,27.348333333333333
2017-03-03,272531.0,38.26625
2017-03-04,211292.75,33.845
2017-03-05,343184.0,17.842083333333335
2017-03-06,191841.5,38.8375
2017-03-07,91808.5,44.504999999999995
2017-03-08,300480.0,36.41458333333333
2017-03-09,273048.0,38.22291666666667
2017-03-10,277155.75,33.55833333333333
2017-03-11,93437.5,32.94541666666667
2017-03-12,248978.25,18.764166666666664
2017-03-13,92848.0,36.312083333333334
2017-03-14,196147.75,34.55708333333333
2017-03-15,256583.25,33.6725
2017-03-16,155876.75,34.41583333333333
2017-03-17,434881.75,28.485
2017-03-18,619658.0,19.671666666666667
2017-03-19,443006.25,13.5675
2017-03-20,482010.5,29.059583333333332
2017-03-21,342541.5,30.46875
2017-03-22,132712.5,35.498333333333335
2017-03-23,161095.75,34.165
2017-03-24,149646.0,34.285833333333336
2017-03-25,191565.0,28.35375
2017-03-26,76973.5,27.96260869565217
2017-03-27,68093.25,34.96041666666667
2017-03-28,94462.0,34.48208333333333
2017-03-29,321205.0,31.22458333333333
2017-03-30,130336.25,33.620416666666664
2017-03-31,210960.75,31.642916666666665
2017-04-01,71056.75,30.38083333333333
2017-04-02,95776.5,29.550833333333333
2017-04-03,57161.75,37.705
2017-04-04,33215.25,38.6475
2017-04-05,233755.0,32.687916666666666
2017-04-06,336830.25,29.99
2017-04-07,368195.75,33.83083333333333
2017-04-08,73386.75,34.47625
2017-04-09,38113.75,28.227500000000003
2017-04-10,401385.25,27.374166666666667
2017-04-11,295310.0,33.51125
2017-04-12,462170.25,27.684583333333332
2017-04-13,397346.75,29.27
2017-04-14,223091.0,30.29375
2017-04-15,424804.75,14.60375
2017-04-16,283392.75,18.565833333333334
2017-04-17,156496.75,25.297083333333333
2017-04-18,241202.25,34.30291666666667
2017-04-19,170549.25,37.027499999999996
2017-04-20,69184.75,37.18458333333333
2017-04-21,347255.0,27.689166666666665
2017-04-22,461780.5,12.267083333333334
2017-04-23,332500.25,11.163333333333334
2017-04-24,272176.25,31.113333333333333
2017-04-25,217935.5,36.196666666666665
2017-04-26,48175.25,39.90875
2017-04-27,73263.5,36.785000000000004
2017-04-28,76525.75,36.870416666666664
2017-04-29,86685.0,30.233333333333334
2017-04-30,339669.25,-6.741666666666667
2017-05-01,370981.0,-24.27125
2017-05-02,311782.75,28.869583333333335
2017-05-03,208682.5,34.49333333333333
2017-05-04,275945.75,32.78458333333333
2017-05-05,108414.25,38.045833333333334
2017-05-06,91215.0,32.77625
2017-05-07,77839.75,28.045416666666668
2017-05-08,206660.0,33.512499999999996
2017-05-09,55658.75,39.755
2017-05-10,86609.5,38.83125
2017-05-11,139889.25,33.92583333333334
2017-05-12,136278.5,35.623333333333335
2017-05-13,62551.75,31.985
2017-05-14,62172.0,28.02916666666667
2017-05-15,52787.5,36.43333333333333
2017-05-16,65151.0,34.22958333333333
2017-05-17,128913.0,32.518750000000004
2017-05-18,176490.5,32.737500000000004
2017-05-19,162793.0,34.4675
2017-05-20,153455.25,26.465833333333332
2017-05-21,50261.75,18.775000000000002
2017-05-22,53489.5,36.052083333333336
2017-05-23,176045.5,33.473333333333336
2017-05-24,252401.5,32.21875
2017-05-25,129835.0,27.895833333333332
2017-05-26,81325.5,32.52041666666667
2017-05-27,147772.75,27.017916666666665
2017-05-28,140701.0,20.363333333333333
2017-05-29,46207.0,36.90708333333333
2017-05-30,169143.0,36.835
2017-05-31,253357.25,32.95875
2017-06-01,86654.75,36.26125
2017-06-02,36313.5,36.446666666666665
2017-06-03,97480.0,30.504583333333333
2017-06-04,200795.0,22.762083333333333
2017-06-05,69342.0,27.95625
2017-06-06,336369.5,21.530416666666667
2017-06-07,567359.75,13.312916666666666
2017-06-08,244711.75,28.78833333333333
2017-06-09,211785.75,33.378750000000004
2017-06-10,63320.5,31.03
2017-06-11,126334.5,20.91375
2017-06-12,399200.25,24.69125
2017-06-13,271706.75,32.75208333333333
2017-06-14,62765.5,37.41791666666666
2017-06-15,98645.0,32.19375
2017-06-16,393121.0,20.195416666666667
2017-06-17,255160.5,24.474166666666665
2017-06-18,37695.75,28.75125
2017-06-19,27077.0,38.07625
2017-06-20,110257.0,35.556666666666665
2017-06-21,54737.75,39.53
2017-06-22,189943.5,35.57041666666667
2017-06-23,363395.5,29.950833333333335
2017-06-24,314954.25,22.150833333333335
2017-06-25,279171.75,18.625416666666666
2017-06-26,174463.0,33.03333333333333
2017-06-27,68622.25,38.84791666666667
2017-06-28,188615.5,35.281666666666666
2017-06-29,166937.25,38.077083333333334
2017-06-30,359574.75,31.987083333333334
2017-07-01,273282.25,28.444999999999997
2017-07-02,260821.5,24.175
2017-07-03,218539.25,32.42125
2017-07-04,162286.0,34.88708333333333
2017-07-05,28617.75,38.83541666666667
2017-07-06,31231.25,39.3575
2017-07-07,129851.25,37.32125
2017-07-08,110176.0,34.40208333333333
2017-07-09,38320.25,33.13166666666667
2017-07-10,82353.0,40.053333333333335
2017-07-11,144592.75,36.574999999999996
2017-07-12,259512.75,34.64125
2017-07-13,186766.5,33.86708333333333
2017-07-14,58256.5,36.81333333333333
2017-07-15,71156.75,32.49666666666666
2017-07-16,113516.0,30.421666666666667
2017-07-17,70863.0,37.45041666666666
2017-07-18,57929.0,37.655833333333334
2017-07-19,169887.25,35.910833333333336
2017-07-20,134415.75,37.2325
2017-07-21,82535.75,35.925
2017-07-22,121348.5,33.3225
2017-07-23,191503.25,28.7675
2017-07-24,70127.25,39.33708333333333
2017-07-25,238058.5,34.143750000000004
2017-07-26,250352.25,32.795833333333334
2017-07-27,142336.5,33.74166666666667
2017-07-28,229001.75,31.360416666666666
2017-07-29,241750.5,20.434583333333332
2017-07-30,293999.25,5.149166666666667
2017-07-31,95986.75,32.21083333333333
2017-08-01,92980.0,34.73708333333333
2017-08-02,72738.0,33.049166666666665
2017-08-03,297032.0,28.0725
2017-08-04,369571.75,24.55666666666667
2017-08-05,192132.0,27.993750000000002
2017-08-06,136460.75,19.534166666666668
2017-08-07,73074.25,33.26416666666667
2017-08-08,202846.75,31.2925
2017-08-09,163308.25,30.272916666666664
2017-08-10,85265.75,35.50791666666667
2017-08-11,101913.25,37.731249999999996
2017-08-12,255193.5,21.675833333333333
2017-08-13,97311.75,20.142916666666668
2017-08-14,81414.0,33.08083333333334
2017-08-15,172571.5,26.629166666666666
2017-08-16,53759.5,35.885416666666664
2017-08-17,145973.5,33.47666666666667
2017-08-18,143223.5,33.68333333333333
2017-08-19,284524.75,14.722499999999998
2017-08-20,233063.5,8.703333333333333
2017-08-21,177205.0,29.295833333333334
2017-08-22,77714.25,37.219166666666666
2017-08-23,51358.0,36.56791666666667
2017-08-24,141664.5,35.64791666666667
2017-08-25,69772.5,37.84916666666667
2017-08-26,41823.5,34.3275
2017-08-27,113025.0,30.4475
2017-08-28,32813.75,38.66458333333333
2017-08-29,83221.75,37.62
2017-08-30,150543.25,36.18875
2017-08-31,192116.75,38.459583333333335
2017-09-01,32467.25,38.797916666666666
2017-09-02,32335.75,33.928333333333335
2017-09-03,22354.75,30.82625
2017-09-04,66711.0,36.550000000000004
2017-09-05,70275.0,37.66375
2017-09-06,327469.75,31.87125
2017-09-07,296746.75,33.40291666666666
2017-09-08,443945.75,27.24208333333333
2017-09-09,287917.25,32.15416666666667
2017-09-10,204011.5,22.96666666666667
2017-09-11,489873.5,21.47
2017-09-12,405090.75,29.432916666666667
2017-09-13,685568.5,13.604999999999999
2017-09-14,572510.75,22.693749999999998
2017-09-15,294158.5,35.02583333333333
2017-09-16,78467.75,37.028333333333336
2017-09-17,19782.75,33.387499999999996
2017-09-18,50321.25,42.07333333333333
2017-09-19,55957.25,41.334583333333335
2017-09-20,105437.75,39.149166666666666
2017-09-21,33325.75,39.25833333333333
2017-09-22,11681.25,40.0725
2017-09-23,22323.0,36.24208333333333
2017-09-24,39155.5,34.9475
2017-09-25,69363.0,42.36333333333334
2017-09-26,97904.75,40.44375
2017-09-27,97184.25,40.882083333333334
2017-09-28,94593.75,40.300000000000004
2017-09-29,118857.5,39.721250000000005
2017-09-30,176491.25,35.62375
2017-10-01,138674.75,29.80666666666667
2017-10-02,467738.75,18.305
2017-10-03,361435.25,24.48375
2017-10-04,522865.25,28.609583333333333
2017-10-05,650043.5,18.025833333333335
2017-10-06,500959.75,27.252916666666668
2017-10-07,533859.0,7.547916666666667
2017-10-08,285865.0,23.45
2017-10-09,146300.5,42.38708333333333
2017-10-10,263433.5,37.32125
2017-10-11,432010.25,34.25541666666667
2017-10-12,566240.5,25.38
2017-10-13,227896.25,39.552083333333336
2017-10-14,213995.5,31.499166666666667
2017-10-15,146961.25,30.746666666666666
2017-10-16,216836.75,38.55
2017-10-17,199977.25,37.538333333333334
2017-10-18,51345.0,52.5525
2017-10-19,102624.25,46.34833333333333
2017-10-20,288268.75,37.76125
2017-10-21,212062.25,34.24
2017-10-22,365208.75,21.85375
2017-10-23,240929.75,41.416666666666664
2017-10-24,201902.25,38.125
2017-10-25,392518.75,33.774166666666666
2017-10-26,228562.25,40.43416666666666
2017-10-27,445186.75,30.45125
2017-10-28,704244.0,-9.3025
2017-10-29,650771.0,-50.826249999999995
2017-10-30,335628.5,31.942083333333333
2017-10-31,201861.25,36.96125
2017-11-01,327571.75,30.89916666666667
2017-11-02,302659.25,34.07416666666666
2017-11-03,79295.25,50.43666666666667
2017-11-04,235808.0,34.532916666666665
2017-11-05,226097.75,30.406666666666666
2017-11-06,80122.5,51.01666666666667
2017-11-07,108441.25,52.541666666666664
2017-11-08,61416.75,67.24958333333333
2017-11-09,141817.5,51.525416666666665
2017-11-10,537332.0,31.515
2017-11-11,451819.25,23.2375
2017-11-12,178645.5,33.247499999999995
2017-11-13,151640.75,45.73499999999999
2017-11-14,245608.5,40.17541666666667
2017-11-15,88004.5,64.6725
2017-11-16,110955.75,47.54666666666666
2017-11-17,134462.25,42.89458333333334
2017-11-18,523816.5,19.75875
2017-11-19,637086.0,9.42
2017-11-20,356614.25,38.48083333333333
2017-11-21,287914.25,49.29833333333334
2017-11-22,513176.75,31.715416666666666
2017-11-23,654766.75,23.3625
2017-11-24,280103.5,42.72666666666667
2017-11-25,178001.5,40.02833333333333
2017-11-26,503340.5,18.81
2017-11-27,644080.0,29.207916666666666
2017-11-28,475270.75,37.415416666666665
2017-11-29,95153.25,71.50166666666667
2017-11-30,52072.5,67.56583333333333
2017-12-01,29000.75,61.025416666666665
2017-12-02,68567.5,40.274166666666666
2017-12-03,286044.0,33.305416666666666
2017-12-04,387335.25,34.879583333333336
2017-12-05,517540.25,35.91041666666667
2017-12-06,558172.5,31.251666666666665
2017-12-07,653146.0,34.14333333333333
2017-12-08,565302.0,30.655833333333334
2017-12-09,609999.25,15.73375
2017-12-10,552879.25,17.48375
2017-12-11,360679.25,41.666666666666664
2017-12-12,520671.75,34.348333333333336
2017-12-13,630442.25,26.875
2017-12-14,611776.0,31.008333333333336
2017-12-15,160213.25,46.25875
2017-12-16,206369.5,37.44416666666667
2017-12-17,206139.75,35.33375
2017-12-18,111936.5,55.41833333333333
2017-12-19,85880.5,60.67124999999999
2017-12-20,63781.0,61.83041666666667
2017-12-21,233068.75,43.041666666666664
2017-12-22,191325.25,39.487500000000004
2017-12-23,643333.75,11.253749999999998
2017-12-24,722831.5,-11.7825
2017-12-25,497185.5,6.796666666666667
2017-12-26,623768.0,-4.592083333333334
2017-12-27,346923.75,35.1675
2017-12-28,410790.5,32.485
2017-12-29,494512.25,20.868333333333332
2017-12-30,638626.0,12.890833333333333
2017-12-31,632875.75,2.6025
2018-01-01,613435.0,-25.304583333333337
2018-01-02,395677.75,33.437083333333334
2018-01-03,825386.25,8.96875
2018-01-04,555422.75,29.86375
2018-01-05,515496.25,31.508750000000003
2018-01-06,173038.0,36.60166666666667
2018-01-07,350667.0,23.387083333333333
2018-01-08,475899.5,30.504166666666666
2018-01-09,457452.0,30.26375
2018-01-10,130235.5,41.333333333333336
2018-01-11,24308.0,47.73041666666666
2018-01-12,78570.75,41.87791666666667
2018-01-13,253186.75,33.776666666666664
2018-01-14,315142.25,28.6425
2018-01-15,634250.25,26.574166666666667
2018-01-16,597685.25,27.219166666666666
2018-01-17,570201.25,29.037916666666664
2018-01-18,630214.25,30.31958333333333
2018-01-19,262474.5,40.47708333333333
2018-01-20,179931.25,35.869166666666665
2018-01-21,82989.0,34.611666666666665
2018-01-22,253567.0,37.89833333333333
2018-01-23,315352.5,37.275416666666665
2018-01-24,658135.75,23.88083333333333
2018-01-25,331469.25,32.97083333333333
2018-01-26,45725.5,45.145833333333336
2018-01-27,223475.5,32.807916666666664
2018-01-28,749708.0,5.1125
2018-01-29,803211.25,16.485416666666666
2018-01-30,401047.25,35.808749999999996
2018-01-31,603766.75,29.22375
2018-02-01,432482.5,33.97541666666667
2018-02-02,311073.75,40.47833333333333
2018-02-03,85287.25,40.28416666666667
2018-02-04,154272.0,33.55958333333333
2018-02-05,170796.5,45.105
2018-02-06,91900.5,47.117916666666666
2018-02-07,48549.25,47.229166666666664
2018-02-08,33266.5,49.864583333333336
2018-02-09,128660.5,40.797916666666666
2018-02-10,106546.5,39.376666666666665
2018-02-11,523431.25,11.479583333333332
2018-02-12,383203.75,32.815416666666664
2018-02-13,193780.75,39.60333333333333
2018-02-14,234590.75,39.860416666666666
2018-02-15,421211.0,34.156666666666666
2018-02-16,272854.75,40.391666666666666
2018-02-17,69442.25,40.687916666666666
2018-02-18,91104.0,36.579166666666666
2018-02-19,58548.0,50.3025
2018-02-20,94322.5,49.05041666666667
2018-02-21,146315.5,46.75458333333333
2018-02-22,250251.25,47.415416666666665
2018-02-23,311482.25,44.27041666666667
2018-02-24,483951.75,23.934583333333332
2018-02-25,285573.75,35.120416666666664
2018-02-26,311206.0,46.69958333333333
2018-02-27,240467.75,48.61291666666667
2018-02-28,453620.75,37.69916666666666
2018-03-01,627597.5,30.019583333333333
2018-03-02,438176.5,40.42
2018-03-03,321506.5,34.49166666666667
2018-03-04,308809.25,31.326666666666668
2018-03-05,232104.0,49.05875
2018-03-06,109463.5,49.92124999999999
2018-03-07,140564.75,48.38125
2018-03-08,430033.5,37.528749999999995
2018-03-09,339557.25,37.0775
2018-03-10,225285.75,34.76083333333333
2018-03-11,189433.0,28.72083333333333
2018-03-12,187575.0,41.21958333333333
2018-03-13,398094.5,39.855
2018-03-14,122363.0,46.78208333333333
2018-03-15,548587.0,24.627916666666668
2018-03-16,531493.0,29.3225
2018-03-17,728820.25,3.9783333333333335
2018-03-18,688897.25,1.793333333333334
2018-03-19,207357.25,49.11875
2018-03-20,284194.25,42.942083333333336
2018-03-21,146134.0,51.8325
2018-03-22,355635.5,43.590833333333336
2018-03-23,56714.25,52.88999999999999
2018-03-24,60391.0,41.40125
2018-03-25,32312.0,37.72217391304348
2018-03-26,57527.75,52.81625
2018-03-27,88009.75,45.072916666666664
2018-03-28,334831.0,40.534166666666664
2018-03-29,343676.75,38.09291666666667
2018-03-30,238937.75,29.39125
2018-03-31,224863.75,23.59166666666667
2018-04-01,334114.0,24.171666666666667
2018-04-02,187159.0,27.6075
2018-04-03,346171.75,34.416666666666664
2018-04-04,305878.0,36.525
2018-04-05,562915.25,32.56375
2018-04-06,254059.75,35.204166666666666
2018-04-07,384574.25,16.47625
2018-04-08,171417.25,22.98166666666667
2018-04-09,98408.0,42.61416666666667
2018-04-10,320466.0,36.03375
2018-04-11,310695.5,31.51875
2018-04-12,375763.25,29.842916666666667
2018-04-13,268065.75,38.528333333333336
2018-04-14,223508.5,35.30291666666667
2018-04-15,52700.25,31.645833333333332
2018-04-16,58693.75,46.62583333333333
2018-04-17,52663.5,43.80083333333334
2018-04-18,66434.5,41.062083333333334
2018-04-19,152047.75,39.844166666666666
2018-04-20,156295.75,38.63166666666667
2018-04-21,74437.5,30.002499999999998
2018-04-22,121535.0,18.588333333333335
2018-04-23,325683.5,32.562916666666666
2018-04-24,297773.75,34.32041666666667
2018-04-25,460703.5,27.294583333333335
2018-04-26,373633.5,30.454166666666666
2018-04-27,135056.0,39.63791666666666
2018-04-28,162031.75,29.09166666666667
2018-04-29,149631.25,21.3875
2018-04-30,523393.25,12.950000000000001
2018-05-01,527945.0,-5.702916666666667
2018-05-02,145330.5,39.95041666666666
2018-05-03,161546.75,39.986666666666665
2018-05-04,145579.25,40.50833333333333
2018-05-05,201066.0,28.407916666666665
2018-05-06,204271.25,19.67875
2018-05-07,202961.25,34.39666666666667
2018-05-08,252805.5,27.47
2018-05-09,177999.0,36.62375
2018-05-10,210060.25,25.224999999999998
2018-05-11,62725.0,42.2025
2018-05-12,105730.0,32.500416666666666
2018-05-13,265192.25,16.645416666666666
2018-05-14,304878.0,34.69708333333333
2018-05-15,184107.0,42.42583333333334
2018-05-16,169187.0,41.602916666666665
2018-05-17,316149.0,35.38625
2018-05-18,107090.0,39.10791666666667
2018-05-19,48416.0,36.357083333333335
2018-05-20,217787.75,16.67875
2018-05-21,322284.25,5.6625000000000005
2018-05-22,142289.0,42.75791666666667
2018-05-23,204139.5,42.33291666666667
2018-05-24,289462.75,38.95083333333333
2018-05-25,189901.25,40.362500000000004
2018-05-26,97121.75,37.07541666666666
2018-05-27,122142.0,32.88458333333333
2018-05-28,140483.0,43.79791666666667
2018-05-29,225493.25,42.91041666666666
2018-05-30,85051.25,46.67583333333334
2018-05-31,86799.25,42.247499999999995
2018-06-01,121293.75,51.29791666666667
2018-06-02,97646.25,40.224583333333335
2018-06-03,38920.25,32.48916666666667
2018-06-04,86692.75,46.840833333333336
2018-06-05,85631.0,51.01
2018-06-06,188157.0,49.69125
2018-06-07,128225.75,49.61000000000001
2018-06-08,72696.75,49.39958333333333
2018-06-09,75864.75,42.470416666666665
2018-06-10,79800.75,39.32833333333333
2018-06-11,129769.75,48.53333333333333
2018-06-12,153401.0,49.72708333333333
2018-06-13,168902.25,48.14958333333333
2018-06-14,131656.0,43.64875
2018-06-15,32176.75,49.44625
2018-06-16,59904.5,40.20875
2018-06-17,168303.5,24.33583333333333
2018-06-18,140938.5,44.36666666666667
2018-06-19,170406.5,46.517500000000005
2018-06-20,115644.75,46.794999999999995
2018-06-21,423728.5,30.236666666666665
2018-06-22,474081.5,20.725416666666664
2018-06-23,395888.0,23.887083333333333
2018-06-24,166621.25,31.934166666666666
2018-06-25,131502.75,45.201249999999995
2018-06-26,69551.0,49.26625000000001
2018-06-27,130442.75,47.48791666666667
2018-06-28,198739.75,44.89333333333334
2018-06-29,163896.5,44.31666666666666
2018-06-30,213921.25,40.6575
2018-07-01,255799.0,28.919166666666666
2018-07-02,140097.0,48.068333333333335
2018-07-03,70655.5,49.759166666666665
2018-07-04,35834.25,53.20916666666667
2018-07-05,107430.0,51.81166666666667
2018-07-06,227836.0,47.81333333333333
2018-07-07,240391.5,32.895
2018-07-08,145947.0,34.260416666666664
2018-07-09,212364.75,46.60041666666667
2018-07-10,133389.5,52.95041666666666
2018-07-11,87583.5,52.499583333333334
2018-07-12,128973.25,53.306666666666665
2018-07-13,119209.75,50.834583333333335
2018-07-14,79721.25,48.17916666666667
2018-07-15,56332.0,45.873333333333335
2018-07-16,46340.0,53.803333333333335
2018-07-17,102069.75,52.137499999999996
2018-07-18,204970.75,49.75
2018-07-19,115164.75,51.645
2018-07-20,68769.0,53.54291666666666
2018-07-21,75295.0,50.17250000000001
2018-07-22,69809.0,46.252916666666664
2018-07-23,41417.25,55.022083333333335
2018-07-24,27405.0,56.64083333333334
2018-07-25,65193.5,58.41375
2018-07-26,113898.5,55.07125
2018-07-27,175536.25,53.62625
2018-07-28,192221.0,46.401250000000005
2018-07-29,103569.0,44.87083333333334
2018-07-30,69901.25,55.1875
2018-07-31,123149.5,56.32874999999999
2018-08-01,94935.5,56.318333333333335
2018-08-02,77508.75,59.47875
2018-08-03,62987.5,62.72125
2018-08-04,95623.25,51.1175
2018-08-05,165499.25,50.48500000000001
2018-08-06,65158.5,62.69291666666667
2018-08-07,126938.75,64.6775
2018-08-08,237808.75,56.107499999999995
2018-08-09,223322.0,55.06458333333333
2018-08-10,373059.25,44.94166666666666
2018-08-11,337405.25,44.51916666666667
2018-08-12,88186.0,42.645833333333336
2018-08-13,153749.0,55.99125
2018-08-14,268769.75,55.05791666666667
2018-08-15,96184.75,53.44916666666666
2018-08-16,96630.25,56.03541666666666
2018-08-17,110513.25,57.95416666666667
2018-08-18,98063.25,53.77333333333333
2018-08-19,112864.75,49.76708333333334
2018-08-20,155437.0,57.22291666666666
2018-08-21,32692.25,66.44625
2018-08-22,77447.5,65.3975
2018-08-23,107098.25,63.8675
2018-08-24,255324.75,57.60125
2018-08-25,245497.25,53.64625
2018-08-26,157398.0,48.501666666666665
2018-08-27,429934.75,45.56875
2018-08-28,82247.25,66.065
2018-08-29,151350.0,62.873333333333335
2018-08-30,279837.25,57.40166666666667
2018-08-31,131280.25,64.48125
2018-09-01,88089.5,59.76291666666666
2018-09-02,160385.0,52.94333333333333
2018-09-03,136940.25,63.54624999999999
2018-09-04,72461.25,66.58375
2018-09-05,65811.5,66.64083333333333
2018-09-06,105705.75,65.33458333333333
2018-09-07,162991.0,62.434583333333336
2018-09-08,205457.75,50.10583333333333
2018-09-09,88277.0,49.161249999999995
2018-09-10,129874.75,64.31
2018-09-11,332947.0,57.79583333333333
2018-09-12,171512.25,63.78375
2018-09-13,34450.5,71.52291666666666
2018-09-14,58832.5,64.84041666666667
2018-09-15,181351.75,51.78875
2018-09-16,90709.25,47.336666666666666
2018-09-17,84010.0,62.40833333333333
2018-09-18,262881.5,57.96041666666667
2018-09-19,239149.0,57.59833333333333
2018-09-20,248843.75,58.06
2018-09-21,626119.0,40.799166666666665
2018-09-22,475191.25,25.409166666666664
2018-09-23,282819.0,44.150416666666665
2018-09-24,511139.5,38.88
2018-09-25,145257.75,62.33958333333334
2018-09-26,378903.25,45.3775
2018-09-27,227642.0,53.88916666666666
2018-09-28,281287.75,51.96791666666667
2018-09-29,138338.0,46.49
2018-09-30,141329.5,41.7425
2018-10-01,234146.5,61.24458333333333
2018-10-02,577827.25,42.33875
2018-10-03,549744.5,18.29375
2018-10-04,159743.0,65.15208333333334
2018-10-05,175362.0,60.29583333333333
2018-10-06,149632.0,57.91416666666667
2018-10-07,186741.25,54.91833333333333
2018-10-08,99976.75,63.88375
2018-10-09,91432.75,71.565
2018-10-10,203957.25,62.17208333333334
2018-10-11,312061.25,54.35166666666667
2018-10-12,242594.25,56.77041666666667
2018-10-13,258298.75,44.88166666666667
2018-10-14,334093.75,28.085833333333337
2018-10-15,156349.0,59.44916666666666
2018-10-16,36601.5,71.99791666666667
2018-10-17,38125.5,70.91041666666666
2018-10-18,113697.5,63.16416666666667
2018-10-19,53991.5,67.61291666666666
2018-10-20,82425.75,59.37875
2018-10-21,82687.5,55.507083333333334
2018-10-22,222384.75,56.129999999999995
2018-10-23,735871.75,34.6225
2018-10-24,590864.75,44.57208333333333
2018-10-25,513251.25,48.74
2018-10-26,322587.25,58.526250000000005
2018-10-27,308737.5,48.12416666666667
2018-10-28,383703.75,43.5375
2018-10-29,466334.5,43.97416666666666
2018-10-30,622492.25,33.672916666666666
2018-10-31,398328.75,45.13916666666666
2018-11-01,225751.25,47.913333333333334
2018-11-02,258684.25,54.768750000000004
2018-11-03,100646.25,52.04291666666666
2018-11-04,142584.5,47.4675
2018-11-05,167150.0,57.19416666666667
2018-11-06,195128.5,58.54958333333334
2018-11-07,207670.75,56.00791666666667
2018-11-08,123152.5,62.870416666666664
2018-11-09,182222.5,59.51458333333333
2018-11-10,392276.5,43.065416666666664
2018-11-11,429771.0,39.72833333333333
2018-11-12,279068.75,54.904583333333335
2018-11-13,396611.5,53.10791666666666
2018-11-14,173231.25,61.867916666666666
2018-11-15,148445.25,63.479166666666664
2018-11-16,321944.5,57.76916666666667
2018-11-17,385892.75,48.20708333333334
2018-11-18,300800.75,47.604166666666664
2018-11-19,571508.5,48.215
2018-11-20,667331.75,46.65375
2018-11-21,308486.0,55.35874999999999
2018-11-22,124346.75,77.80333333333333
2018-11-23,81869.0,80.33125
2018-11-24,91765.5,61.94583333333333
2018-11-25,105342.75,53.84583333333333
2018-11-26,190448.0,73.66875
2018-11-27,86012.75,75.50541666666666
2018-11-28,423606.0,52.98875
2018-11-29,577902.25,50.39875
2018-11-30,350047.0,57.50208333333333
2018-12-01,345104.0,46.862500000000004
2018-12-02,552277.5,30.199166666666667
2018-12-03,499219.25,44.61666666666667
2018-12-04,418268.0,50.64875
2018-12-05,260942.75,59.21083333333333
2018-12-06,403260.25,54.747083333333336
2018-12-07,680618.75,42.57791666666667
2018-12-08,894641.75,11.865416666666667
2018-12-09,781353.0,8.917083333333332
2018-12-10,750272.75,36.16125
2018-12-11,423374.5,55.370000000000005
2018-12-12,123411.0,69.91416666666667
2018-12-13,194935.75,66.24291666666666
2018-12-14,123127.25,71.15916666666666
2018-12-15,182924.75,54.406666666666666
2018-12-16,240467.0,49.70916666666667
2018-12-17,154862.25,69.39083333333333
2018-12-18,260573.75,59.445
2018-12-19,363860.0,56.44166666666666
2018-12-20,298987.75,56.68875
2018-12-21,665393.75,49.62416666666667
2018-12-22,506602.0,36.62083333333333
2018-12-23,359407.75,42.6675
2018-12-24,293492.25,46.83083333333334
2018-12-25,437556.0,19.0075
2018-12-26,324188.5,47.4025
2018-12-27,210753.75,60.01499999999999
2018-12-28,176583.25,59.79666666666666
2018-12-29,430150.0,47.336666666666666
2018-12-30,526065.0,33.53333333333333
2018-12-31,176127.5,54.685833333333335
2019-01-01,754514.0,-4.297083333333333
2019-01-02,613359.75,25.9175
2019-01-03,229928.25,57.71625
2019-01-04,440768.75,49.91
2019-01-05,520153.25,42.18083333333333
2019-01-06,188282.5,54.54541666666666
2019-01-07,370451.25,51.8125
2019-01-08,876358.25,34.49666666666666
2019-01-09,670693.0,40.00125
2019-01-10,160756.75,67.67208333333333
2019-01-11,390953.5,49.91833333333333
2019-01-12,616996.0,40.80166666666667
2019-01-13,794761.75,15.100833333333334
2019-01-14,738158.0,32.61083333333333
2019-01-15,745239.0,45.447916666666664
2019-01-16,623314.5,45.19875
2019-01-17,631984.75,42.836666666666666
2019-01-18,223717.0,61.732499999999995
2019-01-19,107671.75,55.38833333333333
2019-01-20,52524.75,53.89166666666667
2019-01-21,93806.75,69.90041666666667
2019-01-22,195383.25,62.99875
2019-01-23,134834.25,75.08333333333333
2019-01-24,35904.75,85.79583333333333
2019-01-25,125936.5,66.50208333333333
2019-01-26,433620.0,49.08625
2019-01-27,508430.5,35.43958333333333
2019-01-28,419462.75,50.40166666666667
2019-01-29,265849.0,60.18833333333333
2019-01-30,373881.5,53.072916666666664
2019-01-31,184579.25,59.8425
2019-02-01,261493.5,55.475833333333334
2019-02-02,82626.0,50.19291666666667
2019-02-03,224711.5,46.72333333333333
2019-02-04,384646.5,44.05125
2019-02-05,283512.5,53.78875
2019-02-06,277532.25,51.317499999999995
2019-02-07,519937.25,44.548750000000005
2019-02-08,670376.5,41.615833333333335
2019-02-09,843884.0,6.807916666666667
2019-02-10,709252.0,28.025833333333335
2019-02-11,713266.5,31.97
2019-02-12,391275.75,46.73541666666667
2019-02-13,364454.25,45.38333333333333
2019-02-14,126596.25,49.09041666666667
2019-02-15,154411.5,47.61833333333333
2019-02-16,284206.75,39.21958333333333
2019-02-17,151212.25,39.05125
2019-02-18,190539.5,46.397083333333335
2019-02-19,468224.25,41.31333333333333
2019-02-20,269725.5,45.6025
2019-02-21,325758.75,43.232499999999995
2019-02-22,202576.25,47.20250000000001
2019-02-23,180685.0,40.13916666666667
2019-02-24,90553.5,39.99166666666667
2019-02-25,99561.75,44.41375
2019-02-26,77516.75,44.60208333333333
2019-02-27,135952.25,44.21083333333333
2019-02-28,407904.0,40.260416666666664
2019-03-01,178395.0,45.85041666666667
2019-03-02,199614.5,41.24916666666667
2019-03-03,731468.75,10.223333333333334
2019-03-04,847100.75,13.308750000000002
2019-03-05,665731.0,31.338333333333335
2019-03-06,489592.25,34.76916666666667
2019-03-07,732945.0,29.022499999999997
2019-03-08,691820.5,26.3875
2019-03-09,809762.75,7.978333333333333
2019-03-10,481751.75,17.50875
2019-03-11,584746.5,38.66916666666666
2019-03-12,572055.5,36.58708333333333
2019-03-13,846150.25,18.047083333333333
2019-03-14,765176.0,32.544583333333335
2019-03-15,788816.25,25.207083333333333
2019-03-16,672402.75,17.219166666666666
2019-03-17,669757.25,0.4258333333333333
2019-03-18,615122.25,31.924166666666668
2019-03-19,167386.75,45.33583333333333
2019-03-20,170403.0,41.498333333333335
2019-03-21,133959.75,39.791666666666664
2019-03-22,84605.5,40.57083333333333
2019-03-23,150829.25,35.60875
2019-03-24,124076.5,33.46375
2019-03-25,467420.75,32.285833333333336
2019-03-26,364238.5,36.498333333333335
2019-03-27,182078.25,40.1925
2019-03-28,100636.75,42.32375
2019-03-29,91013.5,39.8525
2019-03-30,121279.0,35.0425
2019-03-31,195836.0,28.627391304347825
2019-04-01,269929.0,38.00791666666667
2019-04-02,361785.5,33.85125
2019-04-03,162761.5,42.23791666666667
2019-04-04,138448.25,42.01625
2019-04-05,84663.0,42.282916666666665
2019-04-06,143394.25,38.33166666666667
2019-04-07,156688.75,37.98083333333333
2019-04-08,144778.25,44.40166666666667
2019-04-09,226904.0,41.992916666666666
2019-04-10,254359.75,42.81708333333333
2019-04-11,217161.25,44.74125
2019-04-12,168119.25,44.90166666666667
2019-04-13,188683.5,41.416666666666664
2019-04-14,235914.25,37.25
2019-04-15,278314.0,41.82875
2019-04-16,322327.75,41.615833333333335
2019-04-17,290414.75,40.80833333333333
2019-04-18,367221.75,40.84166666666667
2019-04-19,271545.0,33.839999999999996
2019-04-20,157843.75,34.516666666666666
2019-04-21,125561.5,31.5975
2019-04-22,423108.25,-14.008750000000001
2019-04-23,634233.5,14.751249999999999
2019-04-24,392762.0,34.70125
2019-04-25,287790.75,39.31125
2019-04-26,258180.5,43.54125
2019-04-27,230874.75,31.9875
2019-04-28,111821.25,35.0925
2019-04-29,225265.75,43.153333333333336
2019-04-30,153703.0,42.86875
2019-05-01,215540.75,25.47083333333333
2019-05-02,350599.0,37.94166666666667
2019-05-03,311541.25,40.69541666666667
2019-05-04,230952.25,39.51333333333333
2019-05-05,162522.5,30.4875
2019-05-06,241205.0,44.287083333333335
2019-05-07,92597.0,50.46875
2019-05-08,274631.5,39.473333333333336
2019-05-09,210748.75,45.25333333333333
2019-05-10,194657.5,44.793749999999996
2019-05-11,224428.5,37.6075
2019-05-12,329257.5,19.424583333333334
2019-05-13,258029.5,39.23458333333333
2019-05-14,238895.75,41.005833333333335
2019-05-15,223298.75,40.850833333333334
2019-05-16,211268.25,39.7275
2019-05-17,107549.5,42.95250000000001
2019-05-18,114787.5,37.18958333333333
2019-05-19,103156.5,35.36208333333334
2019-05-20,168712.75,46.29083333333333
2019-05-21,313009.0,43.2875
2019-05-22,351129.5,40.085
2019-05-23,75714.75,40.67166666666667
2019-05-24,145354.5,40.461666666666666
2019-05-25,118892.75,36.67541666666667
2019-05-26,281780.0,21.59875
2019-05-27,236693.0,35.35125
2019-05-28,112088.5,43.3325
2019-05-29,89979.25,41.75625
2019-05-30,277156.0,16.094583333333333
2019-05-31,145486.75,35.805
2019-06-01,89178.75,29.96291666666667
2019-06-02,136217.5,21.867499999999996
2019-06-03,188314.25,36.90291666666666
2019-06-04,123244.5,38.99208333333333
2019-06-05,182963.75,37.92958333333333
2019-06-06,299125.0,36.48
2019-06-07,206748.5,37.610416666666666
2019-06-08,522592.0,-42.239583333333336
2019-06-09,155384.5,22.499583333333334
2019-06-10,140726.5,31.36791666666667
2019-06-11,86304.75,44.66791666666666
2019-06-12,162263.5,44.00208333333333
2019-06-13,200369.25,38.51166666666666
2019-06-14,150130.0,41.6175
2019-06-15,293299.5,30.575833333333335
2019-06-16,75776.5,31.149583333333336
2019-06-17,46841.75,41.65875
2019-06-18,107796.0,42.28
2019-06-19,123597.75,41.19875
2019-06-20,135608.75,36.39041666666667
2019-06-21,71843.25,38.687083333333334
2019-06-22,148373.25,31.63083333333333
2019-06-23,199889.75,20.919999999999998
2019-06-24,230966.75,34.473333333333336
2019-06-25,166582.25,40.5175
2019-06-26,196976.0,38.56458333333334
2019-06-27,262740.75,35.47375
2019-06-28,76685.25,43.45166666666666
2019-06-29,53622.5,33.250416666666666
2019-06-30,265538.25,15.1325
2019-07-01,278837.25,32.9625
2019-07-02,304801.75,33.35166666666667
2019-07-03,195585.75,34.6625
2019-07-04,195108.5,33.9825
2019-07-05,230329.25,35.26125
2019-07-06,245543.75,29.760416666666668
2019-07-07,284920.0,24.66333333333333
2019-07-08,202466.75,35.692083333333336
2019-07-09,174913.0,37.387499999999996
2019-07-10,97870.0,41.46958333333333
2019-07-11,43406.0,45.91291666666667
2019-07-12,80780.0,45.244166666666665
2019-07-13,160916.5,37.24375
2019-07-14,98601.0,35.614583333333336
2019-07-15,142791.75,41.55583333333333
2019-07-16,183537.25,42.89125000000001
2019-07-17,40652.75,45.88375
2019-07-18,49288.0,43.93375
2019-07-19,71682.0,44.80791666666667
2019-07-20,175806.25,35.085
2019-07-21,213027.0,31.5275
2019-07-22,84547.75,42.62291666666667
2019-07-23,53618.5,46.60125
2019-07-24,95167.0,50.64083333333334
2019-07-25,127036.5,50.22833333333333
2019-07-26,262171.25,44.5025
2019-07-27,315716.25,36.16416666666667
2019-07-28,161779.75,32.08583333333333
2019-07-29,95148.75,45.5025
2019-07-30,67239.25,44.52875
2019-07-31,118458.25,48.465
2019-08-01,44444.25,44.66208333333333
2019-08-02,43011.5,43.69958333333333
2019-08-03,76898.0,36.365833333333335
2019-08-04,43311.0,35.151666666666664
2019-08-05,87132.25,46.28458333333333
2019-08-06,126168.0,42.062083333333334
2019-08-07,144292.75,40.86833333333333
2019-08-08,260286.5,34.71791666666667
2019-08-09,126913.5,38.687916666666666
2019-08-10,497589.0,12.438749999999999
2019-08-11,278698.0,14.351666666666667
2019-08-12,184853.0,41.240833333333335
2019-08-13,221621.0,38.035000000000004
2019-08-14,121322.0,38.76833333333334
2019-08-15,309922.25,30.503333333333334
2019-08-16,156596.0,35.68958333333333
2019-08-17,334316.25,26.221249999999998
2019-08-18,221006.25,27.685000000000002
2019-08-19,213906.75,34.43125
2019-08-20,99895.25,39.80125
2019-08-21,53384.0,41.683749999999996
2019-08-22,88210.5,36.30958333333333
2019-08-23,69479.25,37.32375
2019-08-24,124261.25,32.290416666666665
2019-08-25,110526.75,30.635833333333334
2019-08-26,68839.5,45.65625
2019-08-27,73815.75,46.41625
2019-08-28,86056.25,50.824999999999996
2019-08-29,77284.75,44.49208333333333
2019-08-30,25767.5,41.34458333333333
2019-08-31,110797.25,33.65958333333334
2019-09-01,205370.5,30.10625
2019-09-02,137366.25,39.175000000000004
2019-09-03,220395.25,35.40416666666667
2019-09-04,216371.0,34.005
2019-09-05,365998.75,31.71666666666667
2019-09-06,207692.5,32.447916666666664
2019-09-07,74985.75,35.93875
2019-09-08,23200.25,36.87291666666667
2019-09-09,101409.25,45.507083333333334
2019-09-10,241185.0,36.82
2019-09-11,264047.0,33.9275
2019-09-12,209555.25,37.779583333333335
2019-09-13,258533.25,39.0175
2019-09-14,64704.75,36.19875
2019-09-15,314061.25,23.756249999999998
2019-09-16,131419.75,47.150416666666665
2019-09-17,461342.5,33.86833333333333
2019-09-18,344739.75,36.479166666666664
2019-09-19,161324.0,43.78
2019-09-20,99776.25,42.69625
2019-09-21,144794.25,34.65083333333333
2019-09-22,188045.0,29.640833333333333
2019-09-23,145184.0,44.127916666666664
2019-09-24,83090.0,47.445
2019-09-25,137565.0,46.74458333333333
2019-09-26,195454.0,41.566250000000004
2019-09-27,299966.0,38.4375
2019-09-28,547454.0,24.10291666666667
2019-09-29,596399.75,11.056666666666667
2019-09-30,684310.5,22.101250000000004
2019-10-01,376807.0,42.550000000000004
2019-10-02,327547.5,40.85958333333333
2019-10-03,245378.75,40.067083333333336
2019-10-04,220208.75,43.684583333333336
2019-10-05,252411.0,36.89458333333334
2019-10-06,239442.25,31.995
2019-10-07,114974.0,44.625
2019-10-08,426613.5,34.86291666666666
2019-10-09,447796.25,35.195
2019-10-10,535462.75,30.462083333333336
2019-10-11,693594.0,25.973333333333333
2019-10-12,478355.75,19.730416666666667
2019-10-13,364324.75,22.14375
2019-10-14,257332.0,35.5625
2019-10-15,154872.75,43.63041666666667
2019-10-16,361125.25,39.4625
2019-10-17,272252.5,43.76541666666666
2019-10-18,417273.25,35.35458333333333
2019-10-19,343949.75,33.08541666666667
2019-10-20,117968.5,34.82958333333333
2019-10-21,139319.0,43.7225
2019-10-22,111079.0,46.82833333333334
2019-10-23,133514.25,43.51499999999999
2019-10-24,201439.5,38.61208333333334
2019-10-25,400330.0,36.11125
2019-10-26,598275.5,20.205416666666668
2019-10-27,478354.5,22.0425
2019-10-28,214336.75,42.444583333333334
2019-10-29,114429.5,48.11416666666667
2019-10-30,120048.25,48.022083333333335
2019-10-31,151589.5,42.63458333333333
2019-11-01,339235.75,32.26583333333333
2019-11-02,486971.25,27.475416666666664
2019-11-03,242070.0,26.688333333333333
2019-11-04,228941.5,38.70166666666667
2019-11-05,161540.5,42.70208333333333
2019-11-06,95369.0,51.79083333333333
2019-11-07,221787.75,42.71666666666667
2019-11-08,106549.5,47.1225
2019-11-09,125894.75,41.6925
2019-11-10,85454.5,40.972500000000004
2019-11-11,306856.0,41.106249999999996
2019-11-12,399324.0,42.20041666666666
2019-11-13,267462.75,47.07958333333334
2019-11-14,282720.5,45.32333333333333
2019-11-15,372569.0,37.9
2019-11-16,244322.25,38.098333333333336
2019-11-17,242798.5,36.818333333333335
2019-11-18,273309.25,41.361666666666665
2019-11-19,310057.5,46.48791666666667
2019-11-20,28090.25,53.25333333333333
2019-11-21,81196.5,50.08625
2019-11-22,204909.25,43.580000000000005
2019-11-23,477237.75,30.57875
2019-11-24,200115.0,33.47
2019-11-25,43809.75,51.11958333333333
2019-11-26,171927.75,47.364583333333336
2019-11-27,445866.25,39.499583333333334
2019-11-28,750655.75,30.486666666666665
2019-11-29,501103.75,40.08125
2019-11-30,156148.75,42.01208333333333
2019-12-01,105781.0,42.447916666666664
2019-12-02,244921.5,46.18083333333333
2019-12-03,176507.25,51.35583333333333
2019-12-04,192664.25,47.943333333333335
2019-12-05,288692.75,41.816250000000004
2019-12-06,736040.25,31.09958333333333
2019-12-07,707960.75,24.912499999999998
2019-12-08,791937.5,-16.383333333333333
2019-12-09,617786.5,23.365416666666665
2019-12-10,440488.75,40.17375
2019-12-11,370095.5,38.11958333333333
2019-12-12,286342.5,44.6175
2019-12-13,480672.25,36.5325
2019-12-14,699597.25,23.229166666666668
2019-12-15,721539.5,12.68125
2019-12-16,340733.75,40.83833333333333
2019-12-17,470815.0,36.71583333333333
2019-12-18,319003.0,40.204166666666666
2019-12-19,415843.25,34.64541666666667
2019-12-20,507714.25,29.40625
2019-12-21,318403.5,28.1075
2019-12-22,351925.75,26.475416666666664
2019-12-23,487940.5,24.49625
2019-12-24,410780.25,20.515416666666667
2019-12-25,259437.0,27.24875
2019-12-26,118373.0,33.627500000000005
2019-12-27,107163.25,37.81666666666667
2019-12-28,89104.75,34.2925
2019-12-29,220346.0,30.16625
2019-12-30,529728.0,25.567083333333333
2019-12-31,362779.0,32.735
2020-01-01,146903.0,34.964166666666664
2020-01-02,248349.0,38.869166666666665
2020-01-03,633375.25,26.11125
2020-01-04,684308.5,20.322916666666668
2020-01-05,224019.25,35.5525
2020-01-06,253202.0,38.134166666666665
2020-01-07,373325.75,40.52375
2020-01-08,473702.25,33.581250000000004
2020-01-09,435745.75,36.248333333333335
2020-01-10,525884.75,34.79958333333333
2020-01-11,394649.5,31.855833333333333
2020-01-12,659241.0,22.6375
2020-01-13,350737.25,37.68
2020-01-14,779195.75,23.355416666666667
2020-01-15,729841.0,24.959999999999997
2020-01-16,335565.0,38.17
2020-01-17,448649.0,36.895
2020-01-18,403080.75,31.847916666666666
2020-01-19,171843.0,33.8925
2020-01-20,146828.0,44.53375
2020-01-21,262307.5,41.597500000000004
2020-01-22,192785.5,45.90208333333334
2020-01-23,66568.25,51.5375
2020-01-24,123761.75,50.244166666666665
2020-01-25,94617.25,40.35
2020-01-26,140362.0,33.889583333333334
2020-01-27,446340.5,37.48833333333334
2020-01-28,705421.0,31.61
2020-01-29,720790.75,33.22416666666667
2020-01-30,702092.0,32.82041666666667
2020-01-31,761464.75,22.483333333333334
2020-02-01,769991.5,6.835
2020-02-02,534330.75,16.987916666666667
2020-02-03,545318.25,27.657916666666665
2020-02-04,563915.0,27.875416666666666
2020-02-05,321078.0,36.19916666666666
2020-02-06,247978.25,36.919583333333335
2020-02-07,169798.0,36.68666666666667
2020-02-08,329169.0,28.050416666666667
2020-02-09,741180.75,1.5662500000000001
2020-02-10,834276.0,7.881666666666667
2020-02-11,906445.0,11.62
2020-02-12,826265.0,19.46125
2020-02-13,500563.5,37.58875
2020-02-14,225884.75,36.03458333333334
2020-02-15,537354.5,20.436249999999998
2020-02-16,844532.75,-8.274166666666668
2020-02-17,724589.0,18.246666666666666
2020-02-18,785431.75,21.86708333333333
2020-02-19,681986.25,30.910833333333333
2020-02-20,601949.25,28.677083333333332
2020-02-21,718435.0,24.327916666666667
2020-02-22,877084.75,-1.50875
2020-02-23,754285.0,6.952500000000001
2020-02-24,542480.25,28.485833333333332
2020-02-25,722295.75,24.10166666666667
2020-02-26,411324.25,31.67125
2020-02-27,253967.0,38.442083333333336
2020-02-28,495879.25,31.040000000000003
2020-02-29,719982.5,8.910416666666666
2020-03-01,624953.25,7.140416666666667
2020-03-02,244498.5,33.17916666666667
2020-03-03,248766.75,36.24916666666667
2020-03-04,197601.25,39.61083333333333
2020-03-05,277952.5,36.071666666666665
2020-03-06,449948.25,30.477500000000003
2020-03-07,335616.5,29.08875
2020-03-08,472851.25,17.106666666666666
2020-03-09,271650.0,37.11333333333334
2020-03-10,779745.5,23.249583333333334
2020-03-11,613054.5,22.6875
2020-03-12,799154.75,12.23625
2020-03-13,693030.75,16.537499999999998
2020-03-14,171427.0,30.267083333333332
2020-03-15,492866.0,4.648333333333333
2020-03-16,165366.0,31.190833333333334
2020-03-17,170798.5,28.182916666666667
2020-03-18,297808.25,26.41875
2020-03-19,55727.5,28.690833333333334
2020-03-20,180804.0,25.135416666666668
2020-03-21,540956.25,10.736666666666666
2020-03-22,471800.75,-0.9470833333333335
2020-03-23,367145.5,16.982916666666664
2020-03-24,328208.25,20.451666666666664
2020-03-25,376735.5,23.06125
2020-03-26,412205.0,22.229166666666668
2020-03-27,337144.75,21.548333333333332
2020-03-28,278824.5,14.241666666666667
2020-03-29,522814.0,4.222608695652174
2020-03-30,220778.25,23.320000000000004
2020-03-31,114526.75,25.17
2020-04-01,202767.25,23.360833333333332
2020-04-02,330438.25,19.951666666666664
2020-04-03,349107.25,22.532916666666665
2020-04-04,98705.25,20.145416666666666
2020-04-05,392586.75,2.6816666666666666
2020-04-06,305788.25,17.335416666666667
2020-04-07,142351.5,23.539583333333336
2020-04-08,136497.75,26.512083333333333
2020-04-09,131106.75,23.510416666666668
2020-04-10,93814.5,23.13875
2020-04-11,62444.75,20.855833333333333
2020-04-12,126673.25,12.450000000000001
2020-04-13,436641.0,-15.96625
2020-04-14,260043.0,19.900000000000002
2020-04-15,237602.75,20.170833333333334
2020-04-16,139498.0,25.316666666666666
2020-04-17,72750.25,27.77
2020-04-18,164605.0,20.234583333333333
2020-04-19,336693.0,7.410416666666666
2020-04-20,550362.0,2.4416666666666664
2020-04-21,633019.5,-16.149583333333336
2020-04-22,458193.0,7.87625
2020-04-23,133094.5,27.756249999999998
2020-04-24,256705.5,20.65041666666667
2020-04-25,171716.25,16.862083333333334
2020-04-26,35889.0,18.889166666666664
2020-04-27,65222.25,25.499583333333334
2020-04-28,118805.5,25.060000000000002
2020-04-29,177967.0,23.052916666666665
2020-04-30,349928.25,20.004166666666666
2020-05-01,354317.75,6.53125
2020-05-02,318080.0,12.47375
2020-05-03,124759.75,14.055416666666666
2020-05-04,129897.75,26.37708333333333
2020-05-05,198059.5,21.71875
2020-05-06,199751.5,21.486666666666665
2020-05-07,110727.25,23.830416666666665
2020-05-08,43454.5,23.782916666666665
2020-05-09,66031.25,21.98375
2020-05-10,176826.0,12.579583333333334
2020-05-11,515282.75,14.069166666666668
2020-05-12,214706.0,22.273750000000003
2020-05-13,112182.75,29.758333333333336
2020-05-14,174405.75,22.78625
2020-05-15,213365.75,21.08375
2020-05-16,216274.5,16.955833333333334
2020-05-17,220680.25,9.462916666666667
2020-05-18,202605.75,19.7425
2020-05-19,149147.0,23.687083333333334
2020-05-20,42107.75,32.05166666666667
2020-05-21,49325.0,19.579583333333332
2020-05-22,217201.25,18.8325
2020-05-23,324092.5,10.264999999999999
2020-05-24,418961.75,-26.13083333333333
2020-05-25,338691.0,18.630416666666665
2020-05-26,43102.25,27.425
2020-05-27,96718.25,22.89708333333333
2020-05-28,230288.5,20.41208333333333
2020-05-29,129389.25,22.692083333333333
2020-05-30,230612.0,12.536666666666667
2020-05-31,252241.5,1.6612500000000006
2020-06-01,201277.5,6.070416666666667
2020-06-02,95300.75,28.341250000000002
2020-06-03,91407.5,28.839583333333334
2020-06-04,142009.75,26.5525
2020-06-05,373514.25,24.3
2020-06-06,402458.75,6.685
2020-06-07,222535.0,17.643333333333334
2020-06-08,39562.5,31.36916666666667
2020-06-09,85117.5,36.67666666666667
2020-06-10,111600.25,31.364583333333332
2020-06-11,117266.0,24.063333333333333
2020-06-12,173107.75,20.722083333333334
2020-06-13,198404.0,19.844166666666666
2020-06-14,206342.75,18.506666666666668
2020-06-15,114017.25,31.05333333333333
2020-06-16,22598.25,34.12
2020-06-17,61694.75,37.235
2020-06-18,115743.75,31.80333333333333
2020-06-19,128704.5,29.853333333333335
2020-06-20,232591.75,24.08458333333333
2020-06-21,89358.75,19.499583333333334
2020-06-22,132824.25,29.58
2020-06-23,72021.25,32.74166666666667
2020-06-24,120122.75,35.57041666666667
2020-06-25,187518.5,34.45041666666666
2020-06-26,140000.5,34.803333333333335
2020-06-27,148458.75,26.830833333333334
2020-06-28,235077.5,17.107083333333332
2020-06-29,242212.75,27.480833333333333
2020-06-30,462220.0,18.354166666666668
2020-07-01,280021.0,32.385
2020-07-02,162583.0,38.91375
2020-07-03,189953.5,34.93125
2020-07-04,474303.75,15.403333333333334
2020-07-05,552031.75,-15.337083333333332
2020-07-06,551159.25,14.282499999999999
2020-07-07,218459.75,31.902083333333334
2020-07-08,103199.75,41.21375
2020-07-09,156874.25,42.42333333333333
2020-07-10,297950.75,36.61875
2020-07-11,137019.75,28.601249999999997
2020-07-12,91636.75,24.771666666666665
2020-07-13,46016.75,34.17541666666667
2020-07-14,83111.25,36.76333333333333
2020-07-15,50711.0,41.709583333333335
2020-07-16,48841.75,44.44583333333333
2020-07-17,43369.75,37.577083333333334
2020-07-18,14137.75,29.012916666666666
2020-07-19,53098.25,27.779583333333335
2020-07-20,125729.0,32.9625
2020-07-21,119876.75,31.713333333333335
2020-07-22,71569.5,34.35166666666667
2020-07-23,43399.25,35.691250000000004
2020-07-24,209360.25,31.155
2020-07-25,95876.5,25.52
2020-07-26,252359.5,12.606666666666667
2020-07-27,126192.5,32.53208333333333
2020-07-28,413436.25,22.965833333333332
2020-07-29,288109.0,20.749166666666667
2020-07-30,99336.25,35.619166666666665
2020-07-31,61979.5,38.50875
2020-08-01,153997.0,28.31041666666667
2020-08-02,98493.75,28.189999999999998
2020-08-03,74464.0,36.719166666666666
2020-08-04,64875.0,36.393750000000004
2020-08-05,131893.5,29.605
2020-08-06,95375.75,33.28
2020-08-07,64290.5,35.979166666666664
2020-08-08,50570.75,32.03875
2020-08-09,94675.75,28.53375
2020-08-10,134819.75,36.97875
2020-08-11,212828.25,36.2975
2020-08-12,201101.75,35.864583333333336
2020-08-13,136987.0,38.58583333333333
2020-08-14,58117.75,40.82625
2020-08-15,32195.25,31.860833333333332
2020-08-16,107760.5,28.684583333333332
2020-08-17,103100.75,40.36333333333334
2020-08-18,73666.5,42.392916666666665
2020-08-19,43196.5,38.22833333333333
2020-08-20,141378.0,38.10666666666666
2020-08-21,251970.0,31.809166666666666
2020-08-22,307372.0,23.829166666666666
2020-08-23,378078.0,16.326249999999998
2020-08-24,204393.75,44.72083333333333
2020-08-25,211159.5,38.4625
2020-08-26,819986.0,17.89
2020-08-27,302703.25,46.30708333333333
2020-08-28,238662.25,40.70083333333333
2020-08-29,170636.25,35.64083333333333
2020-08-30,85234.75,33.819583333333334
2020-08-31,92732.25,54.03666666666667
2020-09-01,69638.5,49.80916666666667
2020-09-02,41254.75,49.82125
2020-09-03,237365.0,40.535833333333336
2020-09-04,227137.5,38.32375
2020-09-05,174547.0,33.41416666666667
2020-09-06,134990.0,34.834583333333335
2020-09-07,77490.25,43.540416666666665
2020-09-08,286806.75,37.598333333333336
2020-09-09,232561.0,36.62916666666667
2020-09-10,109218.75,47.3375
2020-09-11,49041.5,47.814166666666665
2020-09-12,225648.25,31.871666666666666
2020-09-13,166011.0,20.18916666666667
2020-09-14,70146.0,53.11291666666667
2020-09-15,62873.5,70.19791666666667
2020-09-16,146749.5,53.41291666666666
2020-09-17,252697.25,46.40208333333334
2020-09-18,228369.0,42.12708333333333
2020-09-19,201116.0,36.537083333333335
2020-09-20,144457.75,37.515
2020-09-21,50896.25,61.095416666666665
2020-09-22,30107.5,53.31333333333333
2020-09-23,145323.0,46.428333333333335
2020-09-24,398132.0,38.18416666666666
2020-09-25,256826.75,41.37166666666666
2020-09-26,304143.75,33.130833333333335
2020-09-27,135421.0,30.02625
2020-09-28,57032.25,47.260416666666664
2020-09-29,54647.25,58.61833333333333
2020-09-30,45506.0,50.252916666666664
2020-10-01,209879.5,41.01583333333333
2020-10-02,349456.25,35.677083333333336
2020-10-03,431038.25,16.455416666666668
2020-10-04,439881.25,7.105
2020-10-05,370076.25,32.092083333333335
2020-10-06,513984.5,34.45125
2020-10-07,395196.0,36.62291666666667
2020-10-08,574019.75,29.8325
2020-10-09,222627.25,39.97083333333333
2020-10-10,314544.5,31.2325
2020-10-11,213685.25,32.18416666666666
2020-10-12,68115.5,46.9025
2020-10-13,97643.5,45.23083333333333
2020-10-14,490781.75,35.67208333333333
2020-10-15,318087.25,40.935833333333335
2020-10-16,142691.25,46.935833333333335
2020-10-17,40522.0,40.757083333333334
2020-10-18,283041.75,30.556250000000002
2020-10-19,130056.5,44.63791666666666
2020-10-20,391982.5,35.22375
2020-10-21,500383.0,32.614583333333336
2020-10-22,525521.5,32.3925
2020-10-23,215131.25,44.780833333333334
2020-10-24,421175.0,30.5825
2020-10-25,458992.25,13.932916666666666
2020-10-26,263603.0,38.265
2020-10-27,497062.75,34.606249999999996
2020-10-28,550388.5,29.942083333333333
2020-10-29,560315.0,32.647083333333335
2020-10-30,537097.5,30.192083333333333
2020-10-31,248653.25,31.020833333333332
2020-11-01,472507.0,16.94666666666667
2020-11-02,725414.25,23.395833333333332
2020-11-03,361260.25,35.740833333333335
2020-11-04,272126.25,40.01208333333333
2020-11-05,235872.5,38.65916666666667
2020-11-06,141792.0,40.54083333333333
2020-11-07,124832.0,36.2275
2020-11-08,78004.75,36.655
2020-11-09,69365.25,44.88041666666667
2020-11-10,59858.0,48.14958333333333
2020-11-11,38568.5,45.05875
2020-11-12,247628.0,40.96083333333333
2020-11-13,237324.0,40.73
2020-11-14,255468.5,36.483333333333334
2020-11-15,590632.0,7.30375
2020-11-16,551906.0,28.490416666666665
2020-11-17,460995.0,38.88875
2020-11-18,396745.5,36.355
2020-11-19,670118.0,26.38625
2020-11-20,250014.5,43.26
2020-11-21,563543.0,30.295416666666668
2020-11-22,467518.75,29.97
2020-11-23,325825.5,43.625416666666666
2020-11-24,266060.75,42.02708333333333
2020-11-25,208739.5,46.87166666666667
2020-11-26,139176.0,56.54749999999999
2020-11-27,38497.0,64.72708333333334
2020-11-28,114964.5,46.88291666666667
2020-11-29,83118.75,45.27916666666667
2020-11-30,189582.0,52.22
2020-12-01,120925.25,53.71
2020-12-02,60584.75,73.98916666666666
2020-12-03,343543.0,48.00083333333333
2020-12-04,446336.0,41.77875
2020-12-05,182096.0,46.39333333333334
2020-12-06,183728.25,42.7475
2020-12-07,261711.5,44.73166666666666
2020-12-08,118292.25,61.078333333333326
2020-12-09,68075.75,75.02666666666667
2020-12-10,43482.5,69.38875
2020-12-11,279475.75,45.79791666666667
2020-12-12,154298.0,45.71958333333333
2020-12-13,111413.0,43.17333333333334
2020-12-14,388850.75,42.99458333333333
2020-12-15,244068.0,50.403333333333336
2020-12-16,180992.75,50.05583333333333
2020-12-17,410131.5,44.58291666666667
2020-12-18,348824.25,42.510416666666664
2020-12-19,436580.75,32.517916666666665
2020-12-20,273403.75,40.00416666666667
2020-12-21,432661.0,38.78375
2020-12-22,623587.25,27.689999999999998
2020-12-23,253374.75,43.89541666666667
2020-12-24,416512.0,24.328333333333333
2020-12-25,180361.75,34.92458333333334
2020-12-26,445701.25,19.15041666666667
2020-12-27,826620.0,-13.452916666666667
2020-12-28,285880.75,39.21208333333333
2020-12-29,293258.75,46.20875
2020-12-30,382021.75,47.065416666666664
2020-12-31,247896.25,46.701249999999995
2021-01-01,65249.75,48.39833333333333
2021-01-02,71100.5,50.5625
2021-01-03,328777.25,38.622499999999995
2021-01-04,267579.25,48.01791666666667
2021-01-05,225979.75,55.33708333333333
2021-01-06,138300.75,52.68291666666667
2021-01-07,119468.0,70.92708333333333
2021-01-08,99094.25,78.33624999999999
2021-01-09,57284.75,59.31875
2021-01-10,158789.25,52.16458333333333
2021-01-11,531637.75,48.1525
2021-01-12,595807.5,46.10041666666667
2021-01-13,685727.75,42.47208333333334
2021-01-14,275798.25,70.57708333333333
2021-01-15,143372.25,72.89125
2021-01-16,107737.25,55.845416666666665
2021-01-17,80457.0,53.99875
2021-01-18,401531.25,55.95375000000001
2021-01-19,678009.0,44.95416666666667
2021-01-20,743188.25,36.28208333333333
2021-01-21,828752.75,30.074583333333333
2021-01-22,528598.25,42.52916666666667
2021-01-23,183475.25,51.72083333333333
2021-01-24,175800.25,49.1675
2021-01-25,115158.0,60.83708333333333
2021-01-26,309711.75,61.37375
2021-01-27,264853.5,57.99125
2021-01-28,231922.25,55.307500000000005
2021-01-29,415714.0,49.684583333333336
2021-01-30,200002.25,48.47708333333333
2021-01-31,161377.25,48.23416666666666
2021-02-01,201357.5,57.47333333333333
2021-02-02,204220.25,54.61833333333333
2021-02-03,429464.0,44.52625
2021-02-04,243521.25,52.04125
2021-02-05,250801.75,51.38666666666666
2021-02-06,573700.75,36.38166666666667
2021-02-07,689040.0,19.377083333333335
2021-02-08,392608.5,43.51833333333334
2021-02-09,122315.25,64.32166666666667
2021-02-10,135765.5,72.20791666666666
2021-02-11,95894.25,79.29708333333333
2021-02-12,229485.0,62.134166666666665
2021-02-13,195058.75,53.21625
2021-02-14,267390.25,45.88916666666666
2021-02-15,476714.0,50.74583333333334
2021-02-16,298451.75,52.43375
2021-02-17,484101.5,49.665
2021-02-18,428302.75,45.400416666666665
2021-02-19,363847.75,47.71208333333333
2021-02-20,358131.0,34.04708333333333
2021-02-21,291985.25,32.9225
2021-02-22,245524.75,49.90375
2021-02-23,313505.0,45.58416666666667
2021-02-24,371099.5,38.13291666666667
2021-02-25,264223.5,46.163333333333334
2021-02-26,241247.5,47.63083333333333
2021-02-27,162085.5,44.93541666666667
2021-02-28,121472.25,42.07208333333333
2021-03-01,84004.5,49.76499999999999
2021-03-02,70664.5,53.49916666666667
2021-03-03,132095.75,51.911249999999995
2021-03-04,172453.0,54.07541666666666
2021-03-05,151498.0,53.60333333333333
2021-03-06,200343.5,44.706250000000004
2021-03-07,274027.75,44.82458333333333
2021-03-08,60420.0,61.60666666666666
2021-03-09,73106.75,60.91583333333333
2021-03-10,239138.0,50.82208333333333
2021-03-11,885523.5,27.430833333333336
2021-03-12,839607.25,22.28625
2021-03-13,857699.0,11.9275
2021-03-14,608699.0,15.753333333333332
2021-03-15,520779.0,49.27625
2021-03-16,340494.5,56.01125
2021-03-17,105390.25,57.645
2021-03-18,51962.25,64.8575
2021-03-19,228494.75,56.45166666666666
2021-03-20,208326.75,51.34375
2021-03-21,540320.75,35.41791666666666
2021-03-22,189260.25,60.47708333333333
2021-03-23,111236.75,62.33416666666667
2021-03-24,122752.25,55.54
2021-03-25,82695.0,58.852916666666665
2021-03-26,253417.25,51.37083333333334
2021-03-27,613209.5,24.694583333333338
2021-03-28,434757.25,18.251739130434782
2021-03-29,432816.0,40.805416666666666
2021-03-30,126856.0,55.725833333333334
2021-03-31,40883.75,58.721666666666664
2021-04-01,224964.75,52.28875
2021-04-02,321075.25,36.49875
2021-04-03,246699.25,39.560833333333335
2021-04-04,224407.5,27.690416666666668
2021-04-05,696283.25,-16.996666666666666
2021-04-06,545770.75,35.37833333333333
2021-04-07,599038.25,50.32333333333333
2021-04-08,458949.25,57.58041666666667
2021-04-09,423070.5,53.92125000000001
2021-04-10,145364.5,58.805416666666666
2021-04-11,332268.75,48.687916666666666
2021-04-12,229103.75,62.72333333333333
2021-04-13,267724.25,57.51624999999999
2021-04-14,142234.5,69.49333333333333
2021-04-15,169414.25,66.97500000000001
2021-04-16,185971.5,63.04458333333333
2021-04-17,130569.25,61.19583333333333
2021-04-18,63576.25,62.62875
2021-04-19,54725.5,75.6675
2021-04-20,54859.5,75.7675
2021-04-21,229111.25,59.875416666666666
2021-04-22,412837.0,45.90208333333334
2021-04-23,243937.25,61.73458333333334
2021-04-24,167099.75,52.910833333333336
2021-04-25,167854.25,37.477916666666665
2021-04-26,121609.25,61.92333333333334
2021-04-27,227375.5,59.51333333333333
2021-04-28,199601.75,61.71958333333333
2021-04-29,315506.0,59.44083333333333
2021-04-30,108985.0,69.14541666666666
2021-05-01,59684.5,56.685
2021-05-02,246892.25,43.809583333333336
2021-05-03,299376.75,62.42583333333334
2021-05-04,844249.75,30.259583333333335
2021-05-05,724241.25,31.80666666666667
2021-05-06,309794.75,64.96583333333334
2021-05-07,294531.5,71.29833333333333
2021-05-08,242180.5,50.73875
2021-05-09,406943.0,3.62375
2021-05-10,322308.75,57.45583333333334
2021-05-11,133217.5,72.17166666666667
2021-05-12,147323.75,68.74541666666667
2021-05-13,111367.0,62.73541666666667
2021-05-14,122208.25,71.80166666666666
2021-05-15,154196.75,60.201249999999995
2021-05-16,188606.75,39.869166666666665
2021-05-17,202040.5,73.70375
2021-05-18,164082.0,74.17875
2021-05-19,107450.25,77.71249999999999
2021-05-20,137152.5,69.98958333333333
2021-05-21,539443.5,31.33875
2021-05-22,607028.75,-7.039166666666667
2021-05-23,336212.0,21.145
2021-05-24,359874.5,31.645416666666666
2021-05-25,465361.25,59.78041666666667
2021-05-26,452385.25,65.60583333333334
2021-05-27,374270.0,71.7675
2021-05-28,126119.5,73.60208333333334
2021-05-29,111310.0,56.48791666666667
2021-05-30,117846.0,37.84791666666667
2021-05-31,84542.5,67.45708333333333
2021-06-01,107933.75,68.25375
2021-06-02,179556.5,66.68541666666667
2021-06-03,207675.0,61.96375
2021-06-04,75840.0,71.79666666666667
2021-06-05,90064.0,62.5575
2021-06-06,84420.75,59.4375
2021-06-07,61175.5,77.33791666666666
2021-06-08,52837.25,76.92041666666667
2021-06-09,30176.75,76.73583333333333
2021-06-10,37124.75,78.83333333333333
2021-06-11,61899.0,78.09541666666667
2021-06-12,368239.25,39.17583333333334
2021-06-13,228546.25,19.40125
2021-06-14,80913.25,74.2225
2021-06-15,50413.75,82.60625
2021-06-16,85138.25,85.00375
2021-06-17,196351.0,77.51208333333334
2021-06-18,112837.0,80.11958333333332
2021-06-19,129224.5,70.0975
2021-06-20,234590.25,58.432500000000005
2021-06-21,230477.75,77.63250000000001
2021-06-22,117752.75,84.58916666666667
2021-06-23,48883.25,92.84458333333333
2021-06-24,36565.5,94.82708333333333
2021-06-25,29434.5,89.72625
2021-06-26,20577.75,79.875
2021-06-27,69393.25,64.96166666666666
2021-06-28,66738.75,88.73
2021-06-29,92363.5,91.6475
2021-06-30,162670.5,92.37625000000001
2021-07-01,243180.25,89.39
2021-07-02,113929.25,96.58375000000001
2021-07-03,41134.75,83.60416666666667
2021-07-04,52706.0,82.96375
2021-07-05,112320.0,93.84500000000001
2021-07-06,321036.5,80.67583333333333
2021-07-07,111389.0,99.10583333333334
2021-07-08,49982.5,109.04208333333334
2021-07-09,163275.75,91.42333333333333
2021-07-10,111303.0,80.44958333333334
2021-07-11,80386.25,77.74
2021-07-12,77695.5,93.45125
2021-07-13,91733.5,95.015
2021-07-14,152030.25,87.38916666666667
2021-07-15,74878.5,89.73583333333333
2021-07-16,111409.0,84.96458333333334
2021-07-17,252628.25,61.69
2021-07-18,217999.75,45.781666666666666
2021-07-19,127240.0,89.20958333333334
2021-07-20,68966.5,91.69375000000001
2021-07-21,55742.25,89.98541666666667
2021-07-22,35653.25,87.56166666666667
2021-07-23,29444.0,88.80083333333333
2021-07-24,154924.25,75.76375
2021-07-25,121350.5,60.706250000000004
2021-07-26,78834.25,88.50291666666668
2021-07-27,142109.25,87.22375
2021-07-28,257006.5,79.42208333333333
2021-07-29,487772.0,46.09708333333333
2021-07-30,274847.75,64.80583333333333
2021-07-31,473229.25,29.822916666666668
2021-08-01,145686.5,58.53541666666666
2021-08-02,194613.75,80.09708333333333
2021-08-03,45937.5,96.51041666666667
2021-08-04,36463.75,98.16916666666667
2021-08-05,71207.25,94.50958333333334
2021-08-06,222088.25,71.5975
2021-08-07,186273.75,61.51499999999999
2021-08-08,402092.75,5.630833333333334
2021-08-09,268466.75,67.58916666666667
2021-08-10,153346.5,90.76791666666666
2021-08-11,45608.5,100.76208333333334
2021-08-12,36238.0,106.5425
2021-08-13,138579.25,94.90458333333333
2021-08-14,182819.0,63.36875
2021-08-15,119417.25,61.944583333333334
2021-08-16,492657.25,67.60041666666667
2021-08-17,599621.75,57.39208333333334
2021-08-18,399414.5,78.64333333333333
2021-08-19,246759.0,91.62333333333333
2021-08-20,68661.0,102.18
2021-08-21,25735.0,91.46291666666667
2021-08-22,172125.0,78.05458333333333
2021-08-23,236059.25,93.87916666666666
2021-08-24,175369.5,95.39958333333334
2021-08-25,247703.0,84.30958333333334
2021-08-26,286128.5,92.615
2021-08-27,239972.0,95.90750000000001
2021-08-28,146711.5,84.71958333333333
2021-08-29,168674.75,80.74249999999999
2021-08-30,225520.25,106.57499999999999
2021-08-31,191159.5,110.05416666666667
2021-09-01,97718.25,111.85916666666667
2021-09-02,72101.75,118.19458333333334
2021-09-03,101658.5,110.52541666666667
2021-09-04,50386.0,106.87583333333333
2021-09-05,86753.75,97.62916666666666
2021-09-06,29208.75,127.82375
2021-09-07,21299.0,127.9825
2021-09-08,96589.25,124.77916666666668
2021-09-09,111750.75,130.23333333333332
2021-09-10,80349.0,138.28625
2021-09-11,110193.25,129.01791666666665
2021-09-12,115675.5,105.22250000000001
2021-09-13,55060.5,141.31916666666666
2021-09-14,82029.25,143.23833333333334
2021-09-15,161362.25,168.21166666666667
2021-09-16,240873.75,158.94291666666666
2021-09-17,143277.5,156.95916666666668
2021-09-18,80885.0,133.76291666666665
2021-09-19,124093.0,94.10333333333334
2021-09-20,50568.0,150.69875
2021-09-21,117326.0,149.89208333333332
2021-09-22,144792.25,145.97666666666666
2021-09-23,563094.5,73.15958333333333
2021-09-24,386874.75,108.98083333333334
2021-09-25,131189.25,127.58749999999999
2021-09-26,102289.25,125.71750000000002
2021-09-27,162949.25,143.21833333333333
2021-09-28,90313.0,155.08625
2021-09-29,347620.0,133.31375
2021-09-30,495077.25,112.57083333333333
2021-10-01,429092.0,100.32666666666667
2021-10-02,325515.75,104.05583333333334
2021-10-03,614041.75,40.962916666666665
2021-10-04,213884.75,158.12083333333334
2021-10-05,231931.75,159.72875
2021-10-06,309617.5,184.12375
2021-10-07,28682.75,302.52625
2021-10-08,144245.5,203.89291666666668
2021-10-09,219344.0,139.49166666666667
2021-10-10,106299.25,144.33666666666667
2021-10-11,229487.75,167.84083333333334
2021-10-12,273253.5,167.43166666666667
2021-10-13,148826.5,188.24291666666667
2021-10-14,318367.75,167.80916666666667
2021-10-15,430379.0,116.65166666666666
2021-10-16,124980.75,156.77666666666667
2021-10-17,136926.5,142.15583333333333
2021-10-18,164440.0,189.72166666666666
2021-10-19,400187.0,153.455
2021-10-20,776812.25,60.11041666666667
2021-10-21,814292.25,61.50333333333333
2021-10-22,745389.25,71.87416666666667
2021-10-23,288006.0,139.37708333333333
2021-10-24,256270.75,99.41125
2021-10-25,251331.75,173.64958333333334
2021-10-26,312731.0,178.015
2021-10-27,379407.25,143.83666666666667
2021-10-28,256667.5,153.53958333333333
2021-10-29,383459.75,112.97333333333334
2021-10-30,402654.0,84.15333333333334
2021-10-31,419682.25,61.319583333333334
2021-11-01,390425.25,95.48625
2021-11-02,119921.0,204.10875
2021-11-03,79656.75,193.13791666666668
2021-11-04,315812.75,172.11083333333332
2021-11-05,311690.75,160.08833333333334
2021-11-06,483364.25,76.75666666666667
2021-11-07,679557.25,35.4075
2021-11-08,234262.0,177.41333333333333
2021-11-09,194385.25,163.13625
2021-11-10,110346.0,176.25958333333332
2021-11-11,54224.75,190.42666666666665
2021-11-12,153638.25,166.89625
2021-11-13,143069.25,156.8975
2021-11-14,102526.5,169.29541666666668
2021-11-15,134309.75,227.95791666666665
2021-11-16,24927.0,237.465
2021-11-17,261590.0,180.59916666666666
2021-11-18,564067.0,139.90375
2021-11-19,567559.5,131.63375
2021-11-20,377617.0,110.21749999999999
2021-11-21,214901.5,144.83541666666667
2021-11-22,220939.0,233.16625
2021-11-23,212910.25,241.87041666666667
2021-11-24,121869.25,273.885
2021-11-25,180866.25,243.34625000000003
2021-11-26,319511.75,188.37541666666667
2021-11-27,194220.0,202.8970833333333
2021-11-28,69512.5,201.16583333333332
2021-11-29,193277.5,265.96166666666664
2021-11-30,772323.5,123.83916666666666
2021-12-01,861853.0,91.00416666666666
2021-12-02,412375.25,195.04083333333332
2021-12-03,631395.5,149.97125
2021-12-04,242490.75,196.26375
2021-12-05,180570.5,157.71125
2021-12-06,155320.5,265.3925
2021-12-07,378381.25,216.18541666666667
2021-12-08,428551.5,184.05999999999997
2021-12-09,139264.25,277.88375
2021-12-10,131991.75,239.78041666666664
2021-12-11,135029.25,237.34833333333333
2021-12-12,371689.5,183.12125
2021-12-13,193028.25,264.66249999999997
2021-12-14,184728.75,295.8179166666667
2021-12-15,276259.25,295.2004166666666
2021-12-16,179911.5,344.3029166666667
2021-12-17,134094.0,338.14
2021-12-18,236486.75,259.5133333333333
2021-12-19,503163.0,119.67333333333333
2021-12-20,150482.75,331.3704166666667
2021-12-21,48626.0,431.97499999999997
2021-12-22,124987.25,416.7225
2021-12-23,346488.0,300.72583333333336
2021-12-24,463984.5,196.20875
2021-12-25,172656.5,198.29250000000002
2021-12-26,250325.5,172.45666666666668
2021-12-27,319053.0,148.82791666666665
2021-12-28,459833.75,104.22583333333334
2021-12-29,303821.25,155.60333333333332
2021-12-30,668295.0,73.26208333333334
2021-12-31,668159.25,12.127916666666666
2022-01-01,397573.5,82.57833333333333
2022-01-02,641030.25,47.35375
2022-01-03,758356.0,76.10708333333334
2022-01-04,361739.25,153.91666666666666
2022-01-05,724135.25,107.86833333333334
2022-01-06,292297.75,194.0975
2022-01-07,517637.0,167.18083333333334
2022-01-08,460185.0,165.8975
2022-01-09,453036.75,146.55916666666667
2022-01-10,57546.5,261.54833333333335
2022-01-11,97078.25,255.41
2022-01-12,141002.25,233.31541666666666
2022-01-13,421372.0,180.15625
2022-01-14,369749.25,178.76208333333332
2022-01-15,69007.0,215.995
2022-01-16,407896.25,133.09541666666667
2022-01-17,650353.25,129.31458333333333
2022-01-18,164122.5,235.87
2022-01-19,492286.5,172.1795833333333
2022-01-20,710104.75,117.69541666666667
2022-01-21,491321.75,159.26958333333332
2022-01-22,303261.75,175.75750000000002
2022-01-23,120195.75,193.69500000000002
2022-01-24,79794.75,245.9375
2022-01-25,95170.75,297.28833333333336
2022-01-26,347010.75,234.98125000000002
2022-01-27,748249.5,120.71333333333332
2022-01-28,573439.75,174.3479166666667
2022-01-29,869508.5,92.12916666666666
2022-01-30,717692.25,55.30041666666667
2022-01-31,425873.0,195.2025
2022-02-01,763781.75,150.24708333333334
2022-02-02,706462.5,140.22083333333333
2022-02-03,356310.25,193.55791666666667
2022-02-04,665470.25,132.36833333333334
2022-02-05,821077.75,88.89458333333333
2022-02-06,899909.0,52.784166666666664
2022-02-07,783534.0,84.67583333333333
2022-02-08,725474.5,137.80791666666667
2022-02-09,518290.5,165.89166666666668
2022-02-10,311575.0,192.81958333333333
2022-02-11,405293.25,184.58041666666668
2022-02-12,322163.75,143.05041666666668
2022-02-13,607467.5,83.57791666666667
2022-02-14,680909.75,102.22333333333334
2022-02-15,549576.0,155.00416666666666
2022-02-16,905564.5,117.37791666666668
2022-02-17,947388.75,68.63708333333334
2022-02-18,755067.0,117.62708333333335
2022-02-19,797056.5,39.615833333333335
2022-02-20,829934.75,67.28125
2022-02-21,914215.25,75.41625
2022-02-22,750538.0,123.24291666666666
2022-02-23,550932.5,130.08875
2022-02-24,693461.5,123.3875
2022-02-25,717801.0,119.9575
2022-02-26,171626.75,225.43416666666667
2022-02-27,274295.25,182.40833333333333
2022-02-28,253448.25,208.29625
2022-03-01,184322.5,241.40125
2022-03-02,48408.25,278.77625
2022-03-03,103227.25,338.19958333333335
2022-03-04,131795.5,358.7775
2022-03-05,133144.5,344.4025
2022-03-06,103983.5,340.79791666666665
2022-03-07,139467.5,410.09999999999997
2022-03-08,197060.75,487.5733333333333
2022-03-09,137701.25,446.25458333333336
2022-03-10,370976.0,279.1504166666667
2022-03-11,657442.25,80.43916666666667
2022-03-12,419035.0,124.25
2022-03-13,361260.25,115.09791666666666
2022-03-14,237525.5,281.44
2022-03-15,76811.75,300.53749999999997
2022-03-16,242581.75,245.29666666666665
2022-03-17,349010.25,225.40958333333333
2022-03-18,238809.25,228.9
2022-03-19,495330.75,130.95208333333332
2022-03-20,564500.0,49.04291666666666
2022-03-21,235370.0,205.75458333333333
2022-03-22,88967.25,236.48833333333334
2022-03-23,53365.5,236.53375000000003
2022-03-24,41562.75,237.99833333333333
2022-03-25,97225.0,244.37875
2022-03-26,222634.5,189.5525
2022-03-27,67699.0,200.59391304347827
2022-03-28,135736.75,221.57083333333333
2022-03-29,142592.5,250.18291666666667
2022-03-30,79091.5,271.02708333333334
2022-03-31,411168.0,209.19000000000003
2022-04-01,584919.0,160.13083333333333
2022-04-02,397323.25,166.40333333333334
2022-04-03,219902.75,172.88625
2022-04-04,806665.25,75.32666666666667
2022-04-05,547461.5,183.02416666666667
2022-04-06,733930.75,121.33416666666666
2022-04-07,922245.5,74.15333333333334
2022-04-08,564517.75,120.86833333333334
2022-04-09,558433.5,59.824999999999996
2022-04-10,409608.25,74.65375
2022-04-11,134524.0,223.61749999999998
2022-04-12,334504.0,184.5925
2022-04-13,160478.25,222.51833333333332
2022-04-14,130948.5,227.70916666666668
2022-04-15,173454.25,192.96416666666667
2022-04-16,214342.75,149.215
2022-04-17,153273.0,108.82166666666667
2022-04-18,105751.75,120.23125
2022-04-19,192117.75,213.00458333333333
2022-04-20,191883.75,203.24958333333333
2022-04-21,210958.75,199.50458333333333
2022-04-22,390604.0,172.48708333333332
2022-04-23,436862.0,93.30624999999999
2022-04-24,408842.25,108.53500000000001
2022-04-25,113027.75,223.4645833333333
2022-04-26,83166.0,238.46916666666667
2022-04-27,68622.75,222.20916666666668
2022-04-28,83446.5,230.1520833333333
2022-04-29,81346.25,228.02458333333334
2022-04-30,106539.0,201.275
2022-05-01,51507.0,194.74125
2022-05-02,64203.5,219.0225
2022-05-03,88908.75,218.15625
2022-05-04,42082.75,231.29
2022-05-05,45421.25,234.485
2022-05-06,42856.75,225.35916666666665
2022-05-07,79713.75,201.4283333333333
2022-05-08,121213.25,171.8175
2022-05-09,93337.0,216.81041666666667
2022-05-10,246199.5,183.31875
2022-05-11,349985.0,159.09166666666667
2022-05-12,368766.25,169.11958333333334
2022-05-13,327398.0,168.78791666666666
2022-05-14,228681.25,152.96875
2022-05-15,86369.75,149.025
2022-05-16,233165.25,211.58249999999998
2022-05-17,94824.0,225.74916666666664
2022-05-18,168538.0,206.9695833333333
2022-05-19,206169.75,210.80916666666667
2022-05-20,216120.0,209.23458333333335
2022-05-21,490238.75,103.36208333333333
2022-05-22,58510.5,166.03208333333333
2022-05-23,352766.75,188.13791666666665
2022-05-24,340866.0,162.945
2022-05-25,241382.75,177.49625
2022-05-26,472019.0,67.93249999999999
2022-05-27,580425.0,46.76541666666666
2022-05-28,487598.0,36.84916666666667
2022-05-29,154238.5,156.335
2022-05-30,47380.75,225.99291666666667
2022-05-31,54269.75,210.17
2022-06-01,126949.25,215.28916666666666
2022-06-02,133035.5,188.8708333333333
2022-06-03,116468.75,184.54541666666668
2022-06-04,116085.25,162.49333333333334
2022-06-05,253439.5,141.57791666666665
2022-06-06,344423.25,91.32875
2022-06-07,256272.75,183.88166666666666
2022-06-08,101596.75,190.3479166666667
2022-06-09,178180.5,185.49166666666667
2022-06-10,107181.75,185.75458333333333
2022-06-11,115202.75,134.70083333333335
2022-06-12,127495.5,116.95583333333333
2022-06-13,258338.75,165.56416666666667
2022-06-14,99144.5,194.98083333333332
2022-06-15,66200.5,211.82958333333332
2022-06-16,134561.25,201.9725
2022-06-17,71418.5,255.43125
2022-06-18,212273.75,195.39499999999998
2022-06-19,243757.25,154.65208333333334
2022-06-20,190269.25,267.37166666666667
2022-06-21,115503.0,288.59375
2022-06-22,49466.0,323.34083333333336
2022-06-23,104066.75,295.0804166666667
2022-06-24,244091.25,274.3
2022-06-25,69971.0,240.39291666666668
2022-06-26,76783.25,201.67083333333335
2022-06-27,140198.5,316.6475
2022-06-28,81573.0,331.5154166666667
2022-06-29,147808.25,315.54291666666666
2022-06-30,118689.0,325.4775
2022-07-01,215025.0,314.3845833333333
2022-07-02,105329.5,218.9225
2022-07-03,151225.0,200.10541666666666
2022-07-04,142665.75,293.89
2022-07-05,144844.0,318.37208333333336
2022-07-06,187902.25,303.53541666666666
2022-07-07,424182.5,213.21875
2022-07-08,269659.25,295.91541666666666
2022-07-09,283377.0,148.13750000000002
2022-07-10,324403.5,115.16375
2022-07-11,89695.75,372.595
2022-07-12,62035.75,377.66125000000005
2022-07-13,221668.5,352.15875
2022-07-14,202570.0,367.37791666666664
2022-07-15,210230.0,329.92333333333335
2022-07-16,306525.25,174.81208333333333
2022-07-17,80214.5,221.85666666666665
2022-07-18,40962.0,396.06541666666664
2022-07-19,96056.0,397.0854166666666
2022-07-20,248348.25,332.70458333333335
2022-07-21,197546.5,396.73375000000004
2022-07-22,101110.0,377.45125
2022-07-23,101687.5,324.98541666666665
2022-07-24,74824.5,260.62833333333333
2022-07-25,334033.75,309.81125000000003
2022-07-26,263763.5,316.5729166666667
2022-07-27,175701.5,424.4916666666666
2022-07-28,109640.5,473.25333333333333
2022-07-29,149145.25,438.65000000000003
2022-07-30,83029.75,380.77416666666664
2022-07-31,92185.75,317.79291666666666
2022-08-01,140164.75,424.62166666666667
2022-08-02,57930.5,380.5125
2022-08-03,74020.0,384.82666666666665
2022-08-04,118005.75,414.15958333333333
2022-08-05,192932.5,380.31125
2022-08-06,137181.5,273.80916666666667
2022-08-07,81561.75,214.92499999999998
2022-08-08,80000.5,359.54791666666665
2022-08-09,119778.75,344.87208333333336
2022-08-10,127054.0,335.08
2022-08-11,130995.75,368.1458333333333
2022-08-12,156418.0,436.79833333333335
2022-08-13,122472.25,377.74499999999995
2022-08-14,137869.25,330.4558333333333
2022-08-15,131480.0,426.6045833333333
2022-08-16,60972.0,490.7929166666666
2022-08-17,62830.0,551.9525
2022-08-18,94111.75,563.76
2022-08-19,91507.25,515.0970833333333
2022-08-20,79746.5,457.97375000000005
2022-08-21,65737.5,364.13208333333336
2022-08-22,58574.0,563.81375
2022-08-23,117539.0,605.1279166666667
2022-08-24,114077.0,624.3416666666667
2022-08-25,142796.5,599.8304166666667
2022-08-26,108960.5,699.4416666666666
2022-08-27,137235.75,607.8391666666666
2022-08-28,186143.5,401.0329166666667
2022-08-29,102437.75,658.4104166666667
2022-08-30,117001.25,660.23625
2022-08-31,164899.5,604.4908333333334
2022-09-01,162212.5,571.1979166666666
2022-09-02,254745.0,422.2525
2022-09-03,312955.25,287.75124999999997
2022-09-04,174420.75,242.71208333333334
2022-09-05,236568.75,357.45374999999996
2022-09-06,262253.75,417.26875
2022-09-07,127509.25,462.47166666666664
2022-09-08,212697.75,443.51708333333335
2022-09-09,210336.25,345.7
2022-09-10,146009.25,404.31791666666663
2022-09-11,64522.0,391.4891666666667
2022-09-12,59602.75,408.0308333333333
2022-09-13,218427.5,392.36999999999995
2022-09-14,109086.25,455.81375
2022-09-15,297663.0,369.36583333333334
2022-09-16,497211.25,201.1966666666667
2022-09-17,518584.5,68.76666666666667
2022-09-18,537210.0,77.93208333333332
2022-09-19,352892.0,261.68375
2022-09-20,122895.5,363.425
2022-09-21,30973.75,379.94041666666664
2022-09-22,34696.5,387.8904166666666
2022-09-23,80010.0,368.3316666666667
2022-09-24,44084.5,351.1145833333333
2022-09-25,69289.0,276.50416666666666
2022-09-26,426458.0,245.92499999999998
2022-09-27,321689.5,310.2083333333333
2022-09-28,101643.0,386.1991666666667
2022-09-29,48400.0,417.13708333333335
2022-09-30,136701.25,315.48625
2022-10-01,626082.5,82.82041666666667
2022-10-02,463676.75,114.74583333333334
2022-10-03,299135.75,209.34916666666666
2022-10-04,186477.0,246.30624999999998
2022-10-05,507524.5,103.19
2022-10-06,438344.0,100.79875
2022-10-07,272476.5,163.89000000000001
2022-10-08,354368.75,145.33791666666667
2022-10-09,204578.5,146.72458333333333
2022-10-10,322996.75,162.09
2022-10-11,131544.0,259.87375000000003
2022-10-12,58898.25,282.5358333333333
2022-10-13,143364.75,257.4558333333334
2022-10-14,128034.75,260.6458333333333
2022-10-15,261123.0,156.63458333333332
2022-10-16,297456.0,95.86083333333333
2022-10-17,294559.0,152.60625000000002
2022-10-18,131897.5,183.17541666666668
2022-10-19,152365.0,168.45374999999999
2022-10-20,429139.0,140.21791666666667
2022-10-21,240240.0,163.45000000000002
2022-10-22,210217.25,139.86708333333334
2022-10-23,260710.25,95.75041666666668
2022-10-24,607372.75,80.61541666666666
2022-10-25,346169.25,105.39708333333334
2022-10-26,191277.0,121.39583333333333
2022-10-27,253040.5,124.68625000000002
2022-10-28,353132.5,105.5175
2022-10-29,148808.25,101.06291666666668
2022-10-30,134860.75,117.23750000000001
2022-10-31,136652.25,145.2225
2022-11-01,471303.75,68.855
2022-11-02,556430.5,71.97166666666666
2022-11-03,485934.75,103.00625000000001
2022-11-04,261058.75,178.53708333333336
2022-11-05,264794.75,132.28708333333333
2022-11-06,506451.75,51.09375
2022-11-07,589195.5,76.09541666666667
2022-11-08,529766.0,95.15458333333333
2022-11-09,551441.5,126.71875
2022-11-10,457779.0,137.25083333333333
2022-11-11,364241.0,125.37583333333333
2022-11-12,95677.5,162.25416666666666
2022-11-13,234703.0,144.88333333333333
2022-11-14,351360.25,160.79666666666665
2022-11-15,288379.0,177.28875000000002
2022-11-16,433659.0,143.75666666666666
2022-11-17,683082.5,99.89708333333334
2022-11-18,326325.0,171.03333333333333
2022-11-19,143426.25,198.6208333333333
2022-11-20,144836.0,210.28291666666667
2022-11-21,214934.0,253.81916666666666
2022-11-22,367240.0,203.87875
2022-11-23,349709.25,177.98041666666666
2022-11-24,271962.5,237.4625
2022-11-25,237329.0,257.9266666666667
2022-11-26,154520.5,239.17333333333332
2022-11-27,311367.0,146.64916666666667
2022-11-28,299498.75,291.63666666666666
2022-11-29,74419.25,371.6425
2022-11-30,62044.25,393.70208333333335
2022-12-01,66338.5,394.355
2022-12-02,193953.25,339.20166666666665
2022-12-03,157724.25,281.92041666666665
2022-12-04,183220.25,268.505
2022-12-05,127794.75,341.25916666666666
2022-12-06,101139.25,386.44416666666666
2022-12-07,297882.0,324.8254166666667
2022-12-08,161336.75,387.5275
2022-12-09,55260.75,411.0420833333333
2022-12-10,35812.0,354.6425
2022-12-11,32991.25,326.7654166666667
2022-12-12,72580.25,433.93333333333334
2022-12-13,148397.5,444.4766666666667
2022-12-14,157727.0,443.87583333333333
2022-12-15,163520.75,396.96250000000003
2022-12-16,73165.5,411.31375
2022-12-17,77106.25,268.9691666666667
2022-12-18,324871.75,189.75958333333335
2022-12-19,589548.0,191.9275
2022-12-20,597710.5,185.8216666666667
2022-12-21,366842.5,214.60041666666666
2022-12-22,425638.5,192.63708333333332
2022-12-23,288247.25,185.88875
2022-12-24,387944.75,111.86666666666667
2022-12-25,298098.0,106.01125
2022-12-26,603012.75,40.5325
2022-12-27,571027.5,91.73416666666667
2022-12-28,709156.25,45.897083333333335
2022-12-29,749820.75,13.57875
2022-12-30,668891.0,14.625416666666666
2022-12-31,686188.75,-0.7920833333333333
2023-01-01,566387.75,14.913333333333334
2023-01-02,581304.0,123.82
2023-01-03,329554.5,145.95458333333332
2023-01-04,962063.75,58.94166666666666
2023-01-05,637492.5,107.45541666666666
2023-01-06,516810.75,117.47333333333334
2023-01-07,445605.25,88.80874999999999
2023-01-08,474627.25,68.94166666666668
2023-01-09,446041.5,129.29166666666666
2023-01-10,510837.0,123.13041666666668
2023-01-11,694999.75,84.08083333333333
2023-01-12,954111.75,70.74291666666666
2023-01-13,935310.25,66.64208333333333
2023-01-14,847623.25,29.344166666666666
2023-01-15,890098.5,9.259166666666667
2023-01-16,607532.75,128.74875
2023-01-17,434913.25,133.56666666666666
2023-01-18,256158.25,143.75625
2023-01-19,414230.0,148.21375
2023-01-20,87588.0,180.65958333333333
2023-01-21,305315.25,144.39166666666668
2023-01-22,224778.75,151.15083333333334
2023-01-23,118188.25,202.73416666666665
2023-01-24,82611.25,202.69291666666666
2023-01-25,40610.25,181.7420833333333
2023-01-26,56816.5,167.66875000000002
2023-01-27,173262.5,168.76125
2023-01-28,83149.25,144.69875
2023-01-29,411609.25,123.58791666666667
2023-01-30,775428.25,74.21375
2023-01-31,777985.75,117.32166666666667
2023-02-01,916869.75,93.07791666666667
2023-02-02,581029.5,136.14666666666668
2023-02-03,912682.25,102.61083333333333
2023-02-04,167648.75,146.01125
2023-02-05,180825.5,131.36666666666667
2023-02-06,108397.75,172.96333333333334
2023-02-07,100627.25,172.9225
2023-02-08,217199.25,152.10458333333335
2023-02-09,339808.25,132.54458333333335
2023-02-10,419289.5,125.92291666666667
2023-02-11,533720.75,106.26791666666666
2023-02-12,96908.25,136.30875
2023-02-13,79737.25,163.49625
2023-02-14,60268.0,154.49291666666667
2023-02-15,114508.75,143.52125
2023-02-16,369982.75,136.73125000000002
2023-02-17,906551.0,81.14916666666666
2023-02-18,704446.75,94.67291666666667
2023-02-19,386436.25,114.05416666666667
2023-02-20,821170.75,61.41708333333333
2023-02-21,369666.0,122.44583333333333
2023-02-22,115995.25,148.64791666666667
2023-02-23,126878.0,146.12041666666667
2023-02-24,508185.5,118.3025
2023-02-25,585942.5,89.29041666666667
2023-02-26,333164.5,109.82208333333334
2023-02-27,190701.5,152.27458333333334
2023-02-28,157966.0,148.045
2023-03-01,172587.25,142.96833333333333
2023-03-02,148571.5,144.30666666666667
2023-03-03,144425.5,136.76375
2023-03-04,409156.5,107.47166666666668
2023-03-05,256687.0,121.78666666666668
2023-03-06,202386.25,150.67291666666668
2023-03-07,624304.75,106.86791666666666
2023-03-08,198475.25,138.89041666666665
2023-03-09,264731.0,127.19916666666667
2023-03-10,506707.25,115.61375
2023-03-11,383882.75,98.605
2023-03-12,394573.0,95.53250000000001
2023-03-13,838786.75,37.13916666666667
2023-03-14,759930.75,71.47958333333334
2023-03-15,307769.0,127.72458333333333
2023-03-16,421479.25,105.57458333333334
2023-03-17,393892.5,92.34750000000001
2023-03-18,184358.0,109.33749999999999
2023-03-19,119353.75,111.99208333333333
2023-03-20,209936.5,125.17291666666667
2023-03-21,193508.5,115.05250000000001
2023-03-22,545406.0,80.17791666666666
2023-03-23,616998.0,74.70958333333333
2023-03-24,679330.75,53.115833333333335
2023-03-25,693326.25,14.66625
2023-03-26,356498.0,70.62391304347825
2023-03-27,493491.75,92.31833333333333
2023-03-28,277735.25,113.15125
2023-03-29,234953.5,116.53916666666667
2023-03-30,624191.5,81.44083333333333
2023-03-31,422201.75,97.59375
2023-04-01,572597.0,55.76583333333334
2023-04-02,440546.75,67.33083333333333
2023-04-03,270957.25,114.79791666666667
2023-04-04,85449.5,132.06958333333333
2023-04-05,34424.75,140.97166666666666
2023-04-06,156462.75,124.28458333333333
2023-04-07,206156.75,108.63041666666668
2023-04-08,83304.5,116.89416666666666
2023-04-09,61734.75,105.0475
2023-04-10,394887.25,39.974583333333335
2023-04-11,511330.25,59.98541666666667
2023-04-12,426391.25,107.6925
2023-04-13,369553.25,108.41375
2023-04-14,98228.0,128.79583333333332
2023-04-15,245640.25,106.79708333333333
2023-04-16,158410.5,110.09958333333333
2023-04-17,195388.25,124.23583333333333
2023-04-18,367461.0,108.22541666666666
2023-04-19,477019.25,87.51583333333333
2023-04-20,362562.75,111.70625
2023-04-21,427295.25,89.47500000000001
2023-04-22,331474.75,84.46708333333333
2023-04-23,204182.75,85.80083333333333
2023-04-24,549809.0,104.60333333333334
2023-04-25,416981.75,100.99624999999999
2023-04-26,259293.0,110.72083333333335
2023-04-27,93218.5,112.08583333333333
2023-04-28,211597.0,106.00333333333333
2023-04-29,230351.75,100.64625000000001
2023-04-30,104096.5,68.28666666666666
2023-05-01,125128.75,87.54916666666666
2023-05-02,260490.25,106.10125
2023-05-03,98396.0,107.79875
2023-05-04,187027.5,97.49958333333332
2023-05-05,343267.75,96.05
2023-05-06,161545.5,89.52458333333334
2023-05-07,282885.0,66.9825
2023-05-08,272001.0,96.3725
2023-05-09,359232.25,94.63791666666667
2023-05-10,212760.0,107.89375
2023-05-11,89028.75,116.13541666666667
2023-05-12,229320.5,100.50625000000001
2023-05-13,197055.75,78.35333333333334
2023-05-14,82060.5,72.0025
2023-05-15,151985.0,113.84041666666667
2023-05-16,451440.0,79.29541666666667
2023-05-17,329277.75,78.58375
2023-05-18,132618.0,86.73416666666667
2023-05-19,217396.25,87.28458333333333
2023-05-20,325722.75,46.80916666666667
2023-05-21,241287.25,28.464166666666667
2023-05-22,204796.5,97.33125
2023-05-23,427498.5,72.78541666666666
2023-05-24,149383.5,102.27333333333333
2023-05-25,179737.0,81.64999999999999
2023-05-26,223913.0,69.98416666666667
2023-05-27,113050.5,62.67166666666666
2023-05-28,119408.75,26.55333333333333
2023-05-29,207969.25,21.4525
2023-05-30,167837.75,87.73875
2023-05-31,198251.5,72.31750000000001
2023-06-01,247969.5,72.90041666666666
2023-06-02,200103.0,81.01666666666667
2023-06-03,192924.5,56.36708333333333
2023-06-04,118115.75,49.67291666666667
2023-06-05,123051.5,90.75708333333334
2023-06-06,102796.5,98.13916666666667
2023-06-07,76065.5,100.93083333333334
2023-06-08,109873.25,84.51791666666666
2023-06-09,199074.5,86.68374999999999
2023-06-10,267229.25,55.1275
2023-06-11,254638.25,40.74666666666666
2023-06-12,245202.0,96.39875
2023-06-13,267000.75,90.02708333333334
2023-06-14,208018.0,102.93958333333335
2023-06-15,101306.0,120.30833333333334
2023-06-16,107835.75,127.52
2023-06-17,48080.5,104.53833333333334
2023-06-18,36804.0,93.02458333333334
2023-06-19,166574.5,116.97291666666666
2023-06-20,99782.75,121.1475
2023-06-21,148532.0,123.46916666666668
2023-06-22,185807.25,125.71125
2023-06-23,325463.75,106.40625
2023-06-24,58447.25,81.81708333333334
2023-06-25,30610.25,75.48333333333333
2023-06-26,357056.5,97.48958333333333
2023-06-27,323313.75,101.94625
2023-06-28,131705.0,112.51583333333333
2023-06-29,44582.5,118.08083333333333
2023-06-30,73695.5,110.02666666666666
2023-07-01,376689.25,66.41458333333334
2023-07-02,459865.0,-53.87083333333334
2023-07-03,496709.75,53.22083333333333
2023-07-04,396805.25,85.12333333333333
2023-07-05,603700.5,69.79916666666666
2023-07-06,176497.25,107.20458333333333
2023-07-07,67209.75,102.96791666666667
2023-07-08,153794.25,82.19166666666666
2023-07-09,122834.5,89.33208333333333
2023-07-10,161771.5,113.98625
2023-07-11,146557.75,105.95791666666668
2023-07-12,377958.25,87.5075
2023-07-13,244465.75,97.71
2023-07-14,91985.25,96.96708333333333
2023-07-15,368909.0,33.32375
2023-07-16,365849.0,14.529583333333333
2023-07-17,328035.0,81.91875
2023-07-18,110621.75,106.46458333333334
2023-07-19,113561.25,97.31708333333334
2023-07-20,144777.0,96.50875
2023-07-21,79852.25,104.39999999999999
2023-07-22,200621.25,76.73416666666667
2023-07-23,412672.5,30.923333333333332
2023-07-24,348609.75,90.52999999999999
2023-07-25,196757.5,104.15458333333333
2023-07-26,238572.25,95.24458333333332
2023-07-27,310280.75,93.91125
2023-07-28,235264.5,95.91916666666667
2023-07-29,205709.0,76.67541666666666
2023-07-30,324619.75,31.754583333333333
2023-07-31,497154.0,70.96916666666667
2023-08-01,475508.5,79.42791666666666
2023-08-02,447864.0,68.28791666666667
2023-08-03,643161.25,45.41458333333333
2023-08-04,146022.25,98.59458333333333
2023-08-05,78091.5,90.30708333333332
2023-08-06,238738.5,57.90958333333333
2023-08-07,651701.75,19.435416666666665
2023-08-08,565531.75,12.057083333333333
2023-08-09,253705.25,88.34875
2023-08-10,62412.75,102.1725
2023-08-11,53146.0,100.44416666666666
2023-08-12,151831.5,80.135
2023-08-13,97598.25,65.20875
2023-08-14,56009.75,103.37166666666667
2023-08-15,112338.0,93.55666666666667
2023-08-16,65992.75,110.80708333333332
2023-08-17,143264.5,111.3625
2023-08-18,85410.5,108.99000000000001
2023-08-19,135104.5,84.79208333333334
2023-08-20,50140.0,90.12208333333332
2023-08-21,35665.5,121.10708333333332
2023-08-22,51798.75,123.15208333333334
2023-08-23,38897.25,146.5525
2023-08-24,65259.25,146.94583333333333
2023-08-25,171932.75,116.26083333333334
2023-08-26,188368.5,96.51541666666667
2023-08-27,112300.75,101.89916666666666
2023-08-28,125565.25,118.67208333333333
2023-08-29,51318.75,122.90375
2023-08-30,108791.5,114.92750000000001
2023-08-31,289076.75,104.29666666666667
2023-09-01,142789.75,108.57166666666667
2023-09-02,31865.75,95.13333333333333
2023-09-03,75390.5,82.6475
2023-09-04,112575.5,108.44541666666667
2023-09-05,175171.5,103.54208333333334
2023-09-06,113394.75,105.61791666666666
2023-09-07,239123.0,100.98583333333333
2023-09-08,142087.0,108.22708333333333
2023-09-09,43392.25,91.51291666666667
2023-09-10,14018.75,85.29791666666667
2023-09-11,38947.0,152.865
2023-09-12,52482.5,131.45416666666668
2023-09-13,192701.75,109.93666666666667
2023-09-14,42148.25,120.46541666666667
2023-09-15,134715.5,108.18583333333333
2023-09-16,112484.25,95.20041666666667
2023-09-17,113272.0,87.61541666666666
2023-09-18,436834.0,95.30250000000001
2023-09-19,594858.5,37.5225
2023-09-20,454148.75,49.45791666666667
2023-09-21,346989.5,103.0575
2023-09-22,283370.0,103.97833333333334
2023-09-23,285830.25,99.51958333333333
2023-09-24,120025.0,68.815
2023-09-25,228657.5,105.80375
2023-09-26,36450.5,128.76500000000001
2023-09-27,78169.75,124.48125
2023-09-28,169004.75,112.51958333333333
2023-09-29,304698.25,105.27416666666666
2023-09-30,199850.75,91.50291666666668
2023-10-01,141078.5,74.04416666666667
2023-10-02,136696.25,118.15041666666667
2023-10-03,657241.0,22.955
2023-10-04,511100.0,69.49208333333333
2023-10-05,390692.75,101.60916666666667
2023-10-06,504566.5,71.60125000000001
2023-10-07,603178.5,44.95416666666667
2023-10-08,136717.75,90.6425
2023-10-09,235904.75,116.01083333333332
2023-10-10,199081.0,112.38541666666667
2023-10-11,637656.75,59.794999999999995
2023-10-12,301700.5,122.70916666666666
2023-10-13,626998.75,68.40625
2023-10-14,654955.5,26.528333333333336
2023-10-15,509724.0,39.61708333333333
2023-10-16,174938.5,133.69875
2023-10-17,118103.25,130.12416666666667
2023-10-18,360781.5,98.44458333333334
2023-10-19,458641.0,93.40875
2023-10-20,689208.0,87.23666666666666
2023-10-21,424338.5,54.319583333333334
2023-10-22,406348.25,63.947916666666664
2023-10-23,156783.75,125.02416666666666
2023-10-24,251863.75,117.98583333333333
2023-10-25,264139.75,124.30583333333334
2023-10-26,201824.75,121.34541666666667
2023-10-27,181567.75,118.35000000000001
2023-10-28,311057.75,83.36583333333333
2023-10-29,672662.75,23.989583333333332
2023-10-30,409790.0,92.88625
2023-10-31,480516.0,104.95
2023-11-01,424836.25,62.88833333333333
2023-11-02,770723.25,59.774166666666666
2023-11-03,550118.5,56.572916666666664
2023-11-04,660718.75,24.815833333333334
2023-11-05,645281.5,29.91125
2023-11-06,793705.25,72.04166666666667
2023-11-07,597536.5,99.74583333333334
2023-11-08,672153.25,89.72375
2023-11-09,603448.75,97.21791666666667
2023-11-10,461580.25,94.04875
2023-11-11,312756.25,96.79333333333334
2023-11-12,143880.25,97.99208333333333
2023-11-13,498870.25,94.89416666666666
2023-11-14,832520.0,65.50791666666667
2023-11-15,479897.5,102.40791666666667
2023-11-16,379598.0,117.63416666666666
2023-11-17,228306.75,121.34083333333332
2023-11-18,288222.0,91.39666666666666
2023-11-19,699475.75,38.19583333333333
2023-11-20,417596.5,106.08458333333334
2023-11-21,173519.0,123.29833333333333
2023-11-22,268347.0,109.68791666666665
2023-11-23,932900.0,61.64291666666667
2023-11-24,854937.75,63.87125
2023-11-25,457461.75,94.59666666666668
2023-11-26,185754.5,116.35083333333334
2023-11-27,328121.5,114.51041666666667
2023-11-28,304955.0,121.94125000000001
2023-11-29,405476.75,140.02291666666667
2023-11-30,38871.75,168.75791666666666
2023-12-01,49484.25,156.39625
2023-12-02,69324.5,116.40499999999999
2023-12-03,157720.5,104.71833333333332
2023-12-04,370586.0,111.75791666666667
2023-12-05,395319.0,114.3925
2023-12-06,155898.25,129.54041666666666
2023-12-07,122176.25,116.60208333333333
2023-12-08,288497.0,103.67958333333333
2023-12-09,514008.5,78.41458333333334
2023-12-10,754705.0,55.8725
2023-12-11,645858.75,79.05291666666666
2023-12-12,207957.0,106.06208333333335
2023-12-13,282653.25,93.04083333333334
2023-12-14,112445.75,107.12374999999999
2023-12-15,259008.5,93.23541666666667
2023-12-16,551206.0,70.69500000000001
2023-12-17,607935.25,50.717083333333335
2023-12-18,628288.0,77.97416666666668
2023-12-19,626656.25,76.28958333333334
2023-12-20,815759.75,62.005
2023-12-21,1044918.25,25.280416666666667
2023-12-22,995239.25,22.655833333333334
2023-12-23,716101.0,30.743333333333336
2023-12-24,851255.75,-3.3708333333333336
2023-12-25,739584.75,0.4070833333333333
2023-12-26,783633.0,16.622083333333332
2023-12-27,411669.25,60.79833333333334
2023-12-28,895990.0,16.669999999999998
2023-12-29,932315.25,6.359583333333333
2023-12-30,638871.25,34.055416666666666
2023-12-31,642169.25,9.902916666666666
2024-01-01,675507.75,16.18166666666667
2024-01-02,692631.0,53.07333333333333
2024-01-03,903231.0,45.215
2024-01-04,532893.25,85.41000000000001
2024-01-05,434751.5,91.37041666666666
2024-01-06,253361.0,88.72458333333333
2024-01-07,326788.25,86.32666666666667
2024-01-08,408766.75,102.22958333333332
2024-01-09,264538.75,109.39458333333334
2024-01-10,140196.5,111.83916666666666
2024-01-11,102113.25,109.64791666666667
2024-01-12,133805.75,106.04458333333334
2024-01-13,509679.25,74.56791666666666
2024-01-14,557681.25,76.15416666666667
2024-01-15,588047.5,86.49666666666667
2024-01-16,333509.75,101.13791666666667
2024-01-17,277128.75,99.60666666666667
2024-01-18,177454.75,92.73625
2024-01-19,594041.25,78.50958333333334
2024-01-20,599107.0,73.66208333333334
2024-01-21,773557.25,50.25875
2024-01-22,986958.0,49.83708333333333
2024-01-23,896238.75,52.28458333333333
2024-01-24,1029204.5,33.12291666666667
2024-01-25,552569.5,78.01625
2024-01-26,719793.75,59.22541666666667
2024-01-27,433004.0,68.34875000000001
2024-01-28,363615.75,59.278333333333336
2024-01-29,361101.5,81.03291666666667
2024-01-30,424770.25,77.96708333333333
2024-01-31,492575.5,76.00458333333333
2024-02-01,670442.75,72.03583333333333
2024-02-02,747270.25,61.661249999999995
2024-02-03,832640.0,35.970416666666665
2024-02-04,910004.75,14.777499999999998
2024-02-05,1005739.5,35.84083333333333
2024-02-06,1060473.5,45.29291666666666
2024-02-07,521538.25,79.15958333333333
2024-02-08,230076.25,88.69583333333333
2024-02-09,511694.75,70.51791666666666
2024-02-10,214524.5,72.1275
2024-02-11,315569.75,61.961666666666666
2024-02-12,284175.75,74.75166666666667
2024-02-13,376243.5,72.22791666666667
2024-02-14,450853.75,68.16416666666667
2024-02-15,295791.5,70.50125
2024-02-16,466619.75,61.06041666666667
2024-02-17,270768.25,66.65375
2024-02-18,408276.25,53.184583333333336
2024-02-19,581311.0,65.28875000000001
2024-02-20,458189.75,63.223333333333336
2024-02-21,567027.75,57.565416666666664
2024-02-22,688992.25,50.91833333333333
2024-02-23,700258.5,43.73708333333334
2024-02-24,351347.75,57.19833333333333
2024-02-25,302670.75,61.09375
2024-02-26,261548.75,66.26833333333333
2024-02-27,141909.75,73.83624999999999
2024-02-28,84430.75,71.82125
2024-02-29,378032.75,63.20375000000001
2024-03-01,279929.75,71.01333333333334
2024-03-02,284312.75,64.21875
2024-03-03,258227.25,60.47208333333333
2024-03-04,142168.0,75.88791666666667
2024-03-05,194964.5,74.60125000000001
2024-03-06,89675.25,82.835
2024-03-07,252899.75,76.32416666666667
2024-03-08,482141.25,62.32916666666667
2024-03-09,471859.0,45.61083333333334
2024-03-10,558337.5,33.99666666666666
2024-03-11,321828.0,71.67375
2024-03-12,130675.0,86.47083333333335
2024-03-13,176302.75,72.45625
2024-03-14,265166.75,67.06166666666667
2024-03-15,486067.25,55.9
2024-03-16,550088.75,50.361250000000005
2024-03-17,145665.5,61.81458333333333
2024-03-18,181126.0,81.25041666666667
2024-03-19,110431.25,81.56791666666666
2024-03-20,37091.0,91.34291666666667
2024-03-21,240716.25,81.39
2024-03-22,369207.5,68.54083333333334
2024-03-23,455206.0,37.57791666666667
2024-03-24,677388.25,25.874166666666667
2024-03-25,259583.75,84.55708333333332
2024-03-26,370882.25,66.14458333333333
2024-03-27,218874.25,76.29666666666667
2024-03-28,544685.5,51.34916666666666
2024-03-29,460904.75,37.762499999999996
2024-03-30,221022.5,53.24916666666667
2024-03-31,110360.75,55.44521739130435
2024-04-01,338949.75,35.88375
2024-04-02,739921.75,33.35458333333333
2024-04-03,315459.5,87.37291666666665
2024-04-04,600910.75,64.52625
2024-04-05,579830.75,46.58916666666667
2024-04-06,351377.5,29.74083333333333
2024-04-07,340737.0,20.762083333333333
2024-04-08,128604.25,84.87458333333333
2024-04-09,489031.25,57.9925
2024-04-10,315160.75,69.91041666666666
2024-04-11,332974.0,58.80875
2024-04-12,282044.75,60.95083333333333
2024-04-13,363385.75,13.819583333333334
2024-04-14,419718.0,16.74833333333333
2024-04-15,391592.75,70.19250000000001
2024-04-16,529004.75,56.25791666666667
2024-04-17,116983.0,102.00875
2024-04-18,156271.5,95.82208333333334
2024-04-19,636237.5,58.81791666666666
2024-04-20,293747.5,58.23875
2024-04-21,240087.25,55.15083333333333
2024-04-22,109300.5,98.53000000000002
2024-04-23,117366.0,97.75833333333333
2024-04-24,206045.0,94.30416666666666
2024-04-25,171140.75,90.62708333333335
2024-04-26,201564.75,86.44416666666666
2024-04-27,178810.0,62.168749999999996
2024-04-28,403142.25,12.987916666666669
2024-04-29,129279.5,80.79916666666666
2024-04-30,195705.0,69.38166666666667
2024-05-01,346888.5,4.385416666666667
2024-05-02,473196.5,36.41916666666666
2024-05-03,307962.75,77.80958333333334
2024-05-04,71634.5,75.14708333333333
2024-05-05,311532.0,54.15625
2024-05-06,118778.25,93.17750000000001
2024-05-07,129763.75,93.03750000000001
2024-05-08,76276.75,91.82333333333334
2024-05-09,36718.75,61.86208333333334
2024-05-10,41457.75,75.99
2024-05-11,89673.75,53.65083333333334
2024-05-12,227310.75,1.7812500000000007
2024-05-13,312580.25,46.41458333333333
2024-05-14,416008.0,27.682916666666667
2024-05-15,442873.5,42.93208333333334
2024-05-16,411954.0,49.55875
2024-05-17,412782.25,69.01291666666667
2024-05-18,140967.75,55.80375
2024-05-19,73727.0,52.502916666666664
2024-05-20,70168.25,64.97916666666667
2024-05-21,340262.75,79.81333333333333
2024-05-22,289746.25,85.84458333333333
2024-05-23,123468.25,93.86791666666666
2024-05-24,94511.25,102.19416666666666
2024-05-25,57988.75,72.25625000000001
2024-05-26,97002.0,57.93
2024-05-27,95574.5,106.88166666666666
2024-05-28,155778.0,90.75166666666667
2024-05-29,296028.75,79.17666666666666
2024-05-30,70634.0,97.45
2024-05-31,115564.25,89.21708333333333
2024-06-01,228643.75,58.94583333333333
2024-06-02,315805.5,23.237916666666667
2024-06-03,138417.5,117.14166666666667
2024-06-04,72944.25,107.23166666666667
2024-06-05,299512.25,81.72416666666666
2024-06-06,117177.25,86.3675
2024-06-07,82960.0,83.14541666666666
2024-06-08,219327.0,45.96875
2024-06-09,227817.25,27.255416666666665
2024-06-10,228444.0,92.64625000000001
2024-06-11,439746.75,61.632083333333334
2024-06-12,217134.75,91.19125000000001
2024-06-13,102753.5,94.77958333333333
2024-06-14,289692.25,78.395
2024-06-15,422371.75,7.64375
2024-06-16,255687.75,21.404583333333335
2024-06-17,127377.75,94.33749999999999
2024-06-18,65513.25,96.19833333333334
2024-06-19,129505.25,84.31375
2024-06-20,82824.75,93.79875
2024-06-21,154611.25,97.13833333333334
2024-06-22,317830.0,52.22208333333333
2024-06-23,107319.0,50.04750000000001
2024-06-24,57843.0,92.08541666666667
2024-06-25,154850.5,75.59833333333333
2024-06-26,128612.5,103.01416666666667
2024-06-27,103949.75,91.79041666666667
2024-06-28,238175.0,63.05041666666667
2024-06-29,82752.75,70.55333333333333
2024-06-30,261332.5,43.7725
2024-07-01,184430.75,91.89083333333333
2024-07-02,261026.5,85.67666666666666
2024-07-03,161265.0,87.6225
2024-07-04,452509.0,28.09875
2024-07-05,386609.0,36.99125
2024-07-06,462203.25,7.357083333333333
2024-07-07,239661.75,21.64625
2024-07-08,80288.75,88.42333333333333
2024-07-09,178665.25,77.6925
2024-07-10,160694.25,79.01166666666667
2024-07-11,67046.5,91.27208333333334
2024-07-12,253278.0,90.59583333333335
2024-07-13,279756.75,28.69
2024-07-14,138462.0,24.383333333333336
2024-07-15,111484.5,77.67125
2024-07-16,336263.75,50.30125
2024-07-17,273386.75,76.37666666666667
2024-07-18,36644.25,90.74166666666667
2024-07-19,50967.0,85.90125
2024-07-20,108924.25,61.99375
2024-07-21,128225.75,54.33083333333334
2024-07-22,218111.75,91.22625
2024-07-23,182412.0,79.50708333333334
2024-07-24,190974.25,65.8625
2024-07-25,43563.75,79.2775
2024-07-26,137505.25,90.94541666666667
2024-07-27,33875.0,80.8325
2024-07-28,185151.5,46.02125
2024-07-29,86337.0,71.61999999999999
2024-07-30,50579.0,77.24208333333333
2024-07-31,47735.75,79.40458333333333
2024-08-01,76051.25,94.86625
2024-08-02,70964.25,93.81208333333332
2024-08-03,51527.75,75.28916666666667
2024-08-04,193179.5,62.09166666666667
2024-08-05,46304.25,99.85625
2024-08-06,56061.75,86.98
2024-08-07,102678.0,92.90958333333333
2024-08-08,82775.25,93.15458333333333
2024-08-09,407165.25,53.31708333333333
2024-08-10,192748.5,49.84708333333333
2024-08-11,88996.75,54.7175
2024-08-12,113158.25,92.05833333333334
2024-08-13,224974.0,99.73833333333333
2024-08-14,119844.0,108.0125
2024-08-15,81890.5,85.52875
2024-08-16,155382.0,108.03875
2024-08-17,44399.75,93.23583333333333
2024-08-18,79262.75,88.23666666666666
2024-08-19,73331.25,108.19625
2024-08-20,146165.75,92.11208333333333
2024-08-21,423861.5,52.623333333333335
2024-08-22,290670.5,63.04208333333333
2024-08-23,521447.75,39.125
2024-08-24,323673.5,49.80916666666667
2024-08-25,339814.0,21.86375
2024-08-26,128265.25,99.58541666666667
2024-08-27,102189.75,90.89791666666667
2024-08-28,183481.5,95.9225
2024-08-29,134777.25,112.91083333333334
2024-08-30,121136.0,106.6375
2024-08-31,208270.75,79.04625
2024-09-01,249530.75,61.64791666666667
2024-09-02,163901.75,115.07375
2024-09-03,61612.75,158.39208333333332
2024-09-04,101448.75,125.83666666666666
2024-09-05,448572.5,64.42291666666667
2024-09-06,356993.5,76.12708333333333
2024-09-07,121623.25,79.41666666666667
2024-09-08,155958.0,68.99791666666667
2024-09-09,235384.5,99.73083333333334
2024-09-10,484484.5,59.03875
2024-09-11,403398.5,80.93958333333333
2024-09-12,118674.5,112.33833333333332
2024-09-13,272539.0,90.81291666666665
2024-09-14,407995.75,53.83375
2024-09-15,227982.75,62.12625
2024-09-16,252238.75,97.47333333333334
2024-09-17,288696.0,88.89416666666666
2024-09-18,304874.0,77.97708333333334
2024-09-19,348754.75,77.86874999999999
2024-09-20,355135.5,73.36666666666666
2024-09-21,179026.5,70.02416666666666
2024-09-22,61510.75,76.18166666666667
2024-09-23,57865.0,121.3625
2024-09-24,253287.75,91.7725
2024-09-25,401764.25,75.1425
2024-09-26,644532.5,55.002916666666664
2024-09-27,830542.0,14.7575
2024-09-28,425493.25,29.070833333333336
2024-09-29,171043.0,58.34625
2024-09-30,558316.5,33.322916666666664
2024-10-01,401332.75,67.835
2024-10-02,225568.75,95.86208333333333
2024-10-03,268444.0,72.65583333333333
2024-10-04,174093.25,96.12958333333334
2024-10-05,73331.25,85.93374999999999
2024-10-06,218869.75,54.89791666666667
2024-10-07,265564.75,83.72
2024-10-08,268606.5,91.31666666666666
2024-10-09,392696.0,83.0675
2024-10-10,614503.0,59.732499999999995
2024-10-11,217319.75,95.20208333333333
2024-10-12,330812.75,56.3725
2024-10-13,751826.75,8.106250000000001
2024-10-14,187006.75,105.58625
2024-10-15,191627.25,94.99708333333332
2024-10-16,606823.0,35.07625
2024-10-17,351051.5,71.5175
2024-10-18,104799.25,102.27375
2024-10-19,191993.25,85.51625
2024-10-20,336835.75,35.51416666666667
2024-10-21,320803.0,83.03958333333334
2024-10-22,294816.5,103.01458333333333
2024-10-23,101855.5,111.99666666666667
2024-10-24,210903.75,101.67916666666667
2024-10-25,156590.0,112.71583333333332
2024-10-26,120884.5,101.71875
2024-10-27,192419.0,90.74666666666667
2024-10-28,270038.0,111.34708333333333
2024-10-29,141634.0,141.17791666666668
2024-10-30,114952.75,124.69041666666668
2024-10-31,258292.75,105.78958333333333
2024-11-01,398941.5,75.06
2024-11-02,113937.0,106.75875
2024-11-03,109960.5,93.43416666666667
2024-11-04,99468.0,125.86833333333334
2024-11-05,91821.75,164.785
2024-11-06,7213.75,231.09124999999997
2024-11-07,30061.0,159.62208333333334
2024-11-08,178953.75,113.38916666666667
2024-11-09,75846.5,114.47416666666668
2024-11-10,28114.5,114.16916666666667
2024-11-11,145661.0,121.76541666666667
2024-11-12,114863.25,166.12291666666667
2024-11-13,95919.75,150.0925
2024-11-14,266426.0,122.01666666666667
2024-11-15,202215.75,124.17
2024-11-16,480478.0,94.35625
2024-11-17,688726.75,63.48166666666666
2024-11-18,563670.0,104.59041666666667
2024-11-19,501643.5,123.9925
2024-11-20,511810.25,115.03083333333332
2024-11-21,433304.25,123.31791666666668
2024-11-22,623788.75,111.30416666666667
2024-11-23,656640.0,76.02125
2024-11-24,862319.75,3.9675
2024-11-25,764856.25,55.01458333333333
2024-11-26,428137.0,112.74958333333332
2024-11-27,543569.25,119.98541666666667
2024-11-28,735383.5,96.07333333333334
2024-11-29,155148.0,130.24791666666667
2024-11-30,350587.75,104.24041666666666
2024-12-01,318086.75,94.59291666666667
2024-12-02,446115.5,109.14791666666667
2024-12-03,303756.75,144.07208333333332
2024-12-04,135297.25,182.46916666666667
2024-12-05,538355.0,106.20083333333334
2024-12-06,686607.0,86.37458333333332
2024-12-07,548063.5,71.50833333333334
2024-12-08,308970.25,99.06833333333333
2024-12-09,599982.0,99.59125
2024-12-10,352366.75,149.92875
2024-12-11,38671.75,266.5441666666667
2024-12-12,15052.5,395.33874999999995
2024-12-13,120411.0,178.46624999999997
2024-12-14,410271.0,101.22666666666667
2024-12-15,826461.0,46.84833333333333
2024-12-16,976938.25,48.67083333333333
2024-12-17,537609.5,86.30083333333333
2024-12-18,819207.25,54.97208333333333
2024-12-19,900563.75,52.03208333333333
2024-12-20,735492.0,76.37333333333333
2024-12-21,885489.5,22.135833333333334
2024-12-22,687032.0,22.934583333333336
2024-12-23,650691.75,59.098749999999995
2024-12-24,240549.25,102.48625
2024-12-25,151024.75,98.625
2024-12-26,76459.0,112.89208333333333
2024-12-27,46422.0,121.70625
2024-12-28,31442.25,122.63833333333334
2024-12-29,257394.5,105.28041666666667
2024-12-30,534347.25,78.15583333333333
2024-12-31,529023.25,62.1025
