date,G_daily_MWh,price_EUR_MWh,log_return_G,RV_daily,RV_rolling252,K_varA,K_varB_ht0,K_varB_hwinter,K_varB_hsummer,K_varB_h1,K_varB_rolling,K_varB_scaled_ht0
2015-01-05,219623.5,35.857083333333335,,,,113.1449441442848,0.8733606599099955,0.8586102882409875,0.8906885318774764,1.1627749214042429,0.8827870866896573,0.12074971196522372
2015-01-06,102706.75,33.87916666666667,-0.7600368764718562,0.5776560535970957,,113.1449441442848,0.8733606599099955,0.8586102882409875,0.8906885318774764,1.1627749214042429,0.8798744788608561,0.12074971196522372
2015-01-07,210599.0,38.7175,0.7180780111620012,0.5156360301143751,,113.1449441442848,0.8733606599099955,0.8586102882409875,0.8906885318774764,1.1627749214042429,0.8746473013884496,0.12074971196522372
2015-01-08,420530.25,28.48,0.6915605636439033,0.4782560131874732,,113.1449441442848,0.8733606599099955,0.8586102882409875,0.8906885318774764,1.1627749214042429,0.8700502176615369,0.12074971196522372
2015-01-09,635351.75,24.25125,0.41266236753967217,0.17029022958344747,,113.1449441442848,0.8733606599099955,0.8586102882409875,0.8906885318774764,1.1627749214042429,0.8704100673915482,0.12074971196522372
2015-01-10,624062.5,12.862499999999999,-0.017928258923961216,0.00032142246804459497,,113.1449441442848,0.8733606599099955,0.8586102882409875,0.8906885318774764,1.1627749214042429,0.8811538908759798,0.12074971196522372
2015-01-11,620424.5,1.1033333333333335,-0.005846602436293098,3.418276004806839e-05,,113.1449441442848,0.8733606599099955,0.8586102882409875,0.8906885318774764,1.1627749214042429,0.8850693669796628,0.12074971196522372
2015-01-12,621972.25,22.5625,0.0024915564221874736,6.207853404943644e-06,,113.1449441442848,0.8733606599099955,0.8586102882409875,0.8906885318774764,1.1627749214042429,0.8855360592864523,0.12074971196522372
2015-01-13,508998.75,24.80541666666667,-0.20044991684419933,0.040180169162846426,,113.1449441442848,0.8733606599099955,0.8586102882409875,0.8906885318774764,1.1627749214042429,0.8851972848386989,0.12074971196522372
2015-01-14,400045.75,27.212500000000002,-0.24086664518416917,0.05801674076227645,,113.1449441442848,0.8733606599099955,0.8586102882409875,0.8906885318774764,1.1627749214042429,0.8828873279386205,0.12074971196522372
2015-01-15,536748.75,25.36708333333333,0.29395119235759143,0.08640730348844972,,113.1449441442848,0.8733606599099955,0.8586102882409875,0.8906885318774764,1.1627749214042429,0.8785238077639008,0.12074971196522372
2015-01-16,257051.5,33.084583333333335,-0.7362536540001885,0.5420694430286292,,113.1449441442848,0.8733606599099955,0.8586102882409875,0.8906885318774764,1.1627749214042429,0.8827508284572728,0.12074971196522372
2015-01-17,122733.0,31.49875,-0.739265189713147,0.5465130207216152,,113.1449441442848,0.8733606599099955,0.8586102882409875,0.8906885318774764,1.1627749214042429,0.8800998664192629,0.12074971196522372
2015-01-18,126265.0,26.991666666666664,0.02837160876716864,0.0008049481840372805,,113.1449441442848,0.8733606599099955,0.8586102882409875,0.8906885318774764,1.1627749214042429,0.8754258476179623,0.12074971196522372
2015-01-19,32878.5,42.57833333333333,-1.3455639242697055,1.8105422742960897,,113.1449441442848,0.8733606599099955,0.8586102882409875,0.8906885318774764,1.1627749214042429,0.8704594756394906,0.12074971196522372
2015-01-20,15892.0,47.037083333333335,-0.7270031107570266,0.5285335230503935,,113.1449441442848,0.8733606599099955,0.8586102882409875,0.8906885318774764,1.1627749214042429,0.9015408562953848,0.12074971196522372
2015-01-21,45236.5,44.987500000000004,1.0460884451391566,1.0943010350536582,,113.1449441442848,0.8733606599099955,0.8586102882409875,0.8906885318774764,1.1627749214042429,0.9068395884868473,0.12074971196522372
2015-01-22,63024.5,43.821666666666665,0.33161925659122743,0.10997133134211834,,113.1449441442848,0.8733606599099955,0.8586102882409875,0.8906885318774764,1.1627749214042429,0.9022606215483471,0.12074971196522372
2015-01-23,31449.0,42.370416666666664,-0.695156353544191,0.4832423558728563,,113.1449441442848,0.8733606599099955,0.8586102882409875,0.8906885318774764,1.1627749214042429,0.9085549636577464,0.12074971196522372
2015-01-24,142059.0,29.778750000000002,1.507875278127165,2.273687854387075,,113.1449441442848,0.8733606599099955,0.8586102882409875,0.8906885318774764,1.1627749214042429,0.9044453915915743,0.12074971196522372
2015-01-25,107670.75,28.275000000000002,-0.27716450473373005,0.07682016268429387,,113.1449441442848,0.8733606599099955,0.8586102882409875,0.8906885318774764,1.1627749214042429,0.905396886384971,0.12074971196522372
2015-01-26,204852.0,37.502916666666664,0.6432098076546359,0.41371885666311364,,113.1449441442848,0.8733606599099955,0.8586102882409875,0.8906885318774764,1.1627749214042429,0.9042161549426188,0.12074971196522372
2015-01-27,266563.75,32.93666666666667,0.26332565982015754,0.06934040311972134,,113.1449441442848,0.8733606599099955,0.8586102882409875,0.8906885318774764,1.1627749214042429,0.901128941461301,0.12074971196522372
2015-01-28,412118.25,28.18166666666667,0.43569689572505926,0.18983178494445316,,113.1449441442848,0.8733606599099955,0.8586102882409875,0.8906885318774764,1.1627749214042429,0.8955154137469211,0.12074971196522372
2015-01-29,405875.0,26.2375,-0.0152650923088229,0.00023302304319688407,,113.1449441442848,0.8733606599099955,0.8586102882409875,0.8906885318774764,1.1627749214042429,0.8961096267375699,0.12074971196522372
2015-01-30,88741.5,38.237500000000004,-1.5203175813020566,2.3113655480161355,,113.1449441442848,0.8733606599099955,0.8586102882409875,0.8906885318774764,1.1627749214042429,0.8911618162219297,0.12074971196522372
2015-01-31,131315.25,29.81458333333333,0.3918732716733535,0.1535646610519779,,113.1449441442848,0.8733606599099955,0.8586102882409875,0.8906885318774764,1.1627749214042429,0.9232342529672946,0.12074971196522372
2015-02-01,114063.25,29.229166666666668,-0.14084780169664798,0.019838103242778276,,113.1449441442848,0.8733606599099955,0.8586102882409875,0.8906885318774764,1.1627749214042429,0.9312509263271449,0.12074971196522372
2015-02-02,189803.5,42.37833333333334,0.5092362073717912,0.25932151489840594,,113.1449441442848,0.8733606599099955,0.8586102882409875,0.8906885318774764,1.1627749214042429,0.9247747819487004,0.12074971196522372
2015-02-03,93829.75,45.53041666666667,-0.7045073565640926,0.4963306154529255,,113.1449441442848,0.8733606599099955,0.8586102882409875,0.8906885318774764,1.1627749214042429,0.9184285267629158,0.12074971196522372
2015-02-04,38859.5,48.282916666666665,-0.881529392739818,0.7770940702642323,,113.1449441442848,0.8733606599099955,0.8586102882409875,0.8906885318774764,1.1627749214042429,0.9154045672385499,0.12074971196522372
2015-02-05,112927.75,44.03958333333333,1.0667956565249264,1.1380529727804487,,113.1449441442848,0.8733606599099955,0.8586102882409875,0.8906885318774764,1.1627749214042429,0.9104636623554594,0.12074971196522372
2015-02-06,172794.5,39.297916666666666,0.4253547934692419,0.1809267003272614,,113.1449441442848,0.8733606599099955,0.8586102882409875,0.8906885318774764,1.1627749214042429,0.906843934577039,0.12074971196522372
2015-02-07,251384.0,26.913749999999997,0.3748786233752367,0.14053398226371255,,113.1449441442848,0.8733606599099955,0.8586102882409875,0.8906885318774764,1.1627749214042429,0.9092042226914401,0.12074971196522372
2015-02-08,396206.5,12.441666666666668,0.4549538894505602,0.20698304152619254,,113.1449441442848,0.8733606599099955,0.8586102882409875,0.8906885318774764,1.1627749214042429,0.9214594784994695,0.12074971196522372
2015-02-09,371386.0,27.555000000000003,-0.06469358698470487,0.004185260196947575,,113.1449441442848,0.8733606599099955,0.8586102882409875,0.8906885318774764,1.1627749214042429,0.9152645202094482,0.12074971196522372
2015-02-10,143115.5,44.17916666666667,-0.953589956441101,0.9093338050253409,,113.1449441442848,0.8733606599099955,0.8586102882409875,0.8906885318774764,1.1627749214042429,0.9142759034669798,0.12074971196522372
2015-02-11,26261.75,48.32416666666666,-1.6955384886259672,2.8748507664120293,,113.1449441442848,0.8733606599099955,0.8586102882409875,0.8906885318774764,1.1627749214042429,0.9082776932926018,0.12074971196522372
2015-02-12,22821.25,48.384166666666665,-0.1404213884881483,0.01971816634493947,,113.1449441442848,0.8733606599099955,0.8586102882409875,0.8906885318774764,1.1627749214042429,0.9283082672189519,0.12074971196522372
2015-02-13,83745.75,38.7,1.3000933037033007,1.690242598334163,,113.1449441442848,0.8733606599099955,0.8586102882409875,0.8906885318774764,1.1627749214042429,0.9283978615633451,0.12074971196522372
2015-02-14,106553.0,32.665,0.24085709079477682,0.058012138186123365,,113.1449441442848,0.8733606599099955,0.8586102882409875,0.8906885318774764,1.1627749214042429,0.9223842455273952,0.12074971196522372
2015-02-15,181931.0,29.4275,0.5349849803695244,0.28620892922098035,,113.1449441442848,0.8733606599099955,0.8586102882409875,0.8906885318774764,1.1627749214042429,0.9160909540070373,0.12074971196522372
2015-02-16,196276.25,35.53125,0.07589561136631791,0.005760143824667164,,113.1449441442848,0.8733606599099955,0.8586102882409875,0.8906885318774764,1.1627749214042429,0.9130631361265669,0.12074971196522372
2015-02-17,62855.5,42.944583333333334,-1.1386846645277062,1.296602765230575,,113.1449441442848,0.8733606599099955,0.8586102882409875,0.8906885318774764,1.1627749214042429,0.9073161708747476,0.12074971196522372
2015-02-18,112829.5,43.19708333333333,0.5850393885432018,0.34227108614700347,,113.1449441442848,0.8733606599099955,0.8586102882409875,0.8906885318774764,1.1627749214042429,0.9058392737313368,0.12074971196522372
2015-02-19,221703.5,38.14416666666667,0.6754630739023368,0.4562503642055938,,113.1449441442848,0.8733606599099955,0.8586102882409875,0.8906885318774764,1.1627749214042429,0.9082656074422086,0.12074971196522372
2015-02-20,320161.75,30.777083333333334,0.3674854332401411,0.1350455436436942,,113.1449441442848,0.8733606599099955,0.8586102882409875,0.8906885318774764,1.1627749214042429,0.9053260353617026,0.12074971196522372
2015-02-21,274206.25,30.3425,-0.1549457763877044,0.024008193620388495,,113.1449441442848,0.8733606599099955,0.8586102882409875,0.8906885318774764,1.1627749214042429,0.8995876990821354,0.12074971196522372
2015-02-22,135206.75,33.52458333333333,-0.7070754720516681,0.49995572317708925,,113.1449441442848,0.8733606599099955,0.8586102882409875,0.8906885318774764,1.1627749214042429,0.9047468667993847,0.12074971196522372
2015-02-23,354994.75,31.67958333333333,0.9652979122355635,0.9318000593663376,,113.1449441442848,0.8733606599099955,0.8586102882409875,0.8906885318774764,1.1627749214042429,0.903884491956967,0.12074971196522372
2015-02-24,301874.25,34.64083333333333,-0.16209246070196595,0.026273965816418377,,113.1449441442848,0.8733606599099955,0.8586102882409875,0.8906885318774764,1.1627749214042429,0.903740624834489,0.12074971196522372
2015-02-25,107150.75,44.275416666666665,-1.0357738185032472,1.0728274030967977,,113.1449441442848,0.8733606599099955,0.8586102882409875,0.8906885318774764,1.1627749214042429,0.899351484418279,0.12074971196522372
2015-02-26,158760.75,37.29666666666667,0.3931616305871191,0.1545760677659223,,113.1449441442848,0.8733606599099955,0.8586102882409875,0.8906885318774764,1.1627749214042429,0.8963283359337376,0.12074971196522372
2015-02-27,136599.0,38.86375,-0.15034872554989603,0.02260473927447796,,113.1449441442848,0.8733606599099955,0.8586102882409875,0.8906885318774764,1.1627749214042429,0.8912448055663822,0.12074971196522372
2015-02-28,177401.75,29.507500000000004,0.2613673080736603,0.06831286972967167,,113.1449441442848,0.8733606599099955,0.8586102882409875,0.8906885318774764,1.1627749214042429,0.8880851019661112,0.12074971196522372
2015-03-01,434905.25,10.746666666666668,0.8967112567320227,0.8040910779499235,,113.1449441442848,0.8733606599099955,0.8586102882409875,0.8906885318774764,1.1627749214042429,0.8849549491910754,0.12074971196522372
2015-03-02,483546.25,26.742083333333337,0.1060187757172954,0.011239980804594185,,113.1449441442848,0.8733606599099955,0.8586102882409875,0.8906885318774764,1.1627749214042429,0.8899591343625642,0.12074971196522372
2015-03-03,423001.75,27.21083333333333,-0.1337706508350959,0.017894587024845143,,113.1449441442848,0.8733606599099955,0.8586102882409875,0.8906885318774764,1.1627749214042429,0.885178768212624,0.12074971196522372
2015-03-04,362957.25,26.135416666666668,-0.15309125741901544,0.02343693309813525,,113.1449441442848,0.8733606599099955,0.8586102882409875,0.8906885318774764,1.1627749214042429,0.8797752862932624,0.12074971196522372
2015-03-05,161206.0,36.3675,-0.811602008511022,0.6586978202191252,,113.1449441442848,0.8733606599099955,0.8586102882409875,0.8906885318774764,1.1627749214042429,0.8751757187687358,0.12074971196522372
2015-03-06,119917.25,39.94416666666667,-0.29588112864675736,0.08754564228927898,,113.1449441442848,0.8733606599099955,0.8586102882409875,0.8906885318774764,1.1627749214042429,0.8704775762400384,0.12074971196522372
2015-03-07,242499.5,28.677916666666665,0.7041977269429776,0.4958944386316564,,113.1449441442848,0.8733606599099955,0.8586102882409875,0.8906885318774764,1.1627749214042429,0.8659629806517144,0.12074971196522372
2015-03-08,190871.75,22.480416666666667,-0.23939791197593682,0.057311360258438394,,113.1449441442848,0.8733606599099955,0.8586102882409875,0.8906885318774764,1.1627749214042429,0.8687337988494258,0.12074971196522372
2015-03-09,64613.5,38.92958333333333,-1.083178369260005,1.1732753796327637,,113.1449441442848,0.8733606599099955,0.8586102882409875,0.8906885318774764,1.1627749214042429,0.8639891651458559,0.12074971196522372
2015-03-10,128493.75,37.895,0.687456897736306,0.47259698624522595,,113.1449441442848,0.8733606599099955,0.8586102882409875,0.8906885318774764,1.1627749214042429,0.8664988175866429,0.12074971196522372
2015-03-11,124819.0,34.85458333333333,-0.029015577082914787,0.0008419037134545698,,113.1449441442848,0.8733606599099955,0.8586102882409875,0.8906885318774764,1.1627749214042429,0.8671540389479605,0.12074971196522372
2015-03-12,65247.0,39.4625,-0.6486846198028583,0.42079173596877884,,113.1449441442848,0.8733606599099955,0.8586102882409875,0.8906885318774764,1.1627749214042429,0.864281872264236,0.12074971196522372
2015-03-13,138819.5,36.66833333333333,0.7549944599841318,0.5700166346067308,,113.1449441442848,0.8733606599099955,0.8586102882409875,0.8906885318774764,1.1627749214042429,0.8722191324679466,0.12074971196522372
2015-03-14,128219.75,31.9475,-0.07942893933508094,0.006308956403895968,,113.1449441442848,0.8733606599099955,0.8586102882409875,0.8906885318774764,1.1627749214042429,0.8723848135342473,0.12074971196522372
2015-03-15,215616.0,27.547916666666666,0.5197534590007035,0.27014365814319596,,113.1449441442848,0.8733606599099955,0.8586102882409875,0.8906885318774764,1.1627749214042429,0.8672780391957488,0.12074971196522372
2015-03-16,315808.0,30.844166666666666,0.381635386205509,0.14564556800422804,,113.1449441442848,0.8733606599099955,0.8586102882409875,0.8906885318774764,1.1627749214042429,0.8635499691976152,0.12074971196522372
2015-03-17,178212.0,31.9325,-0.5721605811527881,0.3273677306250962,,113.1449441442848,0.8733606599099955,0.8586102882409875,0.8906885318774764,1.1627749214042429,0.8612361064088047,0.12074971196522372
2015-03-18,115569.0,36.435,-0.43310609865145216,0.1875808926890814,,113.1449441442848,0.8733606599099955,0.8586102882409875,0.8906885318774764,1.1627749214042429,0.8581710702519292,0.12074971196522372
2015-03-19,42162.75,37.231249999999996,-1.0083306243754988,1.0167306480534832,,113.1449441442848,0.8733606599099955,0.8586102882409875,0.8906885318774764,1.1627749214042429,0.8598696501008465,0.12074971196522372
2015-03-20,26563.5,35.3025,-0.4619990367750311,0.21344310998105656,,113.1449441442848,0.8733606599099955,0.8586102882409875,0.8906885318774764,1.1627749214042429,0.8602585768543515,0.12074971196522372
2015-03-21,136436.0,30.967916666666667,1.636317547170009,2.677535115176475,,113.1449441442848,0.8733606599099955,0.8586102882409875,0.8906885318774764,1.1627749214042429,0.8554745779306999,0.12074971196522372
2015-03-22,137065.5,25.98375,0.0046032735586340095,2.119012745561902e-05,,113.1449441442848,0.8733606599099955,0.8586102882409875,0.8906885318774764,1.1627749214042429,0.8539096674611169,0.12074971196522372
2015-03-23,54606.5,41.195,-0.920305990479168,0.8469631161118424,,113.1449441442848,0.8733606599099955,0.8586102882409875,0.8906885318774764,1.1627749214042429,0.8677887724570978,0.12074971196522372
2015-03-24,20841.75,48.27791666666667,-0.9631947367960823,0.9277441009916741,,113.1449441442848,0.8733606599099955,0.8586102882409875,0.8906885318774764,1.1627749214042429,0.86844125883766,0.12074971196522372
2015-03-25,128680.75,39.54125,1.8203763442771848,3.3137700348039676,,113.1449441442848,0.8733606599099955,0.8586102882409875,0.8906885318774764,1.1627749214042429,0.87390231034942,0.12074971196522372
2015-03-26,109214.0,40.7325,-0.1640252705439693,0.026904289377022318,,113.1449441442848,0.8733606599099955,0.8586102882409875,0.8906885318774764,1.1627749214042429,0.8690864958335569,0.12074971196522372
2015-03-27,210946.0,33.687916666666666,0.6582929163298367,0.43334956369004135,,113.1449441442848,0.8733606599099955,0.8586102882409875,0.8906885318774764,1.1627749214042429,0.8657362652516252,0.12074971196522372
2015-03-28,185383.75,27.062083333333334,-0.12917417558879532,0.016685967639044924,,113.1449441442848,0.8733606599099955,0.8586102882409875,0.8906885318774764,1.1627749214042429,0.8617337424928854,0.12074971196522372
2015-03-29,462892.25,12.133478260869564,0.9150663046576457,0.8373463419197993,,113.1449441442848,0.8733606599099955,0.8586102882409875,0.8906885318774764,1.1627749214042429,0.8598199717455374,0.12074971196522372
2015-03-30,495187.0,16.0525,0.06744116338628824,0.004548310518896025,,113.1449441442848,0.8733606599099955,0.8586102882409875,0.8906885318774764,1.1627749214042429,0.8565292265651968,0.12074971196522372
2015-03-31,587563.25,17.847083333333334,0.171048430791496,0.0292575656762332,,113.1449441442848,0.8733606599099955,0.8586102882409875,0.8906885318774764,1.1627749214042429,0.8626449824851362,0.12074971196522372
2015-04-01,561974.25,19.101666666666667,-0.04452786945925283,0.0019827311585802606,,113.1449441442848,0.8733606599099955,0.8586102882409875,0.8906885318774764,1.1627749214042429,0.8672660008088121,0.12074971196522372
2015-04-02,405433.0,32.246249999999996,-0.32650039854829427,0.106602510252195,,113.1449441442848,0.8733606599099955,0.8586102882409875,0.8906885318774764,1.1627749214042429,0.8670195976799224,0.12074971196522372
2015-04-03,173752.5,23.707916666666666,-0.8473237589597621,0.717957552497701,,113.1449441442848,0.8733606599099955,0.8586102882409875,0.8906885318774764,1.1627749214042429,0.8620556565206478,0.12074971196522372
2015-04-04,80485.0,27.982083333333335,-0.769561041172404,0.5922241960903545,,113.1449441442848,0.8733606599099955,0.8586102882409875,0.8906885318774764,1.1627749214042429,0.8571967863506716,0.12074971196522372
2015-04-05,71704.75,25.402083333333334,-0.11551383799031216,0.013343446767252085,,113.1449441442848,0.8733606599099955,0.8586102882409875,0.8906885318774764,1.1627749214042429,0.8599647228922265,0.12074971196522372
2015-04-06,78637.25,25.843333333333334,0.0922885120784039,0.008517169461645702,,113.1449441442848,0.8733606599099955,0.8586102882409875,0.8906885318774764,1.1627749214042429,0.8575959469791304,0.12074971196522372
2015-04-07,136328.75,36.365833333333335,0.5502237424813833,0.3027461667902196,,113.1449441442848,0.8733606599099955,0.8586102882409875,0.8906885318774764,1.1627749214042429,0.866677230928054,0.12074971196522372
2015-04-08,83519.75,41.9825,-0.4899861173928383,0.24008639523770833,,113.1449441442848,0.8733606599099955,0.8586102882409875,0.8906885318774764,1.1627749214042429,0.8658214387916705,0.12074971196522372
2015-04-09,24183.25,42.36958333333333,-1.2394228860780592,1.5361690905340657,,113.1449441442848,0.8733606599099955,0.8586102882409875,0.8906885318774764,1.1627749214042429,0.860871081187851,0.12074971196522372
2015-04-10,31473.75,35.525,0.26349362032623963,0.06942888795262853,,113.1449441442848,0.8733606599099955,0.8586102882409875,0.8906885318774764,1.1627749214042429,0.8786739681749773,0.12074971196522372
2015-04-11,315520.25,23.55458333333333,2.305068998673746,5.313343088646786,,113.1449441442848,0.8733606599099955,0.8586102882409875,0.8906885318774764,1.1627749214042429,0.8906963296098371,0.12074971196522372
2015-04-12,254870.75,-0.7983333333333329,-0.2134663098417715,0.0455678654374632,,113.1449441442848,0.8733606599099955,0.8586102882409875,0.8906885318774764,1.1627749214042429,0.9080467868799202,0.12074971196522372
2015-04-13,356613.5,21.173750000000002,0.3358960083409429,0.1128261284193788,,113.1449441442848,0.8733606599099955,0.8586102882409875,0.8906885318774764,1.1627749214042429,0.9076469065010464,0.12074971196522372
2015-04-14,182085.75,32.56666666666667,-0.6721748322911006,0.4518190051655693,,113.1449441442848,0.8733606599099955,0.8586102882409875,0.8906885318774764,1.1627749214042429,0.9055220919590445,0.12074971196522372
2015-04-15,267059.25,26.962083333333336,0.38299281392937545,0.1466834955215412,,113.1449441442848,0.8733606599099955,0.8586102882409875,0.8906885318774764,1.1627749214042429,0.899707463179706,0.12074971196522372
2015-04-16,132417.25,34.29291666666666,-0.7015126218688461,0.49211995864130265,,113.1449441442848,0.8733606599099955,0.8586102882409875,0.8906885318774764,1.1627749214042429,0.896256583288597,0.12074971196522372
2015-04-17,132234.25,37.29125,-0.0013829510066365918,1.9125534867571625e-06,,113.1449441442848,0.8733606599099955,0.8586102882409875,0.8906885318774764,1.1627749214042429,0.890876007953791,0.12074971196522372
2015-04-18,82986.0,26.859166666666667,-0.4659030521480936,0.21706565400090921,,113.1449441442848,0.8733606599099955,0.8586102882409875,0.8906885318774764,1.1627749214042429,0.8853857156566718,0.12074971196522372
2015-04-19,42582.5,23.270416666666666,-0.6672285481180307,0.4451939354236952,,113.1449441442848,0.8733606599099955,0.8586102882409875,0.8906885318774764,1.1627749214042429,0.8828411769466833,0.12074971196522372
2015-04-20,108455.75,32.69375,0.9348988849395908,0.8740359250612904,,113.1449441442848,0.8733606599099955,0.8586102882409875,0.8906885318774764,1.1627749214042429,0.8879259774457858,0.12074971196522372
2015-04-21,198295.25,30.41333333333333,0.6034148259410239,0.36410945216543616,,113.1449441442848,0.8733606599099955,0.8586102882409875,0.8906885318774764,1.1627749214042429,0.8830843535875198,0.12074971196522372
2015-04-22,100077.5,35.70041666666666,-0.6838121958025474,0.4675991191283014,,113.1449441442848,0.8733606599099955,0.8586102882409875,0.8906885318774764,1.1627749214042429,0.8847856641691805,0.12074971196522372
2015-04-23,49211.0,34.714166666666664,-0.7098277100862934,0.503855378006351,,113.1449441442848,0.8733606599099955,0.8586102882409875,0.8906885318774764,1.1627749214042429,0.8803598204094287,0.12074971196522372
2015-04-24,47188.25,33.413333333333334,-0.04197225482169967,0.001761670174817691,,113.1449441442848,0.8733606599099955,0.8586102882409875,0.8906885318774764,1.1627749214042429,0.8754458171072154,0.12074971196522372
2015-04-25,126243.25,26.614583333333332,0.9840656804569424,0.9683852634531851,,113.1449441442848,0.8733606599099955,0.8586102882409875,0.8906885318774764,1.1627749214042429,0.8734138419001047,0.12074971196522372
2015-04-26,71348.5,22.969166666666666,-0.5706342808031936,0.32562348242777794,,113.1449441442848,0.8733606599099955,0.8586102882409875,0.8906885318774764,1.1627749214042429,0.8739704216473189,0.12074971196522372
2015-04-27,117831.25,35.03541666666667,0.5016771955963378,0.2516800085814062,,113.1449441442848,0.8733606599099955,0.8586102882409875,0.8906885318774764,1.1627749214042429,0.8815565049553986,0.12074971196522372
2015-04-28,116806.5,37.13166666666667,-0.008734796642139908,7.629667237953862e-05,,113.1449441442848,0.8733606599099955,0.8586102882409875,0.8906885318774764,1.1627749214042429,0.8762581113476655,0.12074971196522372
2015-04-29,125537.5,32.370416666666664,0.07208579918884113,0.005196362444693929,,113.1449441442848,0.8733606599099955,0.8586102882409875,0.8906885318774764,1.1627749214042429,0.871104816123616,0.12074971196522372
2015-04-30,149524.0,34.97625,0.17485239634395755,0.03057336050722442,,113.1449441442848,0.8733606599099955,0.8586102882409875,0.8906885318774764,1.1627749214042429,0.8719773828838291,0.12074971196522372
2015-05-01,64240.75,23.206666666666667,-0.8448191705241939,0.713719430885187,,113.1449441442848,0.8733606599099955,0.8586102882409875,0.8906885318774764,1.1627749214042429,0.8696565058053021,0.12074971196522372
2015-05-02,32342.25,26.105416666666667,-0.68626331952651,0.4709573437275447,,113.1449441442848,0.8733606599099955,0.8586102882409875,0.8906885318774764,1.1627749214042429,0.8689947289517864,0.12074971196522372
2015-05-03,187458.25,17.125,1.757181728937185,3.0876876285106745,,113.1449441442848,0.8733606599099955,0.8586102882409875,0.8906885318774764,1.1627749214042429,0.8643234211923841,0.12074971196522372
2015-05-04,172313.5,30.85375,-0.08424066177321721,0.007096489095989579,,113.1449441442848,0.8733606599099955,0.8586102882409875,0.8906885318774764,1.1627749214042429,0.8617672879926666,0.12074971196522372
2015-05-05,355272.75,26.773749999999996,0.7235703121589627,0.5235539966378188,,113.1449441442848,0.8733606599099955,0.8586102882409875,0.8906885318774764,1.1627749214042429,0.8580373657885235,0.12074971196522372
2015-05-06,259048.5,25.999583333333334,-0.31587050147956464,0.09977417370495165,,113.1449441442848,0.8733606599099955,0.8586102882409875,0.8906885318774764,1.1627749214042429,0.8658449195320909,0.12074971196522372
2015-05-07,264513.25,27.865,0.020876041705547018,0.00043580911729173844,,113.1449441442848,0.8733606599099955,0.8586102882409875,0.8906885318774764,1.1627749214042429,0.862304081214535,0.12074971196522372
2015-05-08,37388.25,29.879166666666666,-1.9565348606262187,3.828028660845657,,113.1449441442848,0.8733606599099955,0.8586102882409875,0.8906885318774764,1.1627749214042429,0.8639571142070988,0.12074971196522372
2015-05-09,237342.0,17.27958333333333,1.8481456549956694,3.415642362079372,,113.1449441442848,0.8733606599099955,0.8586102882409875,0.8906885318774764,1.1627749214042429,0.8945644001230103,0.12074971196522372
2015-05-10,240479.5,2.390416666666667,0.013132707896444936,0.00017246801669334717,,113.1449441442848,0.8733606599099955,0.8586102882409875,0.8906885318774764,1.1627749214042429,0.9226041955113526,0.12074971196522372
2015-05-11,137913.5,29.241666666666664,-0.5560081697930336,0.30914508487659886,,113.1449441442848,0.8733606599099955,0.8586102882409875,0.8906885318774764,1.1627749214042429,0.9165748466383791,0.12074971196522372
2015-05-12,251837.25,29.364166666666666,0.6021563685034208,0.3625922921292275,,113.1449441442848,0.8733606599099955,0.8586102882409875,0.8906885318774764,1.1627749214042429,0.9121252978087271,0.12074971196522372
2015-05-13,202877.0,26.398750000000003,-0.21618316146462146,0.046735159300838595,,113.1449441442848,0.8733606599099955,0.8586102882409875,0.8906885318774764,1.1627749214042429,0.9061223404996883,0.12074971196522372
2015-05-14,72136.5,20.210416666666667,-1.0340397265478105,1.0692381560790707,,113.1449441442848,0.8733606599099955,0.8586102882409875,0.8906885318774764,1.1627749214042429,0.9168284353725459,0.12074971196522372
2015-05-15,51934.5,30.577083333333334,-0.32857684831093287,0.10796274524594579,,113.1449441442848,0.8733606599099955,0.8586102882409875,0.8906885318774764,1.1627749214042429,0.9132191170609217,0.12074971196522372
2015-05-16,156868.5,20.491666666666667,1.1054245655501356,1.221963470121706,,113.1449441442848,0.8733606599099955,0.8586102882409875,0.8906885318774764,1.1627749214042429,0.9131094690975137,0.12074971196522372
2015-05-17,220352.5,12.26625,0.33982066204552486,0.11547808235305881,,113.1449441442848,0.8733606599099955,0.8586102882409875,0.8906885318774764,1.1627749214042429,0.9191532955259448,0.12074971196522372
2015-05-18,129047.75,30.08125,-0.5350460459002458,0.286274271233488,,113.1449441442848,0.8733606599099955,0.8586102882409875,0.8906885318774764,1.1627749214042429,0.9199406188259652,0.12074971196522372
2015-05-19,233109.0,28.747500000000002,0.5913236644250168,0.34966367610902993,,113.1449441442848,0.8733606599099955,0.8586102882409875,0.8906885318774764,1.1627749214042429,0.9138702026915274,0.12074971196522372
2015-05-20,82522.25,34.76583333333333,-1.038438201386331,1.078353898098478,,113.1449441442848,0.8733606599099955,0.8586102882409875,0.8906885318774764,1.1627749214042429,0.9137805282840744,0.12074971196522372
2015-05-21,67080.5,33.99208333333333,-0.20717456323488986,0.04292129965156738,,113.1449441442848,0.8733606599099955,0.8586102882409875,0.8906885318774764,1.1627749214042429,0.9087621089886504,0.12074971196522372
2015-05-22,31278.75,31.189999999999998,-0.7629544374719581,0.5820994736581521,,113.1449441442848,0.8733606599099955,0.8586102882409875,0.8906885318774764,1.1627749214042429,0.9033255623605968,0.12074971196522372
2015-05-23,62002.5,24.42375,0.6842357535710091,0.46817856646488665,,113.1449441442848,0.8733606599099955,0.8586102882409875,0.8906885318774764,1.1627749214042429,0.897879935817232,0.12074971196522372
2015-05-24,18131.25,19.716666666666665,-1.2295377379252261,1.511763048982282,,113.1449441442848,0.8733606599099955,0.8586102882409875,0.8906885318774764,1.1627749214042429,0.8921823914413377,0.12074971196522372
2015-05-25,63300.75,23.520833333333332,1.2502602085335945,1.5631505890424673,,113.1449441442848,0.8733606599099955,0.8586102882409875,0.8906885318774764,1.1627749214042429,0.8901007777634076,0.12074971196522372
2015-05-26,121745.5,33.19833333333333,0.6540356228728272,0.4277625959866471,,113.1449441442848,0.8733606599099955,0.8586102882409875,0.8906885318774764,1.1627749214042429,0.884884257459585,0.12074971196522372
2015-05-27,113729.0,31.96375,-0.06811437489107222,0.00463956806680153,,113.1449441442848,0.8733606599099955,0.8586102882409875,0.8906885318774764,1.1627749214042429,0.8825439914953417,0.12074971196522372
2015-05-28,232526.0,30.492500000000003,0.7151836213291938,0.5114876122175396,,113.1449441442848,0.8733606599099955,0.8586102882409875,0.8906885318774764,1.1627749214042429,0.8772861937623856,0.12074971196522372
2015-05-29,129572.25,31.124166666666667,-0.5847634061113558,0.34194824112695443,,113.1449441442848,0.8733606599099955,0.8586102882409875,0.8906885318774764,1.1627749214042429,0.8795742837845665,0.12074971196522372
2015-05-30,233138.75,21.546666666666667,0.5873951292712348,0.3450330378915707,,113.1449441442848,0.8733606599099955,0.8586102882409875,0.8906885318774764,1.1627749214042429,0.8743362371489813,0.12074971196522372
2015-05-31,236140.0,15.30375,0.01279107958696425,0.00016361171700005354,,113.1449441442848,0.8733606599099955,0.8586102882409875,0.8906885318774764,1.1627749214042429,0.8786942247656226,0.12074971196522372
2015-06-01,141256.0,31.438333333333333,-0.5138510024784665,0.264042852748125,,113.1449441442848,0.8733606599099955,0.8586102882409875,0.8906885318774764,1.1627749214042429,0.8763952625234008,0.12074971196522372
2015-06-02,424788.0,22.03,1.1010163739406627,1.2122370556854452,,113.1449441442848,0.8733606599099955,0.8586102882409875,0.8906885318774764,1.1627749214042429,0.8716578314741863,0.12074971196522372
2015-06-03,323231.0,27.75,-0.2732229830522654,0.0746507984679785,,113.1449441442848,0.8733606599099955,0.8586102882409875,0.8906885318774764,1.1627749214042429,0.902136163600215,0.12074971196522372
2015-06-04,41775.0,28.929166666666664,-2.046069163407437,4.186399021446809,,113.1449441442848,0.8733606599099955,0.8586102882409875,0.8906885318774764,1.1627749214042429,0.8970356123257286,0.12074971196522372
2015-06-05,134855.25,29.611666666666665,1.171903906493275,1.3733587660541986,,113.1449441442848,0.8733606599099955,0.8586102882409875,0.8906885318774764,1.1627749214042429,0.9126071013161173,0.12074971196522372
2015-06-06,168864.75,23.62875,0.2248961176826641,0.0505782637487347,,113.1449441442848,0.8733606599099955,0.8586102882409875,0.8906885318774764,1.1627749214042429,0.9126620081039446,0.12074971196522372
2015-06-07,90963.75,18.013333333333332,-0.6186370231519929,0.3827117664143594,,113.1449441442848,0.8733606599099955,0.8586102882409875,0.8906885318774764,1.1627749214042429,0.9102867227960618,0.12074971196522372
2015-06-08,142078.75,30.635833333333334,0.44592040583939463,0.19884500834397043,,113.1449441442848,0.8733606599099955,0.8586102882409875,0.8906885318774764,1.1627749214042429,0.9056757278272966,0.12074971196522372
2015-06-09,101304.0,33.781666666666666,-0.3382555841964908,0.11441684024010929,,113.1449441442848,0.8733606599099955,0.8586102882409875,0.8906885318774764,1.1627749214042429,0.8997759943360376,0.12074971196522372
2015-06-10,74324.5,32.430416666666666,-0.3096852554983445,0.09590495747307493,,113.1449441442848,0.8733606599099955,0.8586102882409875,0.8906885318774764,1.1627749214042429,0.9010656745131742,0.12074971196522372
2015-06-11,55090.5,35.757083333333334,-0.2994633541491641,0.08967830047826766,,113.1449441442848,0.8733606599099955,0.8586102882409875,0.8906885318774764,1.1627749214042429,0.8965198017021622,0.12074971196522372
2015-06-12,46994.0,35.20166666666667,-0.1589573535143852,0.025267440236297227,,113.1449441442848,0.8733606599099955,0.8586102882409875,0.8906885318774764,1.1627749214042429,0.8918387928385159,0.12074971196522372
2015-06-13,114343.5,26.50583333333333,0.8891871418409527,0.7906537732152825,,113.1449441442848,0.8733606599099955,0.8586102882409875,0.8906885318774764,1.1627749214042429,0.8906248234231423,0.12074971196522372
2015-06-14,103283.25,18.49,-0.10173186192970517,0.010349371731684596,,113.1449441442848,0.8733606599099955,0.8586102882409875,0.8906885318774764,1.1627749214042429,0.886857099627111,0.12074971196522372
2015-06-15,97091.75,31.903333333333336,-0.06181880616470894,0.003821564795629856,,113.1449441442848,0.8733606599099955,0.8586102882409875,0.8906885318774764,1.1627749214042429,0.8826066124240857,0.12074971196522372
2015-06-16,77089.0,37.466249999999995,-0.23069580919699964,0.053220556381058465,,113.1449441442848,0.8733606599099955,0.8586102882409875,0.8906885318774764,1.1627749214042429,0.8780141910726194,0.12074971196522372
2015-06-17,90243.75,31.360833333333332,0.15755374420143972,0.024823182311892702,,113.1449441442848,0.8733606599099955,0.8586102882409875,0.8906885318774764,1.1627749214042429,0.8730913133074983,0.12074971196522372
2015-06-18,186895.25,32.574999999999996,0.728033956740921,0.5300334421678412,,113.1449441442848,0.8733606599099955,0.8586102882409875,0.8906885318774764,1.1627749214042429,0.8721186453809823,0.12074971196522372
2015-06-19,186404.75,32.39666666666667,-0.002627914718886086,6.905935769738136e-06,,113.1449441442848,0.8733606599099955,0.8586102882409875,0.8906885318774764,1.1627749214042429,0.8715661728486898,0.12074971196522372
2015-06-20,127453.5,28.077916666666667,-0.3801687925646637,0.14452831084007428,,113.1449441442848,0.8733606599099955,0.8586102882409875,0.8906885318774764,1.1627749214042429,0.8702091882394879,0.12074971196522372
2015-06-21,63819.25,23.467083333333335,-0.6916967232156617,0.47844435690728365,,113.1449441442848,0.8733606599099955,0.8586102882409875,0.8906885318774764,1.1627749214042429,0.8651740324158324,0.12074971196522372
2015-06-22,119582.25,33.251666666666665,0.6279495501521352,0.3943206375362689,,113.1449441442848,0.8733606599099955,0.8586102882409875,0.8906885318774764,1.1627749214042429,0.8670884287462238,0.12074971196522372
2015-06-23,168245.0,31.86583333333333,0.3414168312700008,0.11656545267444818,,113.1449441442848,0.8733606599099955,0.8586102882409875,0.8906885318774764,1.1627749214042429,0.8621299351102405,0.12074971196522372
2015-06-24,162552.75,30.587500000000002,-0.034418685923004344,0.0011846459406664174,,113.1449441442848,0.8733606599099955,0.8586102882409875,0.8906885318774764,1.1627749214042429,0.857311565627367,0.12074971196522372
2015-06-25,48914.0,36.464999999999996,-1.200938910404514,1.4422542665235814,,113.1449441442848,0.8733606599099955,0.8586102882409875,0.8906885318774764,1.1627749214042429,0.862439095715307,0.12074971196522372
2015-06-26,25408.75,36.26833333333333,-0.6549700511826843,0.42898576794624804,,113.1449441442848,0.8733606599099955,0.8586102882409875,0.8906885318774764,1.1627749214042429,0.8693120668785514,0.12074971196522372
2015-06-27,150722.0,29.37875,1.7803434774880431,3.1696228978342185,,113.1449441442848,0.8733606599099955,0.8586102882409875,0.8906885318774764,1.1627749214042429,0.8925704545799162,0.12074971196522372
2015-06-28,61313.25,20.985,-0.8994411107124093,0.8089943116395725,,113.1449441442848,0.8733606599099955,0.8586102882409875,0.8906885318774764,1.1627749214042429,0.8988097542011149,0.12074971196522372
2015-06-29,46859.75,36.124583333333334,-0.2688368716417967,0.07227326355414787,,113.1449441442848,0.8733606599099955,0.8586102882409875,0.8906885318774764,1.1627749214042429,0.8933179324524546,0.12074971196522372
2015-06-30,37789.0,35.55416666666667,-0.21514104304059117,0.046285668400593505,,113.1449441442848,0.8733606599099955,0.8586102882409875,0.8906885318774764,1.1627749214042429,0.8877225479841387,0.12074971196522372
2015-07-01,118749.25,33.57958333333333,1.1449960721210515,1.311016005172636,,113.1449441442848,0.8733606599099955,0.8586102882409875,0.8906885318774764,1.1627749214042429,0.8886027942238903,0.12074971196522372
2015-07-02,185107.75,33.89666666666667,0.44392396085748614,0.19706848302339888,,113.1449441442848,0.8733606599099955,0.8586102882409875,0.8906885318774764,1.1627749214042429,0.8866559049716721,0.12074971196522372
2015-07-03,80498.75,44.75958333333333,-0.8326964316091711,0.6933833472146469,,113.1449441442848,0.8733606599099955,0.8586102882409875,0.8906885318774764,1.1627749214042429,0.8928400899751359,0.12074971196522372
2015-07-04,72082.75,33.61958333333333,-0.11042689172806172,0.012194098416721066,,113.1449441442848,0.8733606599099955,0.8586102882409875,0.8906885318774764,1.1627749214042429,0.8996069253235125,0.12074971196522372
2015-07-05,80317.5,28.27875,0.10817276533541725,0.011701347160311248,,113.1449441442848,0.8733606599099955,0.8586102882409875,0.8906885318774764,1.1627749214042429,0.8938523686375042,0.12074971196522372
2015-07-06,163693.5,37.053333333333335,0.7120082468470551,0.5069557435782169,,113.1449441442848,0.8733606599099955,0.8586102882409875,0.8906885318774764,1.1627749214042429,0.891625035601354,0.12074971196522372
2015-07-07,85404.75,49.01583333333334,-0.6505940569514029,0.42327262694048534,,113.1449441442848,0.8733606599099955,0.8586102882409875,0.8906885318774764,1.1627749214042429,0.9181402632839568,0.12074971196522372
2015-07-08,366535.0,29.572083333333335,1.4566922948640273,2.121952441916226,,113.1449441442848,0.8733606599099955,0.8586102882409875,0.8906885318774764,1.1627749214042429,0.9200847441075763,0.12074971196522372
2015-07-09,372870.75,28.7025,0.01713783012771809,0.00029370522148652184,,113.1449441442848,0.8733606599099955,0.8586102882409875,0.8906885318774764,1.1627749214042429,0.9522324355962105,0.12074971196522372
2015-07-10,215243.75,32.14333333333334,-0.5494607379667588,0.3019071025669751,,113.1449441442848,0.8733606599099955,0.8586102882409875,0.8906885318774764,1.1627749214042429,0.9605396642286415,0.12074971196522372
2015-07-11,43630.5,33.21375,-1.5960146598072045,2.5472627943195065,,113.1449441442848,0.8733606599099955,0.8586102882409875,0.8906885318774764,1.1627749214042429,0.9542640073049631,0.12074971196522372
2015-07-12,101833.25,27.899583333333336,0.847580224538163,0.7183922370281627,,113.1449441442848,0.8733606599099955,0.8586102882409875,0.8906885318774764,1.1627749214042429,0.9971757462481897,0.12074971196522372
2015-07-13,111312.0,40.97708333333333,0.08900039756868565,0.007921070767384106,,113.1449441442848,0.8733606599099955,0.8586102882409875,0.8906885318774764,1.1627749214042429,0.9985121362822245,0.12074971196522372
2015-07-14,115347.75,41.61375,0.03561440939647992,0.001268386156660077,,113.1449441442848,0.8733606599099955,0.8586102882409875,0.8906885318774764,1.1627749214042429,0.9962093145444025,0.12074971196522372
2015-07-15,46167.75,47.72625,-0.9156699761898263,0.838451505295477,,113.1449441442848,0.8733606599099955,0.8586102882409875,0.8906885318774764,1.1627749214042429,0.9902633953031289,0.12074971196522372
2015-07-16,30693.5,45.58708333333333,-0.40823059659634775,0.16665221999741,,113.1449441442848,0.8733606599099955,0.8586102882409875,0.8906885318774764,1.1627749214042429,0.9824480289838069,0.12074971196522372
2015-07-17,148407.75,38.04833333333333,1.575912647297754,2.4835006719130153,,113.1449441442848,0.8733606599099955,0.8586102882409875,0.8906885318774764,1.1627749214042429,0.9776778904223049,0.12074971196522372
2015-07-18,127152.25,37.635,-0.15457836574270617,0.023894471155685836,,113.1449441442848,0.8733606599099955,0.8586102882409875,0.8906885318774764,1.1627749214042429,0.978301212736074,0.12074971196522372
2015-07-19,116474.5,29.837500000000002,-0.08771282241968102,0.007693539216826498,,113.1449441442848,0.8733606599099955,0.8586102882409875,0.8906885318774764,1.1627749214042429,0.9738453029278346,0.12074971196522372
2015-07-20,110661.0,41.767916666666665,-0.05120089080886809,0.002621531219621633,,113.1449441442848,0.8733606599099955,0.8586102882409875,0.8906885318774764,1.1627749214042429,0.9680941277170637,0.12074971196522372
2015-07-21,166761.75,45.6,0.41009467296273394,0.1681776407924117,,113.1449441442848,0.8733606599099955,0.8586102882409875,0.8906885318774764,1.1627749214042429,0.9607704050044856,0.12074971196522372
2015-07-22,68519.75,46.701249999999995,-0.8894441222013216,0.7911108465184795,,113.1449441442848,0.8733606599099955,0.8586102882409875,0.8906885318774764,1.1627749214042429,0.9636882113737744,0.12074971196522372
2015-07-23,68933.0,47.178333333333335,0.006012993485028349,3.6156090650993376e-05,,113.1449441442848,0.8733606599099955,0.8586102882409875,0.8906885318774764,1.1627749214042429,0.957813647554771,0.12074971196522372
2015-07-24,74287.0,45.49916666666667,0.0748009516981602,0.005595182374950496,,113.1449441442848,0.8733606599099955,0.8586102882409875,0.8906885318774764,1.1627749214042429,0.9509264439767434,0.12074971196522372
2015-07-25,405351.25,15.83,1.6968180051210502,2.8791913425029803,,113.1449441442848,0.8733606599099955,0.8586102882409875,0.8906885318774764,1.1627749214042429,0.9524130338968678,0.12074971196522372
2015-07-26,245750.0,11.038333333333334,-0.5004392161564652,0.25043940906729734,,113.1449441442848,0.8733606599099955,0.8586102882409875,0.8906885318774764,1.1627749214042429,0.952090475790083,0.12074971196522372
2015-07-27,247722.0,31.11375,0.007992390641512139,6.387830816653081e-05,,113.1449441442848,0.8733606599099955,0.8586102882409875,0.8906885318774764,1.1627749214042429,0.9537914628686054,0.12074971196522372
2015-07-28,394006.0,24.557083333333335,0.4640589879395904,0.21535074428751688,,113.1449441442848,0.8733606599099955,0.8586102882409875,0.8906885318774764,1.1627749214042429,0.9475546376949953,0.12074971196522372
2015-07-29,344947.0,27.401666666666667,-0.13297535556667517,0.01768244518808369,,113.1449441442848,0.8733606599099955,0.8586102882409875,0.8906885318774764,1.1627749214042429,0.9462845500248279,0.12074971196522372
2015-07-30,334285.25,24.495833333333334,-0.03139611163512291,0.0009857158258051002,,113.1449441442848,0.8733606599099955,0.8586102882409875,0.8906885318774764,1.1627749214042429,0.9442363575894015,0.12074971196522372
2015-07-31,112514.25,30.523333333333337,-1.0889147901169838,1.1857354201355148,,113.1449441442848,0.8733606599099955,0.8586102882409875,0.8906885318774764,1.1627749214042429,0.9559281720780838,0.12074971196522372
2015-08-01,58927.0,22.396666666666665,-0.6467804905924027,0.41832500301094916,,113.1449441442848,0.8733606599099955,0.8586102882409875,0.8906885318774764,1.1627749214042429,0.9489662425925413,0.12074971196522372
2015-08-02,36617.0,17.286666666666665,-0.4757867762534065,0.22637305645760908,,113.1449441442848,0.8733606599099955,0.8586102882409875,0.8906885318774764,1.1627749214042429,0.9663434931276522,0.12074971196522372
2015-08-03,102528.25,28.934166666666666,1.0296257569173812,1.0601291993076902,,113.1449441442848,0.8733606599099955,0.8586102882409875,0.8906885318774764,1.1627749214042429,0.9644553598781027,0.12074971196522372
2015-08-04,153487.5,33.19916666666666,0.4034807601254624,0.16279672379142093,,113.1449441442848,0.8733606599099955,0.8586102882409875,0.8906885318774764,1.1627749214042429,0.968084616890713,0.12074971196522372
2015-08-05,54508.0,34.80708333333333,-1.0352716505990567,1.0717873905340953,,113.1449441442848,0.8733606599099955,0.8586102882409875,0.8906885318774764,1.1627749214042429,0.9640915464807742,0.12074971196522372
2015-08-06,81220.0,34.445,0.3988140423705774,0.15905264039196068,,113.1449441442848,0.8733606599099955,0.8586102882409875,0.8906885318774764,1.1627749214042429,0.9568117494183815,0.12074971196522372
2015-08-07,69198.25,34.217083333333335,-0.16018594897164143,0.025659538247945313,,113.1449441442848,0.8733606599099955,0.8586102882409875,0.8906885318774764,1.1627749214042429,0.9498784159110166,0.12074971196522372
2015-08-08,121174.0,28.285416666666666,0.5602519558835406,0.31388225407133274,,113.1449441442848,0.8733606599099955,0.8586102882409875,0.8906885318774764,1.1627749214042429,0.9503930801192302,0.12074971196522372
2015-08-09,65743.0,26.985,-0.611474327658185,0.3739008533850294,,113.1449441442848,0.8733606599099955,0.8586102882409875,0.8906885318774764,1.1627749214042429,0.9446445147880361,0.12074971196522372
2015-08-10,72776.5,34.314166666666665,0.10163989938112786,0.010330669146205795,,113.1449441442848,0.8733606599099955,0.8586102882409875,0.8906885318774764,1.1627749214042429,0.9531270266783607,0.12074971196522372
2015-08-11,78365.0,38.788333333333334,0.0739842982130376,0.0054736763820756795,,113.1449441442848,0.8733606599099955,0.8586102882409875,0.8906885318774764,1.1627749214042429,0.9467058657088933,0.12074971196522372
2015-08-12,69161.5,37.5875,-0.1249330496886628,0.015608266904509888,,113.1449441442848,0.8733606599099955,0.8586102882409875,0.8906885318774764,1.1627749214042429,0.9413131010011296,0.12074971196522372
2015-08-13,158313.0,34.20708333333334,0.8281297366498419,0.6857988607237365,,113.1449441442848,0.8733606599099955,0.8586102882409875,0.8906885318774764,1.1627749214042429,0.9345727547763011,0.12074971196522372
2015-08-14,174742.0,30.470416666666665,0.09873651431352276,0.009748899258784485,,113.1449441442848,0.8733606599099955,0.8586102882409875,0.8906885318774764,1.1627749214042429,0.928950311872071,0.12074971196522372
2015-08-15,61800.75,32.38166666666667,-1.0393951000683979,1.0803421740461947,,113.1449441442848,0.8733606599099955,0.8586102882409875,0.8906885318774764,1.1627749214042429,0.9302310575980692,0.12074971196522372
2015-08-16,72583.5,30.067916666666665,0.16082212296078216,0.025863755233612937,,113.1449441442848,0.8733606599099955,0.8586102882409875,0.8906885318774764,1.1627749214042429,0.9561389716929256,0.12074971196522372
2015-08-17,115278.5,40.44541666666667,0.46261331653613186,0.21401108063655933,,113.1449441442848,0.8733606599099955,0.8586102882409875,0.8906885318774764,1.1627749214042429,0.9553877457292537,0.12074971196522372
2015-08-18,90762.0,37.57625,-0.23911024400113232,0.05717370878628103,,113.1449441442848,0.8733606599099955,0.8586102882409875,0.8906885318774764,1.1627749214042429,0.9528554174658712,0.12074971196522372
2015-08-19,27790.75,39.45708333333334,-1.183537464292653,1.400760929384283,,113.1449441442848,0.8733606599099955,0.8586102882409875,0.8906885318774764,1.1627749214042429,0.9467974889049076,0.12074971196522372
2015-08-20,22609.25,37.35041666666667,-0.20634411693896323,0.042577894595320534,,113.1449441442848,0.8733606599099955,0.8586102882409875,0.8906885318774764,1.1627749214042429,0.9904689162778091,0.12074971196522372
2015-08-21,42197.0,31.915000000000003,0.6239900138910545,0.38936353743575836,,113.1449441442848,0.8733606599099955,0.8586102882409875,0.8906885318774764,1.1627749214042429,0.9990398575514617,0.12074971196522372
2015-08-22,95013.75,27.522499999999997,0.8116724895017243,0.6588122302139268,,113.1449441442848,0.8733606599099955,0.8586102882409875,0.8906885318774764,1.1627749214042429,0.9948727266028705,0.12074971196522372
2015-08-23,248168.25,16.87333333333333,0.9600853255872076,0.9217638324078944,,113.1449441442848,0.8733606599099955,0.8586102882409875,0.8906885318774764,1.1627749214042429,0.9871395552926605,0.12074971196522372
2015-08-24,221302.75,30.91333333333333,-0.11457527000642614,0.013127492497045454,,113.1449441442848,0.8733606599099955,0.8586102882409875,0.8906885318774764,1.1627749214042429,0.989171913919915,0.12074971196522372
2015-08-25,351305.75,25.997083333333332,0.46212525336459825,0.21355974979729414,,113.1449441442848,0.8733606599099955,0.8586102882409875,0.8906885318774764,1.1627749214042429,0.9815376133840149,0.12074971196522372
2015-08-26,232381.25,29.307083333333335,-0.41327758505400497,0.1707983623080703,,113.1449441442848,0.8733606599099955,0.8586102882409875,0.8906885318774764,1.1627749214042429,0.9847748609850833,0.12074971196522372
2015-08-27,194794.25,30.88625,-0.17643546854166733,0.031129474559517683,,113.1449441442848,0.8733606599099955,0.8586102882409875,0.8906885318774764,1.1627749214042429,0.978986344014771,0.12074971196522372
2015-08-28,68404.75,41.002916666666664,-1.046501606657192,1.095165612736084,,113.1449441442848,0.8733606599099955,0.8586102882409875,0.8906885318774764,1.1627749214042429,0.9759815401206623,0.12074971196522372
2015-08-29,28552.75,30.039583333333336,-0.8736890129567841,0.7633324913613997,,113.1449441442848,0.8733606599099955,0.8586102882409875,0.8906885318774764,1.1627749214042429,0.9695673431825075,0.12074971196522372
2015-08-30,38570.0,26.59875,0.30072151851512524,0.09043343169804281,,113.1449441442848,0.8733606599099955,0.8586102882409875,0.8906885318774764,1.1627749214042429,0.9630405937088755,0.12074971196522372
2015-08-31,78775.0,35.499583333333334,0.7141209154232019,0.5099686818448719,,113.1449441442848,0.8733606599099955,0.8586102882409875,0.8906885318774764,1.1627749214042429,0.9691421409373747,0.12074971196522372
2015-09-01,169191.0,39.135,0.7644325666247055,0.5843571489164348,,113.1449441442848,0.8733606599099955,0.8586102882409875,0.8906885318774764,1.1627749214042429,0.9631737932577025,0.12074971196522372
2015-09-02,139936.5,37.624583333333334,-0.18983950598194588,0.03603903803146927,,113.1449441442848,0.8733606599099955,0.8586102882409875,0.8906885318774764,1.1627749214042429,0.9611679709761242,0.12074971196522372
2015-09-03,60937.75,40.755833333333335,-0.831335896972345,0.6911193735948135,,113.1449441442848,0.8733606599099955,0.8586102882409875,0.8906885318774764,1.1627749214042429,0.9657362609511283,0.12074971196522372
2015-09-04,185877.25,33.02,1.1152336583025155,1.243746112610812,,113.1449441442848,0.8733606599099955,0.8586102882409875,0.8906885318774764,1.1627749214042429,0.9584283190129267,0.12074971196522372
2015-09-05,389602.75,19.738333333333333,0.7400411206487608,0.5476608602510737,,113.1449441442848,0.8733606599099955,0.8586102882409875,0.8906885318774764,1.1627749214042429,0.9527154916937437,0.12074971196522372
2015-09-06,458040.25,1.5145833333333332,0.16182943208382028,0.026188765088571802,,113.1449441442848,0.8733606599099955,0.8586102882409875,0.8906885318774764,1.1627749214042429,0.9581222338939374,0.12074971196522372
2015-09-07,139803.0,32.52291666666667,-1.186722773551918,1.4083109412667567,,113.1449441442848,0.8733606599099955,0.8586102882409875,0.8906885318774764,1.1627749214042429,0.9545126648489177,0.12074971196522372
2015-09-08,69665.75,35.470416666666665,-0.6965254834815331,0.4851477491391834,,113.1449441442848,0.8733606599099955,0.8586102882409875,0.8906885318774764,1.1627749214042429,0.9554532382199621,0.12074971196522372
2015-09-09,83773.75,34.53333333333333,0.1844109072775288,0.03400738272292132,,113.1449441442848,0.8733606599099955,0.8586102882409875,0.8906885318774764,1.1627749214042429,0.951925499335461,0.12074971196522372
2015-09-10,130173.0,33.74875,0.440744622404842,0.19425582217878679,,113.1449441442848,0.8733606599099955,0.8586102882409875,0.8906885318774764,1.1627749214042429,0.9487112529048035,0.12074971196522372
2015-09-11,117658.75,33.470416666666665,-0.10107584944927135,0.010216327341891767,,113.1449441442848,0.8733606599099955,0.8586102882409875,0.8906885318774764,1.1627749214042429,0.9420700924083941,0.12074971196522372
2015-09-12,117242.25,30.627916666666668,-0.0035461784877072046,1.2575381866677357e-05,,113.1449441442848,0.8733606599099955,0.8586102882409875,0.8906885318774764,1.1627749214042429,0.9381523650496791,0.12074971196522372
2015-09-13,113834.5,25.969583333333333,-0.02949666786867202,0.0008700534153547484,,113.1449441442848,0.8733606599099955,0.8586102882409875,0.8906885318774764,1.1627749214042429,0.9316048839230393,0.12074971196522372
2015-09-14,192470.25,33.9075,0.5251959571377953,0.27583079339388494,132.43549113187288,113.1449441442848,0.8733606599099955,0.8586102882409875,0.8906885318774764,1.1627749214042429,0.9262986167251164,0.12074971196522372
2015-09-15,309350.5,28.254166666666666,0.4745333419380031,0.22518189261084978,132.08301697088666,113.1449441442848,0.8733606599099955,0.8586102882409875,0.8906885318774764,1.1627749214042429,0.9204414344787053,0.12074971196522372
2015-09-16,267351.0,33.92625,-0.14591253646498595,0.021290468297645852,131.58867140906992,113.1449441442848,0.8733606599099955,0.8586102882409875,0.8906885318774764,1.1627749214042429,0.9268912438206145,0.12074971196522372
2015-09-17,391476.0,27.704583333333332,0.3813618090668479,0.14543682941473896,131.2558522252972,113.1449441442848,0.8733606599099955,0.8586102882409875,0.8906885318774764,1.1627749214042429,0.9205871235808174,0.12074971196522372
2015-09-18,172997.5,36.4675,-0.8166470673434671,0.6669124326006853,131.7524744283144,113.1449441442848,0.8733606599099955,0.8586102882409875,0.8906885318774764,1.1627749214042429,0.9352394614909696,0.12074971196522372
2015-09-19,76718.75,30.541666666666668,-0.8131310060974177,0.6611820330769987,132.41333503892338,113.1449441442848,0.8733606599099955,0.8586102882409875,0.8906885318774764,1.1627749214042429,0.9288076201880395,0.12074971196522372
2015-09-20,140167.25,21.883750000000003,0.6026902150195861,0.3632354952803549,132.77653635144367,113.1449441442848,0.8733606599099955,0.8586102882409875,0.8906885318774764,1.1627749214042429,0.928342346173132,0.12074971196522372
2015-09-21,71340.0,36.722500000000004,-0.6753791725177349,0.45613702667074035,133.232667170261,113.1449441442848,0.8733606599099955,0.8586102882409875,0.8906885318774764,1.1627749214042429,0.9281324080732285,0.12074971196522372
2015-09-22,152469.25,33.437916666666666,0.7595057564405128,0.5768489940662755,133.76933599516443,113.1449441442848,0.8733606599099955,0.8586102882409875,0.8906885318774764,1.1627749214042429,0.9319824102846348,0.12074971196522372
2015-09-23,75820.25,43.24916666666667,-0.6985975290054668,0.488038507532544,134.19935776193472,113.1449441442848,0.8733606599099955,0.8586102882409875,0.8906885318774764,1.1627749214042429,0.927182101894576,0.12074971196522372
2015-09-24,157344.5,32.022083333333335,0.7300722616093493,0.5330055071713903,134.64595596561765,113.1449441442848,0.8733606599099955,0.8586102882409875,0.8906885318774764,1.1627749214042429,0.95468229242263,0.12074971196522372
2015-09-25,60488.0,35.382083333333334,-0.955992670719172,0.9139219864687753,135.0178085090578,113.1449441442848,0.8733606599099955,0.8586102882409875,0.8906885318774764,1.1627749214042429,0.9774270501967675,0.12074971196522372
2015-09-26,57646.75,32.94375,-0.04811112780477398,0.002314680618647296,134.47361016895485,113.1449441442848,0.8733606599099955,0.8586102882409875,0.8906885318774764,1.1627749214042429,0.9720954614953073,0.12074971196522372
2015-09-27,84852.25,26.0125,0.386577638261079,0.14944227040351366,134.6222474911743,113.1449441442848,0.8733606599099955,0.8586102882409875,0.8906885318774764,1.1627749214042429,0.966610162863585,0.12074971196522372
2015-09-28,83345.5,34.4675,-0.017916890175099884,0.00032101495354659075,132.81202623183177,113.1449441442848,0.8733606599099955,0.8586102882409875,0.8906885318774764,1.1627749214042429,0.959459819478437,0.12074971196522372
2015-09-29,163113.25,34.37,0.6714501262941109,0.4508452721003775,132.73433798088175,113.1449441442848,0.8733606599099955,0.8586102882409875,0.8906885318774764,1.1627749214042429,0.9647920784948864,0.12074971196522372
2015-09-30,146542.75,37.015,-0.10712755006837124,0.011476311983651387,131.65151325781173,113.1449441442848,0.8733606599099955,0.8586102882409875,0.8906885318774764,1.1627749214042429,0.9663666506934401,0.12074971196522372
2015-10-01,103322.5,39.01791666666667,-0.34946203015747057,0.12212371052178086,131.6636656369914,113.1449441442848,0.8733606599099955,0.8586102882409875,0.8906885318774764,1.1627749214042429,0.9653968248088343,0.12074971196522372
2015-10-02,71689.25,37.98041666666666,-0.3655143585055272,0.13360074627370708,131.31402402739226,113.1449441442848,0.8733606599099955,0.8586102882409875,0.8906885318774764,1.1627749214042429,0.9582943588517611,0.12074971196522372
2015-10-03,58469.75,28.85291666666667,-0.20383127961841624,0.041547190550880984,129.08188336355607,113.1449441442848,0.8733606599099955,0.8586102882409875,0.8906885318774764,1.1627749214042429,0.9523700310858066,0.12074971196522372
2015-10-04,49201.0,31.183333333333334,-0.17259557798653938,0.029789233540507595,129.03485243441227,113.1449441442848,0.8733606599099955,0.8586102882409875,0.8906885318774764,1.1627749214042429,0.9517541307935621,0.12074971196522372
2015-10-05,94152.0,39.29833333333333,0.6489965490804008,0.42119652071826913,129.04233009846743,113.1449441442848,0.8733606599099955,0.8586102882409875,0.8906885318774764,1.1627749214042429,0.9461130325621593,0.12074971196522372
2015-10-06,233524.5,37.22666666666667,0.9083764990828755,0.8251478640860614,129.79813755943377,113.1449441442848,0.8733606599099955,0.8586102882409875,0.8906885318774764,1.1627749214042429,0.9394430661285381,0.12074971196522372
2015-10-07,167183.0,40.48041666666666,-0.33419797581800065,0.11168828704084895,129.71999406153017,113.1449441442848,0.8733606599099955,0.8586102882409875,0.8906885318774764,1.1627749214042429,0.9518693744054788,0.12074971196522372
2015-10-08,43872.0,47.14125000000001,-1.3378127174603325,1.7897428669985993,131.50950390548556,113.1449441442848,0.8733606599099955,0.8586102882409875,0.8906885318774764,1.1627749214042429,0.9448756164043987,0.12074971196522372
2015-10-09,37421.0,44.33583333333333,-0.1590442592138534,0.025295076388883394,129.2234334338583,113.1449441442848,0.8733606599099955,0.8586102882409875,0.8906885318774764,1.1627749214042429,0.9634158037438418,0.12074971196522372
2015-10-10,154841.25,33.64458333333334,1.4201683543602044,2.016878154726171,131.08674692753252,113.1449441442848,0.8733606599099955,0.8586102882409875,0.8906885318774764,1.1627749214042429,0.960434892112512,0.12074971196522372
2015-10-11,267702.0,21.905,0.5474740230218261,0.299727805883703,131.36663663017345,113.1449441442848,0.8733606599099955,0.8586102882409875,0.8906885318774764,1.1627749214042429,0.955070806431048,0.12074971196522372
2015-10-12,176056.5,34.83541666666667,-0.4190694552994272,0.1756192083649586,131.28293432363998,113.1449441442848,0.8733606599099955,0.8586102882409875,0.8906885318774764,1.1627749214042429,0.9480996423678858,0.12074971196522372
2015-10-13,92499.25,42.154583333333335,-0.6436044298712533,0.41422666214990106,131.20083037033697,113.1449441442848,0.8733606599099955,0.8586102882409875,0.8906885318774764,1.1627749214042429,0.9415699952044103,0.12074971196522372
2015-10-14,75796.75,44.70208333333333,-0.19914512063772194,0.03965877907381282,130.46339507914655,113.1449441442848,0.8733606599099955,0.8586102882409875,0.8906885318774764,1.1627749214042429,0.9349132196924069,0.12074971196522372
2015-10-15,117760.75,39.85208333333333,0.44059960810647586,0.1941280146635801,129.51947012102966,113.1449441442848,0.8733606599099955,0.8586102882409875,0.8906885318774764,1.1627749214042429,0.9294368349051049,0.12074971196522372
2015-10-16,35579.0,47.3375,-1.196899447680784,1.4325682878585657,130.77111170856097,113.1449441442848,0.8733606599099955,0.8586102882409875,0.8906885318774764,1.1627749214042429,0.9234666369611618,0.12074971196522372
2015-10-17,10383.75,40.46333333333333,-1.231513491994226,1.5166254809638129,132.1472032072611,113.1449441442848,0.8733606599099955,0.8586102882409875,0.8906885318774764,1.1627749214042429,0.9171654640561444,0.12074971196522372
2015-10-18,18536.75,37.47833333333333,0.5795131639444312,0.3358355071848852,132.27605567291977,113.1449441442848,0.8733606599099955,0.8586102882409875,0.8906885318774764,1.1627749214042429,0.9159818658152322,0.12074971196522372
2015-10-19,17571.5,50.720416666666665,-0.053476976766083026,0.0028597870440401837,132.27473019976688,113.1449441442848,0.8733606599099955,0.8586102882409875,0.8906885318774764,1.1627749214042429,0.9098418110075761,0.12074971196522372
2015-10-20,24324.25,48.40291666666667,0.3251955237703702,0.10575212868028541,131.47114852342182,113.1449441442848,0.8733606599099955,0.8586102882409875,0.8906885318774764,1.1627749214042429,0.9248227237324694,0.12074971196522372
2015-10-21,76030.5,41.69541666666667,1.1396607804502987,1.298826694496584,129.89512445150635,113.1449441442848,0.8733606599099955,0.8586102882409875,0.8906885318774764,1.1627749214042429,0.9268294947726253,0.12074971196522372
2015-10-22,204215.25,37.20583333333334,0.9880400090564885,0.9762230594963458,130.85162934465777,113.1449441442848,0.8733606599099955,0.8586102882409875,0.8906885318774764,1.1627749214042429,0.9294919489716617,0.12074971196522372
2015-10-23,152957.75,37.784166666666664,-0.28901284515978143,0.08352842466735179,129.24491517099096,113.1449441442848,0.8733606599099955,0.8586102882409875,0.8906885318774764,1.1627749214042429,0.9268155873150188,0.12074971196522372
2015-10-24,92099.5,32.806666666666665,-0.5072922251019943,0.2573454016489325,129.44424843445378,113.1449441442848,0.8733606599099955,0.8586102882409875,0.8906885318774764,1.1627749214042429,0.9204329818910987,0.12074971196522372
2015-10-25,87424.5,33.66958333333333,-0.05209395061966478,0.002713779691164072,129.16075328492394,113.1449441442848,0.8733606599099955,0.8586102882409875,0.8906885318774764,1.1627749214042429,0.9142060073096354,0.12074971196522372
2015-10-26,113701.0,39.52166666666667,0.2627966320473624,0.06906206981543679,129.2240552109147,113.1449441442848,0.8733606599099955,0.8586102882409875,0.8906885318774764,1.1627749214042429,0.9085496477977089,0.12074971196522372
2015-10-27,137088.0,40.36875,0.18705085959265685,0.03498802407435183,127.96244046975849,113.1449441442848,0.8733606599099955,0.8586102882409875,0.8906885318774764,1.1627749214042429,0.9051166106772828,0.12074971196522372
2015-10-28,128440.25,42.19625,-0.06515923973167734,0.0042457265224101984,127.62441511013391,113.1449441442848,0.8733606599099955,0.8586102882409875,0.8906885318774764,1.1627749214042429,0.9000266494293375,0.12074971196522372
2015-10-29,28269.0,49.64166666666667,-1.5136980177608226,2.2912816889730436,129.45944643490134,113.1449441442848,0.8733606599099955,0.8586102882409875,0.8906885318774764,1.1627749214042429,0.8948723925403385,0.12074971196522372
2015-10-30,61640.75,43.19583333333333,0.7795573799089144,0.6077097085704515,129.93211059982812,113.1449441442848,0.8733606599099955,0.8586102882409875,0.8906885318774764,1.1627749214042429,0.9021727017058024,0.12074971196522372
2015-10-31,157230.75,35.727916666666665,0.9363912937512099,0.8768286550130646,130.7849310612208,113.1449441442848,0.8733606599099955,0.8586102882409875,0.8906885318774764,1.1627749214042429,0.8968071256751555,0.12074971196522372
2015-11-01,80399.0,31.5725,-0.670712733256228,0.4498555705520401,130.7348309085957,113.1449441442848,0.8733606599099955,0.8586102882409875,0.8906885318774764,1.1627749214042429,0.8916641751492401,0.12074971196522372
2015-11-02,33729.5,39.959583333333335,-0.8686289129321069,0.7545161883816137,130.55754703761102,113.1449441442848,0.8733606599099955,0.8586102882409875,0.8906885318774764,1.1627749214042429,0.8975272045004883,0.12074971196522372
2015-11-03,23876.25,41.645,-0.3454885843473107,0.11936236191430884,130.65063543370889,113.1449441442848,0.8733606599099955,0.8586102882409875,0.8906885318774764,1.1627749214042429,0.9037600872221947,0.12074971196522372
2015-11-04,73628.75,42.31,1.12615133344354,1.2682168258166633,130.84602485642876,113.1449441442848,0.8733606599099955,0.8586102882409875,0.8906885318774764,1.1627749214042429,0.9031159432823895,0.12074971196522372
2015-11-05,76045.75,43.96791666666667,0.032299558396315826,0.0010432614725970162,130.69249205013546,113.1449441442848,0.8733606599099955,0.8586102882409875,0.8906885318774764,1.1627749214042429,0.8982993625286477,0.12074971196522372
2015-11-06,171464.5,36.6675,0.8130411152375298,0.6610358550666862,131.33092316592763,113.1449441442848,0.8733606599099955,0.8586102882409875,0.8906885318774764,1.1627749214042429,0.8928769495168636,0.12074971196522372
2015-11-07,287437.75,29.450416666666666,0.5166300669594657,0.266906626086542,131.52951692228453,113.1449441442848,0.8733606599099955,0.8586102882409875,0.8906885318774764,1.1627749214042429,0.8873120140666245,0.12074971196522372
2015-11-08,275020.5,20.638749999999998,-0.04416067471131628,0.0019501651909586892,130.72737600952559,113.1449441442848,0.8733606599099955,0.8586102882409875,0.8906885318774764,1.1627749214042429,0.889568805261123,0.12074971196522372
2015-11-09,505473.5,28.680833333333336,0.6086499734004077,0.370454790120317,131.08659081884127,113.1449441442848,0.8733606599099955,0.8586102882409875,0.8906885318774764,1.1627749214042429,0.8842767971323128,0.12074971196522372
2015-11-10,527157.5,28.843333333333334,0.04200375162809186,0.0017643151508344298,131.07046054696727,113.1449441442848,0.8733606599099955,0.8586102882409875,0.8906885318774764,1.1627749214042429,0.8906293438391719,0.12074971196522372
2015-11-11,322908.5,35.079166666666666,-0.49013036401418125,0.24022777372867382,131.2872513875978,113.1449441442848,0.8733606599099955,0.8586102882409875,0.8906885318774764,1.1627749214042429,0.8935764646853146,0.12074971196522372
2015-11-12,229355.0,36.44625,-0.3420979798102873,0.11703102779027973,130.74558459516896,113.1449441442848,0.8733606599099955,0.8586102882409875,0.8906885318774764,1.1627749214042429,0.8885461716100153,0.12074971196522372
2015-11-13,388542.25,32.089999999999996,0.5271308939566527,0.2778669793635398,130.9359059322432,113.1449441442848,0.8733606599099955,0.8586102882409875,0.8906885318774764,1.1627749214042429,0.8835525185984991,0.12074971196522372
2015-11-14,525075.75,20.69125,0.3011406223943008,0.09068567445602685,130.5306971680676,113.1449441442848,0.8733606599099955,0.8586102882409875,0.8906885318774764,1.1627749214042429,0.8858546544266641,0.12074971196522372
2015-11-15,509004.5,23.832083333333333,-0.031085680521844284,0.0009663195335061691,130.47435212734268,113.1449441442848,0.8733606599099955,0.8586102882409875,0.8906885318774764,1.1627749214042429,0.8844208137693153,0.12074971196522372
2015-11-16,378139.25,30.511666666666667,-0.297194343350461,0.08832447771951171,129.38940122542942,113.1449441442848,0.8733606599099955,0.8586102882409875,0.8906885318774764,1.1627749214042429,0.9029424705587568,0.12074971196522372
2015-11-17,428771.75,31.72083333333333,0.1256622120310367,0.015790991532533223,128.93259523071671,113.1449441442848,0.8733606599099955,0.8586102882409875,0.8906885318774764,1.1627749214042429,0.9139125164653232,0.12074971196522372
2015-11-18,632262.75,20.438333333333333,0.3883803253638306,0.15083927712971493,129.08259260413297,113.1449441442848,0.8733606599099955,0.8586102882409875,0.8906885318774764,1.1627749214042429,0.9082124477636094,0.12074971196522372
2015-11-19,611417.25,24.845416666666665,-0.033525428426329655,0.0011239543511689526,128.66292482251538,113.1449441442848,0.8733606599099955,0.8586102882409875,0.8906885318774764,1.1627749214042429,0.9228615761619681,0.12074971196522372
2015-11-20,281717.0,38.168749999999996,-0.7748766020446689,0.6004337483962922,128.69334193630493,113.1449441442848,0.8733606599099955,0.8586102882409875,0.8906885318774764,1.1627749214042429,0.923479470893056,0.12074971196522372
2015-11-21,158621.0,29.739166666666666,-0.5743853119387529,0.32991848657097844,129.01695146647202,113.1449441442848,0.8733606599099955,0.8586102882409875,0.8906885318774764,1.1627749214042429,0.9338325384987571,0.12074971196522372
2015-11-22,241014.5,26.015416666666667,0.4183393886453215,0.17500784409214135,128.92181565242097,113.1449441442848,0.8733606599099955,0.8586102882409875,0.8906885318774764,1.1627749214042429,0.9279411271425668,0.12074971196522372
2015-11-23,124040.5,49.42625,-0.6642489724739795,0.44122669743273757,129.2173967818495,113.1449441442848,0.8733606599099955,0.8586102882409875,0.8906885318774764,1.1627749214042429,0.9262828476866357,0.12074971196522372
2015-11-24,346650.25,35.208333333333336,1.0277082213948785,1.0561841883226246,129.946213239547,113.1449441442848,0.8733606599099955,0.8586102882409875,0.8906885318774764,1.1627749214042429,0.9242632735220404,0.12074971196522372
2015-11-25,158258.75,41.73375,-0.7840849948219494,0.6147892791049364,130.37342162596286,113.1449441442848,0.8733606599099955,0.8586102882409875,0.8906885318774764,1.1627749214042429,0.9369174066009337,0.12074971196522372
2015-11-26,72568.75,51.265833333333326,-0.7796969633616295,0.6079273546753462,129.9646183325847,113.1449441442848,0.8733606599099955,0.8586102882409875,0.8906885318774764,1.1627749214042429,0.9463825224162269,0.12074971196522372
2015-11-27,179343.0,36.76916666666667,0.9047657849934873,0.8186011256948812,130.56977634829855,113.1449441442848,0.8733606599099955,0.8586102882409875,0.8906885318774764,1.1627749214042429,0.9395143847412794,0.12074971196522372
2015-11-28,418329.75,27.86916666666667,0.8469698237373701,0.7173578823217117,128.60959911544379,113.1449441442848,0.8733606599099955,0.8586102882409875,0.8906885318774764,1.1627749214042429,0.9386340502847723,0.12074971196522372
2015-11-29,644023.5,10.814583333333333,0.43146521899777807,0.18616223520480057,128.79574016052112,113.1449441442848,0.8733606599099955,0.8586102882409875,0.8906885318774764,1.1627749214042429,0.9343603156183147,0.12074971196522372
2015-11-30,556539.25,25.28,-0.1459975177945136,0.02131527520215931,127.97009231961144,113.1449441442848,0.8733606599099955,0.8586102882409875,0.8906885318774764,1.1627749214042429,0.9443230845117175,0.12074971196522372
2015-12-01,365596.25,35.665416666666665,-0.4202081159115081,0.1765748606778994,127.21892307929767,113.1449441442848,0.8733606599099955,0.8586102882409875,0.8906885318774764,1.1627749214042429,0.9385698575772515,0.12074971196522372
2015-12-02,289012.5,36.4,-0.23505964264357165,0.05525303559972361,123.96040608009342,113.1449441442848,0.8733606599099955,0.8586102882409875,0.8906885318774764,1.1627749214042429,0.9329308611252378,0.12074971196522372
2015-12-03,219089.5,42.534166666666664,-0.2769896176418433,0.07672324828137456,124.01022503899777,113.1449441442848,0.8733606599099955,0.8586102882409875,0.8906885318774764,1.1627749214042429,0.9303961586442141,0.12074971196522372
2015-12-04,445323.0,30.72666666666667,0.7093195394360814,0.5031342090258146,124.08000968433355,113.1449441442848,0.8733606599099955,0.8586102882409875,0.8906885318774764,1.1627749214042429,0.9240898617733989,0.12074971196522372
2015-12-05,530753.0,23.49875,0.17549689137964078,0.030799158883917432,124.09412287557842,113.1449441442848,0.8733606599099955,0.8586102882409875,0.8906885318774764,1.1627749214042429,0.9280328532462085,0.12074971196522372
2015-12-06,558232.5,17.557083333333335,0.050478789320427035,0.0025481081712560587,123.25932464182986,113.1449441442848,0.8733606599099955,0.8586102882409875,0.8906885318774764,1.1627749214042429,0.9380176090398068,0.12074971196522372
2015-12-07,112432.5,40.61125,-1.6024225006940849,2.5677578707306843,125.82253420204167,113.1449441442848,0.8733606599099955,0.8586102882409875,0.8906885318774764,1.1627749214042429,0.9382935783669362,0.12074971196522372
2015-12-08,181074.5,34.729166666666664,0.4765555072183754,0.22710515146016305,126.0203817878256,113.1449441442848,0.8733606599099955,0.8586102882409875,0.8906885318774764,1.1627749214042429,0.9571270023796268,0.12074971196522372
2015-12-09,245593.75,34.945,0.3047701992756306,0.09288487436650758,126.11128393103351,113.1449441442848,0.8733606599099955,0.8586102882409875,0.8906885318774764,1.1627749214042429,0.9545972679401827,0.12074971196522372
2015-12-10,345120.0,29.460833333333337,0.34021343457439784,0.11574518106490808,126.12042660184623,113.1449441442848,0.8733606599099955,0.8586102882409875,0.8906885318774764,1.1627749214042429,0.9482555078439187,0.12074971196522372
2015-12-11,463058.25,26.403333333333332,0.29396067346718685,0.08641287754528205,125.48888192689381,113.1449441442848,0.8733606599099955,0.8586102882409875,0.8906885318774764,1.1627749214042429,0.9562999881967116,0.12074971196522372
2015-12-12,372762.5,25.8225,-0.21691136848487869,0.047050541777982825,124.94370827258143,113.1449441442848,0.8733606599099955,0.8586102882409875,0.8906885318774764,1.1627749214042429,0.9492225171595498,0.12074971196522372
2015-12-13,286228.5,27.102083333333336,-0.2641510447458457,0.06977577444032179,125.00014060025451,113.1449441442848,0.8733606599099955,0.8586102882409875,0.8906885318774764,1.1627749214042429,0.9422926765730738,0.12074971196522372
2015-12-14,87813.0,41.941250000000004,-1.1815808894152764,1.3961333982313957,126.38775682902426,113.1449441442848,0.8733606599099955,0.8586102882409875,0.8906885318774764,1.1627749214042429,0.9372613193257042,0.12074971196522372
2015-12-15,65506.25,42.61208333333334,-0.2930639955256819,0.08588650547347691,126.17089716770754,113.1449441442848,0.8733606599099955,0.8586102882409875,0.8906885318774764,1.1627749214042429,0.933115273452853,0.12074971196522372
2015-12-16,193459.25,36.96791666666667,1.0829213380401441,1.1727186243826562,127.10352939685248,113.1449441442848,0.8733606599099955,0.8586102882409875,0.8906885318774764,1.1627749214042429,0.9343516664398841,0.12074971196522372
2015-12-17,287142.25,32.46791666666667,0.39491084159121753,0.15595457280628372,125.72331487912467,113.1449441442848,0.8733606599099955,0.8586102882409875,0.8906885318774764,1.1627749214042429,0.9309204816837449,0.12074971196522372
2015-12-18,273944.0,32.64458333333334,-0.047054031630034396,0.0022140818926402774,125.65610007306469,113.1449441442848,0.8733606599099955,0.8586102882409875,0.8906885318774764,1.1627749214042429,0.9259321185487912,0.12074971196522372
2015-12-19,252706.25,26.869583333333335,-0.08069595896453806,0.006511837793206411,120.34926882221112,113.1449441442848,0.8733606599099955,0.8586102882409875,0.8906885318774764,1.1627749214042429,0.9206701857053265,0.12074971196522372
2015-12-20,303692.25,17.330416666666668,0.18378710614907318,0.03377770038665069,120.3374786571603,113.1449441442848,0.8733606599099955,0.8586102882409875,0.8906885318774764,1.1627749214042429,0.9160828011936404,0.12074971196522372
2015-12-21,506234.0,24.982083333333335,0.5109841598608181,0.26110481162866617,120.48575734036959,113.1449441442848,0.8733606599099955,0.8586102882409875,0.8906885318774764,1.1627749214042429,0.9116789703751267,0.12074971196522372
2015-12-22,581799.75,16.974999999999998,0.1391273033770501,0.019356406544969736,120.05329474174899,113.1449441442848,0.8733606599099955,0.8586102882409875,0.8906885318774764,1.1627749214042429,0.9120742607347629,0.12074971196522372
2015-12-23,503958.0,19.508333333333333,-0.14363338509446064,0.020630549313693628,119.92724179554114,113.1449441442848,0.8733606599099955,0.8586102882409875,0.8906885318774764,1.1627749214042429,0.9132784936890382,0.12074971196522372
2015-12-24,375098.5,17.27125,-0.2953042731193919,0.0872046137225724,119.52232645062242,113.1449441442848,0.8733606599099955,0.8586102882409875,0.8906885318774764,1.1627749214042429,0.9102473087360371,0.12074971196522372
2015-12-25,359646.75,13.3025,-0.04206635843701837,0.0017695785121517066,119.52409411658108,113.1449441442848,0.8733606599099955,0.8586102882409875,0.8906885318774764,1.1627749214042429,0.904691781068123,0.12074971196522372
2015-12-26,556411.0,6.792083333333333,0.4363849300943317,0.19043180721343478,119.4974602697936,113.1449441442848,0.8733606599099955,0.8586102882409875,0.8906885318774764,1.1627749214042429,0.9009283759788789,0.12074971196522372
2015-12-27,400234.0,15.527083333333332,-0.32945785374135483,0.10854247739185996,119.16080881176177,113.1449441442848,0.8733606599099955,0.8586102882409875,0.8906885318774764,1.1627749214042429,0.9000067677633377,0.12074971196522372
2015-12-28,159962.5,30.809166666666666,-0.9171099632984723,0.8410906847813252,119.1278635714818,113.1449441442848,0.8733606599099955,0.8586102882409875,0.8906885318774764,1.1627749214042429,0.8953472521873114,0.12074971196522372
2015-12-29,257706.75,30.957083333333333,0.47688289779953064,0.2274172982136776,118.99117141753004,113.1449441442848,0.8733606599099955,0.8586102882409875,0.8906885318774764,1.1627749214042429,0.896077185236225,0.12074971196522372
2015-12-30,251939.0,26.86375,-0.022635315845981056,0.000512357523447321,118.5240846559252,113.1449441442848,0.8733606599099955,0.8586102882409875,0.8906885318774764,1.1627749214042429,0.8954424349562047,0.12074971196522372
2015-12-31,258919.5,21.920416666666668,0.02733020785977205,0.000746940261658346,118.02097621818051,113.1449441442848,0.8733606599099955,0.8586102882409875,0.8906885318774764,1.1627749214042429,0.8899340865736141,0.12074971196522372
2016-01-01,86528.25,24.949166666666667,-1.0960462523626,1.2013173873181002,119.22053193532379,113.1449441442848,0.8733606599099955,0.8586102882409875,0.8906885318774764,1.1627749214042429,0.8849437854763451,0.12074971196522372
2016-01-02,341620.25,18.137083333333333,1.373228789802482,1.8857573091423891,120.13790398101298,113.1449441442848,0.8733606599099955,0.8586102882409875,0.8906885318774764,1.1627749214042429,0.8909966292643983,0.12074971196522372
2016-01-03,356507.75,14.145416666666668,0.04265623873157577,0.001819554702725185,119.81410005328793,113.1449441442848,0.8733606599099955,0.8586102882409875,0.8906885318774764,1.1627749214042429,0.8971087810078651,0.12074971196522372
2016-01-04,233462.5,27.47458333333333,-0.4233345141087685,0.1792121108357071,119.74163215554223,113.1449441442848,0.8733606599099955,0.8586102882409875,0.8906885318774764,1.1627749214042429,0.8946445724992167,0.12074971196522372
2016-01-05,160886.25,33.38916666666667,-0.372323871098498,0.13862506498977098,119.88018092385963,113.1449441442848,0.8733606599099955,0.8586102882409875,0.8906885318774764,1.1627749214042429,0.8896519773752214,0.12074971196522372
2016-01-06,104122.25,33.606249999999996,-0.4351319039672115,0.1893397738501306,120.06432433526507,113.1449441442848,0.8733606599099955,0.8586102882409875,0.8906885318774764,1.1627749214042429,0.8848263658460402,0.12074971196522372
2016-01-07,247711.25,33.39541666666667,0.8666980637341053,0.7511655336804473,120.78491650843829,113.1449441442848,0.8733606599099955,0.8586102882409875,0.8906885318774764,1.1627749214042429,0.8796721865935406,0.12074971196522372
2016-01-08,440490.25,26.9675,0.5756245578844478,0.33134363163966596,120.40254070919276,113.1449441442848,0.8733606599099955,0.8586102882409875,0.8906885318774764,1.1627749214042429,0.8780746821367439,0.12074971196522372
2016-01-09,163748.75,28.89708333333333,-0.9895550702941299,0.9792192371448204,120.91080260261003,113.1449441442848,0.8733606599099955,0.8586102882409875,0.8906885318774764,1.1627749214042429,0.8752407506311753,0.12074971196522372
2016-01-10,294443.0,20.562916666666666,0.5867521950731992,0.3442781384232176,118.16739311252257,113.1449441442848,0.8733606599099955,0.8586102882409875,0.8906885318774764,1.1627749214042429,0.8701031180069609,0.12074971196522372
2016-01-11,172182.75,33.61625,-0.5365290232118077,0.2878633927486165,118.44816001617521,113.1449441442848,0.8733606599099955,0.8586102882409875,0.8906885318774764,1.1627749214042429,0.8656949193193466,0.12074971196522372
2016-01-12,277630.75,29.446250000000003,0.47773558063154814,0.22823128500136244,118.15283730453875,113.1449441442848,0.8733606599099955,0.8586102882409875,0.8906885318774764,1.1627749214042429,0.862272141423101,0.12074971196522372
2016-01-13,320110.25,29.160416666666666,0.142373474315131,0.020270206188561266,118.07333333702236,113.1449441442848,0.8733606599099955,0.8586102882409875,0.8906885318774764,1.1627749214042429,0.859538261127389,0.12074971196522372
2016-01-14,210985.0,33.594166666666666,-0.4168784268048538,0.17378762273528986,118.24668515064036,113.1449441442848,0.8733606599099955,0.8586102882409875,0.8906885318774764,1.1627749214042429,0.8586446724002464,0.12074971196522372
2016-01-15,140966.5,35.40416666666667,-0.40326476740462514,0.16262247262990642,114.5812789624246,113.1449441442848,0.8733606599099955,0.8586102882409875,0.8906885318774764,1.1627749214042429,0.8538664253483557,0.12074971196522372
2016-01-16,108512.5,28.3175,-0.2616568997791045,0.06846433320201234,111.23410093354725,113.1449441442848,0.8733606599099955,0.8586102882409875,0.8906885318774764,1.1627749214042429,0.8513820213222025,0.12074971196522372
2016-01-17,88703.25,27.56625,-0.2015688447128675,0.0406299991588801,111.27455846468945,113.1449441442848,0.8733606599099955,0.8586102882409875,0.8906885318774764,1.1627749214042429,0.8664154594887343,0.12074971196522372
2016-01-18,58690.5,38.86625,-0.41301865513220576,0.17058440948721593,111.13599778930005,113.1449441442848,0.8733606599099955,0.8586102882409875,0.8906885318774764,1.1627749214042429,0.8614746154325554,0.12074971196522372
2016-01-19,131615.75,48.20208333333333,0.807608818708246,0.6522320040553286,111.42563750122616,113.1449441442848,0.8733606599099955,0.8586102882409875,0.8906885318774764,1.1627749214042429,0.8580864419078228,0.12074971196522372
2016-01-20,104564.25,48.72666666666667,-0.23008497757243454,0.0529390969045077,111.43184143882982,113.1449441442848,0.8733606599099955,0.8586102882409875,0.8906885318774764,1.1627749214042429,0.8536665872636917,0.12074971196522372
2016-01-21,30331.25,52.17958333333333,-1.237623180837275,1.5317111377457744,111.89431442049653,113.1449441442848,0.8733606599099955,0.8586102882409875,0.8906885318774764,1.1627749214042429,0.8631735176018022,0.12074971196522372
2016-01-22,150193.0,33.2925,1.5997425995453234,2.559176384800029,114.34552806005061,113.1449441442848,0.8733606599099955,0.8586102882409875,0.8906885318774764,1.1627749214042429,0.8629351184768564,0.12074971196522372
2016-01-23,247503.5,28.279583333333335,0.4995035896061849,0.249503836029464,113.37306842595837,113.1449441442848,0.8733606599099955,0.8586102882409875,0.8906885318774764,1.1627749214042429,0.8597119486217368,0.12074971196522372
2016-01-24,204481.75,26.318749999999998,-0.1909459938761399,0.036460372577346856,113.29405071618265,113.1449441442848,0.8733606599099955,0.8586102882409875,0.8906885318774764,1.1627749214042429,0.8554358706970506,0.12074971196522372
2016-01-25,253673.0,28.340416666666666,0.21556730658363318,0.046469263667722104,113.05424570861689,113.1449441442848,0.8733606599099955,0.8586102882409875,0.8906885318774764,1.1627749214042429,0.85144089363619,0.12074971196522372
2016-01-26,421768.75,25.510416666666668,0.508411142024548,0.25848188933470506,112.96306392184256,113.1449441442848,0.8733606599099955,0.8586102882409875,0.8906885318774764,1.1627749214042429,0.8471103661277061,0.12074971196522372
2016-01-27,608016.25,19.2025,0.36574443052775313,0.13376898846207044,112.01847901220616,113.1449441442848,0.8733606599099955,0.8586102882409875,0.8906885318774764,1.1627749214042429,0.8493563036541537,0.12074971196522372
2016-01-28,416045.0,25.802083333333332,-0.3794081810947911,0.14395056788165778,112.11950828043625,113.1449441442848,0.8733606599099955,0.8586102882409875,0.8906885318774764,1.1627749214042429,0.8605041594163224,0.12074971196522372
2016-01-29,582146.0,22.647499999999997,0.3359278478901816,0.11284751898812899,111.65025632576622,113.1449441442848,0.8733606599099955,0.8586102882409875,0.8906885318774764,1.1627749214042429,0.8557279861484544,0.12074971196522372
2016-01-30,618684.5,12.052083333333334,0.06087417431554326,0.003705665098599147,111.18578342439994,113.1449441442848,0.8733606599099955,0.8586102882409875,0.8906885318774764,1.1627749214042429,0.864819522060616,0.12074971196522372
2016-01-31,443345.75,12.051250000000001,-0.3332455100193425,0.1110525699480517,109.7850729453657,113.1449441442848,0.8733606599099955,0.8586102882409875,0.8906885318774764,1.1627749214042429,0.8603920675903354,0.12074971196522372
2016-02-01,504298.0,21.254166666666666,0.1288174235072145,0.01659392859903706,108.23851628492227,113.1449441442848,0.8733606599099955,0.8586102882409875,0.8906885318774764,1.1627749214042429,0.857087036084934,0.12074971196522372
2016-02-02,653291.25,16.569583333333334,0.2588556850350256,0.06700626567495237,107.87775995461058,113.1449441442848,0.8733606599099955,0.8586102882409875,0.8906885318774764,1.1627749214042429,0.8530166437472552,0.12074971196522372
2016-02-03,485201.25,22.866666666666664,-0.29745929489273354,0.08848203211808221,107.96160241866187,113.1449441442848,0.8733606599099955,0.8586102882409875,0.8906885318774764,1.1627749214042429,0.8761589756299658,0.12074971196522372
2016-02-04,340832.25,26.363333333333333,-0.3531733325641019,0.12473140283443371,107.57484620927876,113.1449441442848,0.8733606599099955,0.8586102882409875,0.8906885318774764,1.1627749214042429,0.8710001746556707,0.12074971196522372
2016-02-05,220825.25,27.860416666666666,-0.43401875601094,0.18837228056928385,107.42127024872109,113.1449441442848,0.8733606599099955,0.8586102882409875,0.8906885318774764,1.1627749214042429,0.8662681099995176,0.12074971196522372
2016-02-06,344605.5,16.29625,0.44502861975166547,0.19805047239807244,107.2742876832276,113.1449441442848,0.8733606599099955,0.8586102882409875,0.8906885318774764,1.1627749214042429,0.8614723763768126,0.12074971196522372
2016-02-07,455016.75,9.772916666666667,0.27793394695976115,0.07724727887263132,107.35137135038323,113.1449441442848,0.8733606599099955,0.8586102882409875,0.8906885318774764,1.1627749214042429,0.8610864833017089,0.12074971196522372
2016-02-08,682469.5,13.64125,0.40538360595568407,0.16433586797763333,107.25166436561273,113.1449441442848,0.8733606599099955,0.8586102882409875,0.8906885318774764,1.1627749214042429,0.8600006372605964,0.12074971196522372
2016-02-09,575170.0,16.152083333333334,-0.17105218814108694,0.029258851067853805,106.06868616099513,113.1449441442848,0.8733606599099955,0.8586102882409875,0.8906885318774764,1.1627749214042429,0.8651898558216252,0.12074971196522372
2016-02-10,379021.25,24.329166666666666,-0.41707337716254783,0.17395020193777289,106.16798556446493,113.1449441442848,0.8733606599099955,0.8586102882409875,0.8906885318774764,1.1627749214042429,0.8608157377196053,0.12074971196522372
2016-02-11,302371.5,25.715416666666666,-0.2259358782800286,0.051047021094167894,102.03263356411229,113.1449441442848,0.8733606599099955,0.8586102882409875,0.8906885318774764,1.1627749214042429,0.8601405679527117,0.12074971196522372
2016-02-12,85501.0,28.59166666666667,-1.2631283220514449,1.5954931579684986,102.25476795602658,113.1449441442848,0.8733606599099955,0.8586102882409875,0.8906885318774764,1.1627749214042429,0.8667530255858414,0.12074971196522372
2016-02-13,131809.75,22.936666666666667,0.43283152327237656,0.18734312753828586,102.39153281981613,113.1449441442848,0.8733606599099955,0.8586102882409875,0.8906885318774764,1.1627749214042429,0.8830959546265486,0.12074971196522372
2016-02-14,225743.5,15.36625,0.5380398039169298,0.28948683059896835,102.29830788400075,113.1449441442848,0.8733606599099955,0.8586102882409875,0.8906885318774764,1.1627749214042429,0.8777516083305241,0.12074971196522372
2016-02-15,174019.25,24.527083333333334,-0.2602334736909088,0.06772146082923694,102.16718433648602,113.1449441442848,0.8733606599099955,0.8586102882409875,0.8906885318774764,1.1627749214042429,0.880892376224136,0.12074971196522372
2016-02-16,63667.75,32.36875,-1.0054877703385874,1.011005656300464,103.06377315254637,113.1449441442848,0.8733606599099955,0.8586102882409875,0.8906885318774764,1.1627749214042429,0.8771402343244195,0.12074971196522372
2016-02-17,157294.25,26.089166666666667,0.9044401001008083,0.8180118946703602,103.78588008974366,113.1449441442848,0.8733606599099955,0.8586102882409875,0.8906885318774764,1.1627749214042429,0.8857482728370936,0.12074971196522372
2016-02-18,57410.5,27.86375,-1.0078910416156526,1.0158443517690852,104.71204614103446,113.1449441442848,0.8733606599099955,0.8586102882409875,0.8906885318774764,1.1627749214042429,0.8838345893575181,0.12074971196522372
2016-02-19,83383.5,27.3625,0.3732232346391096,0.13929558287447988,104.82607428367265,113.1449441442848,0.8733606599099955,0.8586102882409875,0.8906885318774764,1.1627749214042429,0.8853562156665478,0.12074971196522372
2016-02-20,535350.0,14.19,1.8594702905394527,3.4576297613988767,107.49305027185625,113.1449441442848,0.8733606599099955,0.8586102882409875,0.8906885318774764,1.1627749214042429,0.8801045996970914,0.12074971196522372
2016-02-21,581942.75,8.92375,0.083451336591145,0.006964125578848576,107.48966502570342,113.1449441442848,0.8733606599099955,0.8586102882409875,0.8906885318774764,1.1627749214042429,0.8944617870969888,0.12074971196522372
2016-02-22,496595.5,19.189583333333335,-0.1585962637814238,0.02515277488542696,107.51099623579321,113.1449441442848,0.8733606599099955,0.8586102882409875,0.8906885318774764,1.1627749214042429,0.8888472171301811,0.12074971196522372
2016-02-23,239066.0,24.519166666666667,-0.7310361469774409,0.5344138481876226,107.99218952759978,113.1449441442848,0.8733606599099955,0.8586102882409875,0.8906885318774764,1.1627749214042429,0.8855783302667133,0.12074971196522372
2016-02-24,217500.5,23.95125,-0.0945385150598882,0.008937530829728707,107.97630387611761,113.1449441442848,0.8733606599099955,0.8586102882409875,0.8906885318774764,1.1627749214042429,0.8803333960876816,0.12074971196522372
2016-02-25,129905.75,27.88,-0.5153919618606838,0.26562887435060456,107.71189930830037,113.1449441442848,0.8733606599099955,0.8586102882409875,0.8906885318774764,1.1627749214042429,0.8750710064153163,0.12074971196522372
2016-02-26,83341.5,27.83375,-0.44386256312353684,0.19701397494259573,107.9089063773072,113.1449441442848,0.8733606599099955,0.8586102882409875,0.8906885318774764,1.1627749214042429,0.8725655565263912,0.12074971196522372
2016-02-27,112073.25,23.000833333333333,0.2962060509833122,0.08773802463912855,107.85211609110625,113.1449441442848,0.8733606599099955,0.8586102882409875,0.8906885318774764,1.1627749214042429,0.8746542533410324,0.12074971196522372
2016-02-28,177703.75,18.336666666666666,0.460965162544733,0.21248888107989214,107.58616061527886,113.1449441442848,0.8733606599099955,0.8586102882409875,0.8906885318774764,1.1627749214042429,0.9046802763982958,0.12074971196522372
2016-02-29,245315.5,23.944999999999997,0.32242729928081765,0.10395936332152195,107.29579934106411,113.1449441442848,0.8733606599099955,0.8586102882409875,0.8906885318774764,1.1627749214042429,0.9006040464513172,0.12074971196522372
2016-03-01,184072.0,24.997083333333332,-0.2872181517840817,0.08249426671426381,107.26172815510392,113.1449441442848,0.8733606599099955,0.8586102882409875,0.8906885318774764,1.1627749214042429,0.9014195802367022,0.12074971196522372
2016-03-02,337946.5,24.049166666666665,0.6075606135138805,0.36912989909336286,107.62967340825662,113.1449441442848,0.8733606599099955,0.8586102882409875,0.8906885318774764,1.1627749214042429,0.901064861219478,0.12074971196522372
2016-03-03,97876.5,28.190416666666668,-1.2391811190670836,1.5355698458523497,107.7229889875854,113.1449441442848,0.8733606599099955,0.8586102882409875,0.8906885318774764,1.1627749214042429,0.8952993352207618,0.12074971196522372
2016-03-04,237401.0,24.883750000000003,0.8860442146025834,0.7850743502307089,108.07907756986987,113.1449441442848,0.8733606599099955,0.8586102882409875,0.8906885318774764,1.1627749214042429,0.9099666671726901,0.12074971196522372
2016-03-05,77219.75,23.12625,-1.1230954411389995,1.2613433699072039,106.17079804194285,113.1449441442848,0.8733606599099955,0.8586102882409875,0.8906885318774764,1.1627749214042429,0.9063314000083159,0.12074971196522372
2016-03-06,104469.5,21.33375,0.3022399094473667,0.0913489628627524,105.45315269316602,113.1449441442848,0.8733606599099955,0.8586102882409875,0.8906885318774764,1.1627749214042429,0.909614102570501,0.12074971196522372
2016-03-07,52878.0,29.422916666666666,-0.6809077894294004,0.4636354177056327,105.8445148473175,113.1449441442848,0.8733606599099955,0.8586102882409875,0.8906885318774764,1.1627749214042429,0.9081869264166961,0.12074971196522372
2016-03-08,55098.75,28.36375,0.0411396565305502,0.0016924713394516416,105.79992165025637,113.1449441442848,0.8733606599099955,0.8586102882409875,0.8906885318774764,1.1627749214042429,0.9039321356254496,0.12074971196522372
2016-03-09,197477.75,25.749166666666667,1.276498889890785,1.6294494158924064,106.11835506097614,113.1449441442848,0.8733606599099955,0.8586102882409875,0.8906885318774764,1.1627749214042429,0.9023576286120721,0.12074971196522372
2016-03-10,106896.5,26.155,-0.6137648431512348,0.3767072826884599,106.2979938606412,113.1449441442848,0.8733606599099955,0.8586102882409875,0.8906885318774764,1.1627749214042429,0.8986679617657394,0.12074971196522372
2016-03-11,85351.5,27.9225,-0.22508305283721933,0.050662380674522466,105.65527289410107,113.1449441442848,0.8733606599099955,0.8586102882409875,0.8906885318774764,1.1627749214042429,0.895041323278895,0.12074971196522372
2016-03-12,81123.25,27.814583333333335,-0.050808420635566974,0.0025814956074807077,105.64566029129183,113.1449441442848,0.8733606599099955,0.8586102882409875,0.8906885318774764,1.1627749214042429,0.894457226111971,0.12074971196522372
2016-03-13,130389.25,22.926666666666666,0.47455460430110114,0.22520207246337468,105.8591610165949,113.1449441442848,0.8733606599099955,0.8586102882409875,0.8906885318774764,1.1627749214042429,0.8973606401911771,0.12074971196522372
2016-03-14,91215.5,27.454583333333332,-0.3572993686642655,0.1276628388478827,105.47986811186456,113.1449441442848,0.8733606599099955,0.8586102882409875,0.8906885318774764,1.1627749214042429,0.9036201711396834,0.12074971196522372
2016-03-15,139956.5,27.145416666666666,0.42810682126217686,0.18327545041120544,105.23987093533529,113.1449441442848,0.8733606599099955,0.8586102882409875,0.8906885318774764,1.1627749214042429,0.9001160790456232,0.12074971196522372
2016-03-16,248274.0,25.409583333333334,0.5732013149476426,0.32855974745770655,103.44647824087676,113.1449441442848,0.8733606599099955,0.8586102882409875,0.8906885318774764,1.1627749214042429,0.8943512634903842,0.12074971196522372
2016-03-17,69682.25,27.63083333333333,-1.270587352495903,1.6143922203225483,105.06057675597782,113.1449441442848,0.8733606599099955,0.8586102882409875,0.8906885318774764,1.1627749214042429,0.8943686157145512,0.12074971196522372
2016-03-18,106601.5,25.24083333333333,0.4251519604336588,0.1807541894605834,104.93942384287143,113.1449441442848,0.8733606599099955,0.8586102882409875,0.8906885318774764,1.1627749214042429,0.8899491300013842,0.12074971196522372
2016-03-19,84271.25,24.549166666666665,-0.2350568199790532,0.055251708618665026,102.4474127571706,113.1449441442848,0.8733606599099955,0.8586102882409875,0.8906885318774764,1.1627749214042429,0.8845918416536616,0.12074971196522372
2016-03-20,235849.25,17.882916666666667,1.029152066789684,1.0591539765774785,102.7881744967199,113.1449441442848,0.8733606599099955,0.8586102882409875,0.8906885318774764,1.1627749214042429,0.8798368289310857,0.12074971196522372
2016-03-21,265770.25,25.300833333333333,0.1194393840166531,0.01426576645427753,102.7945191924068,113.1449441442848,0.8733606599099955,0.8586102882409875,0.8906885318774764,1.1627749214042429,0.8862335469190548,0.12074971196522372
2016-03-22,155450.25,28.4225,-0.536306469016959,0.2876246287094384,103.08087543495957,113.1449441442848,0.8733606599099955,0.8586102882409875,0.8906885318774764,1.1627749214042429,0.8827350911245352,0.12074971196522372
2016-03-23,115957.0,26.442083333333333,-0.29310631200883014,0.08591131013941768,102.32833523980352,113.1449441442848,0.8733606599099955,0.8586102882409875,0.8906885318774764,1.1627749214042429,0.8773982099848527,0.12074971196522372
2016-03-24,61611.5,27.783749999999998,-0.6323708913017303,0.3998929441657448,102.56157596397185,113.1449441442848,0.8733606599099955,0.8586102882409875,0.8906885318774764,1.1627749214042429,0.8726499258808967,0.12074971196522372
2016-03-25,156888.0,25.452916666666667,0.9346836335514701,0.8736334948289789,100.95170878688782,113.1449441442848,0.8733606599099955,0.8586102882409875,0.8906885318774764,1.1627749214042429,0.8754220526140111,0.12074971196522372
2016-03-26,190213.75,20.090833333333332,0.19261626484365726,0.037101025482321914,100.96491534121446,113.1449441442848,0.8733606599099955,0.8586102882409875,0.8906885318774764,1.1627749214042429,0.8720488190140372,0.12074971196522372
2016-03-27,332887.0,10.411739130434782,0.5596546532302871,0.31321333088231285,101.27043513287994,113.1449441442848,0.8733606599099955,0.8586102882409875,0.8906885318774764,1.1627749214042429,0.8672361866854419,0.12074971196522372
2016-03-28,434391.5,1.5220833333333335,0.26614310815664993,0.07083215401928226,101.33864575567961,113.1449441442848,0.8733606599099955,0.8586102882409875,0.8906885318774764,1.1627749214042429,0.8658150668861849,0.12074971196522372
2016-03-29,384218.5,22.066666666666666,-0.12273480002978206,0.01506383113835059,101.18553194602553,113.1449441442848,0.8733606599099955,0.8586102882409875,0.8906885318774764,1.1627749214042429,0.8722788485592816,0.12074971196522372
2016-03-30,265739.25,27.193749999999998,-0.3686958363276898,0.13593661972537463,100.53035771923243,113.1449441442848,0.8733606599099955,0.8586102882409875,0.8906885318774764,1.1627749214042429,0.867240244938212,0.12074971196522372
2016-03-31,96523.25,27.942083333333333,-1.0127316528838413,1.0256254007528371,101.55594696389463,113.1449441442848,0.8733606599099955,0.8586102882409875,0.8906885318774764,1.1627749214042429,0.8628204602677939,0.12074971196522372
2016-04-01,88797.5,27.596249999999998,-0.08342541551915549,0.006959799954543749,101.55731158147421,113.1449441442848,0.8733606599099955,0.8586102882409875,0.8906885318774764,1.1627749214042429,0.8604149240246739,0.12074971196522372
2016-04-02,152470.75,21.498333333333335,0.5406142779235127,0.292263797494761,98.97038403646599,113.1449441442848,0.8733606599099955,0.8586102882409875,0.8906885318774764,1.1627749214042429,0.8648943845090254,0.12074971196522372
2016-04-03,90055.0,17.689583333333335,-0.5265521795831558,0.27725719782377195,98.99720182522246,113.1449441442848,0.8733606599099955,0.8586102882409875,0.8906885318774764,1.1627749214042429,0.8600844365006565,0.12074971196522372
2016-04-04,109277.0,27.139166666666668,0.19346534824082212,0.037428840969942576,99.03456678788424,113.1449441442848,0.8733606599099955,0.8586102882409875,0.8906885318774764,1.1627749214042429,0.8585874189696264,0.12074971196522372
2016-04-05,106046.75,26.8725,-0.03000590841048228,0.0009003545395382513,98.82011639813628,113.1449441442848,0.8733606599099955,0.8586102882409875,0.8906885318774764,1.1627749214042429,0.8556237402500104,0.12074971196522372
2016-04-06,349582.75,22.62,1.192860265839395,1.422915613818432,100.22534956676662,113.1449441442848,0.8733606599099955,0.8586102882409875,0.8906885318774764,1.1627749214042429,0.8696321213732143,0.12074971196522372
2016-04-07,312922.25,22.820833333333336,-0.11078554333153787,0.012273436611264054,100.23663728755207,113.1449441442848,0.8733606599099955,0.8586102882409875,0.8906885318774764,1.1627749214042429,0.8878009996248076,0.12074971196522372
2016-04-08,90483.0,28.347083333333334,-1.2407927693703436,1.5395666965217265,100.59046856393829,113.1449441442848,0.8733606599099955,0.8586102882409875,0.8906885318774764,1.1627749214042429,0.889838859162436,0.12074971196522372
2016-04-09,48373.0,24.136666666666667,-0.6262201809308521,0.3921517150050691,100.56429527593241,113.1449441442848,0.8733606599099955,0.8586102882409875,0.8906885318774764,1.1627749214042429,0.8920191599097397,0.12074971196522372
2016-04-10,118200.25,19.307083333333335,0.8934384132029607,0.7982321981866243,101.13615441766142,113.1449441442848,0.8733606599099955,0.8586102882409875,0.8906885318774764,1.1627749214042429,0.8934524952957706,0.12074971196522372
2016-04-11,181478.75,23.594166666666666,0.4287583469317302,0.1838337200636299,100.25985893841737,113.1449441442848,0.8733606599099955,0.8586102882409875,0.8906885318774764,1.1627749214042429,0.8944639550326468,0.12074971196522372
2016-04-12,73035.0,28.355,-0.910199788657939,0.828463655272957,100.92552586989889,113.1449441442848,0.8733606599099955,0.8586102882409875,0.8906885318774764,1.1627749214042429,0.8895649652766171,0.12074971196522372
2016-04-13,43180.0,28.537916666666664,-0.5255613532161125,0.27621473599435137,100.12995321535915,113.1449441442848,0.8733606599099955,0.8586102882409875,0.8906885318774764,1.1627749214042429,0.8840703197091208,0.12074971196522372
2016-04-14,51601.25,26.73875,0.17816847191364146,0.03174400438404205,100.00264457935124,113.1449441442848,0.8733606599099955,0.8586102882409875,0.8906885318774764,1.1627749214042429,0.8907705255510107,0.12074971196522372
2016-04-15,202050.5,25.2375,1.3649717691561094,1.8631479305931593,101.84013297169645,113.1449441442848,0.8733606599099955,0.8586102882409875,0.8906885318774764,1.1627749214042429,0.909116309515785,0.12074971196522372
2016-04-16,294114.0,18.894583333333333,0.3754497811267286,0.1409625381481084,101.66721325577322,113.1449441442848,0.8733606599099955,0.8586102882409875,0.8906885318774764,1.1627749214042429,0.9035177527710001,0.12074971196522372
2016-04-17,154027.0,18.5125,-0.6468395355617617,0.4184013847657555,101.71171378715395,113.1449441442848,0.8733606599099955,0.8586102882409875,0.8906885318774764,1.1627749214042429,0.9007402237695347,0.12074971196522372
2016-04-18,196635.25,23.93166666666667,0.24422257798685115,0.059644667598543595,101.76102778560629,113.1449441442848,0.8733606599099955,0.8586102882409875,0.8906885318774764,1.1627749214042429,0.9015350328424326,0.12074971196522372
2016-04-19,344897.5,20.54041666666667,0.5618967817304751,0.31572799331906515,102.07128210254328,113.1449441442848,0.8733606599099955,0.8586102882409875,0.8906885318774764,1.1627749214042429,0.8991617460504414,0.12074971196522372
2016-04-20,176335.75,23.909583333333334,-0.6708574232384598,0.45004968231414594,102.5057235179529,113.1449441442848,0.8733606599099955,0.8586102882409875,0.8906885318774764,1.1627749214042429,0.9050037274224627,0.12074971196522372
2016-04-21,82554.75,26.58666666666667,-0.758928138605209,0.5759719195667674,102.39589657679593,113.1449441442848,0.8733606599099955,0.8586102882409875,0.8906885318774764,1.1627749214042429,0.8993956881587201,0.12074971196522372
2016-04-22,128681.75,25.745833333333334,0.4438805923102968,0.19702998022973991,102.5831776577669,113.1449441442848,0.8733606599099955,0.8586102882409875,0.8906885318774764,1.1627749214042429,0.8943035627484662,0.12074971196522372
2016-04-23,160853.75,22.59875,0.22315326515419762,0.04979737974897963,101.55263286346968,113.1449441442848,0.8733606599099955,0.8586102882409875,0.8906885318774764,1.1627749214042429,0.8916485007023478,0.12074971196522372
2016-04-24,162649.75,15.549166666666666,0.011103548815918731,0.00012328879630749026,101.52689239703237,113.1449441442848,0.8733606599099955,0.8586102882409875,0.8906885318774764,1.1627749214042429,0.886147489867175,0.12074971196522372
2016-04-25,223380.5,26.487083333333334,0.31727747957298363,0.10066499904418505,101.41354631544,113.1449441442848,0.8733606599099955,0.8586102882409875,0.8906885318774764,1.1627749214042429,0.8859611615606133,0.12074971196522372
2016-04-26,257021.0,26.994583333333335,0.14028119817079485,0.019678814560233817,101.37605142121396,113.1449441442848,0.8733606599099955,0.8586102882409875,0.8906885318774764,1.1627749214042429,0.8806851396745242,0.12074971196522372
2016-04-27,353589.5,26.091250000000002,0.3189788421332322,0.10174750172865746,100.07703799355833,113.1449441442848,0.8733606599099955,0.8586102882409875,0.8906885318774764,1.1627749214042429,0.8855493419637807,0.12074971196522372
2016-04-28,175709.0,29.895833333333332,-0.6993074181945748,0.48903086514196187,100.52349096410498,113.1449441442848,0.8733606599099955,0.8586102882409875,0.8906885318774764,1.1627749214042429,0.8870581018594527,0.12074971196522372
2016-04-29,242445.75,25.65416666666667,0.32194875645233184,0.10365100178120289,100.23777842845041,113.1449441442848,0.8733606599099955,0.8586102882409875,0.8906885318774764,1.1627749214042429,0.8819279703713059,0.12074971196522372
2016-04-30,117954.25,24.521666666666665,-0.7204811365886368,0.5190930681800539,100.09805926641654,113.1449441442848,0.8733606599099955,0.8586102882409875,0.8906885318774764,1.1627749214042429,0.8811968020441882,0.12074971196522372
2016-05-01,189391.25,18.631666666666668,0.4735181437415656,0.22421943245245798,99.40051486646111,113.1449441442848,0.8733606599099955,0.8586102882409875,0.8906885318774764,1.1627749214042429,0.8767883514384416,0.12074971196522372
2016-05-02,58045.75,27.828333333333333,-1.182583488447061,1.39850370714762,100.78589108111169,113.1449441442848,0.8733606599099955,0.8586102882409875,0.8906885318774764,1.1627749214042429,0.8812080167360703,0.12074971196522372
2016-05-03,181848.75,28.27416666666667,1.1419438048962027,1.3040356535408166,101.87636698485521,113.1449441442848,0.8733606599099955,0.8586102882409875,0.8906885318774764,1.1627749214042429,0.8769797818645023,0.12074971196522372
2016-05-04,85465.5,27.36,-0.755062511873074,0.570119396836076,102.27568801938321,113.1449441442848,0.8733606599099955,0.8586102882409875,0.8906885318774764,1.1627749214042429,0.8733369316577141,0.12074971196522372
2016-05-05,116279.25,19.45,0.30788183998225993,0.0947912273908619,102.33934977221455,113.1449441442848,0.8733606599099955,0.8586102882409875,0.8906885318774764,1.1627749214042429,0.8831020435064909,0.12074971196522372
2016-05-06,208298.5,22.535416666666666,0.5829775213673397,0.33986279041960704,101.58404694989808,113.1449441442848,0.8733606599099955,0.8586102882409875,0.8906885318774764,1.1627749214042429,0.8781914921687006,0.12074971196522372
2016-05-07,262491.25,14.770000000000001,0.2312456010539637,0.053474528006808936,100.87418898654349,113.1449441442848,0.8733606599099955,0.8586102882409875,0.8906885318774764,1.1627749214042429,0.8801233586649221,0.12074971196522372
2016-05-08,344521.5,-12.89,0.27193874965238185,0.07395068356250081,100.85770623840794,113.1449441442848,0.8733606599099955,0.8586102882409875,0.8906885318774764,1.1627749214042429,0.876361125156781,0.12074971196522372
2016-05-09,314632.75,21.563333333333333,-0.09075041214404732,0.008235637304314451,100.3559731938674,113.1449441442848,0.8733606599099955,0.8586102882409875,0.8906885318774764,1.1627749214042429,0.8749214495754167,0.12074971196522372
2016-05-10,220305.25,27.034583333333334,-0.35639200098741586,0.12701525836781422,99.89863130331877,113.1449441442848,0.8733606599099955,0.8586102882409875,0.8906885318774764,1.1627749214042429,0.8707612122361079,0.12074971196522372
2016-05-11,240473.5,25.073333333333334,0.08759581170088747,0.007673026227537334,99.87026529151483,113.1449441442848,0.8733606599099955,0.8586102882409875,0.8906885318774764,1.1627749214042429,0.8659667502425472,0.12074971196522372
2016-05-12,292183.25,25.30458333333333,0.1947712775580913,0.037935850561611036,99.21708176848163,113.1449441442848,0.8733606599099955,0.8586102882409875,0.8906885318774764,1.1627749214042429,0.8644551610680712,0.12074971196522372
2016-05-13,181450.75,27.3625,-0.47639690690206316,0.22695401290585304,98.20028966877668,113.1449441442848,0.8733606599099955,0.8586102882409875,0.8906885318774764,1.1627749214042429,0.8612637558424298,0.12074971196522372
2016-05-14,328700.5,12.85,0.5941627347923055,0.3530293554158716,98.00565816394148,113.1449441442848,0.8733606599099955,0.8586102882409875,0.8906885318774764,1.1627749214042429,0.8576454028335,0.12074971196522372
2016-05-15,341448.5,7.4004166666666675,0.03804986055480573,0.0014477918882401608,97.98091719074114,113.1449441442848,0.8733606599099955,0.8586102882409875,0.8906885318774764,1.1627749214042429,0.8614651816756975,0.12074971196522372
2016-05-16,236067.5,20.787499999999998,-0.36907908128801015,0.1362193682444016,96.70882561771879,113.1449441442848,0.8733606599099955,0.8586102882409875,0.8906885318774764,1.1627749214042429,0.858707646813831,0.12074971196522372
2016-05-17,181207.75,30.302916666666665,-0.2644736179660359,0.06994629460004471,96.29362416317964,113.1449441442848,0.8733606599099955,0.8586102882409875,0.8906885318774764,1.1627749214042429,0.8559045040147233,0.12074971196522372
2016-05-18,75549.5,30.627916666666668,-0.8748560925505143,0.7653731826727541,97.02498996312949,113.1449441442848,0.8733606599099955,0.8586102882409875,0.8906885318774764,1.1627749214042429,0.8522850233953345,0.12074971196522372
2016-05-19,52632.5,33.35583333333333,-0.361454270900589,0.1306491899522764,96.96138333090296,113.1449441442848,0.8733606599099955,0.8586102882409875,0.8906885318774764,1.1627749214042429,0.8610204451616745,0.12074971196522372
2016-05-20,154591.25,27.66125,1.0774507372176294,1.1609000911308132,98.1120670946919,113.1449441442848,0.8733606599099955,0.8586102882409875,0.8906885318774764,1.1627749214042429,0.8609979784933725,0.12074971196522372
2016-05-21,94387.75,21.81833333333333,-0.49337323909835945,0.24341715305840697,98.35547167236844,113.1449441442848,0.8733606599099955,0.8586102882409875,0.8906885318774764,1.1627749214042429,0.8646778356646968,0.12074971196522372
2016-05-22,203846.75,5.651666666666666,0.7699571882609132,0.5928340717546513,98.94743569070774,113.1449441442848,0.8733606599099955,0.8586102882409875,0.8906885318774764,1.1627749214042429,0.8599127981174607,0.12074971196522372
2016-05-23,142368.25,29.231666666666666,-0.3589514754080801,0.12884616169763752,98.80045105901148,113.1449441442848,0.8733606599099955,0.8586102882409875,0.8906885318774764,1.1627749214042429,0.8555129509719658,0.12074971196522372
2016-05-24,166278.0,29.41,0.15524407577268529,0.02410072306251525,98.59936988946315,113.1449441442848,0.8733606599099955,0.8586102882409875,0.8906885318774764,1.1627749214042429,0.852750777059148,0.12074971196522372
2016-05-25,27372.75,30.522916666666664,-1.8041130934294483,3.254824053883573,101.83290347504908,113.1449441442848,0.8733606599099955,0.8586102882409875,0.8906885318774764,1.1627749214042429,0.8490742293590071,0.12074971196522372
2016-05-26,16823.75,27.5475,-0.4867564144121251,0.23693180697134844,101.92439845260569,113.1449441442848,0.8733606599099955,0.8586102882409875,0.8906885318774764,1.1627749214042429,0.8603747404961978,0.12074971196522372
2016-05-27,31468.0,28.670833333333334,0.6261795779012077,0.39210086378053466,101.64958688378553,113.1449441442848,0.8733606599099955,0.8586102882409875,0.8906885318774764,1.1627749214042429,0.8623880873983353,0.12074971196522372
2016-05-28,60362.5,23.715416666666666,0.6513968947326643,0.42431791446735767,101.41272276517589,113.1449441442848,0.8733606599099955,0.8586102882409875,0.8906885318774764,1.1627749214042429,0.8595456924536593,0.12074971196522372
2016-05-29,123694.75,13.474166666666667,0.7174487859076598,0.5147327604003751,101.56422003029591,113.1449441442848,0.8733606599099955,0.8586102882409875,0.8906885318774764,1.1627749214042429,0.8547519490865854,0.12074971196522372
2016-05-30,194424.75,24.813333333333333,0.45222836162999014,0.20451049106254512,101.31259349468772,113.1449441442848,0.8733606599099955,0.8586102882409875,0.8906885318774764,1.1627749214042429,0.8531433448118517,0.12074971196522372
2016-05-31,81006.5,28.67375,-0.8755158003709026,0.7665279166991021,101.50227241732054,113.1449441442848,0.8733606599099955,0.8586102882409875,0.8906885318774764,1.1627749214042429,0.8551927792820168,0.12074971196522372
2016-06-01,122098.5,30.472916666666666,0.4102986976625049,0.1683450213035476,101.18257893109156,113.1449441442848,0.8733606599099955,0.8586102882409875,0.8906885318774764,1.1627749214042429,0.8505559542574305,0.12074971196522372
2016-06-02,66561.75,28.77541666666667,-0.6066980077942821,0.36808247266155075,101.0176558965817,113.1449441442848,0.8733606599099955,0.8586102882409875,0.8906885318774764,1.1627749214042429,0.8466203066307081,0.12074971196522372
2016-06-03,84538.0,29.080416666666665,0.23907104918390668,0.05715496655789393,100.16088887667082,113.1449441442848,0.8733606599099955,0.8586102882409875,0.8906885318774764,1.1627749214042429,0.8424284656724832,0.12074971196522372
2016-06-04,47918.25,25.14916666666667,-0.56770470347685,0.32228863034973815,100.48086282640192,113.1449441442848,0.8733606599099955,0.8586102882409875,0.8906885318774764,1.1627749214042429,0.8380839009840038,0.12074971196522372
2016-06-05,38721.0,20.317916666666665,-0.21311434542052696,0.04541772422401968,100.37683828022243,113.1449441442848,0.8733606599099955,0.8586102882409875,0.8906885318774764,1.1627749214042429,0.8388611470113099,0.12074971196522372
2016-06-06,60352.75,30.51625,0.4438244255069959,0.19698012067661497,100.57349738594549,113.1449441442848,0.8733606599099955,0.8586102882409875,0.8906885318774764,1.1627749214042429,0.8354195196057911,0.12074971196522372
2016-06-07,46855.25,29.117500000000003,-0.25314345185674336,0.06408160721794734,100.18673372106306,113.1449441442848,0.8733606599099955,0.8586102882409875,0.8906885318774764,1.1627749214042429,0.8564215138063722,0.12074971196522372
2016-06-08,120507.25,29.084166666666665,0.9446468549245008,0.892357680518751,101.06761508959816,113.1449441442848,0.8733606599099955,0.8586102882409875,0.8906885318774764,1.1627749214042429,0.8555396593617012,0.12074971196522372
2016-06-09,78251.25,30.6775,-0.4317851133623466,0.1864383841213345,101.13192976319772,113.1449441442848,0.8733606599099955,0.8586102882409875,0.8906885318774764,1.1627749214042429,0.856222400744053,0.12074971196522372
2016-06-10,126094.5,26.186666666666667,0.47710682210845684,0.22763091970243068,101.22595993662644,113.1449441442848,0.8733606599099955,0.8586102882409875,0.8906885318774764,1.1627749214042429,0.8577529336506533,0.12074971196522372
2016-06-11,34276.25,26.377916666666668,-1.3025789313285263,1.6967118723409658,102.88112461841652,113.1449441442848,0.8733606599099955,0.8586102882409875,0.8906885318774764,1.1627749214042429,0.8606757246370265,0.12074971196522372
2016-06-12,63345.0,22.4175,0.614143282540519,0.3771719714896437,103.22850735636565,113.1449441442848,0.8733606599099955,0.8586102882409875,0.8906885318774764,1.1627749214042429,0.8796355020187556,0.12074971196522372
2016-06-13,77039.0,29.299166666666665,0.19571581008161956,0.038304678315904575,102.8456155139633,113.1449441442848,0.8733606599099955,0.8586102882409875,0.8906885318774764,1.1627749214042429,0.8763293150916535,0.12074971196522372
2016-06-14,57016.5,30.144583333333333,-0.30097108750629853,0.090583595514724,102.11105124539196,113.1449441442848,0.8733606599099955,0.8586102882409875,0.8906885318774764,1.1627749214042429,0.8741558736103894,0.12074971196522372
2016-06-15,51433.0,30.582083333333333,-0.10306070983073291,0.010621509910814527,102.00998446826192,113.1449441442848,0.8733606599099955,0.8586102882409875,0.8906885318774764,1.1627749214042429,0.8750493326560737,0.12074971196522372
2016-06-16,33995.0,30.5825,-0.4140665348201816,0.17145109525799265,100.39169269652132,113.1449441442848,0.8733606599099955,0.8586102882409875,0.8906885318774764,1.1627749214042429,0.8870576002090531,0.12074971196522372
2016-06-17,142427.0,28.040000000000003,1.4326161327679392,2.0523889838669658,102.4187866039994,113.1449441442848,0.8733606599099955,0.8586102882409875,0.8906885318774764,1.1627749214042429,0.8899159772157061,0.12074971196522372
2016-06-18,129828.0,21.98125,-0.09261909025292542,0.008578295879279545,100.41048674515251,113.1449441442848,0.8733606599099955,0.8586102882409875,0.8906885318774764,1.1627749214042429,0.8846292551661391,0.12074971196522372
2016-06-19,74136.75,17.39875,-0.5602991367176477,0.31393512260654133,100.42469406187534,113.1449441442848,0.8733606599099955,0.8586102882409875,0.8906885318774764,1.1627749214042429,0.8853244019746959,0.12074971196522372
2016-06-20,164831.0,26.956666666666667,0.799009345805834,0.6384159346850669,100.88749078819545,113.1449441442848,0.8733606599099955,0.8586102882409875,0.8906885318774764,1.1627749214042429,0.8800735508100418,0.12074971196522372
2016-06-21,105394.0,33.086666666666666,-0.44721499809091186,0.2000012545174543,100.673265380563,113.1449441442848,0.8733606599099955,0.8586102882409875,0.8906885318774764,1.1627749214042429,0.8857980389333306,0.12074971196522372
2016-06-22,43811.25,32.44625,-0.8778150747733802,0.770559305499395,101.4041659069886,113.1449441442848,0.8733606599099955,0.8586102882409875,0.8906885318774764,1.1627749214042429,0.8936415781596344,0.12074971196522372
2016-06-23,118786.25,29.41208333333333,0.9974350257719966,0.9948766306367836,102.20491452296179,113.1449441442848,0.8733606599099955,0.8586102882409875,0.8906885318774764,1.1627749214042429,0.888226112401399,0.12074971196522372
2016-06-24,96114.25,30.58125,-0.21178807146742218,0.04485418721588993,100.81720042231912,113.1449441442848,0.8733606599099955,0.8586102882409875,0.8906885318774764,1.1627749214042429,0.8857903720497615,0.12074971196522372
2016-06-25,111968.25,27.985,0.152677760941674,0.02331049868616296,99.32388544004147,113.1449441442848,0.8733606599099955,0.8586102882409875,0.8906885318774764,1.1627749214042429,0.8806561772309921,0.12074971196522372
2016-06-26,158147.25,16.335,0.3453112120817267,0.11923983318935125,99.10728976604592,113.1449441442848,0.8733606599099955,0.8586102882409875,0.8906885318774764,1.1627749214042429,0.877214240835595,0.12074971196522372
2016-06-27,144637.25,27.770416666666666,-0.08929767730342268,0.00797407517178621,99.11240405417368,113.1449441442848,0.8733606599099955,0.8586102882409875,0.8906885318774764,1.1627749214042429,0.881778238944787,0.12074971196522372
2016-06-28,56530.75,33.07833333333333,-0.9394441458509901,0.8825553031736963,99.88920722866709,113.1449441442848,0.8733606599099955,0.8586102882409875,0.8906885318774764,1.1627749214042429,0.8789631574059448,0.12074971196522372
2016-06-29,208022.75,27.326666666666668,1.3028627108294155,1.6974512432697733,100.28783177744027,113.1449441442848,0.8733606599099955,0.8586102882409875,0.8906885318774764,1.1627749214042429,0.8821980007412726,0.12074971196522372
2016-06-30,125623.5,29.633333333333336,-0.504358110276762,0.25437710340194647,99.56598582134589,113.1449441442848,0.8733606599099955,0.8586102882409875,0.8906885318774764,1.1627749214042429,0.8822534836454835,0.12074971196522372
2016-07-01,200987.25,27.108333333333334,0.46995213476776065,0.22085500897277546,99.7033124056513,113.1449441442848,0.8733606599099955,0.8586102882409875,0.8906885318774764,1.1627749214042429,0.8771572451949706,0.12074971196522372
2016-07-02,219409.75,21.0575,0.08769951302255004,0.0076912045843924234,99.45365820858676,113.1449441442848,0.8733606599099955,0.8586102882409875,0.8906885318774764,1.1627749214042429,0.8767846724158087,0.12074971196522372
2016-07-03,159069.75,14.242916666666666,-0.32159820095995256,0.10342540286067803,99.55436983175628,113.1449441442848,0.8733606599099955,0.8586102882409875,0.8906885318774764,1.1627749214042429,0.8745443815259455,0.12074971196522372
2016-07-04,49478.25,30.826666666666668,-1.167809606200458,1.3637792763340686,100.8490870382749,113.1449441442848,0.8733606599099955,0.8586102882409875,0.8906885318774764,1.1627749214042429,0.8705992791564574,0.12074971196522372
2016-07-05,258876.25,26.979166666666668,1.6548169692158683,2.738419201604792,103.55251821580535,113.1449441442848,0.8733606599099955,0.8586102882409875,0.8906885318774764,1.1627749214042429,0.8681973468953865,0.12074971196522372
2016-07-06,398791.5,16.210416666666667,0.4320885756293973,0.18670053718944138,103.73497302647237,113.1449441442848,0.8733606599099955,0.8586102882409875,0.8906885318774764,1.1627749214042429,0.8662933491473375,0.12074971196522372
2016-07-07,93178.25,29.582083333333333,-1.453924398560685,2.1138961567300494,103.55758749422938,113.1449441442848,0.8733606599099955,0.8586102882409875,0.8906885318774764,1.1627749214042429,0.8862671963357086,0.12074971196522372
2016-07-08,174634.0,28.660416666666666,0.628178029903178,0.39460763725303794,103.34448542291197,113.1449441442848,0.8733606599099955,0.8586102882409875,0.8906885318774764,1.1627749214042429,0.8812592325348927,0.12074971196522372
2016-07-09,194242.25,20.473333333333333,0.10641373615074605,0.011323883241560596,102.47898065114047,113.1449441442848,0.8733606599099955,0.8586102882409875,0.8906885318774764,1.1627749214042429,0.8772283953663935,0.12074971196522372
2016-07-10,133867.75,15.291666666666666,-0.3722537191058051,0.13857283138810367,102.16769791197653,113.1449441442848,0.8733606599099955,0.8586102882409875,0.8906885318774764,1.1627749214042429,0.8736205592269761,0.12074971196522372
2016-07-11,275330.0,25.227500000000003,0.7211180059359068,0.5200111784849785,101.9331929020799,113.1449441442848,0.8733606599099955,0.8586102882409875,0.8906885318774764,1.1627749214042429,0.8694655825083931,0.12074971196522372
2016-07-12,140231.25,29.865416666666665,-0.6746775326161032,0.455189773016953,102.26902031318254,113.1449441442848,0.8733606599099955,0.8586102882409875,0.8906885318774764,1.1627749214042429,0.8773043539269916,0.12074971196522372
2016-07-13,55341.75,32.57666666666667,-0.9297652490710966,0.8644634183802383,101.86526690574613,113.1449441442848,0.8733606599099955,0.8586102882409875,0.8906885318774764,1.1627749214042429,0.8721834711825774,0.12074971196522372
2016-07-14,239022.75,25.199166666666667,1.4630311391310586,2.140460114067123,104.00468375834065,113.1449441442848,0.8733606599099955,0.8586102882409875,0.8906885318774764,1.1627749214042429,0.8769936379612641,0.12074971196522372
2016-07-15,273185.75,25.998333333333335,0.13359323106032012,0.017847151385136078,103.36149505465909,113.1449441442848,0.8733606599099955,0.8586102882409875,0.8906885318774764,1.1627749214042429,0.8900895487453915,0.12074971196522372
2016-07-16,98933.75,24.844166666666666,-1.015701532539689,1.0316496032034728,104.12623803177603,113.1449441442848,0.8733606599099955,0.8586102882409875,0.8906885318774764,1.1627749214042429,0.8925145105977969,0.12074971196522372
2016-07-17,91407.75,21.491249999999997,-0.07912016721854963,0.006260000860691255,104.13054786744576,113.1449441442848,0.8733606599099955,0.8586102882409875,0.8906885318774764,1.1627749214042429,0.8869763828441848,0.12074971196522372
2016-07-18,91207.5,29.82875,-0.0021931364468665893,4.809847474574609e-06,103.7600978871729,113.1449441442848,0.8733606599099955,0.8586102882409875,0.8906885318774764,1.1627749214042429,0.8820512375110264,0.12074971196522372
2016-07-19,36659.25,32.43333333333333,-0.9114713466039805,0.8307800156800736,104.58911358770214,113.1449441442848,0.8733606599099955,0.8586102882409875,0.8906885318774764,1.1627749214042429,0.87892411402913,0.12074971196522372
2016-07-20,93552.25,29.44458333333333,0.9368543198031841,0.8776960165338867,105.22658183050737,113.1449441442848,0.8733606599099955,0.8586102882409875,0.8906885318774764,1.1627749214042429,0.8790386299672381,0.12074971196522372
2016-07-21,87654.5,32.77708333333333,-0.06511715313192698,0.004240243632006827,105.11379104634909,113.1449441442848,0.8733606599099955,0.8586102882409875,0.8906885318774764,1.1627749214042429,0.874133015182677,0.12074971196522372
2016-07-22,56599.0,31.74416666666667,-0.4374116333998676,0.19132893703354018,105.02725300401909,113.1449441442848,0.8733606599099955,0.8586102882409875,0.8906885318774764,1.1627749214042429,0.8714855665402341,0.12074971196522372
2016-07-23,39820.5,29.56041666666667,-0.35160946214704886,0.12362921387133698,105.0601965434344,113.1449441442848,0.8733606599099955,0.8586102882409875,0.8906885318774764,1.1627749214042429,0.8897384594879776,0.12074971196522372
2016-07-24,17008.5,27.09166666666667,-0.8506686359636201,0.7236371282122059,105.7828673521131,113.1449441442848,0.8733606599099955,0.8586102882409875,0.8906885318774764,1.1627749214042429,0.8925536792795237,0.12074971196522372
2016-07-25,31041.0,33.21625,0.6015956921930561,0.3619173768652423,106.05646025125884,113.1449441442848,0.8733606599099955,0.8586102882409875,0.8906885318774764,1.1627749214042429,0.8908929242537581,0.12074971196522372
2016-07-26,36016.25,32.93666666666667,0.1486613142087578,0.022100186342275015,106.06276944606857,113.1449441442848,0.8733606599099955,0.8586102882409875,0.8906885318774764,1.1627749214042429,0.8866807837614338,0.12074971196522372
2016-07-27,66366.0,33.5175,0.6112146516484911,0.3735833503897863,106.28551351932865,113.1449441442848,0.8733606599099955,0.8586102882409875,0.8906885318774764,1.1627749214042429,0.8813816009409359,0.12074971196522372
2016-07-28,44607.0,31.615,-0.3972940797649762,0.15784258581629929,106.44223215079379,113.1449441442848,0.8733606599099955,0.8586102882409875,0.8906885318774764,1.1627749214042429,0.8762957712462165,0.12074971196522372
2016-07-29,115064.25,30.05541666666667,0.9475998706199183,0.897945514798886,106.73974391719636,113.1449441442848,0.8733606599099955,0.8586102882409875,0.8906885318774764,1.1627749214042429,0.879233517968355,0.12074971196522372
2016-07-30,108116.0,27.70125,-0.06228594320968138,0.003879538721519654,106.41370496934691,113.1449441442848,0.8733606599099955,0.8586102882409875,0.8906885318774764,1.1627749214042429,0.874017696303003,0.12074971196522372
2016-07-31,52296.0,25.280416666666667,-0.7262848384830044,0.5274896666102838,106.76618679186505,113.1449441442848,0.8733606599099955,0.8586102882409875,0.8906885318774764,1.1627749214042429,0.8689049832643259,0.12074971196522372
2016-08-01,119175.5,29.73125,0.8236773102824633,0.6784443114741533,107.00340440590648,113.1449441442848,0.8733606599099955,0.8586102882409875,0.8906885318774764,1.1627749214042429,0.8705611191012255,0.12074971196522372
2016-08-02,76135.75,32.55166666666667,-0.4480792654260129,0.20077502810471531,106.14799524568856,113.1449441442848,0.8733606599099955,0.8586102882409875,0.8906885318774764,1.1627749214042429,0.8681533582216875,0.12074971196522372
2016-08-03,222777.5,29.2675,1.073655584354001,1.1527363138145312,106.68594228039817,113.1449441442848,0.8733606599099955,0.8586102882409875,0.8906885318774764,1.1627749214042429,0.8787558722917598,0.12074971196522372
2016-08-04,197602.25,27.89,-0.11991734363226347,0.014380169303818361,106.09239509502663,113.1449441442848,0.8733606599099955,0.8586102882409875,0.8906885318774764,1.1627749214042429,0.8938832985823708,0.12074971196522372
2016-08-05,109953.75,31.547916666666666,-0.5861963490574511,0.3436261596482851,105.61742012898003,113.1449441442848,0.8733606599099955,0.8586102882409875,0.8906885318774764,1.1627749214042429,0.8929266479525018,0.12074971196522372
2016-08-06,139533.25,24.567916666666665,0.23824310128358808,0.05675977530922201,104.95682202196754,113.1449441442848,0.8733606599099955,0.8586102882409875,0.8906885318774764,1.1627749214042429,0.8881277976644519,0.12074971196522372
2016-08-07,152434.25,15.401666666666666,0.08843043142090465,0.00781994120128732,104.77847972796403,113.1449441442848,0.8733606599099955,0.8586102882409875,0.8906885318774764,1.1627749214042429,0.8833447847959379,0.12074971196522372
2016-08-08,290219.75,21.27,0.64390503911144,0.4146136993931051,105.17177815215497,113.1449441442848,0.8733606599099955,0.8586102882409875,0.8906885318774764,1.1627749214042429,0.8830529820258649,0.12074971196522372
2016-08-09,134772.25,28.77125,-0.767052077895204,0.5883688902033501,105.58357218168042,113.1449441442848,0.8733606599099955,0.8586102882409875,0.8906885318774764,1.1627749214042429,0.890735981692079,0.12074971196522372
2016-08-10,125795.5,28.145416666666666,-0.06892874419053627,0.004751171775684388,105.53307031785639,113.1449441442848,0.8733606599099955,0.8586102882409875,0.8906885318774764,1.1627749214042429,0.8855470569555464,0.12074971196522372
2016-08-11,169186.0,28.8425,0.29634112887064623,0.08781806466032896,105.54416513423533,113.1449441442848,0.8733606599099955,0.8586102882409875,0.8906885318774764,1.1627749214042429,0.8809857608032413,0.12074971196522372
2016-08-12,151057.75,28.02416666666667,-0.11333648740144,0.01284515937649677,105.05387608458601,113.1449441442848,0.8733606599099955,0.8586102882409875,0.8906885318774764,1.1627749214042429,0.8779887971514606,0.12074971196522372
2016-08-13,226259.5,18.81,0.4040203566182367,0.16323244856192717,105.18630937426403,113.1449441442848,0.8733606599099955,0.8586102882409875,0.8906885318774764,1.1627749214042429,0.8731326221207609,0.12074971196522372
2016-08-14,83095.75,21.750416666666666,-1.0016890132962188,1.0033808793583525,106.18714214545113,113.1449441442848,0.8733606599099955,0.8586102882409875,0.8906885318774764,1.1627749214042429,0.8747258656186387,0.12074971196522372
2016-08-15,58938.75,27.981666666666666,-0.34349478827606994,0.11798866957282211,103.73737294429327,113.1449441442848,0.8733606599099955,0.8586102882409875,0.8906885318774764,1.1627749214042429,0.8700890359804612,0.12074971196522372
2016-08-16,56758.0,29.66208333333333,-0.03770215348722291,0.0014214523775741147,103.51168924521068,113.1449441442848,0.8733606599099955,0.8586102882409875,0.8906885318774764,1.1627749214042429,0.8663635912289793,0.12074971196522372
2016-08-17,42965.5,29.777083333333334,-0.2783991475125541,0.07750608533571687,103.49631045617988,113.1449441442848,0.8733606599099955,0.8586102882409875,0.8906885318774764,1.1627749214042429,0.8717276775349423,0.12074971196522372
2016-08-18,41851.0,30.589166666666667,-0.026281776564123577,0.0006907317793665153,103.38125600689435,113.1449441442848,0.8733606599099955,0.8586102882409875,0.8906885318774764,1.1627749214042429,0.8703329443352924,0.12074971196522372
2016-08-19,31506.75,30.73166666666667,-0.28391388292264247,0.08060709291621193,103.37545022226527,113.1449441442848,0.8733606599099955,0.8586102882409875,0.8906885318774764,1.1627749214042429,0.8653623432446761,0.12074971196522372
2016-08-20,112017.25,24.874583333333334,1.2684510687027362,1.6089681136931135,104.9373677941804,113.1449441442848,0.8733606599099955,0.8586102882409875,0.8906885318774764,1.1627749214042429,0.8813562827524277,0.12074971196522372
2016-08-21,204803.0,15.088333333333333,0.6033956642028605,0.3640863275788112,105.23167834731889,113.1449441442848,0.8733606599099955,0.8586102882409875,0.8906885318774764,1.1627749214042429,0.88940348848065,0.12074971196522372
2016-08-22,150695.25,28.335833333333337,-0.306788955935183,0.09411946348379967,103.9296644125713,113.1449441442848,0.8733606599099955,0.8586102882409875,0.8906885318774764,1.1627749214042429,0.8843432510659289,0.12074971196522372
2016-08-23,59903.0,31.37875,-0.9225329982206598,0.8510671328059999,104.69484503990383,113.1449441442848,0.8733606599099955,0.8586102882409875,0.8906885318774764,1.1627749214042429,0.8797542698505034,0.12074971196522372
2016-08-24,85997.25,29.772916666666664,0.3615887316583322,0.1307464108622814,103.65287282638344,113.1449441442848,0.8733606599099955,0.8586102882409875,0.8906885318774764,1.1627749214042429,0.8843181770315066,0.12074971196522372
2016-08-25,170826.25,28.804583333333337,0.6863316390721336,0.4710511187914414,103.96796937236861,113.1449441442848,0.8733606599099955,0.8586102882409875,0.8906885318774764,1.1627749214042429,0.8792175520885716,0.12074971196522372
2016-08-26,124745.25,29.436666666666667,-0.31437330031577987,0.09883057195143552,104.06458586242739,113.1449441442848,0.8733606599099955,0.8586102882409875,0.8906885318774764,1.1627749214042429,0.8743590623603893,0.12074971196522372
2016-08-27,66178.5,26.228333333333335,-0.6339180209756499,0.4018520573176845,104.45992608195188,113.1449441442848,0.8733606599099955,0.8586102882409875,0.8906885318774764,1.1627749214042429,0.8693114347382525,0.12074971196522372
2016-08-28,179103.25,21.705,0.9956068184102563,0.9912329368649931,105.41738131843022,113.1449441442848,0.8733606599099955,0.8586102882409875,0.8906885318774764,1.1627749214042429,0.8869001088570327,0.12074971196522372
2016-08-29,199330.0,28.945416666666663,0.10699928754565963,0.011448847535278752,105.16772535433684,113.1449441442848,0.8733606599099955,0.8586102882409875,0.8906885318774764,1.1627749214042429,0.8970801816429512,0.12074971196522372
2016-08-30,74749.5,32.110416666666666,-0.9808192194494604,0.9620063412414487,106.11037528903331,113.1449441442848,0.8733606599099955,0.8586102882409875,0.8906885318774764,1.1627749214042429,0.8936891409935797,0.12074971196522372
2016-08-31,56433.5,30.66541666666667,-0.28107956948132384,0.07900572437980635,106.16875046409943,113.1449441442848,0.8733606599099955,0.8586102882409875,0.8906885318774764,1.1627749214042429,0.8889163679535635,0.12074971196522372
2016-09-01,64705.75,31.25583333333333,0.1367871154697184,0.01871071495852607,106.10025656533537,113.1449441442848,0.8733606599099955,0.8586102882409875,0.8906885318774764,1.1627749214042429,0.8864929884217316,0.12074971196522372
2016-09-02,65445.25,30.545416666666668,0.011363845964305895,0.00012913699510047136,106.09861612381832,113.1449441442848,0.8733606599099955,0.8586102882409875,0.8906885318774764,1.1627749214042429,0.8810681842849848,0.12074971196522372
2016-09-03,97063.25,29.485416666666666,0.394148912621177,0.15535336532045624,106.06353768192535,113.1449441442848,0.8733606599099955,0.8586102882409875,0.8906885318774764,1.1627749214042429,0.8786246568962196,0.12074971196522372
2016-09-04,239946.0,24.439999999999998,0.9050510701666022,0.819117439609712,106.7741126441432,113.1449441442848,0.8733606599099955,0.8586102882409875,0.8906885318774764,1.1627749214042429,0.8746594803371589,0.12074971196522372
2016-09-05,152568.75,36.77833333333333,-0.45279858389475375,0.20502655757709434,106.13804851693897,113.1449441442848,0.8733606599099955,0.8586102882409875,0.8906885318774764,1.1627749214042429,0.871070188853066,0.12074971196522372
2016-09-06,33932.0,33.089166666666664,-1.5032567921854518,2.259780983251695,108.17041220197699,113.1449441442848,0.8733606599099955,0.8586102882409875,0.8906885318774764,1.1627749214042429,0.8705415232784484,0.12074971196522372
2016-09-07,75651.0,30.765,0.8017721369721637,0.64283855962491,108.81273840407844,113.1449441442848,0.8733606599099955,0.8586102882409875,0.8906885318774764,1.1627749214042429,0.8663053375826494,0.12074971196522372
2016-09-08,98587.5,30.971249999999998,0.2648138198064572,0.07012635916048678,108.88211782297728,113.1449441442848,0.8733606599099955,0.8586102882409875,0.8906885318774764,1.1627749214042429,0.8690828333157955,0.12074971196522372
2016-09-09,58997.75,32.32416666666666,-0.5134451711387903,0.26362594376574167,107.94442637942491,113.1449441442848,0.8733606599099955,0.8586102882409875,0.8906885318774764,1.1627749214042429,0.864751426946781,0.12074971196522372
2016-09-10,34509.25,28.398749999999996,-0.5362719035426317,0.2875875545292376,106.34625662481177,113.1449441442848,0.8733606599099955,0.8586102882409875,0.8906885318774764,1.1627749214042429,0.8626139845361767,0.12074971196522372
2016-09-11,54089.5,27.254166666666666,0.4494126779450859,0.2019717550977735,106.54640882520681,113.1449441442848,0.8733606599099955,0.8586102882409875,0.8906885318774764,1.1627749214042429,0.8583255842607633,0.12074971196522372
2016-09-12,74680.25,33.12708333333333,0.3225755842966425,0.10405500758432032,106.47125172195543,113.1449441442848,0.8733606599099955,0.8586102882409875,0.8906885318774764,1.1627749214042429,0.854804411529895,0.12074971196522372
2016-09-13,126546.75,31.9325,0.5273961388281458,0.2781466872508369,106.6107733442165,113.1449441442848,0.8733606599099955,0.8586102882409875,0.8906885318774764,1.1627749214042429,0.8504024782164179,0.12074971196522372
2016-09-14,179416.25,29.087500000000002,0.349096720120185,0.12186851999867078,106.54330209036503,113.1449441442848,0.8733606599099955,0.8586102882409875,0.8906885318774764,1.1627749214042429,0.8470073677544986,0.12074971196522372
2016-09-15,227565.0,27.96625,0.23772738663541937,0.05651431035650617,105.84865086704109,113.1449441442848,0.8733606599099955,0.8586102882409875,0.8906885318774764,1.1627749214042429,0.8436673544515453,0.12074971196522372
2016-09-16,82582.25,32.44833333333333,-1.0136411454747836,1.0274683717994313,106.54477560720086,113.1449441442848,0.8733606599099955,0.8586102882409875,0.8906885318774764,1.1627749214042429,0.8401658044325327,0.12074971196522372
2016-09-17,152988.75,27.604583333333334,0.616569622883869,0.3801580998631564,105.9457144699192,113.1449441442848,0.8733606599099955,0.8586102882409875,0.8906885318774764,1.1627749214042429,0.8408277279658011,0.12074971196522372
2016-09-18,179124.5,24.73625,0.15771670552036418,0.024874559200197273,105.62631089069617,113.1449441442848,0.8733606599099955,0.8586102882409875,0.8906885318774764,1.1627749214042429,0.8369444880752885,0.12074971196522372
2016-09-19,56218.0,34.7875,-1.1588441044806554,1.3429196584895722,106.68136715643713,113.1449441442848,0.8733606599099955,0.8586102882409875,0.8906885318774764,1.1627749214042429,0.832804182513365,0.12074971196522372
2016-09-20,19781.5,34.53333333333333,-1.0444898328217243,1.0909590108679534,107.54409488230372,113.1449441442848,0.8733606599099955,0.8586102882409875,0.8906885318774764,1.1627749214042429,0.8342537963653845,0.12074971196522372
2016-09-21,32751.25,35.02458333333333,0.5041939717965793,0.25421156119600985,107.77803623731117,113.1449441442848,0.8733606599099955,0.8586102882409875,0.8906885318774764,1.1627749214042429,0.8413865316806791,0.12074971196522372
2016-09-22,24641.25,32.594166666666666,-0.28451926139376477,0.08095121010405344,107.68519982467993,113.1449441442848,0.8733606599099955,0.8586102882409875,0.8906885318774764,1.1627749214042429,0.8373489839151399,0.12074971196522372
2016-09-23,56637.75,31.09958333333333,0.832253856122101,0.6926464810301068,108.21522383308013,113.1449441442848,0.8733606599099955,0.8586102882409875,0.8906885318774764,1.1627749214042429,0.833374434219018,0.12074971196522372
2016-09-24,57269.5,29.359583333333333,0.011092471773031238,0.00012304293003549476,108.14688254280816,113.1449441442848,0.8733606599099955,0.8586102882409875,0.8906885318774764,1.1627749214042429,0.8292801281129806,0.12074971196522372
2016-09-25,139049.25,23.0675,0.8870599911289874,0.7868754278617591,108.89312797151103,113.1449441442848,0.8733606599099955,0.8586102882409875,0.8906885318774764,1.1627749214042429,0.8258318929521278,0.12074971196522372
2016-09-26,55304.25,36.48708333333333,-0.921978427820741,0.8500442213668054,109.57258778339063,113.1449441442848,0.8733606599099955,0.8586102882409875,0.8906885318774764,1.1627749214042429,0.8245044563640169,0.12074971196522372
2016-09-27,41970.25,34.90416666666666,-0.27588872513797774,0.07611458865825863,108.99647036799355,113.1449441442848,0.8733606599099955,0.8586102882409875,0.8906885318774764,1.1627749214042429,0.8379498831800084,0.12074971196522372
2016-09-28,386929.5,24.5925,2.2212814719286267,4.934091377533407,113.87762264862245,113.1449441442848,0.8733606599099955,0.8586102882409875,0.8906885318774764,1.1627749214042429,0.8337372150908504,0.12074971196522372
2016-09-29,448645.75,22.438333333333333,0.14799109494408796,0.021901364182750058,112.36781287505943,113.1449441442848,0.8733606599099955,0.8586102882409875,0.8906885318774764,1.1627749214042429,0.8606730402697809,0.12074971196522372
2016-09-30,189932.0,33.7175,-0.8595674874721275,0.7388562655191461,110.54749275577855,113.1449441442848,0.8733606599099955,0.8586102882409875,0.8906885318774764,1.1627749214042429,0.8666184589568333,0.12074971196522372
2016-10-01,94293.0,33.134166666666665,-0.7002591576569906,0.49036288788247806,110.78835180763157,113.1449441442848,0.8733606599099955,0.8586102882409875,0.8906885318774764,1.1627749214042429,0.8617747786217687,0.12074971196522372
2016-10-02,172017.0,30.02208333333333,0.601186353431633,0.3614250315524243,111.11331646660663,113.1449441442848,0.8733606599099955,0.8586102882409875,0.8906885318774764,1.1627749214042429,0.8679688748965446,0.12074971196522372
2016-10-03,142069.25,30.5775,-0.1912786943564025,0.03658753891469004,111.1034347418536,113.1449441442848,0.8733606599099955,0.8586102882409875,0.8906885318774764,1.1627749214042429,0.8655940087174991,0.12074971196522372
2016-10-04,296689.5,30.328333333333333,0.7363715226061799,0.5422430193053437,111.38719587182425,113.1449441442848,0.8733606599099955,0.8586102882409875,0.8906885318774764,1.1627749214042429,0.8646231656818663,0.12074971196522372
2016-10-05,314971.5,29.675416666666667,0.05979602115348191,0.0035755641457876565,111.25700244750796,113.1449441442848,0.8733606599099955,0.8586102882409875,0.8906885318774764,1.1627749214042429,0.8597035106091672,0.12074971196522372
2016-10-06,295008.5,31.188333333333333,-0.06547798905790023,0.004287367051066502,111.11733924667736,113.1449441442848,0.8733606599099955,0.8586102882409875,0.8906885318774764,1.1627749214042429,0.8557541899825766,0.12074971196522372
2016-10-07,114202.0,38.38708333333333,-0.9490353592806313,0.900668113164917,111.90515984085417,113.1449441442848,0.8733606599099955,0.8586102882409875,0.8906885318774764,1.1627749214042429,0.8518407727646703,0.12074971196522372
2016-10-08,107297.0,36.08166666666667,-0.062368119951091205,0.003889782386233701,111.90534395814178,113.1449441442848,0.8733606599099955,0.8586102882409875,0.8906885318774764,1.1627749214042429,0.8475560954320056,0.12074971196522372
2016-10-09,45967.5,33.28875,-0.8476660652064572,0.7185377581025977,112.51282914629634,113.1449441442848,0.8733606599099955,0.8586102882409875,0.8906885318774764,1.1627749214042429,0.843280362068344,0.12074971196522372
2016-10-10,14483.25,50.1875,-1.1549418157590519,1.3338905977888156,113.83012581548613,113.1449441442848,0.8733606599099955,0.8586102882409875,0.8906885318774764,1.1627749214042429,0.8401860658071144,0.12074971196522372
2016-10-11,106724.0,38.31333333333333,1.9972532534374714,3.9890205583665646,117.75214010817773,113.1449441442848,0.8733606599099955,0.8586102882409875,0.8906885318774764,1.1627749214042429,0.8374068811260629,0.12074971196522372
2016-10-12,131442.5,36.86708333333333,0.2083234309090641,0.04339865186572361,117.70705672792538,113.1449441442848,0.8733606599099955,0.8586102882409875,0.8906885318774764,1.1627749214042429,0.8414059776220042,0.12074971196522372
2016-10-13,255866.0,34.07458333333333,0.6660843763049874,0.4436683963576041,118.02599372144854,113.1449441442848,0.8733606599099955,0.8586102882409875,0.8906885318774764,1.1627749214042429,0.8374473308516176,0.12074971196522372
2016-10-14,355408.0,29.704583333333332,0.3286125553769361,0.10798621155135991,117.94560765243062,113.1449441442848,0.8733606599099955,0.8586102882409875,0.8906885318774764,1.1627749214042429,0.8332190344045192,0.12074971196522372
2016-10-15,183777.75,31.060000000000002,-0.6595392782165911,0.43499205951046194,118.18254923954301,113.1449441442848,0.8733606599099955,0.8586102882409875,0.8906885318774764,1.1627749214042429,0.835212010889238,0.12074971196522372
2016-10-16,75066.5,33.699999999999996,-0.8953527597523824,0.8016565643962074,118.90695852506659,113.1449441442848,0.8733606599099955,0.8586102882409875,0.8906885318774764,1.1627749214042429,0.8316566511470147,0.12074971196522372
2016-10-17,116676.5,41.94416666666667,0.4410307606315012,0.1945081318232005,118.93713078891216,113.1449441442848,0.8733606599099955,0.8586102882409875,0.8906885318774764,1.1627749214042429,0.8333608389212847,0.12074971196522372
2016-10-18,109347.75,40.026666666666664,-0.0648719771983961,0.004208373425629224,118.91208031126993,113.1449441442848,0.8733606599099955,0.8586102882409875,0.8906885318774764,1.1627749214042429,0.8293967663139187,0.12074971196522372
2016-10-19,185476.75,40.41125,0.528396366485539,0.27920272011512004,119.01733282944728,113.1449441442848,0.8733606599099955,0.8586102882409875,0.8906885318774764,1.1627749214042429,0.8253774570748302,0.12074971196522372
2016-10-20,95963.75,40.51416666666667,-0.6589590212741728,0.4342269917186158,119.40051280007172,113.1449441442848,0.8733606599099955,0.8586102882409875,0.8906885318774764,1.1627749214042429,0.8358752854100373,0.12074971196522372
2016-10-21,62800.5,39.579166666666666,-0.42400748076486655,0.17978234374456867,117.9848019858478,113.1449441442848,0.8733606599099955,0.8586102882409875,0.8906885318774764,1.1627749214042429,0.8356885212135476,0.12074971196522372
2016-10-22,42796.0,37.755,-0.3835183949495375,0.14708635926466943,117.94454521757419,113.1449441442848,0.8733606599099955,0.8586102882409875,0.8906885318774764,1.1627749214042429,0.8314657363138707,0.12074971196522372
2016-10-23,43817.0,34.71,0.023577229657790168,0.0005558857583361803,117.65561427273354,113.1449441442848,0.8733606599099955,0.8586102882409875,0.8906885318774764,1.1627749214042429,0.8292595804955718,0.12074971196522372
2016-10-24,77838.0,41.920833333333334,0.5746078738827801,0.33017420872808895,117.91806702063239,113.1449441442848,0.8733606599099955,0.8586102882409875,0.8906885318774764,1.1627749214042429,0.8299860648101072,0.12074971196522372
2016-10-25,40151.25,52.861250000000005,-0.661976170658478,0.4382124505196624,117.3452738148516,113.1449441442848,0.8733606599099955,0.8586102882409875,0.8906885318774764,1.1627749214042429,0.8258894306812428,0.12074971196522372
2016-10-26,28639.5,45.17416666666667,-0.3378666893189607,0.1141538997513551,116.64141581993259,113.1449441442848,0.8733606599099955,0.8586102882409875,0.8906885318774764,1.1627749214042429,0.8328906796310908,0.12074971196522372
2016-10-27,150219.5,39.595416666666665,1.6573106739612302,2.746678670025827,118.37225013818933,113.1449441442848,0.8733606599099955,0.8586102882409875,0.8906885318774764,1.1627749214042429,0.8288528135483834,0.12074971196522372
2016-10-28,314564.5,35.95916666666667,0.7390915847526006,0.5462563706521106,118.77921092596696,113.1449441442848,0.8733606599099955,0.8586102882409875,0.8906885318774764,1.1627749214042429,0.8269077595463934,0.12074971196522372
2016-10-29,227123.0,34.384166666666665,-0.3256974215994784,0.10607881043654838,115.42765997500463,113.1449441442848,0.8733606599099955,0.8586102882409875,0.8906885318774764,1.1627749214042429,0.8274266597471202,0.12074971196522372
2016-10-30,93121.5,36.71208333333333,-0.8915866288530303,0.7949267167495112,116.2156225661753,113.1449441442848,0.8733606599099955,0.8586102882409875,0.8906885318774764,1.1627749214042429,0.823427845522724,0.12074971196522372
2016-10-31,43104.25,43.064166666666665,-0.770283491963919,0.5933366579921289,116.783806449282,113.1449441442848,0.8733606599099955,0.8586102882409875,0.8906885318774764,1.1627749214042429,0.8364577104193729,0.12074971196522372
2016-11-01,170005.5,34.74666666666667,1.3722091893311983,1.8829580592849844,118.13235066037936,113.1449441442848,0.8733606599099955,0.8586102882409875,0.8906885318774764,1.1627749214042429,0.8374213233118903,0.12074971196522372
2016-11-02,373325.0,33.03208333333333,0.7866185644752393,0.6187687659770862,118.74218189552673,113.1449441442848,0.8733606599099955,0.8586102882409875,0.8906885318774764,1.1627749214042429,0.842857757723344,0.12074971196522372
2016-11-03,100495.0,45.59916666666667,-1.312341378925617,1.72223989484039,120.1987929160165,113.1449441442848,0.8733606599099955,0.8586102882409875,0.8906885318774764,1.1627749214042429,0.8385830511512024,0.12074971196522372
2016-11-04,201097.5,40.354166666666664,0.6936818900575612,0.4811945645938304,120.48297350566774,113.1449441442848,0.8733606599099955,0.8586102882409875,0.8906885318774764,1.1627749214042429,0.8494626102305343,0.12074971196522372
2016-11-05,158144.25,38.862500000000004,-0.24028227387266346,0.057735571137417646,120.45297105216603,113.1449441442848,0.8733606599099955,0.8586102882409875,0.8906885318774764,1.1627749214042429,0.8506995695606258,0.12074971196522372
2016-11-06,161572.25,35.45708333333334,0.021444819841734186,0.00045988029804443627,120.24094205138418,113.1449441442848,0.8733606599099955,0.8586102882409875,0.8906885318774764,1.1627749214042429,0.8469946581557237,0.12074971196522372
2016-11-07,111629.5,38.012499999999996,-0.3697670591104212,0.1367276780031697,120.27371036606583,113.1449441442848,0.8733606599099955,0.8586102882409875,0.8906885318774764,1.1627749214042429,0.8426519569064262,0.12074971196522372
2016-11-08,91495.5,54.248333333333335,-0.19889556118971108,0.039559444260970106,120.23077554361254,113.1449441442848,0.8733606599099955,0.8586102882409875,0.8906885318774764,1.1627749214042429,0.8382681072110202,0.12074971196522372
2016-11-09,108634.75,48.300000000000004,0.17170154715622524,0.02948142129584144,119.89112706581501,113.1449441442848,0.8733606599099955,0.8586102882409875,0.8906885318774764,1.1627749214042429,0.8402018984033552,0.12074971196522372
2016-11-10,109551.75,51.77875,0.008405702454340063,7.065583375089856e-05,118.35562787579642,113.1449441442848,0.8733606599099955,0.8586102882409875,0.8906885318774764,1.1627749214042429,0.8531412795701337,0.12074971196522372
2016-11-11,91140.75,47.65625,-0.18399202545481153,0.03385306543096401,117.60440659099666,113.1449441442848,0.8733606599099955,0.8586102882409875,0.8906885318774764,1.1627749214042429,0.8490225726173197,0.12074971196522372
2016-11-12,60060.5,39.82375,-0.4170526273711119,0.17393289399714748,116.51699611508661,113.1449441442848,0.8733606599099955,0.8586102882409875,0.8906885318774764,1.1627749214042429,0.8450567473057099,0.12074971196522372
2016-11-13,123144.0,37.037083333333335,0.7180020147789169,0.515526893226584,116.94117404545045,113.1449441442848,0.8733606599099955,0.8586102882409875,0.8906885318774764,1.1627749214042429,0.8406638813773898,0.12074971196522372
2016-11-14,196363.25,39.85541666666666,0.4666118579775384,0.21772662600525047,116.69526525375007,113.1449441442848,0.8733606599099955,0.8586102882409875,0.8906885318774764,1.1627749214042429,0.8363154249112745,0.12074971196522372
2016-11-15,335755.75,40.13833333333333,0.5364177008090665,0.28774394974128514,116.9813167321519,113.1449441442848,0.8733606599099955,0.8586102882409875,0.8906885318774764,1.1627749214042429,0.8336650650899284,0.12074971196522372
2016-11-16,324846.5,43.02875,-0.03303119802935904,0.0010910600432547325,115.35295837630274,113.1449441442848,0.8733606599099955,0.8586102882409875,0.8906885318774764,1.1627749214042429,0.8298439018202222,0.12074971196522372
2016-11-17,449076.5,33.961666666666666,0.3238404887836001,0.10487266217560103,115.08112375578989,113.1449441442848,0.8733606599099955,0.8586102882409875,0.8906885318774764,1.1627749214042429,0.8257504777041521,0.12074971196522372
2016-11-18,560642.0,24.174583333333334,0.22188930380458768,0.04923486314288461,115.07969623825825,113.1449441442848,0.8733606599099955,0.8586102882409875,0.8906885318774764,1.1627749214042429,0.8235483258582783,0.12074971196522372
2016-11-19,336303.25,31.559166666666666,-0.5110692729631946,0.2611918017671283,115.33830654441789,113.1449441442848,0.8733606599099955,0.8586102882409875,0.8906885318774764,1.1627749214042429,0.8257782584044558,0.12074971196522372
2016-11-20,571320.25,-0.31583333333333347,0.5299366278874602,0.28083282957673245,115.39393730153125,113.1449441442848,0.8733606599099955,0.8586102882409875,0.8906885318774764,1.1627749214042429,0.8223092749428728,0.12074971196522372
2016-11-21,347422.5,33.82666666666667,-0.4974082920283711,0.24741500897858132,115.51368947166195,113.1449441442848,0.8733606599099955,0.8586102882409875,0.8906885318774764,1.1627749214042429,0.8255141252773538,0.12074971196522372
2016-11-22,191823.75,38.33958333333333,-0.5939646368626578,0.3527939898433889,115.68320801109414,113.1449441442848,0.8733606599099955,0.8586102882409875,0.8906885318774764,1.1627749214042429,0.8229890838280189,0.12074971196522372
2016-11-23,62343.25,45.38666666666666,-1.1239215752444924,1.2631997073000614,116.6178479709365,113.1449441442848,0.8733606599099955,0.8586102882409875,0.8906885318774764,1.1627749214042429,0.8193559081371122,0.12074971196522372
2016-11-24,210747.5,39.725833333333334,1.2180053279734508,1.4835369789717137,116.48699272958567,113.1449441442848,0.8733606599099955,0.8586102882409875,0.8906885318774764,1.1627749214042429,0.8238942210655752,0.12074971196522372
2016-11-25,136999.5,42.72708333333333,-0.4306834582289736,0.18548824119206803,116.49172678131714,113.1449441442848,0.8733606599099955,0.8586102882409875,0.8906885318774764,1.1627749214042429,0.821370904206335,0.12074971196522372
2016-11-26,98407.5,38.63875,-0.33086025552058507,0.10946850868314684,116.54594358138162,113.1449441442848,0.8733606599099955,0.8586102882409875,0.8906885318774764,1.1627749214042429,0.8374585393411997,0.12074971196522372
2016-11-27,228059.0,31.12125,0.840487346742741,0.7064189800346524,116.1932085848388,113.1449441442848,0.8733606599099955,0.8586102882409875,0.8906885318774764,1.1627749214042429,0.8411587551468026,0.12074971196522372
2016-11-28,181897.25,40.777499999999996,-0.22616240019560035,0.05114943126223489,116.23009224964676,113.1449441442848,0.8733606599099955,0.8586102882409875,0.8906885318774764,1.1627749214042429,0.837287772144514,0.12074971196522372
2016-11-29,167423.5,42.80916666666667,-0.08291543669248293,0.006874969641905144,115.94934259057922,113.1449441442848,0.8733606599099955,0.8586102882409875,0.8906885318774764,1.1627749214042429,0.8369615506078699,0.12074971196522372
2016-11-30,410074.25,36.01333333333333,0.8958117103426441,0.8024786203870132,116.66590990082682,113.1449441442848,0.8733606599099955,0.8586102882409875,0.8906885318774764,1.1627749214042429,0.8337395259284683,0.12074971196522372
2016-12-01,583399.0,27.625833333333333,0.3525331024791884,0.12427958834360195,116.39029654500467,113.1449441442848,0.8733606599099955,0.8586102882409875,0.8906885318774764,1.1627749214042429,0.8329049733782604,0.12074971196522372
2016-12-02,277512.75,38.60541666666666,-0.7430044652653811,0.5520556354042949,116.06871868558,113.1449441442848,0.8733606599099955,0.8586102882409875,0.8906885318774764,1.1627749214042429,0.8368130108184851,0.12074971196522372
2016-12-03,61885.25,40.985,-1.5005850143419754,2.251755385267707,118.28337304536537,113.1449441442848,0.8733606599099955,0.8586102882409875,0.8906885318774764,1.1627749214042429,0.8415131413969368,0.12074971196522372
2016-12-04,86400.25,38.25541666666667,0.333708705589365,0.11136150018612949,118.0815212146692,113.1449441442848,0.8733606599099955,0.8586102882409875,0.8906885318774764,1.1627749214042429,0.8571605554372157,0.12074971196522372
2016-12-05,70644.0,48.8525,-0.20133738949021765,0.0405367444067356,118.05122580505665,113.1449441442848,0.8733606599099955,0.8586102882409875,0.8906885318774764,1.1627749214042429,0.8534571604294492,0.12074971196522372
2016-12-06,65822.25,58.33291666666667,-0.07069525276463542,0.004997818763455693,118.04115979268175,113.1449441442848,0.8733606599099955,0.8586102882409875,0.8906885318774764,1.1627749214042429,0.849003314990032,0.12074971196522372
2016-12-07,251294.0,37.93,1.339665641349422,1.794704030612158,119.69992720356854,113.1449441442848,0.8733606599099955,0.8586102882409875,0.8906885318774764,1.1627749214042429,0.846859507888363,0.12074971196522372
2016-12-08,434353.0,30.419166666666666,0.5472339991355041,0.2994650498098369,118.97376685262553,113.1449441442848,0.8733606599099955,0.8586102882409875,0.8906885318774764,1.1627749214042429,0.8504644470079745,0.12074971196522372
2016-12-09,365592.25,35.84625,-0.17233892622973626,0.029700705494018476,118.99650775816501,113.1449441442848,0.8733606599099955,0.8586102882409875,0.8906885318774764,1.1627749214042429,0.8482837699821658,0.12074971196522372
2016-12-10,348174.5,32.1975,-0.04881485044600727,0.0023828896240660562,118.70662685029431,113.1449441442848,0.8733606599099955,0.8586102882409875,0.8906885318774764,1.1627749214042429,0.8441075558032897,0.12074971196522372
2016-12-11,461748.5,28.975416666666664,0.2823165796843022,0.07970265116464294,118.5090723036352,113.1449441442848,0.8733606599099955,0.8586102882409875,0.8906885318774764,1.1627749214042429,0.8404740926017639,0.12074971196522372
2016-12-12,159807.75,47.45291666666666,-1.0610488402841423,1.1258246414683233,119.59746810413355,113.1449441442848,0.8733606599099955,0.8586102882409875,0.8906885318774764,1.1627749214042429,0.8363349797089724,0.12074971196522372
2016-12-13,86696.75,49.1975,-0.6115551327774058,0.3739996804263904,119.97056743002041,113.1449441442848,0.8733606599099955,0.8586102882409875,0.8906885318774764,1.1627749214042429,0.8411002183185193,0.12074971196522372
2016-12-14,46953.75,60.05833333333334,-0.6132533228322958,0.37607963796485205,118.92373145416683,113.1449441442848,0.8733606599099955,0.8586102882409875,0.8906885318774764,1.1627749214042429,0.8392969998502686,0.12074971196522372
2016-12-15,136423.5,49.84583333333333,1.066600943290493,1.1376375722281695,120.04909558978375,113.1449441442848,0.8733606599099955,0.8586102882409875,0.8906885318774764,1.1627749214042429,0.8385160982851242,0.12074971196522372
2016-12-16,117752.5,53.059583333333336,-0.14717905386597419,0.02166167389688333,118.5311905671589,113.1449441442848,0.8733606599099955,0.8586102882409875,0.8906885318774764,1.1627749214042429,0.8343722255857239,0.12074971196522372
2016-12-17,64309.75,46.791666666666664,-0.6048737113747411,0.3658722067122536,118.50491105886609,113.1449441442848,0.8733606599099955,0.8586102882409875,0.8906885318774764,1.1627749214042429,0.8359330065666278,0.12074971196522372
2016-12-18,110577.75,43.69291666666667,0.5420076407239685,0.29377228260316246,118.00045114328262,113.1449441442848,0.8733606599099955,0.8586102882409875,0.8906885318774764,1.1627749214042429,0.8341898202229814,0.12074971196522372
2016-12-19,61151.5,57.40708333333333,-0.5923645017659023,0.35089570295236566,118.16751312617136,113.1449441442848,0.8733606599099955,0.8586102882409875,0.8906885318774764,1.1627749214042429,0.830320502475184,0.12074971196522372
2016-12-20,131653.5,48.824999999999996,0.7668190795557049,0.5880115007706586,117.92706097166905,113.1449441442848,0.8733606599099955,0.8586102882409875,0.8906885318774764,1.1627749214042429,0.8366596282736115,0.12074971196522372
2016-12-21,233225.75,40.05375,0.5718333973879297,0.3269934343682219,117.97783967004294,113.1449441442848,0.8733606599099955,0.8586102882409875,0.8906885318774764,1.1627749214042429,0.8325006907654664,0.12074971196522372
2016-12-22,191527.5,45.23374999999999,-0.19697546717669157,0.038799334669475896,117.98489500032835,113.1449441442848,0.8733606599099955,0.8586102882409875,0.8906885318774764,1.1627749214042429,0.8336083568990292,0.12074971196522372
2016-12-23,305230.5,38.16958333333333,0.4660358274424691,0.2171893924599868,116.33893646219519,113.1449441442848,0.8733606599099955,0.8586102882409875,0.8906885318774764,1.1627749214042429,0.8296539649033946,0.12074971196522372
2016-12-24,599515.75,8.452499999999999,0.6750550171293271,0.45569927615147615,116.65367320019855,113.1449441442848,0.8733606599099955,0.8586102882409875,0.8906885318774764,1.1627749214042429,0.8284391038425455,0.12074971196522372
2016-12-25,650148.0,-2.6950000000000003,0.08107778326370255,0.006573606938955924,116.24184542237175,113.1449441442848,0.8733606599099955,0.8586102882409875,0.8906885318774764,1.1627749214042429,0.8320535295897137,0.12074971196522372
2016-12-26,660967.25,-12.247916666666667,0.016504263202611204,0.00027239070386106623,116.18247314547708,113.1449441442848,0.8733606599099955,0.8586102882409875,0.8906885318774764,1.1627749214042429,0.829072004323213,0.12074971196522372
2016-12-27,590620.5,4.480416666666667,-0.11253061331066379,0.012663138932074143,115.87940829109009,113.1449441442848,0.8733606599099955,0.8586102882409875,0.8906885318774764,1.1627749214042429,0.8363401283774841,0.12074971196522372
2016-12-28,206175.75,41.30291666666667,-1.0524447187721289,1.1076398860713454,116.53699849484728,113.1449441442848,0.8733606599099955,0.8586102882409875,0.8906885318774764,1.1627749214042429,0.8361601590806931,0.12074971196522372
2016-12-29,112694.0,46.437916666666666,-0.6040527794575118,0.36487976037034536,116.32590633565087,113.1449441442848,0.8733606599099955,0.8586102882409875,0.8906885318774764,1.1627749214042429,0.8427233827582296,0.12074971196522372
2016-12-30,172638.5,41.992916666666666,0.42652363192980003,0.18192240859458753,116.31079876401571,113.1449441442848,0.8733606599099955,0.8586102882409875,0.8906885318774764,1.1627749214042429,0.8385012041615163,0.12074971196522372
2016-12-31,232349.75,36.277499999999996,0.2970439666958993,0.08823511815043451,116.34923650241717,113.1449441442848,0.8733606599099955,0.8586102882409875,0.8906885318774764,1.1627749214042429,0.8343354876478282,0.12074971196522372
2017-01-01,254395.5,29.37875,0.09064636306285372,0.008216763136522691,116.35732997675738,113.1449441442848,0.8733606599099955,0.8586102882409875,0.8906885318774764,1.1627749214042429,0.8323623799420092,0.12074971196522372
2017-01-02,225582.25,46.24583333333334,-0.1202053051797466,0.014449315393356015,116.27111429310655,113.1449441442848,0.8733606599099955,0.8586102882409875,0.8906885318774764,1.1627749214042429,0.8289866314234894,0.12074971196522372
2017-01-03,560809.25,38.63375,0.9106959924276882,0.8293671906238519,117.08080266917017,113.1449441442848,0.8733606599099955,0.8586102882409875,0.8906885318774764,1.1627749214042429,0.8253254295596983,0.12074971196522372
2017-01-04,620445.25,27.054583333333337,0.10105653557936492,0.010212423383303448,116.98926759082481,113.1449441442848,0.8733606599099955,0.8586102882409875,0.8906885318774764,1.1627749214042429,0.8316145308200249,0.12074971196522372
2017-01-05,242259.5,49.96083333333333,-0.9404278997693464,0.8844046346645837,117.38464136034743,113.1449441442848,0.8733606599099955,0.8586102882409875,0.8906885318774764,1.1627749214042429,0.8316344580607266,0.12074971196522372
2017-01-06,69146.0,49.55416666666667,-1.2537892545144889,1.5719874947359977,118.85297785330224,113.1449441442848,0.8733606599099955,0.8586102882409875,0.8906885318774764,1.1627749214042429,0.8387020526451039,0.12074971196522372
2017-01-07,196535.5,38.52333333333333,1.04462286539584,1.0912369309078154,119.42512171602999,113.1449441442848,0.8733606599099955,0.8586102882409875,0.8906885318774764,1.1627749214042429,0.8374814294588994,0.12074971196522372
2017-01-08,37257.5,42.64125,-1.6629898097287756,2.7655351072617496,121.96643739083929,113.1449441442848,0.8733606599099955,0.8586102882409875,0.8906885318774764,1.1627749214042429,0.8363982852921482,0.12074971196522372
2017-01-09,117976.25,55.91916666666666,1.1526300661806497,1.328556069463609,121.89648975315527,113.1449441442848,0.8733606599099955,0.8586102882409875,0.8906885318774764,1.1627749214042429,0.8588126885689658,0.12074971196522372
2017-01-10,238999.0,54.60583333333333,0.7059760348008783,0.498402161713171,121.09085626132763,113.1449441442848,0.8733606599099955,0.8586102882409875,0.8906885318774764,1.1627749214042429,0.8601348067531984,0.12074971196522372
2017-01-11,534019.5,35.9175,0.8039729873250645,0.6463725643483883,121.16710942883994,113.1449441442848,0.8733606599099955,0.8586102882409875,0.8906885318774764,1.1627749214042429,0.8553894105275147,0.12074971196522372
2017-01-12,527834.75,34.17666666666667,-0.011649093912412712,0.00013570138898021092,121.07245390283806,113.1449441442848,0.8733606599099955,0.8586102882409875,0.8906885318774764,1.1627749214042429,0.8624837892389849,0.12074971196522372
2017-01-13,461396.0,39.79625,-0.1345265848003625,0.018097402018049123,120.75068851443649,113.1449441442848,0.8733606599099955,0.8586102882409875,0.8906885318774764,1.1627749214042429,0.858433701940361,0.12074971196522372
2017-01-14,416698.5,33.33,-0.10189373772472227,0.01038233378751449,120.7075963202172,113.1449441442848,0.8733606599099955,0.8586102882409875,0.8906885318774764,1.1627749214042429,0.8665139815106631,0.12074971196522372
2017-01-15,212679.75,35.61708333333333,-0.6725754255493507,0.45235770305289014,121.0860033397076,113.1449441442848,0.8733606599099955,0.8586102882409875,0.8906885318774764,1.1627749214042429,0.8647826862361504,0.12074971196522372
2017-01-16,63848.0,80.27708333333334,-1.2032822545868473,1.4478881842036064,122.52565588660688,113.1449441442848,0.8733606599099955,0.8586102882409875,0.8906885318774764,1.1627749214042429,0.868576503923557,0.12074971196522372
2017-01-17,66954.75,85.37333333333333,0.04751175951575698,0.002257367292283124,122.40089799553135,113.1449441442848,0.8733606599099955,0.8586102882409875,0.8906885318774764,1.1627749214042429,0.8682533986775255,0.12074971196522372
2017-01-18,108439.75,69.73583333333333,0.48217770111598923,0.23249533545350023,122.62572030475732,113.1449441442848,0.8733606599099955,0.8586102882409875,0.8906885318774764,1.1627749214042429,0.8719657895912366,0.12074971196522372
2017-01-19,110561.0,66.85791666666667,0.019372685635519468,0.0003753009487326623,122.58815975514445,113.1449441442848,0.8733606599099955,0.8586102882409875,0.8906885318774764,1.1627749214042429,0.8695821496084398,0.12074971196522372
2017-01-20,102133.5,62.88375,-0.07928662379019231,0.00628636871204749,122.36749211095064,113.1449441442848,0.8733606599099955,0.8586102882409875,0.8906885318774764,1.1627749214042429,0.8656900823386893,0.12074971196522372
2017-01-21,75572.25,48.260416666666664,-0.3011916287416508,0.0907163972240484,122.10517915275881,113.1449441442848,0.8733606599099955,0.8586102882409875,0.8906885318774764,1.1627749214042429,0.8639063171247544,0.12074971196522372
2017-01-22,45711.75,41.35541666666666,-0.5027337758591192,0.25274124938956705,122.35647261026014,113.1449441442848,0.8733606599099955,0.8586102882409875,0.8906885318774764,1.1627749214042429,0.8691458394738477,0.12074971196522372
2017-01-23,29754.5,75.63625,-0.4293749953928871,0.1843628866686418,122.40461612868438,113.1449441442848,0.8733606599099955,0.8586102882409875,0.8906885318774764,1.1627749214042429,0.8751660912246642,0.12074971196522372
2017-01-24,20556.25,101.92166666666667,-0.3698153501018938,0.1367633931709863,122.47143322725532,113.1449441442848,0.8733606599099955,0.8586102882409875,0.8906885318774764,1.1627749214042429,0.8735783456767723,0.12074971196522372
2017-01-25,50099.75,86.0075,0.8908509871031788,0.793615481222708,122.49967552580527,113.1449441442848,0.8733606599099955,0.8586102882409875,0.8906885318774764,1.1627749214042429,0.8691806987139802,0.12074971196522372
2017-01-26,174996.5,48.96541666666667,1.2507499556651025,1.5643754515962558,123.93340178744926,113.1449441442848,0.8733606599099955,0.8586102882409875,0.8906885318774764,1.1627749214042429,0.8677151965236114,0.12074971196522372
2017-01-27,209549.5,43.78958333333333,0.18019401457934434,0.03246988289022096,122.80497157920865,113.1449441442848,0.8733606599099955,0.8586102882409875,0.8906885318774764,1.1627749214042429,0.8627199860582718,0.12074971196522372
2017-01-28,157740.75,42.391666666666666,-0.2840071256847478,0.08066004743971213,122.64221447358996,113.1449441442848,0.8733606599099955,0.8586102882409875,0.8906885318774764,1.1627749214042429,0.8578521042894229,0.12074971196522372
2017-01-29,240698.0,37.649166666666666,0.42259017303793484,0.1785824543482317,122.22796285618354,113.1449441442848,0.8733606599099955,0.8586102882409875,0.8906885318774764,1.1627749214042429,0.8541293128793711,0.12074971196522372
2017-01-30,284933.25,51.91916666666666,0.16871190665472355,0.02846370744707215,122.12758040193297,113.1449441442848,0.8733606599099955,0.8586102882409875,0.8906885318774764,1.1627749214042429,0.8504435770011625,0.12074971196522372
2017-01-31,79443.5,69.18249999999999,-1.2772088651355302,1.631262485180789,123.73474216405126,113.1449441442848,0.8733606599099955,0.8586102882409875,0.8906885318774764,1.1627749214042429,0.8464512356452402,0.12074971196522372
2017-02-01,142717.75,51.298750000000005,0.5858228263976631,0.34318838392854656,120.82310649409622,113.1449441442848,0.8733606599099955,0.8586102882409875,0.8906885318774764,1.1627749214042429,0.8419711975535569,0.12074971196522372
2017-02-02,185856.5,44.88083333333333,0.26410596700052463,0.0697519618052822,120.65592664893015,113.1449441442848,0.8733606599099955,0.8586102882409875,0.8906885318774764,1.1627749214042429,0.8384261555783926,0.12074971196522372
2017-02-03,151322.75,48.15416666666667,-0.205559897566381,0.042254871487501046,120.30608065663714,113.1449441442848,0.8733606599099955,0.8586102882409875,0.8906885318774764,1.1627749214042429,0.8343422814354055,0.12074971196522372
2017-02-04,191035.25,45.29916666666667,0.23304299298523495,0.054309036579516266,119.9360717787493,113.1449441442848,0.8733606599099955,0.8586102882409875,0.8906885318774764,1.1627749214042429,0.8325099930465995,0.12074971196522372
2017-02-05,90587.5,43.51291666666666,-0.746141731556878,0.5567274835706962,119.97806650191961,113.1449441442848,0.8733606599099955,0.8586102882409875,0.8906885318774764,1.1627749214042429,0.8351847550486381,0.12074971196522372
2017-02-06,82969.25,61.78625,-0.08784617721189718,0.007716950850744043,119.7812729617078,113.1449441442848,0.8733606599099955,0.8586102882409875,0.8906885318774764,1.1627749214042429,0.8309852829381842,0.12074971196522372
2017-02-07,168047.25,53.416666666666664,0.7057751326363894,0.498118537847913,119.51286358285661,113.1449441442848,0.8733606599099955,0.8586102882409875,0.8906885318774764,1.1627749214042429,0.8270685444663785,0.12074971196522372
2017-02-08,144565.25,59.66208333333333,-0.15051422713520268,0.022654532570107383,119.36717309412317,113.1449441442848,0.8733606599099955,0.8586102882409875,0.8906885318774764,1.1627749214042429,0.8234195836057415,0.12074971196522372
2017-02-09,141450.5,57.92208333333334,-0.02178113016540353,0.0004744176312822516,118.99956503909291,113.1449441442848,0.8733606599099955,0.8586102882409875,0.8906885318774764,1.1627749214042429,0.8204371425585275,0.12074971196522372
2017-02-10,207315.25,44.85916666666666,0.38229074905849886,0.14614621681570814,119.08855628935072,113.1449441442848,0.8733606599099955,0.8586102882409875,0.8906885318774764,1.1627749214042429,0.8185017915889923,0.12074971196522372
2017-02-11,233858.0,38.54833333333333,0.12047351193261516,0.014513867077377967,118.78078152607836,113.1449441442848,0.8733606599099955,0.8586102882409875,0.8906885318774764,1.1627749214042429,0.8161486129082295,0.12074971196522372
2017-02-12,253403.5,33.12583333333333,0.08026898639594829,0.006443110177032931,118.74180691203138,113.1449441442848,0.8733606599099955,0.8586102882409875,0.8906885318774764,1.1627749214042429,0.8131338595940849,0.12074971196522372
2017-02-13,267736.5,42.33375,0.055020207942303535,0.003027223282014321,118.54785401463677,113.1449441442848,0.8733606599099955,0.8586102882409875,0.8906885318774764,1.1627749214042429,0.8097089295617104,0.12074971196522372
2017-02-14,164575.0,42.981249999999996,-0.4866368945347111,0.23681546712238752,118.72058787454122,113.1449441442848,0.8733606599099955,0.8586102882409875,0.8906885318774764,1.1627749214042429,0.8068873676842979,0.12074971196522372
2017-02-15,74031.0,47.32041666666667,-0.7988824689528841,0.6382131992002558,118.46644339322272,113.1449441442848,0.8733606599099955,0.8586102882409875,0.8906885318774764,1.1627749214042429,0.8037462625381379,0.12074971196522372
2017-02-16,196704.0,40.625,0.9772161363235424,0.9549513770911122,119.2349563861925,113.1449441442848,0.8733606599099955,0.8586102882409875,0.8906885318774764,1.1627749214042429,0.8075554963658002,0.12074971196522372
2017-02-17,215000.5,43.02166666666667,0.08894029298175501,0.00791037571568042,119.01523584220574,113.1449441442848,0.8733606599099955,0.8586102882409875,0.8906885318774764,1.1627749214042429,0.8131698159760198,0.12074971196522372
2017-02-18,107805.0,40.192083333333336,-0.6903163141178383,0.47653661353723803,117.79506058340202,113.1449441442848,0.8733606599099955,0.8586102882409875,0.8906885318774764,1.1627749214042429,0.8128428045895929,0.12074971196522372
2017-02-19,277506.25,28.416666666666668,0.9455194158668679,0.8940069657812232,118.3118955776936,113.1449441442848,0.8733606599099955,0.8586102882409875,0.8906885318774764,1.1627749214042429,0.8091845186305603,0.12074971196522372
2017-02-20,549260.25,31.197916666666668,0.6827289174467679,0.4661187747180356,118.73970967409574,113.1449441442848,0.8733606599099955,0.8586102882409875,0.8906885318774764,1.1627749214042429,0.8066140716242687,0.12074971196522372
2017-02-21,502962.5,32.6775,-0.0880567582654983,0.0077539926762284035,118.65688007125723,113.1449441442848,0.8733606599099955,0.8586102882409875,0.8906885318774764,1.1627749214042429,0.811331125822657,0.12074971196522372
2017-02-22,722701.25,24.141666666666666,0.36248031327580377,0.13139197751252485,118.77765053885895,113.1449441442848,0.8733606599099955,0.8586102882409875,0.8906885318774764,1.1627749214042429,0.8078546694503581,0.12074971196522372
2017-02-23,623879.5,25.59875,-0.1470386871653269,0.021620375523302867,118.62781981912426,113.1449441442848,0.8733606599099955,0.8586102882409875,0.8906885318774764,1.1627749214042429,0.8177010811444785,0.12074971196522372
2017-02-24,479897.5,28.74625,-0.26238470131512803,0.06884573148422896,116.64427656674152,113.1449441442848,0.8733606599099955,0.8586102882409875,0.8906885318774764,1.1627749214042429,0.8141347785787019,0.12074971196522372
2017-02-25,332272.75,29.72583333333333,-0.367616371647043,0.13514179670293686,116.77084006756517,113.1449441442848,0.8733606599099955,0.8586102882409875,0.8906885318774764,1.1627749214042429,0.8104249978399042,0.12074971196522372
2017-02-26,466996.0,13.570833333333333,0.3403645245367635,0.1158480095631371,116.57275295452177,113.1449441442848,0.8733606599099955,0.8586102882409875,0.8906885318774764,1.1627749214042429,0.8088526669740311,0.12074971196522372
2017-02-27,463202.25,28.953333333333333,-0.008156908561781152,6.653515728525866e-05,115.93440355499399,113.1449441442848,0.8733606599099955,0.8586102882409875,0.8906885318774764,1.1627749214042429,0.8096584302418979,0.12074971196522372
2017-02-28,536938.25,29.675833333333333,0.14771931344797432,0.021820995565540884,115.75622329604208,113.1449441442848,0.8733606599099955,0.8586102882409875,0.8906885318774764,1.1627749214042429,0.8078812840442193,0.12074971196522372
2017-03-01,409129.75,35.63166666666667,-0.2718507543103689,0.07390283261911657,115.0595668231618,113.1449441442848,0.8733606599099955,0.8586102882409875,0.8906885318774764,1.1627749214042429,0.8094147238760456,0.12074971196522372
2017-03-02,570784.5,27.348333333333333,0.33297938746607736,0.11087527247728407,114.1755654650023,113.1449441442848,0.8733606599099955,0.8586102882409875,0.8906885318774764,1.1627749214042429,0.8058277625282492,0.12074971196522372
2017-03-03,272531.0,38.26625,-0.7392593612627802,0.5465044032146539,114.67721568100106,113.1449441442848,0.8733606599099955,0.8586102882409875,0.8906885318774764,1.1627749214042429,0.8025366569024127,0.12074971196522372
2017-03-04,211292.75,33.845,-0.25450775647306684,0.0647741981049539,114.71867938041986,113.1449441442848,0.8733606599099955,0.8586102882409875,0.8906885318774764,1.1627749214042429,0.7999817193362488,0.12074971196522372
2017-03-05,343184.0,17.842083333333335,0.4850221338526622,0.23524647032698975,114.83468601755749,113.1449441442848,0.8733606599099955,0.8586102882409875,0.8906885318774764,1.1627749214042429,0.7992714899593109,0.12074971196522372
2017-03-06,191841.5,38.8375,-0.5815972362159566,0.3382553451740392,115.16496728755975,113.1449441442848,0.8733606599099955,0.8586102882409875,0.8906885318774764,1.1627749214042429,0.7959142267572044,0.12074971196522372
2017-03-07,91808.5,44.504999999999995,-0.7369646243318745,0.5431168575166209,114.82552884190267,113.1449441442848,0.8733606599099955,0.8586102882409875,0.8906885318774764,1.1627749214042429,0.7938513290130406,0.12074971196522372
2017-03-08,300480.0,36.41458333333333,1.1856763100872902,1.405828312302212,114.5339059109351,113.1449441442848,0.8733606599099955,0.8586102882409875,0.8906885318774764,1.1627749214042429,0.8103359796587816,0.12074971196522372
2017-03-09,273048.0,38.22291666666667,-0.09573359211437303,0.009164920659121147,114.28869372819227,113.1449441442848,0.8733606599099955,0.8586102882409875,0.8906885318774764,1.1627749214042429,0.8095635210020392,0.12074971196522372
2017-03-10,277155.75,33.55833333333333,0.014932018633041777,0.0002229651804575068,114.06806168439996,113.1449441442848,0.8733606599099955,0.8586102882409875,0.8906885318774764,1.1627749214042429,0.8059725707630839,0.12074971196522372
2017-03-11,93437.5,32.94541666666667,-1.0872868589535611,1.1821927136531012,115.24256319346867,113.1449441442848,0.8733606599099955,0.8586102882409875,0.8906885318774764,1.1627749214042429,0.80347933589814,0.12074971196522372
2017-03-12,248978.25,18.764166666666664,0.980072779666931,0.9605426534440646,116.09968044405205,113.1449441442848,0.8733606599099955,0.8586102882409875,0.8906885318774764,1.1627749214042429,0.8121550080178701,0.12074971196522372
2017-03-13,92848.0,36.312083333333334,-0.9864017958036839,0.9729885027647326,115.70888967048273,113.1449441442848,0.8733606599099955,0.8586102882409875,0.8906885318774764,1.1627749214042429,0.814081737911862,0.12074971196522372
2017-03-14,196147.75,34.55708333333333,0.7479044543283657,0.5593610728042104,113.52983154168214,113.1449441442848,0.8733606599099955,0.8586102882409875,0.8906885318774764,1.1627749214042429,0.8149835791859256,0.12074971196522372
2017-03-15,256583.25,33.6725,0.26858497157905625,0.07213788695812245,113.41526889145082,113.1449441442848,0.8733606599099955,0.8586102882409875,0.8906885318774764,1.1627749214042429,0.8152891328207816,0.12074971196522372
2017-03-16,155876.75,34.41583333333333,-0.4983875424738283,0.24839014249310204,111.54976287721388,113.1449441442848,0.8733606599099955,0.8586102882409875,0.8906885318774764,1.1627749214042429,0.8127159048745117,0.12074971196522372
2017-03-17,434881.75,28.485,1.026008524171438,1.0526934916724524,112.20784873163329,113.1449441442848,0.8733606599099955,0.8586102882409875,0.8906885318774764,1.1627749214042429,0.8092196571175269,0.12074971196522372
2017-03-18,619658.0,19.671666666666667,0.3540935578882589,0.12538224773796577,112.32190709612969,113.1449441442848,0.8733606599099955,0.8586102882409875,0.8906885318774764,1.1627749214042429,0.8109727635991885,0.12074971196522372
2017-03-19,443006.25,13.5675,-0.3355838346437849,0.11261651007422716,112.29595077481582,113.1449441442848,0.8733606599099955,0.8586102882409875,0.8906885318774764,1.1627749214042429,0.8110944248404225,0.12074971196522372
2017-03-20,482010.5,29.059583333333332,0.0843820197479342,0.007120325256740758,111.78305992158758,113.1449441442848,0.8733606599099955,0.8586102882409875,0.8906885318774764,1.1627749214042429,0.8092205983130761,0.12074971196522372
2017-03-21,342541.5,30.46875,-0.3415730798004359,0.11667216884435494,111.44454231741499,113.1449441442848,0.8733606599099955,0.8586102882409875,0.8906885318774764,1.1627749214042429,0.8075117534290674,0.12074971196522372
2017-03-22,132712.5,35.498333333333335,-0.9482076839055651,0.899097811817556,111.4791767108523,113.1449441442848,0.8733606599099955,0.8586102882409875,0.8906885318774764,1.1627749214042429,0.8111648653479188,0.12074971196522372
2017-03-23,161095.75,34.165,0.19381377436551608,0.03756377913380718,109.37628037591898,113.1449441442848,0.8733606599099955,0.8586102882409875,0.8906885318774764,1.1627749214042429,0.8126590010516322,0.12074971196522372
2017-03-24,149646.0,34.285833333333336,-0.07372640379814013,0.005435582617006412,109.36386880715087,113.1449441442848,0.8733606599099955,0.8586102882409875,0.8906885318774764,1.1627749214042429,0.8089748630168856,0.12074971196522372
2017-03-25,191565.0,28.35375,0.24695467170926774,0.060986609879032205,108.39320581382641,113.1449441442848,0.8733606599099955,0.8586102882409875,0.8906885318774764,1.1627749214042429,0.8223847282374815,0.12074971196522372
2017-03-26,76973.5,27.96260869565217,-0.9117659698420207,0.8313171837619606,109.21826299672769,113.1449441442848,0.8733606599099955,0.8586102882409875,0.8906885318774764,1.1627749214042429,0.8199131630359002,0.12074971196522372
2017-03-27,68093.25,34.96041666666667,-0.12258311747418589,0.015026620689690058,109.2332848075699,113.1449441442848,0.8733606599099955,0.8586102882409875,0.8906885318774764,1.1627749214042429,0.8427166810756644,0.12074971196522372
2017-03-28,94462.0,34.48208333333333,0.32731954792697154,0.10713808645511702,108.50964287834495,113.1449441442848,0.8733606599099955,0.8586102882409875,0.8906885318774764,1.1627749214042429,0.8433441174930267,0.12074971196522372
2017-03-29,321205.0,31.22458333333333,1.2238819113495036,1.4978869329285143,109.12983379473957,113.1449441442848,0.8733606599099955,0.8586102882409875,0.8906885318774764,1.1627749214042429,0.8516788385363752,0.12074971196522372
2017-03-30,130336.25,33.620416666666664,-0.9019618989931188,0.8135352672352731,109.93912881834284,113.1449441442848,0.8733606599099955,0.8586102882409875,0.8906885318774764,1.1627749214042429,0.8511270629712102,0.12074971196522372
2017-03-31,210960.75,31.642916666666665,0.4815544476315635,0.23189468603374025,109.97969456734305,113.1449441442848,0.8733606599099955,0.8586102882409875,0.8906885318774764,1.1627749214042429,0.8467155468793984,0.12074971196522372
2017-04-01,71056.75,30.38083333333333,-1.0881932436658384,1.1841645355599786,111.04022988903168,113.1449441442848,0.8733606599099955,0.8586102882409875,0.8906885318774764,1.1627749214042429,0.8422206379593571,0.12074971196522372
2017-04-02,95776.5,29.550833333333333,0.29853849862198556,0.08912523515946927,110.40571799597895,113.1449441442848,0.8733606599099955,0.8586102882409875,0.8906885318774764,1.1627749214042429,0.8468245248869248,0.12074971196522372
2017-04-03,57161.75,37.705,-0.5161323837629279,0.26639263756880227,110.3101932566825,113.1449441442848,0.8733606599099955,0.8586102882409875,0.8906885318774764,1.1627749214042429,0.8425518762932231,0.12074971196522372
2017-04-04,33215.25,38.6475,-0.5428758605995332,0.2947142000216838,110.58280727036191,113.1449441442848,0.8733606599099955,0.8586102882409875,0.8906885318774764,1.1627749214042429,0.8514197195543675,0.12074971196522372
2017-04-05,233755.0,32.687916666666666,1.9512644505056227,3.8074329558070095,114.01665687577913,113.1449441442848,0.8733606599099955,0.8586102882409875,0.8906885318774764,1.1627749214042429,0.8470359267708903,0.12074971196522372
2017-04-06,336830.25,29.99,0.3653055359350961,0.1334481345848278,113.99226242454766,113.1449441442848,0.8733606599099955,0.8586102882409875,0.8906885318774764,1.1627749214042429,0.8531886193461947,0.12074971196522372
2017-04-07,368195.75,33.83083333333333,0.08903563184303787,0.00792734373768898,113.10224425348648,113.1449441442848,0.8733606599099955,0.8586102882409875,0.8906885318774764,1.1627749214042429,0.8497977998095513,0.12074971196522372
2017-04-08,73386.75,34.47625,-1.6128713244784758,2.6013539093249527,115.6997186240899,113.1449441442848,0.8733606599099955,0.8586102882409875,0.8906885318774764,1.1627749214042429,0.8486115794651643,0.12074971196522372
2017-04-09,38113.75,28.227500000000003,-0.6551682921989028,0.4292454911028269,115.60147444858245,113.1449441442848,0.8733606599099955,0.8586102882409875,0.8906885318774764,1.1627749214042429,0.8528238888764667,0.12074971196522372
2017-04-10,401385.25,27.374166666666667,2.354346579884317,5.542947818212981,120.46597795532126,113.1449441442848,0.8733606599099955,0.8586102882409875,0.8906885318774764,1.1627749214042429,0.8483187313729359,0.12074971196522372
2017-04-11,295310.0,33.51125,-0.3068960372556667,0.09418517768323158,120.35938810489978,113.1449441442848,0.8733606599099955,0.8586102882409875,0.8906885318774764,1.1627749214042429,0.8647780451300265,0.12074971196522372
2017-04-12,462170.25,27.684583333333332,0.44790767764964073,0.20062128769749446,119.40727307878275,113.1449441442848,0.8733606599099955,0.8586102882409875,0.8906885318774764,1.1627749214042429,0.8603943117363113,0.12074971196522372
2017-04-13,397346.75,29.27,-0.15112400452777947,0.02283846474451231,119.41573137422344,113.1449441442848,0.8733606599099955,0.8586102882409875,0.8906885318774764,1.1627749214042429,0.8614359842564159,0.12074971196522372
2017-04-14,223091.0,30.29375,-0.5772295651952584,0.333193970935507,119.40529918551066,113.1449441442848,0.8733606599099955,0.8586102882409875,0.8906885318774764,1.1627749214042429,0.86137599220782,0.12074971196522372
2017-04-15,424804.75,14.60375,0.6440498916274283,0.41480026290530214,119.76333967310674,113.1449441442848,0.8733606599099955,0.8586102882409875,0.8906885318774764,1.1627749214042429,0.8565725009383302,0.12074971196522372
2017-04-16,283392.75,18.565833333333334,-0.40479590688439365,0.1638597262303587,119.91937945813582,113.1449441442848,0.8733606599099955,0.8586102882409875,0.8906885318774764,1.1627749214042429,0.8591756554720942,0.12074971196522372
2017-04-17,156496.75,25.297083333333333,-0.5937985017219879,0.3525966606472777,119.85736241938999,113.1449441442848,0.8733606599099955,0.8586102882409875,0.8906885318774764,1.1627749214042429,0.859012275605511,0.12074971196522372
2017-04-18,241202.25,34.30291666666667,0.43260055017631793,0.18714323601285296,119.45613676519949,113.1449441442848,0.8733606599099955,0.8586102882409875,0.8906885318774764,1.1627749214042429,0.854235900368078,0.12074971196522372
2017-04-19,170549.25,37.027499999999996,-0.3466116818501239,0.12013965799497152,119.57152525141878,113.1449441442848,0.8733606599099955,0.8586102882409875,0.8906885318774764,1.1627749214042429,0.8495615288354951,0.12074971196522372
2017-04-20,69184.75,37.18458333333333,-0.9022436487028236,0.8140436016245841,120.29775078838304,113.1449441442848,0.8733606599099955,0.8586102882409875,0.8906885318774764,1.1627749214042429,0.8534851308313829,0.12074971196522372
2017-04-21,347255.0,27.689166666666665,1.6132789177641,2.602668866502106,122.88757449550864,113.1449441442848,0.8733606599099955,0.8586102882409875,0.8906885318774764,1.1627749214042429,0.8493535458673735,0.12074971196522372
2017-04-22,461780.5,12.267083333333334,0.2850302895780738,0.0812422659769606,122.80558431292368,113.1449441442848,0.8733606599099955,0.8586102882409875,0.8906885318774764,1.1627749214042429,0.8559667103821869,0.12074971196522372
2017-04-23,332500.25,11.163333333333334,-0.3284490579816313,0.10787878368902101,121.91008221725434,113.1449441442848,0.8733606599099955,0.8586102882409875,0.8906885318774764,1.1627749214042429,0.8598587823052538,0.12074971196522372
2017-04-24,272176.25,31.113333333333333,-0.20019077758521184,0.04007634743017176,121.83216989511169,113.1449441442848,0.8733606599099955,0.8586102882409875,0.8906885318774764,1.1627749214042429,0.8559144204988742,0.12074971196522372
2017-04-25,217935.5,36.196666666666665,-0.222250686939283,0.049395367844983176,121.8801438105791,113.1449441442848,0.8733606599099955,0.8586102882409875,0.8906885318774764,1.1627749214042429,0.8546007575434843,0.12074971196522372
2017-04-26,48175.25,39.90875,-1.5093537437502693,2.278148723772954,124.08078644901634,113.1449441442848,0.8733606599099955,0.8586102882409875,0.8906885318774764,1.1627749214042429,0.8710841074430832,0.12074971196522372
2017-04-27,73263.5,36.785000000000004,0.41921712755669066,0.17574300003688265,124.25583871727386,113.1449441442848,0.8733606599099955,0.8586102882409875,0.8906885318774764,1.1627749214042429,0.8722398598167628,0.12074971196522372
2017-04-28,76525.75,36.870416666666664,0.0435647542449167,0.0018978878124199878,124.17712951217007,113.1449441442848,0.8733606599099955,0.8586102882409875,0.8906885318774764,1.1627749214042429,0.872382141802288,0.12074971196522372
2017-04-29,86685.0,30.233333333333334,0.12465357293568217,0.015538513245631436,122.58369991172259,113.1449441442848,0.8733606599099955,0.8586102882409875,0.8906885318774764,1.1627749214042429,0.870102433921082,0.12074971196522372
2017-04-30,339669.25,-6.741666666666667,1.3656914915834264,1.865113250183364,124.08472683432713,113.1449441442848,0.8733606599099955,0.8586102882409875,0.8906885318774764,1.1627749214042429,0.8676506428839568,0.12074971196522372
2017-05-01,370981.0,-24.27125,0.08817849833672509,0.007775447568919829,123.99838281841225,113.1449441442848,0.8733606599099955,0.8586102882409875,0.8906885318774764,1.1627749214042429,0.8707171811300976,0.12074971196522372
2017-05-02,311782.75,28.869583333333335,-0.17384421719034454,0.030221811850523684,123.17753749745677,113.1449441442848,0.8733606599099955,0.8586102882409875,0.8906885318774764,1.1627749214042429,0.877388323696662,0.12074971196522372
2017-05-03,208682.5,34.49333333333333,-0.4014926730200549,0.16119636648878874,123.20798745308329,113.1449441442848,0.8733606599099955,0.8586102882409875,0.8906885318774764,1.1627749214042429,0.8754668093031938,0.12074971196522372
2017-05-04,275945.75,32.78458333333333,0.27939033027848276,0.07805895665311968,122.81499529094496,113.1449441442848,0.8733606599099955,0.8586102882409875,0.8906885318774764,1.1627749214042429,0.8727294975591903,0.12074971196522372
2017-05-05,108414.25,38.045833333333334,-0.9342447504957527,0.8728132538288713,123.5889779728224,113.1449441442848,0.8733606599099955,0.8586102882409875,0.8906885318774764,1.1627749214042429,0.8693640887049019,0.12074971196522372
2017-05-06,91215.0,32.77625,-0.17274018069015026,0.02983917002486576,123.21696508552958,113.1449441442848,0.8733606599099955,0.8586102882409875,0.8906885318774764,1.1627749214042429,0.8645448800395025,0.12074971196522372
2017-05-07,77839.75,28.045416666666668,-0.15856713108393194,0.025143535060188855,122.25087568372477,113.1449441442848,0.8733606599099955,0.8586102882409875,0.8906885318774764,1.1627749214042429,0.887150502554018,0.12074971196522372
2017-05-08,206660.0,33.512499999999996,0.976422704629958,0.9534012981168821,123.19282813430638,113.1449441442848,0.8733606599099955,0.8586102882409875,0.8906885318774764,1.1627749214042429,0.8816921077600939,0.12074971196522372
2017-05-09,55658.75,39.755,-1.3118356327200185,1.720912727273931,123.95173452033886,113.1449441442848,0.8733606599099955,0.8586102882409875,0.8906885318774764,1.1627749214042429,0.8783669764707158,0.12074971196522372
2017-05-10,86609.5,38.83125,0.44217021125467276,0.19551449572100194,124.06824329168005,113.1449441442848,0.8733606599099955,0.8586102882409875,0.8906885318774764,1.1627749214042429,0.8762662621430712,0.12074971196522372
2017-05-11,139889.25,33.92583333333334,0.47944152879775354,0.22986417953592714,124.27939675625747,113.1449441442848,0.8733606599099955,0.8586102882409875,0.8906885318774764,1.1627749214042429,0.872978953606235,0.12074971196522372
2017-05-12,136278.5,35.623333333333335,-0.026150452137232504,0.0006838461469816881,124.27995146540935,113.1449441442848,0.8733606599099955,0.8586102882409875,0.8906885318774764,1.1627749214042429,0.8712265850206744,0.12074971196522372
2017-05-13,62551.75,31.985,-0.7787063718419244,0.6063836135472134,124.7309817136361,113.1449441442848,0.8733606599099955,0.8586102882409875,0.8906885318774764,1.1627749214042429,0.8795180586915433,0.12074971196522372
2017-05-14,62172.0,28.02916666666667,-0.0060894765188080745,3.7081724273114905e-05,123.91190135575066,113.1449441442848,0.8733606599099955,0.8586102882409875,0.8906885318774764,1.1627749214042429,0.8957396581209877,0.12074971196522372
2017-05-15,52787.5,36.43333333333333,-0.16363031736058958,0.026774880759527265,123.7336496789331,113.1449441442848,0.8733606599099955,0.8586102882409875,0.8906885318774764,1.1627749214042429,0.8904983684361285,0.12074971196522372
2017-05-16,65151.0,34.22958333333333,0.21043323238716183,0.044282145292909254,121.5181508409743,113.1449441442848,0.8733606599099955,0.8586102882409875,0.8906885318774764,1.1627749214042429,0.8862803810553803,0.12074971196522372
2017-05-17,128913.0,32.518750000000004,0.6824301055872674,0.4657108490118489,121.34102313036125,113.1449441442848,0.8733606599099955,0.8586102882409875,0.8906885318774764,1.1627749214042429,0.8895553520164979,0.12074971196522372
2017-05-18,176490.5,32.737500000000004,0.31412929232767106,0.09867721229828343,121.36957398349904,113.1449441442848,0.8733606599099955,0.8586102882409875,0.8906885318774764,1.1627749214042429,0.8888488290808434,0.12074971196522372
2017-05-19,162793.0,34.4675,-0.08078759546114075,0.00652663558039293,121.11247467531369,113.1449441442848,0.8733606599099955,0.8586102882409875,0.8906885318774764,1.1627749214042429,0.8882735914767514,0.12074971196522372
2017-05-20,153455.25,26.465833333333332,-0.059070461521801884,0.003489319424398677,120.82837644020886,113.1449441442848,0.8733606599099955,0.8586102882409875,0.8906885318774764,1.1627749214042429,0.8876078408474639,0.12074971196522372
2017-05-21,50261.75,18.775000000000002,-1.1161646431284347,1.245823510570026,121.8722281956811,113.1449441442848,0.8733606599099955,0.8586102882409875,0.8906885318774764,1.1627749214042429,0.8822458761987403,0.12074971196522372
2017-05-22,53489.5,36.052083333333336,0.062241022507088545,0.0038739448827279028,121.77204713297952,113.1449441442848,0.8733606599099955,0.8586102882409875,0.8906885318774764,1.1627749214042429,0.8805214919175536,0.12074971196522372
2017-05-23,176045.5,33.473333333333336,1.1912571113963089,1.4190935054522777,122.91299395118095,113.1449441442848,0.8733606599099955,0.8586102882409875,0.8906885318774764,1.1627749214042429,0.9007770457403184,0.12074971196522372
2017-05-24,252401.5,32.21875,0.36027858924291845,0.12980066186686756,122.92092609304915,113.1449441442848,0.8733606599099955,0.8586102882409875,0.8906885318774764,1.1627749214042429,0.9131346725997037,0.12074971196522372
2017-05-25,129835.0,27.895833333333332,-0.6647566600663259,0.44190141710253683,123.30631319979518,113.1449441442848,0.8733606599099955,0.8586102882409875,0.8906885318774764,1.1627749214042429,0.9078963185283385,0.12074971196522372
2017-05-26,81325.5,32.52041666666667,-0.4678047930193407,0.21884132437186818,122.49768615236762,113.1449441442848,0.8733606599099955,0.8586102882409875,0.8906885318774764,1.1627749214042429,0.9024716384415624,0.12074971196522372
2017-05-27,147772.75,27.017916666666665,0.5972160002329744,0.3566669509342721,122.47419500343874,113.1449441442848,0.8733606599099955,0.8586102882409875,0.8906885318774764,1.1627749214042429,0.9009234884965358,0.12074971196522372
2017-05-28,140701.0,20.363333333333333,-0.0490385493287821,0.0024047793202713955,122.45172522355881,113.1449441442848,0.8733606599099955,0.8586102882409875,0.8906885318774764,1.1627749214042429,0.8951553079722407,0.12074971196522372
2017-05-29,46207.0,36.90708333333333,-1.1135057696536796,1.2398950990520334,122.34870066412127,113.1449441442848,0.8733606599099955,0.8586102882409875,0.8906885318774764,1.1627749214042429,0.8924574870255461,0.12074971196522372
2017-05-30,169143.0,36.835,1.2976132092209285,1.6838000407446372,122.94154169399796,113.1449441442848,0.8733606599099955,0.8586102882409875,0.8906885318774764,1.1627749214042429,0.8988258085262242,0.12074971196522372
2017-05-31,253357.25,32.95875,0.4040560370679835,0.16326128109108365,122.85059141389303,113.1449441442848,0.8733606599099955,0.8586102882409875,0.8906885318774764,1.1627749214042429,0.8931275392907128,0.12074971196522372
2017-06-01,86654.75,36.26125,-1.0728687151574328,1.1510472799635605,123.92068748375254,113.1449441442848,0.8733606599099955,0.8586102882409875,0.8906885318774764,1.1627749214042429,0.9060545439366241,0.12074971196522372
2017-06-02,36313.5,36.446666666666665,-0.8697422599341463,0.7564515987153562,123.9844926014378,113.1449441442848,0.8733606599099955,0.8586102882409875,0.8906885318774764,1.1627749214042429,0.9031161277199988,0.12074971196522372
2017-06-03,97480.0,30.504583333333333,0.9874576557977253,0.9750726219935388,124.95944218050128,113.1449441442848,0.8733606599099955,0.8586102882409875,0.8906885318774764,1.1627749214042429,0.9353907606342466,0.12074971196522372
2017-06-04,200795.0,22.762083333333333,0.7226372583521422,0.5222046071587008,124.69477135979822,113.1449441442848,0.8733606599099955,0.8586102882409875,0.8906885318774764,1.1627749214042429,0.9321088056058757,0.12074971196522372
2017-06-05,69342.0,27.95625,-1.0632337038877884,1.1304659090829452,124.97519304751437,113.1449441442848,0.8733606599099955,0.8586102882409875,0.8906885318774764,1.1627749214042429,0.9256266004407243,0.12074971196522372
2017-06-06,336369.5,21.530416666666667,1.5791594748930753,2.4937446471445734,127.39282310600069,113.1449441442848,0.8733606599099955,0.8586102882409875,0.8906885318774764,1.1627749214042429,0.9203045528600746,0.12074971196522372
2017-06-07,567359.75,13.312916666666666,0.5227833241339734,0.2733024039925671,122.73203413245984,113.1449441442848,0.8733606599099955,0.8586102882409875,0.8906885318774764,1.1627749214042429,0.9228184738805549,0.12074971196522372
2017-06-08,244711.75,28.78833333333333,-0.840912594971407,0.7071339923815456,123.41726676065863,113.1449441442848,0.8733606599099955,0.8586102882409875,0.8906885318774764,1.1627749214042429,0.9424796749325782,0.12074971196522372
2017-06-09,211785.75,33.378750000000004,-0.14450583682638404,0.02088193687689353,122.69929243201639,113.1449441442848,0.8733606599099955,0.8586102882409875,0.8906885318774764,1.1627749214042429,0.9357975754633612,0.12074971196522372
2017-06-10,63320.5,31.03,-1.2073660190697402,1.4577327040043122,123.66666224813821,113.1449441442848,0.8733606599099955,0.8586102882409875,0.8906885318774764,1.1627749214042429,0.9314598986730517,0.12074971196522372
2017-06-11,126334.5,20.91375,0.690724019819295,0.4770996715553258,123.78233688814113,113.1449441442848,0.8733606599099955,0.8586102882409875,0.8906885318774764,1.1627749214042429,0.9264561338956849,0.12074971196522372
2017-06-12,399200.25,24.69125,1.1505300194894459,1.3237193257463846,125.06946867497282,113.1449441442848,0.8733606599099955,0.8586102882409875,0.8906885318774764,1.1627749214042429,0.9251688268357471,0.12074971196522372
2017-06-13,271706.75,32.75208333333333,-0.3847398109884371,0.14802472215941834,124.6752503778269,113.1449441442848,0.8733606599099955,0.8586102882409875,0.8906885318774764,1.1627749214042429,0.9332884193194628,0.12074971196522372
2017-06-14,62765.5,37.41791666666666,-1.4653178002395255,2.147156255698802,126.81883106937991,113.1449441442848,0.8733606599099955,0.8586102882409875,0.8906885318774764,1.1627749214042429,0.9286173752348611,0.12074971196522372
2017-06-15,98645.0,32.19375,0.45212198748527765,0.20441429156763757,127.01895799389648,113.1449441442848,0.8733606599099955,0.8586102882409875,0.8906885318774764,1.1627749214042429,0.930928107579285,0.12074971196522372
2017-06-16,393121.0,20.195416666666667,1.3825899055752446,1.911554846998564,128.0298447277301,113.1449441442848,0.8733606599099955,0.8586102882409875,0.8906885318774764,1.1627749214042429,0.9245300113250654,0.12074971196522372
2017-06-17,255160.5,24.474166666666665,-0.43222469359555354,0.18681818575377016,128.21277313109766,113.1449441442848,0.8733606599099955,0.8586102882409875,0.8906885318774764,1.1627749214042429,0.9400013642194038,0.12074971196522372
2017-06-18,37695.75,28.75125,-1.9123454029228897,3.6570649400803092,131.15130031307538,113.1449441442848,0.8733606599099955,0.8586102882409875,0.8906885318774764,1.1627749214042429,0.9333244071720538,0.12074971196522372
2017-06-19,27077.0,38.07625,-0.33086269696211823,0.10947012424104648,129.9268798395276,113.1449441442848,0.8733606599099955,0.8586102882409875,0.8906885318774764,1.1627749214042429,0.9328336601839001,0.12074971196522372
2017-06-20,110257.0,35.556666666666665,1.4041293453332957,1.9715792184261096,127.90943849958717,113.1449441442848,0.8733606599099955,0.8586102882409875,0.8906885318774764,1.1627749214042429,0.9359474642314427,0.12074971196522372
2017-06-21,54737.75,39.53,-0.7002604050050274,0.490364634817805,128.35640448253923,113.1449441442848,0.8733606599099955,0.8586102882409875,0.8906885318774764,1.1627749214042429,0.9385650284801653,0.12074971196522372
2017-06-22,189943.5,35.57041666666667,1.244173060146793,1.5479666035950357,129.46070268977667,113.1449441442848,0.8733606599099955,0.8586102882409875,0.8906885318774764,1.1627749214042429,0.9392179251783267,0.12074971196522372
2017-06-23,363395.5,29.950833333333335,0.648765113319741,0.4208961722607763,129.7736126504861,113.1449441442848,0.8733606599099955,0.8586102882409875,0.8906885318774764,1.1627749214042429,0.9332314566396528,0.12074971196522372
2017-06-24,314954.25,22.150833333333335,-0.14306438265409696,0.02046741758419788,129.3590880085598,113.1449441442848,0.8733606599099955,0.8586102882409875,0.8906885318774764,1.1627749214042429,0.9386043455613488,0.12074971196522372
2017-06-25,279171.75,18.625416666666666,-0.12060020636176685,0.014544409774500751,128.5719758539381,113.1449441442848,0.8733606599099955,0.8586102882409875,0.8906885318774764,1.1627749214042429,0.9380345900304301,0.12074971196522372
2017-06-26,174463.0,33.03333333333333,-0.470114499044495,0.22100764221185648,128.59847536432676,113.1449441442848,0.8733606599099955,0.8586102882409875,0.8906885318774764,1.1627749214042429,0.9345033754126071,0.12074971196522372
2017-06-27,68622.25,38.84791666666667,-0.9330958586090484,0.8706678813533573,129.4649348722545,113.1449441442848,0.8733606599099955,0.8586102882409875,0.8906885318774764,1.1627749214042429,0.929298166044572,0.12074971196522372
2017-06-28,188615.5,35.281666666666666,1.0110937251728809,1.0223105210839731,130.20804267322336,113.1449441442848,0.8733606599099955,0.8586102882409875,0.8906885318774764,1.1627749214042429,0.9408301246871058,0.12074971196522372
2017-06-29,166937.25,38.077083333333334,-0.12209255803728833,0.014906592728088619,129.78872227423284,113.1449441442848,0.8733606599099955,0.8586102882409875,0.8906885318774764,1.1627749214042429,0.9605235831814081,0.12074971196522372
2017-06-30,359574.75,31.987083333333334,0.7673040899218638,0.5887555664108197,130.19769549689906,113.1449441442848,0.8733606599099955,0.8586102882409875,0.8906885318774764,1.1627749214042429,0.9736837335235599,0.12074971196522372
2017-07-01,273282.25,28.444999999999997,-0.27441693934433875,0.07530465659911449,130.12591379423353,113.1449441442848,0.8733606599099955,0.8586102882409875,0.8906885318774764,1.1627749214042429,0.9663175477113165,0.12074971196522372
2017-07-02,260821.5,24.175,-0.046668878575202966,0.0021779842274670383,130.12753589270267,113.1449441442848,0.8733606599099955,0.8586102882409875,0.8906885318774764,1.1627749214042429,0.9627005628656293,0.12074971196522372
2017-07-03,218539.25,32.42125,-0.17687063303423536,0.03128322082993115,129.8286449048045,113.1449441442848,0.8733606599099955,0.8586102882409875,0.8906885318774764,1.1627749214042429,0.9622325708176053,0.12074971196522372
2017-07-04,162286.0,34.88708333333333,-0.29760542148307667,0.08856898689611971,129.47900144118094,113.1449441442848,0.8733606599099955,0.8586102882409875,0.8906885318774764,1.1627749214042429,0.9604119834781667,0.12074971196522372
2017-07-05,28617.75,38.83541666666667,-1.7353330561019376,3.0113808156000905,132.37622835702967,113.1449441442848,0.8733606599099955,0.8586102882409875,0.8906885318774764,1.1627749214042429,0.953426765147399,0.12074971196522372
2017-07-06,31231.25,39.3575,0.08739204142470196,0.007637368904376823,129.6371870559082,113.1449441442848,0.8733606599099955,0.8586102882409875,0.8906885318774764,1.1627749214042429,0.9523800822682947,0.12074971196522372
2017-07-07,129851.25,37.32125,1.4249703684441513,2.03054055094386,131.1214712362,113.1449441442848,0.8733606599099955,0.8586102882409875,0.8906885318774764,1.1627749214042429,0.9695332258518834,0.12074971196522372
2017-07-08,110176.0,34.40208333333333,-0.16431047739841614,0.026997932982895424,131.0423903587463,113.1449441442848,0.8733606599099955,0.8586102882409875,0.8906885318774764,1.1627749214042429,0.9622924553544125,0.12074971196522372
2017-07-09,38320.25,33.13166666666667,-1.056100610066384,1.1153484985825883,131.3628121405794,113.1449441442848,0.8733606599099955,0.8586102882409875,0.8906885318774764,1.1627749214042429,0.9595539310403537,0.12074971196522372
2017-07-10,82353.0,40.053333333333335,0.7650364087428638,0.5852807067021782,131.35475618928945,113.1449441442848,0.8733606599099955,0.8586102882409875,0.8906885318774764,1.1627749214042429,0.9655438939329037,0.12074971196522372
2017-07-11,144592.75,36.574999999999996,0.5629062843225175,0.31686348492978295,129.78866161493426,113.1449441442848,0.8733606599099955,0.8586102882409875,0.8906885318774764,1.1627749214042429,0.9717166198902364,0.12074971196522372
2017-07-12,259512.75,34.64125,0.5848846641918258,0.34209007040678485,129.51198291936396,113.1449441442848,0.8733606599099955,0.8586102882409875,0.8906885318774764,1.1627749214042429,0.9758484112565726,0.12074971196522372
2017-07-13,186766.5,33.86708333333333,-0.32894666082328816,0.10820590566679138,127.89794893019035,113.1449441442848,0.8733606599099955,0.8586102882409875,0.8906885318774764,1.1627749214042429,0.9689213295942593,0.12074971196522372
2017-07-14,58256.5,36.81333333333333,-1.1650034993204816,1.3572331534289674,128.77398751902547,113.1449441442848,0.8733606599099955,0.8586102882409875,0.8906885318774764,1.1627749214042429,0.9655448353602467,0.12074971196522372
2017-07-15,71156.75,32.49666666666666,0.20002951582579398,0.04001180720150156,128.75626375508958,113.1449441442848,0.8733606599099955,0.8586102882409875,0.8906885318774764,1.1627749214042429,0.9675984444491219,0.12074971196522372
2017-07-16,113516.0,30.421666666666667,0.46705860612027345,0.21814374155101274,128.97394761634254,113.1449441442848,0.8733606599099955,0.8586102882409875,0.8906885318774764,1.1627749214042429,0.9664271711680859,0.12074971196522372
2017-07-17,70863.0,37.45041666666666,-0.4711953606055537,0.2220250678561978,129.05924500619557,113.1449441442848,0.8733606599099955,0.8586102882409875,0.8906885318774764,1.1627749214042429,0.9733897587140925,0.12074971196522372
2017-07-18,57929.0,37.655833333333334,-0.2015303127971572,0.04061446697612002,129.06030002891072,113.1449441442848,0.8733606599099955,0.8586102882409875,0.8906885318774764,1.1627749214042429,0.9663681425642596,0.12074971196522372
2017-07-19,169887.25,35.910833333333336,1.0759168589717965,1.1575970874197365,130.18841569503462,113.1449441442848,0.8733606599099955,0.8586102882409875,0.8906885318774764,1.1627749214042429,0.967627903896773,0.12074971196522372
2017-07-20,134415.75,37.2325,-0.23419737299518936,0.05484840951784785,130.2431934487187,113.1449441442848,0.8733606599099955,0.8586102882409875,0.8906885318774764,1.1627749214042429,0.9669106047538849,0.12074971196522372
2017-07-21,82535.75,35.925,-0.4877060759109361,0.23785721648044378,130.44719759976817,113.1449441442848,0.8733606599099955,0.8586102882409875,0.8906885318774764,1.1627749214042429,0.9628744106708336,0.12074971196522372
2017-07-22,121348.5,33.3225,0.3854350383445876,0.1485601687836937,130.42182487455472,113.1449441442848,0.8733606599099955,0.8586102882409875,0.8906885318774764,1.1627749214042429,0.956625489523859,0.12074971196522372
2017-07-23,191503.25,28.7675,0.45623820859928155,0.20815330298588156,130.11445128431404,113.1449441442848,0.8733606599099955,0.8586102882409875,0.8906885318774764,1.1627749214042429,0.9530594933612782,0.12074971196522372
2017-07-24,70127.25,39.33708333333333,-1.0045933308664363,1.0092077604213212,130.90593241873012,113.1449441442848,0.8733606599099955,0.8586102882409875,0.8906885318774764,1.1627749214042429,0.9460326654498208,0.12074971196522372
2017-07-25,238058.5,34.143750000000004,1.2222049928977177,1.49378504466411,132.1119735136529,113.1449441442848,0.8733606599099955,0.8586102882409875,0.8906885318774764,1.1627749214042429,0.9538861380554322,0.12074971196522372
2017-07-26,250352.25,32.795833333333334,0.05035248436583771,0.002535372681811931,132.11341782629148,113.1449441442848,0.8733606599099955,0.8586102882409875,0.8906885318774764,1.1627749214042429,0.9508561296439154,0.12074971196522372
2017-07-27,142336.5,33.74166666666667,-0.5646749535965964,0.3188578032193183,132.32740296733522,113.1449441442848,0.8733606599099955,0.8586102882409875,0.8906885318774764,1.1627749214042429,0.9508678506282393,0.12074971196522372
2017-07-28,229001.75,31.360416666666666,0.47553567288985166,0.226134176190804,132.50430228038314,113.1449441442848,0.8733606599099955,0.8586102882409875,0.8906885318774764,1.1627749214042429,0.9482688033517848,0.12074971196522372
2017-07-29,241750.5,20.434583333333332,0.054176557137154024,0.0029350993432353148,132.24604557795925,113.1449441442848,0.8733606599099955,0.8586102882409875,0.8906885318774764,1.1627749214042429,0.9429553771528049,0.12074971196522372
2017-07-30,293999.25,5.149166666666667,0.1956710137314279,0.038287145614684645,132.00349989399717,113.1449441442848,0.8733606599099955,0.8586102882409875,0.8906885318774764,1.1627749214042429,0.9425867613037708,0.12074971196522372
2017-07-31,95986.75,32.21083333333333,-1.1193670552062684,1.2529826042811532,133.00906748929975,113.1449441442848,0.8733606599099955,0.8586102882409875,0.8906885318774764,1.1627749214042429,0.9361185876912664,0.12074971196522372
2017-08-01,92980.0,34.73708333333333,-0.0318257448463125,0.0010128780350225869,132.6572863774914,113.1449441442848,0.8733606599099955,0.8586102882409875,0.8906885318774764,1.1627749214042429,0.929520166382421,0.12074971196522372
2017-08-02,72738.0,33.049166666666665,-0.24552047226993742,0.06028030230365311,131.454366972495,113.1449441442848,0.8733606599099955,0.8586102882409875,0.8906885318774764,1.1627749214042429,0.9420678853271864,0.12074971196522372
2017-08-03,297032.0,28.0725,1.4069759331139629,1.9795812763619065,131.95041126988517,113.1449441442848,0.8733606599099955,0.8586102882409875,0.8906885318774764,1.1627749214042429,0.9403268027964685,0.12074971196522372
2017-08-04,369571.75,24.55666666666667,0.2185050257571551,0.047744446281135014,131.81266747497423,113.1449441442848,0.8733606599099955,0.8586102882409875,0.8906885318774764,1.1627749214042429,0.9438789092691408,0.12074971196522372
2017-08-05,192132.0,27.993750000000002,-0.6541622670557016,0.427928271639455,132.13112723793054,113.1449441442848,0.8733606599099955,0.8586102882409875,0.8906885318774764,1.1627749214042429,0.9506808437355799,0.12074971196522372
2017-08-06,136460.75,19.534166666666668,-0.34214560831966584,0.1170636172924342,131.54177187518835,113.1449441442848,0.8733606599099955,0.8586102882409875,0.8906885318774764,1.1627749214042429,0.9437091370212168,0.12074971196522372
2017-08-07,73074.25,33.26416666666667,-0.6245609799715967,0.39007641770308116,131.88069886162918,113.1449441442848,0.8733606599099955,0.8586102882409875,0.8906885318774764,1.1627749214042429,0.9369297949222903,0.12074971196522372
2017-08-08,202846.75,31.2925,1.0209747203165478,1.042389379525453,132.91621327151273,113.1449441442848,0.8733606599099955,0.8586102882409875,0.8906885318774764,1.1627749214042429,0.9313574306483888,0.12074971196522372
2017-08-09,163308.25,30.272916666666664,-0.21681124861851103,0.0470071175275178,132.16074176865322,113.1449441442848,0.8733606599099955,0.8586102882409875,0.8906885318774764,1.1627749214042429,0.9249945717121751,0.12074971196522372
2017-08-10,85265.75,35.50791666666667,-0.6498666693822429,0.42232668797396944,132.4587888682836,113.1449441442848,0.8733606599099955,0.8586102882409875,0.8906885318774764,1.1627749214042429,0.9320465162501139,0.12074971196522372
2017-08-11,101913.25,37.731249999999996,0.17834911138376314,0.031808405531377947,131.93854163841067,113.1449441442848,0.8733606599099955,0.8586102882409875,0.8906885318774764,1.1627749214042429,0.9329674345872574,0.12074971196522372
2017-08-12,255193.5,21.675833333333333,0.9179001197106152,0.8425406297647619,130.52932688290772,113.1449441442848,0.8733606599099955,0.8586102882409875,0.8906885318774764,1.1627749214042429,0.9307551312139382,0.12074971196522372
2017-08-13,97311.75,20.142916666666668,-0.9641023384914048,0.9294933190845953,131.3474587018062,113.1449441442848,0.8733606599099955,0.8586102882409875,0.8906885318774764,1.1627749214042429,0.929337120556726,0.12074971196522372
2017-08-14,81414.0,33.08083333333334,-0.17837249404355177,0.03181674663131691,131.3387387040308,113.1449441442848,0.8733606599099955,0.8586102882409875,0.8906885318774764,1.1627749214042429,0.9230694233448612,0.12074971196522372
2017-08-15,172571.5,26.629166666666666,0.7512643949547753,0.5643981911267646,131.89813907639407,113.1449441442848,0.8733606599099955,0.8586102882409875,0.8906885318774764,1.1627749214042429,0.9209371394280687,0.12074971196522372
2017-08-16,53759.5,35.885416666666664,-1.1662912477702407,1.3602352746254651,131.46367032040737,113.1449441442848,0.8733606599099955,0.8586102882409875,0.8906885318774764,1.1627749214042429,0.9168523138456692,0.12074971196522372
2017-08-17,145973.5,33.47666666666667,0.9989047028082546,0.9978106052924475,132.16201587589,113.1449441442848,0.8733606599099955,0.8586102882409875,0.8906885318774764,1.1627749214042429,0.9190886543363349,0.12074971196522372
2017-08-18,143223.5,33.68333333333333,-0.01901875117680353,0.00036171289632516566,132.1326768832923,113.1449441442848,0.8733606599099955,0.8586102882409875,0.8906885318774764,1.1627749214042429,0.9213125921650683,0.12074971196522372
2017-08-19,284524.75,14.722499999999998,0.6864138973022998,0.47116403840973226,132.60145803207797,113.1449441442848,0.8733606599099955,0.8586102882409875,0.8906885318774764,1.1627749214042429,0.9154113086647704,0.12074971196522372
2017-08-20,233063.5,8.703333333333333,-0.19950929588576527,0.03980395914483383,132.56155934005815,113.1449441442848,0.8733606599099955,0.8586102882409875,0.8906885318774764,1.1627749214042429,0.9112601707808975,0.12074971196522372
2017-08-21,177205.0,29.295833333333334,-0.2740036941472049,0.075078024406315,131.51081272299618,113.1449441442848,0.8733606599099955,0.8586102882409875,0.8906885318774764,1.1627749214042429,0.9074758920677205,0.12074971196522372
2017-08-22,77714.25,37.219166666666666,-0.8242686162354856,0.6794187517107623,131.81623179428055,113.1449441442848,0.8733606599099955,0.8586102882409875,0.8906885318774764,1.1627749214042429,0.9040814007753133,0.12074971196522372
2017-08-23,51358.0,36.56791666666667,-0.41421792042817634,0.17157648560384303,131.61172864191954,113.1449441442848,0.8733606599099955,0.8586102882409875,0.8906885318774764,1.1627749214042429,0.8991589309761522,0.12074971196522372
2017-08-24,141664.5,35.64791666666667,1.01464086820818,1.0294960914382494,131.50358716112962,113.1449441442848,0.8733606599099955,0.8586102882409875,0.8906885318774764,1.1627749214042429,0.9116591118935474,0.12074971196522372
2017-08-25,69772.5,37.84916666666667,-0.7082216366930175,0.5015778866801365,131.98350337391287,113.1449441442848,0.8733606599099955,0.8586102882409875,0.8906885318774764,1.1627749214042429,0.9231521865421914,0.12074971196522372
2017-08-26,41823.5,34.3275,-0.5117815668167893,0.2619203721334478,131.87955153933407,113.1449441442848,0.8733606599099955,0.8586102882409875,0.8906885318774764,1.1627749214042429,0.9184362427118773,0.12074971196522372
2017-08-27,113025.0,30.4475,0.9941506506687717,0.9883355162251422,132.57411477295602,113.1449441442848,0.8733606599099955,0.8586102882409875,0.8906885318774764,1.1627749214042429,0.9497645198009801,0.12074971196522372
2017-08-28,32813.75,38.66458333333333,-1.2367613983163361,1.529578756365379,133.75279782636903,113.1449441442848,0.8733606599099955,0.8586102882409875,0.8906885318774764,1.1627749214042429,0.9494717590592493,0.12074971196522372
2017-08-29,83221.75,37.62,0.9306610970682592,0.8661300775962957,134.03091640319468,113.1449441442848,0.8733606599099955,0.8586102882409875,0.8906885318774764,1.1627749214042429,0.9544205427847369,0.12074971196522372
2017-08-30,150543.25,36.18875,0.5927416863872155,0.3513427067811601,134.05526567560761,113.1449441442848,0.8733606599099955,0.8586102882409875,0.8906885318774764,1.1627749214042429,0.9536721460314311,0.12074971196522372
2017-08-31,192116.75,38.459583333333335,0.24385284182321615,0.059464208465258475,134.0759305494034,113.1449441442848,0.8733606599099955,0.8586102882409875,0.8906885318774764,1.1627749214042429,0.9509957551115976,0.12074971196522372
2017-09-01,32467.25,38.797916666666666,-1.7778713711782606,3.1608266124552684,137.0195677693987,113.1449441442848,0.8733606599099955,0.8586102882409875,0.8906885318774764,1.1627749214042429,0.9458964249376672,0.12074971196522372
2017-09-02,32335.75,33.928333333333335,-0.00405845965451288,1.6471094767308806e-05,136.56388496434198,113.1449441442848,0.8733606599099955,0.8586102882409875,0.8906885318774764,1.1627749214042429,0.9543714462421229,0.12074971196522372
2017-09-03,22354.75,30.82625,-0.369134602867335,0.13626035503402514,136.69357171243706,113.1449441442848,0.8733606599099955,0.8586102882409875,0.8906885318774764,1.1627749214042429,0.9522231433583864,0.12074971196522372
2017-09-04,66711.0,36.550000000000004,1.0933310304224895,1.1953727420847027,137.8886720638179,113.1449441442848,0.8733606599099955,0.8586102882409875,0.8906885318774764,1.1627749214042429,0.9558901096000709,0.12074971196522372
2017-09-05,70275.0,37.66375,0.052046259927190905,0.002708813172408718,137.8787177380582,113.1449441442848,0.8733606599099955,0.8586102882409875,0.8906885318774764,1.1627749214042429,0.9660302404672856,0.12074971196522372
2017-09-06,327469.75,31.87125,1.5389795676044575,2.368458109504003,139.13953596149088,113.1449441442848,0.8733606599099955,0.8586102882409875,0.8906885318774764,1.1627749214042429,0.9647600826744506,0.12074971196522372
2017-09-07,296746.75,33.40291666666666,-0.09851660294703005,0.00970552105622277,138.78436172217675,113.1449441442848,0.8733606599099955,0.8586102882409875,0.8906885318774764,1.1627749214042429,0.9579536100733298,0.12074971196522372
2017-09-08,443945.75,27.24208333333333,0.40282328883236035,0.16226660202571921,138.7647059156079,113.1449441442848,0.8733606599099955,0.8586102882409875,0.8906885318774764,1.1627749214042429,0.9523379285010637,0.12074971196522372
2017-09-09,287917.25,32.15416666666667,-0.4330292578214619,0.18751433812940613,138.86398513558686,113.1449441442848,0.8733606599099955,0.8586102882409875,0.8906885318774764,1.1627749214042429,0.9509013916451251,0.12074971196522372
2017-09-10,204011.5,22.96666666666667,-0.344496747656558,0.11867800914594621,138.9744463815963,113.1449441442848,0.8733606599099955,0.8586102882409875,0.8906885318774764,1.1627749214042429,0.9685484631488479,0.12074971196522372
2017-09-11,489873.5,21.47,0.8759708297051303,0.7673248944942944,139.72732196069722,113.1449441442848,0.8733606599099955,0.8586102882409875,0.8906885318774764,1.1627749214042429,0.9804039519983044,0.12074971196522372
2017-09-12,405090.75,29.432916666666667,-0.1900360784297265,0.03611371110494916,138.93406848117831,113.1449441442848,0.8733606599099955,0.8586102882409875,0.8906885318774764,1.1627749214042429,0.9879947575935891,0.12074971196522372
2017-09-13,685568.5,13.604999999999999,0.5261373049907653,0.27682046370294555,139.20067652149797,113.1449441442848,0.8733606599099955,0.8586102882409875,0.8906885318774764,1.1627749214042429,0.9801499050196424,0.12074971196522372
2017-09-14,572510.75,22.693749999999998,-0.18021690852585276,0.03247813411861558,138.348750020952,113.1449441442848,0.8733606599099955,0.8586102882409875,0.8906885318774764,1.1627749214042429,1.0050896381277286,0.12074971196522372
2017-09-15,294158.5,35.02583333333333,-0.6659127748303704,0.4434398236822836,137.2202023498983,113.1449441442848,0.8733606599099955,0.8586102882409875,0.8906885318774764,1.1627749214042429,0.9975271787685651,0.12074971196522372
2017-09-16,78467.75,37.028333333333336,-1.321431025364378,1.7461799547955512,137.875145373786,113.1449441442848,0.8733606599099955,0.8586102882409875,0.8906885318774764,1.1627749214042429,0.9913385237657801,0.12074971196522372
2017-09-17,19782.75,33.387499999999996,-1.377877366496498,1.898546037103325,137.0081563036276,113.1449441442848,0.8733606599099955,0.8586102882409875,0.8906885318774764,1.1627749214042429,1.0016145334969273,0.12074971196522372
2017-09-18,50321.25,42.07333333333333,0.9336171072477067,0.871640902945576,136.55124113710957,113.1449441442848,0.8733606599099955,0.8586102882409875,0.8906885318774764,1.1627749214042429,0.9988818493574335,0.12074971196522372
2017-09-19,55957.25,41.334583333333335,0.1061605532441602,0.011270063065106172,136.0641090384615,113.1449441442848,0.8733606599099955,0.8586102882409875,0.8906885318774764,1.1627749214042429,1.0128324338412193,0.12074971196522372
2017-09-20,105437.75,39.149166666666666,0.6335327250309861,0.4013637136851871,135.81910018779828,113.1449441442848,0.8733606599099955,0.8586102882409875,0.8906885318774764,1.1627749214042429,1.007222372098395,0.12074971196522372
2017-09-21,33325.75,39.25833333333333,-1.1517903599383554,1.3266210332469264,137.1455855196562,113.1449441442848,0.8733606599099955,0.8586102882409875,0.8906885318774764,1.1627749214042429,0.9989410126187745,0.12074971196522372
2017-09-22,11681.25,40.0725,-1.0483453792161952,1.099028034123948,138.22651615176213,113.1449441442848,0.8733606599099955,0.8586102882409875,0.8906885318774764,1.1627749214042429,0.9966883872289721,0.12074971196522372
2017-09-23,22323.0,36.24208333333333,0.6476325448614979,0.4194279131637801,138.6355617311384,113.1449441442848,0.8733606599099955,0.8586102882409875,0.8906885318774764,1.1627749214042429,0.994932892559376,0.12074971196522372
2017-09-24,39155.5,34.9475,0.5619233607993399,0.31575786341202516,138.49896189149754,113.1449441442848,0.8733606599099955,0.8586102882409875,0.8906885318774764,1.1627749214042429,0.993463073947674,0.12074971196522372
2017-09-25,69363.0,42.36333333333334,0.5718126862495019,0.32696974815587126,137.3780434554498,113.1449441442848,0.8733606599099955,0.8586102882409875,0.8906885318774764,1.1627749214042429,0.9859130876530485,0.12074971196522372
2017-09-26,97904.75,40.44375,0.344641483124219,0.11877775189006133,137.4945638400476,113.1449441442848,0.8733606599099955,0.8586102882409875,0.8906885318774764,1.1627749214042429,0.9813435912166218,0.12074971196522372
2017-09-27,97184.25,40.882083333333334,-0.007386405956357229,5.4558992952109555e-05,137.26212306358704,113.1449441442848,0.8733606599099955,0.8586102882409875,0.8906885318774764,1.1627749214042429,0.973641482607996,0.12074971196522372
2017-09-28,94593.75,40.300000000000004,-0.027017255077945286,0.0007299320719467604,137.26247769471027,113.1449441442848,0.8733606599099955,0.8586102882409875,0.8906885318774764,1.1627749214042429,0.966327362517451,0.12074971196522372
2017-09-29,118857.5,39.721250000000005,0.22833389034708113,0.05213636548103287,137.30832769147923,113.1449441442848,0.8733606599099955,0.8586102882409875,0.8906885318774764,1.1627749214042429,0.9593019149394038,0.12074971196522372
2017-09-30,176491.25,35.62375,0.39534600350457233,0.15629846248703733,137.37390975674222,113.1449441442848,0.8733606599099955,0.8586102882409875,0.8906885318774764,1.1627749214042429,0.9525137439984802,0.12074971196522372
2017-10-01,138674.75,29.80666666666667,-0.2411400369102478,0.05814851740107567,137.17931702475371,113.1449441442848,0.8733606599099955,0.8586102882409875,0.8906885318774764,1.1627749214042429,0.9456870441423069,0.12074971196522372
2017-10-02,467738.75,18.305,1.2157786503921035,1.4781177267492447,138.47307186483434,113.1449441442848,0.8733606599099955,0.8586102882409875,0.8906885318774764,1.1627749214042429,0.939219814667465,0.12074971196522372
2017-10-03,361435.25,24.48375,-0.25782700279910015,0.0664747633723672,138.4027832350357,113.1449441442848,0.8733606599099955,0.8586102882409875,0.8906885318774764,1.1627749214042429,0.9525073664844428,0.12074971196522372
2017-10-04,522865.25,28.609583333333333,0.3692408719279699,0.13633882150212748,137.74550657531512,113.1449441442848,0.8733606599099955,0.8586102882409875,0.8906885318774764,1.1627749214042429,0.9456212216397402,0.12074971196522372
2017-10-05,650043.5,18.025833333333335,0.2177155010429856,0.04740003939439826,136.22853116311327,113.1449441442848,0.8733606599099955,0.8586102882409875,0.8906885318774764,1.1627749214042429,0.9512759048041867,0.12074971196522372
2017-10-06,500959.75,27.252916666666668,-0.26051352519122534,0.0678672968075592,136.2639285770306,113.1449441442848,0.8733606599099955,0.8586102882409875,0.8906885318774764,1.1627749214042429,0.9443151949962408,0.12074971196522372
2017-10-07,533859.0,7.547916666666667,0.0636060006142394,0.004045723314138623,136.18731425290505,113.1449441442848,0.8733606599099955,0.8586102882409875,0.8906885318774764,1.1627749214042429,0.943423103590466,0.12074971196522372
2017-10-08,285865.0,23.45,-0.6246120877428194,0.39014026015444353,136.39887205871125,113.1449441442848,0.8733606599099955,0.8586102882409875,0.8906885318774764,1.1627749214042429,0.937431796854109,0.12074971196522372
2017-10-09,146300.5,42.38708333333333,-0.6698569457523162,0.44870832777262154,136.8191166790368,113.1449441442848,0.8733606599099955,0.8586102882409875,0.8906885318774764,1.1627749214042429,0.9364540034823086,0.12074971196522372
2017-10-10,263433.5,37.32125,0.5881382385585222,0.34590658765472115,135.53376078151075,113.1449441442848,0.8733606599099955,0.8586102882409875,0.8906885318774764,1.1627749214042429,0.9373866890124731,0.12074971196522372
2017-10-11,432010.25,34.25541666666667,0.4946483506007275,0.2446769907520202,135.4352493883342,113.1449441442848,0.8733606599099955,0.8586102882409875,0.8906885318774764,1.1627749214042429,0.932886878882578,0.12074971196522372
2017-10-12,566240.5,25.38,0.2705695848000802,0.07320790021888779,135.43870532674782,113.1449441442848,0.8733606599099955,0.8586102882409875,0.8906885318774764,1.1627749214042429,0.9369799267385114,0.12074971196522372
2017-10-13,227896.25,39.552083333333336,-0.9101284180836491,0.8283337374034455,136.22478419266378,113.1449441442848,0.8733606599099955,0.8586102882409875,0.8906885318774764,1.1627749214042429,0.9439615588604702,0.12074971196522372
2017-10-14,213995.5,31.499166666666667,-0.06293549476753997,0.003960876501635051,136.17443603258587,113.1449441442848,0.8733606599099955,0.8586102882409875,0.8906885318774764,1.1627749214042429,0.9379337914625495,0.12074971196522372
2017-10-15,146961.25,30.746666666666666,-0.37578604017683825,0.1412151479917883,135.758923697007,113.1449441442848,0.8733606599099955,0.8586102882409875,0.8906885318774764,1.1627749214042429,0.9369942680870512,0.12074971196522372
2017-10-16,216836.75,38.55,0.3889758196836859,0.15130218829859532,135.90250893445483,113.1449441442848,0.8733606599099955,0.8586102882409875,0.8906885318774764,1.1627749214042429,0.9312200863072922,0.12074971196522372
2017-10-17,199977.25,37.538333333333334,-0.080941156192209,0.006551470765731573,135.41094186737263,113.1449441442848,0.8733606599099955,0.8586102882409875,0.8906885318774764,1.1627749214042429,0.9247272413525195,0.12074971196522372
2017-10-18,51345.0,52.5525,-1.3596360494277564,1.8486101869035165,137.23689752170606,113.1449441442848,0.8733606599099955,0.8586102882409875,0.8906885318774764,1.1627749214042429,0.931551835976348,0.12074971196522372
2017-10-19,102624.25,46.34833333333333,0.6925066989348496,0.4795655280696425,137.71598863214442,113.1449441442848,0.8733606599099955,0.8586102882409875,0.8906885318774764,1.1627749214042429,0.9457213785307841,0.12074971196522372
2017-10-20,288268.75,37.76125,1.0328189451501983,1.0667149734611685,138.63655738878987,113.1449441442848,0.8733606599099955,0.8586102882409875,0.8906885318774764,1.1627749214042429,0.9403656846941931,0.12074971196522372
2017-10-21,212062.25,34.24,-0.30701334108928297,0.0942571916068044,138.7163007133193,113.1449441442848,0.8733606599099955,0.8586102882409875,0.8906885318774764,1.1627749214042429,0.9344220009249322,0.12074971196522372
2017-10-22,365208.75,21.85375,0.543589244262027,0.2954892664773617,139.00534686961964,113.1449441442848,0.8733606599099955,0.8586102882409875,0.8906885318774764,1.1627749214042429,0.9282086611299156,0.12074971196522372
2017-10-23,240929.75,41.416666666666664,-0.4159637106858976,0.17302580860758113,139.1753454549452,113.1449441442848,0.8733606599099955,0.8586102882409875,0.8906885318774764,1.1627749214042429,0.9220488459582642,0.12074971196522372
2017-10-24,201902.25,38.125,-0.17672172783469864,0.0312305690888813,138.9697605569117,113.1449441442848,0.8733606599099955,0.8586102882409875,0.8906885318774764,1.1627749214042429,0.9208169169422736,0.12074971196522372
2017-10-25,392518.75,33.774166666666666,0.6648006373946622,0.44195988748034915,138.77350724519178,113.1449441442848,0.8733606599099955,0.8586102882409875,0.8906885318774764,1.1627749214042429,0.9185935481674288,0.12074971196522372
2017-10-26,228562.25,40.43416666666666,-0.5407757046658409,0.29243836275683677,138.1109942308575,113.1449441442848,0.8733606599099955,0.8586102882409875,0.8906885318774764,1.1627749214042429,0.9175645832302088,0.12074971196522372
2017-10-27,445186.75,30.45125,0.6666852549374581,0.44446922915102355,138.54755308429284,113.1449441442848,0.8733606599099955,0.8586102882409875,0.8906885318774764,1.1627749214042429,0.9114925752395683,0.12074971196522372
2017-10-28,704244.0,-9.3025,0.4586310299646451,0.2103424216464312,138.28135889240204,113.1449441442848,0.8733606599099955,0.8586102882409875,0.8906885318774764,1.1627749214042429,0.9086934181478038,0.12074971196522372
2017-10-29,650771.0,-50.826249999999995,-0.07896707320721916,0.006235798650914309,137.39358772527171,113.1449441442848,0.8733606599099955,0.8586102882409875,0.8906885318774764,1.1627749214042429,0.9177121756020515,0.12074971196522372
2017-10-30,335628.5,31.942083333333333,-0.6621529202970046,0.4384464898578513,137.36591544041156,113.1449441442848,0.8733606599099955,0.8586102882409875,0.8906885318774764,1.1627749214042429,0.9222943707484489,0.12074971196522372
2017-10-31,201861.25,36.96125,-0.508424313312033,0.25849528236681224,137.6166567301021,113.1449441442848,0.8733606599099955,0.8586102882409875,0.8906885318774764,1.1627749214042429,0.9210849730373177,0.12074971196522372
2017-11-01,327571.75,30.89916666666667,0.484126534847262,0.23437850174321717,137.71964325433282,113.1449441442848,0.8733606599099955,0.8586102882409875,0.8906885318774764,1.1627749214042429,0.9153429146374,0.12074971196522372
2017-11-02,302659.25,34.07416666666666,-0.07909952982172463,0.0062567356180179045,137.70427961442755,113.1449441442848,0.8733606599099955,0.8586102882409875,0.8906885318774764,1.1627749214042429,0.9145756646015313,0.12074971196522372
2017-11-03,79295.25,50.43666666666667,-1.339429357498157,1.7940710037279257,139.42950488667122,113.1449441442848,0.8733606599099955,0.8586102882409875,0.8906885318774764,1.1627749214042429,0.9084831116414356,0.12074971196522372
2017-11-04,235808.0,34.532916666666665,1.0898396868550864,1.1877505430443926,140.4821136330127,113.1449441442848,0.8733606599099955,0.8586102882409875,0.8906885318774764,1.1627749214042429,0.9067141667229026,0.12074971196522372
2017-11-05,226097.75,30.406666666666666,-0.04205048669914022,0.0017682434316345689,140.3680338668812,113.1449441442848,0.8733606599099955,0.8586102882409875,0.8906885318774764,1.1627749214042429,0.9021824206633299,0.12074971196522372
2017-11-06,80122.5,51.01666666666667,-1.0374107143794336,1.0762209903092466,141.44418832203314,113.1449441442848,0.8733606599099955,0.8586102882409875,0.8906885318774764,1.1627749214042429,0.897743755438475,0.12074971196522372
2017-11-07,108441.25,52.541666666666664,0.3026518381697799,0.09159813514754665,141.51396546161516,113.1449441442848,0.8733606599099955,0.8586102882409875,0.8906885318774764,1.1627749214042429,0.898550448585789,0.12074971196522372
2017-11-08,61416.75,67.24958333333333,-0.5685259524232762,0.3232217585787933,141.76328438757483,113.1449441442848,0.8733606599099955,0.8586102882409875,0.8906885318774764,1.1627749214042429,0.8928334225820157,0.12074971196522372
2017-11-09,141817.5,51.525416666666665,0.8368584204888285,0.7003320159430569,142.3527411310406,113.1449441442848,0.8733606599099955,0.8586102882409875,0.8906885318774764,1.1627749214042429,0.893675553353999,0.12074971196522372
2017-11-10,537332.0,31.515,1.3320751332644596,1.7744241606615279,143.58066088848747,113.1449441442848,0.8733606599099955,0.8586102882409875,0.8906885318774764,1.1627749214042429,0.8900590780635516,0.12074971196522372
2017-11-11,451819.25,23.2375,-0.17333394253118725,0.030044655633404926,143.54593134601592,113.1449441442848,0.8733606599099955,0.8586102882409875,0.8906885318774764,1.1627749214042429,0.8893250460485368,0.12074971196522372
2017-11-12,178645.5,33.247499999999995,-0.9278788152393238,0.8609590957699312,144.17164397145888,113.1449441442848,0.8733606599099955,0.8586102882409875,0.8906885318774764,1.1627749214042429,0.8838161170259148,0.12074971196522372
2017-11-13,151640.75,45.73499999999999,-0.16388915867483486,0.0268596563311452,143.86024828261597,113.1449441442848,0.8733606599099955,0.8586102882409875,0.8906885318774764,1.1627749214042429,0.8823027488028863,0.12074971196522372
2017-11-14,245608.5,40.17541666666667,0.48222456823416554,0.2325405342086274,143.54967195930797,113.1449441442848,0.8733606599099955,0.8586102882409875,0.8906885318774764,1.1627749214042429,0.8814909645004844,0.12074971196522372
2017-11-15,88004.5,64.6725,-1.0263508552602032,1.0533960780933507,143.1972397250991,113.1449441442848,0.8733606599099955,0.8586102882409875,0.8906885318774764,1.1627749214042429,0.8788998419573334,0.12074971196522372
2017-11-16,110955.75,47.54666666666666,0.23174352364776518,0.0537050607526823,143.24177986519268,113.1449441442848,0.8733606599099955,0.8586102882409875,0.8906885318774764,1.1627749214042429,0.8866988440211312,0.12074971196522372
2017-11-17,134462.25,42.89458333333334,0.1921520173197677,0.036922397760056305,143.27847929777226,113.1449441442848,0.8733606599099955,0.8586102882409875,0.8906885318774764,1.1627749214042429,0.8852661066559723,0.12074971196522372
2017-11-18,523816.5,19.75875,1.3598579416482601,1.8492136214638428,143.94550020558302,113.1449441442848,0.8733606599099955,0.8586102882409875,0.8906885318774764,1.1627749214042429,0.8798824842449463,0.12074971196522372
2017-11-19,637086.0,9.42,0.19576322215850087,0.03832323914987856,143.0232807912888,113.1449441442848,0.8733606599099955,0.8586102882409875,0.8906885318774764,1.1627749214042429,0.8841091902336043,0.12074971196522372
2017-11-20,356614.25,38.48083333333333,-0.5802499889377611,0.33669004966227195,142.38698233818639,113.1449441442848,0.8733606599099955,0.8586102882409875,0.8906885318774764,1.1627749214042429,0.8796393143552301,0.12074971196522372
2017-11-21,287914.25,49.29833333333334,-0.21399197262482972,0.04579256434786587,141.87341382973003,113.1449441442848,0.8733606599099955,0.8586102882409875,0.8906885318774764,1.1627749214042429,0.8806948439514354,0.12074971196522372
2017-11-22,513176.75,31.715416666666666,0.5779576349940404,0.33403502784790445,142.1353109706198,113.1449441442848,0.8733606599099955,0.8586102882409875,0.8906885318774764,1.1627749214042429,0.8814776730438577,0.12074971196522372
2017-11-23,654766.75,23.3625,0.2436587376037476,0.05936958041065192,141.94629040853735,113.1449441442848,0.8733606599099955,0.8586102882409875,0.8906885318774764,1.1627749214042429,0.898053511542602,0.12074971196522372
2017-11-24,280103.5,42.72666666666667,-0.8491198876186121,0.7210045835494445,141.61460150041435,113.1449441442848,0.8733606599099955,0.8586102882409875,0.8906885318774764,1.1627749214042429,0.8985492733963631,0.12074971196522372
2017-11-25,178001.5,40.02833333333333,-0.45336720050243184,0.20554181849141223,141.6947610711678,113.1449441442848,0.8733606599099955,0.8586102882409875,0.8906885318774764,1.1627749214042429,0.8982852094556929,0.12074971196522372
2017-11-26,503340.5,18.81,1.0394749022272205,1.0805080723602896,142.66265263345386,113.1449441442848,0.8733606599099955,0.8586102882409875,0.8906885318774764,1.1627749214042429,0.8949224667248096,0.12074971196522372
2017-11-27,644080.0,29.207916666666666,0.24655606254163415,0.06078989197603421,142.71632220017315,113.1449441442848,0.8733606599099955,0.8586102882409875,0.8906885318774764,1.1627749214042429,0.8933581535083784,0.12074971196522372
2017-11-28,475270.75,37.415416666666665,-0.30393830034537955,0.09237849041683815,142.69202852174564,113.1449441442848,0.8733606599099955,0.8586102882409875,0.8906885318774764,1.1627749214042429,0.8891463573393302,0.12074971196522372
2017-11-29,95153.25,71.50166666666667,-1.6083958918926602,2.5869373450571858,144.37986805498528,113.1449441442848,0.8733606599099955,0.8586102882409875,0.8906885318774764,1.1627749214042429,0.884587442251039,0.12074971196522372
2017-11-30,52072.5,67.56583333333333,-0.6028517714402845,0.36343025832868897,144.70573453418015,113.1449441442848,0.8733606599099955,0.8586102882409875,0.8906885318774764,1.1627749214042429,0.9178243589079612,0.12074971196522372
2017-12-01,29000.75,61.025416666666665,-0.5853152865923791,0.3425939847187189,145.04289293628187,113.1449441442848,0.8733606599099955,0.8586102882409875,0.8906885318774764,1.1627749214042429,0.911806798123259,0.12074971196522372
2017-12-02,68567.5,40.274166666666666,0.8604969698177044,0.7404550350654513,145.72236136146827,113.1449441442848,0.8733606599099955,0.8586102882409875,0.8906885318774764,1.1627749214042429,0.9076044892112336,0.12074971196522372
2017-12-03,286044.0,33.305416666666666,1.4283269836018664,2.040117972085206,146.93116214979153,113.1449441442848,0.8733606599099955,0.8586102882409875,0.8906885318774764,1.1627749214042429,0.9016842110468576,0.12074971196522372
2017-12-04,387335.25,34.879583333333336,0.30314495195579894,0.09189686189628364,147.00803239099812,113.1449441442848,0.8733606599099955,0.8586102882409875,0.8906885318774764,1.1627749214042429,0.8959905747591035,0.12074971196522372
2017-12-05,517540.25,35.91041666666667,0.2897967027963755,0.08398212895165078,146.98487643349466,113.1449441442848,0.8733606599099955,0.8586102882409875,0.8906885318774764,1.1627749214042429,0.8910400707337084,0.12074971196522372
2017-12-06,558172.5,31.251666666666665,0.07558075449963214,0.005712450450733664,145.49270195101687,113.1449441442848,0.8733606599099955,0.8586102882409875,0.8906885318774764,1.1627749214042429,0.8881494788627258,0.12074971196522372
2017-12-07,653146.0,34.14333333333333,0.15713263335392405,0.024690664464738724,144.70385734824634,113.1449441442848,0.8733606599099955,0.8586102882409875,0.8906885318774764,1.1627749214042429,0.8872933945597562,0.12074971196522372
2017-12-08,565302.0,30.655833333333334,-0.14444058612688257,0.020863082920677383,144.49282574513327,113.1449441442848,0.8733606599099955,0.8586102882409875,0.8906885318774764,1.1627749214042429,0.8896398420031685,0.12074971196522372
2017-12-09,609999.25,15.73375,0.07609762603896358,0.005790848688765948,143.31445205826208,113.1449441442848,0.8733606599099955,0.8586102882409875,0.8906885318774764,1.1627749214042429,0.8863816273104383,0.12074971196522372
2017-12-10,552879.25,17.48375,-0.09831810440924882,0.009666449654627951,143.23499327275724,113.1449441442848,0.8733606599099955,0.8586102882409875,0.8906885318774764,1.1627749214042429,0.8822509840385073,0.12074971196522372
2017-12-11,360679.25,41.666666666666664,-0.42715056402517876,0.18245760434702835,143.15105823953544,113.1449441442848,0.8733606599099955,0.8586102882409875,0.8906885318774764,1.1627749214042429,0.8771568922364138,0.12074971196522372
2017-12-12,520671.75,34.348333333333336,0.3671307455840857,0.13478498435312666,142.99112902386688,113.1449441442848,0.8733606599099955,0.8586102882409875,0.8906885318774764,1.1627749214042429,0.8729420977295997,0.12074971196522372
2017-12-13,630442.25,26.875,0.1913017524288906,0.03659636048236455,139.22029242854225,113.1449441442848,0.8733606599099955,0.8586102882409875,0.8906885318774764,1.1627749214042429,0.8682882799533003,0.12074971196522372
2017-12-14,611776.0,31.008333333333336,-0.030055354795655465,0.00090332435189273,139.08774761830932,113.1449441442848,0.8733606599099955,0.8586102882409875,0.8906885318774764,1.1627749214042429,0.8706121517290305,0.12074971196522372
2017-12-15,160213.25,46.25875,-1.3398604621136407,1.795226057935379,140.875046332507,113.1449441442848,0.8733606599099955,0.8586102882409875,0.8906885318774764,1.1627749214042429,0.8662046912879835,0.12074971196522372
2017-12-16,206369.5,37.44416666666667,0.2531625110426645,0.06409125699742724,138.33778368017948,113.1449441442848,0.8733606599099955,0.8586102882409875,0.8906885318774764,1.1627749214042429,0.8650250556471933,0.12074971196522372
2017-12-17,206139.75,35.33375,-0.0011139145304317406,1.240805581106965e-06,137.90853942988224,113.1449441442848,0.8733606599099955,0.8586102882409875,0.8906885318774764,1.1627749214042429,0.8601625759379973,0.12074971196522372
2017-12-18,111936.5,55.41833333333333,-0.6106225906155357,0.3728599481700281,132.7384515598393,113.1449441442848,0.8733606599099955,0.8586102882409875,0.8906885318774764,1.1627749214042429,0.8582885832554277,0.12074971196522372
2017-12-19,85880.5,60.67124999999999,-0.2649749511534046,0.07021172473874915,132.7144781068948,113.1449441442848,0.8733606599099955,0.8586102882409875,0.8906885318774764,1.1627749214042429,0.8540998480423496,0.12074971196522372
2017-12-20,63781.0,61.83041666666667,-0.2975014547157445,0.08850711555798418,132.6023639347553,113.1449441442848,0.8733606599099955,0.8586102882409875,0.8906885318774764,1.1627749214042429,0.8564542998723805,0.12074971196522372
2017-12-21,233068.75,43.041666666666664,1.295878134065246,1.6793001383484238,134.2588256083592,113.1449441442848,0.8733606599099955,0.8586102882409875,0.8906885318774764,1.1627749214042429,0.8529636995036598,0.12074971196522372
2017-12-22,191325.25,39.487500000000004,-0.1973586150481995,0.038950422933743394,133.96458206035743,113.1449441442848,0.8733606599099955,0.8586102882409875,0.8906885318774764,1.1627749214042429,0.8483530619838793,0.12074971196522372
2017-12-23,643333.75,11.253749999999998,1.2126887815267544,1.4706140808408443,135.02039587829296,113.1449441442848,0.8733606599099955,0.8586102882409875,0.8906885318774764,1.1627749214042429,0.8438758470616984,0.12074971196522372
2017-12-24,722831.5,-11.7825,0.11651249738966382,0.01357516204797642,134.87011131411057,113.1449441442848,0.8733606599099955,0.8586102882409875,0.8906885318774764,1.1627749214042429,0.8528350041048411,0.12074971196522372
2017-12-25,497185.5,6.796666666666667,-0.3742129423919326,0.14003532625362786,134.65754997971695,113.1449441442848,0.8733606599099955,0.8586102882409875,0.8906885318774764,1.1627749214042429,0.8525434886712331,0.12074971196522372
2017-12-26,623768.0,-4.592083333333334,0.2268153084680466,0.051445184155455126,134.52185192785953,113.1449441442848,0.8733606599099955,0.8586102882409875,0.8906885318774764,1.1627749214042429,0.851908785583831,0.12074971196522372
2017-12-27,346923.75,35.1675,-0.5866734891984405,0.34418578292827273,134.74589805279282,113.1449441442848,0.8733606599099955,0.8586102882409875,0.8906885318774764,1.1627749214042429,0.852262255183444,0.12074971196522372
2017-12-28,410790.5,32.485,0.16897833701209064,0.028553678379371682,133.96040812954763,113.1449441442848,0.8733606599099955,0.8586102882409875,0.8906885318774764,1.1627749214042429,0.8511476174197355,0.12074971196522372
2017-12-29,494512.25,20.868333333333332,0.18548857107497224,0.03440600999943503,131.39214527304495,113.1449441442848,0.8733606599099955,0.8586102882409875,0.8906885318774764,1.1627749214042429,0.8468697849540897,0.12074971196522372
2017-12-30,638626.0,12.890833333333333,0.25574707026049165,0.06540656394682486,131.37630957101481,113.1449441442848,0.8733606599099955,0.8586102882409875,0.8906885318774764,1.1627749214042429,0.843637176231157,0.12074971196522372
2017-12-31,632875.75,2.6025,-0.009044878156384927,8.18098208638492e-05,131.26851259714667,113.1449441442848,0.8733606599099955,0.8586102882409875,0.8906885318774764,1.1627749214042429,0.8397713021722587,0.12074971196522372
2018-01-01,613435.0,-25.304583333333337,-0.03119980628984054,0.0009734279125235733,131.229409677629,113.1449441442848,0.8733606599099955,0.8586102882409875,0.8906885318774764,1.1627749214042429,0.8364339787356643,0.12074971196522372
2018-01-02,395677.75,33.437083333333334,-0.43847419172399665,0.19225961680801218,131.37227392659204,113.1449441442848,0.8733606599099955,0.8586102882409875,0.8906885318774764,1.1627749214042429,0.8368470627573594,0.12074971196522372
2018-01-03,825386.25,8.96875,0.7352513412462759,0.5405945348044476,129.63471973762356,113.1449441442848,0.8733606599099955,0.8586102882409875,0.8906885318774764,1.1627749214042429,0.8374700137040373,0.12074971196522372
2018-01-04,555422.75,29.86375,-0.39612192308693844,0.1569125779500944,129.61588931553675,113.1449441442848,0.8733606599099955,0.8586102882409875,0.8906885318774764,1.1627749214042429,0.837027904038686,0.12074971196522372
2018-01-05,515496.25,31.508750000000003,-0.07459950656324275,0.005565086379479299,129.6195565141038,113.1449441442848,0.8733606599099955,0.8586102882409875,0.8906885318774764,1.1627749214042429,0.8378289317055241,0.12074971196522372
2018-01-06,173038.0,36.60166666666667,-1.0916188053830276,1.1916316162658682,130.79564961712407,113.1449441442848,0.8733606599099955,0.8586102882409875,0.8906885318774764,1.1627749214042429,0.8531868096820778,0.12074971196522372
2018-01-07,350667.0,23.387083333333333,0.7063258316426938,0.498896180445743,129.42943254738643,113.1449441442848,0.8733606599099955,0.8586102882409875,0.8906885318774764,1.1627749214042429,0.8500285027903431,0.12074971196522372
2018-01-08,475899.5,30.504166666666666,0.305369642286186,0.0932506184299932,129.51490771824749,113.1449441442848,0.8733606599099955,0.8586102882409875,0.8906885318774764,1.1627749214042429,0.8497756033021557,0.12074971196522372
2018-01-09,457452.0,30.26375,-0.03953473630711459,0.0015629953748730848,129.48624890177186,113.1449441442848,0.8733606599099955,0.8586102882409875,0.8906885318774764,1.1627749214042429,0.8454542555977755,0.12074971196522372
2018-01-10,130235.5,41.333333333333336,-1.2563276111182489,1.578359066458086,130.90341160174114,113.1449441442848,0.8733606599099955,0.8586102882409875,0.8906885318774764,1.1627749214042429,0.8473985975961354,0.12074971196522372
2018-01-11,24308.0,47.73041666666666,-1.6785388357871496,2.8174926232456796,133.6428452683337,113.1449441442848,0.8733606599099955,0.8586102882409875,0.8906885318774764,1.1627749214042429,0.8536070317086214,0.12074971196522372
2018-01-12,78570.75,41.87791666666667,1.1731939784971646,1.3763841111820054,134.14641612568684,113.1449441442848,0.8733606599099955,0.8586102882409875,0.8906885318774764,1.1627749214042429,0.8530015682714583,0.12074971196522372
2018-01-13,253186.75,33.776666666666664,1.1701278659567007,1.3691992226883825,135.48577617835036,113.1449441442848,0.8733606599099955,0.8586102882409875,0.8906885318774764,1.1627749214042429,0.8484545773979462,0.12074971196522372
2018-01-14,315142.25,28.6425,0.21889676546538786,0.04791579393120902,135.50854843722138,113.1449441442848,0.8733606599099955,0.8586102882409875,0.8906885318774764,1.1627749214042429,0.8440575765729457,0.12074971196522372
2018-01-15,634250.25,26.574166666666667,0.6994194684532897,0.48918759285148233,135.04433473195598,113.1449441442848,0.8733606599099955,0.8586102882409875,0.8906885318774764,1.1627749214042429,0.8397604894154692,0.12074971196522372
2018-01-16,597685.25,27.219166666666666,-0.05937931505202143,0.003525903056047219,133.3269479077381,113.1449441442848,0.8733606599099955,0.8586102882409875,0.8906885318774764,1.1627749214042429,0.8434023548742707,0.12074971196522372
2018-01-17,570201.25,29.037916666666664,-0.047074908904203176,0.0022160470483390273,133.13364945906542,113.1449441442848,0.8733606599099955,0.8586102882409875,0.8906885318774764,1.1627749214042429,0.8392278086682896,0.12074971196522372
2018-01-18,630214.25,30.31958333333333,0.10007047224735033,0.010014099415807711,132.9137993789453,113.1449441442848,0.8733606599099955,0.8586102882409875,0.8906885318774764,1.1627749214042429,0.8356818056474318,0.12074971196522372
2018-01-19,262474.5,40.47708333333333,-0.875905906480915,0.7672111570081535,133.6803266898065,113.1449441442848,0.8733606599099955,0.8586102882409875,0.8906885318774764,1.1627749214042429,0.8317331496140811,0.12074971196522372
2018-01-20,179931.25,35.869166666666665,-0.3775791009694542,0.1425659774889013,133.21650905374818,113.1449441442848,0.8733606599099955,0.8586102882409875,0.8906885318774764,1.1627749214042429,0.8317987522096542,0.12074971196522372
2018-01-21,82989.0,34.611666666666665,-0.7738667645931849,0.5988697693419239,133.8153417413658,113.1449441442848,0.8733606599099955,0.8586102882409875,0.8906885318774764,1.1627749214042429,0.8277507635158412,0.12074971196522372
2018-01-22,253567.0,37.89833333333333,1.1169200190197357,1.2475103288870468,135.03607718949334,113.1449441442848,0.8733606599099955,0.8586102882409875,0.8906885318774764,1.1627749214042429,0.8296473527788968,0.12074971196522372
2018-01-23,315352.5,37.275416666666665,0.2180629728646585,0.047551460134572794,135.03934650433501,113.1449441442848,0.8733606599099955,0.8586102882409875,0.8906885318774764,1.1627749214042429,0.8255946392888286,0.12074971196522372
2018-01-24,658135.75,23.88083333333333,0.7357201562602201,0.5412841483275628,135.11491980365074,113.1449441442848,0.8733606599099955,0.8586102882409875,0.8906885318774764,1.1627749214042429,0.8216521688063104,0.12074971196522372
2018-01-25,331469.25,32.97083333333333,-0.6858761718954078,0.47042612317389904,135.48666871452633,113.1449441442848,0.8733606599099955,0.8586102882409875,0.8906885318774764,1.1627749214042429,0.8355660087220698,0.12074971196522372
2018-01-26,45725.5,45.145833333333336,-1.9808789159881626,3.923881279806438,139.40402335875237,113.1449441442848,0.8733606599099955,0.8586102882409875,0.8906885318774764,1.1627749214042429,0.831800816059546,0.12074971196522372
2018-01-27,223475.5,32.807916666666664,1.586645659203878,2.5174444478705085,141.91797848719847,113.1449441442848,0.8733606599099955,0.8586102882409875,0.8906885318774764,1.1627749214042429,0.8439021271258977,0.12074971196522372
2018-01-28,749708.0,5.1125,1.2103820090289774,1.4650246077810236,142.1371795844095,113.1449441442848,0.8733606599099955,0.8586102882409875,0.8906885318774764,1.1627749214042429,0.8444909967114608,0.12074971196522372
2018-01-29,803211.25,16.485416666666666,0.06893395792635552,0.004751890555392554,142.13805753008214,113.1449441442848,0.8733606599099955,0.8586102882409875,0.8906885318774764,1.1627749214042429,0.8474251627530502,0.12074971196522372
2018-01-30,401047.25,35.808749999999996,-0.6945385045244284,0.4823837342670295,141.2013477588969,113.1449441442848,0.8733606599099955,0.8586102882409875,0.8906885318774764,1.1627749214042429,0.8471567956058493,0.12074971196522372
2018-01-31,603766.75,29.22375,0.4091086970641163,0.16736992601349887,141.23891702304354,113.1449441442848,0.8733606599099955,0.8586102882409875,0.8906885318774764,1.1627749214042429,0.8426866801681312,0.12074971196522372
2018-02-01,432482.5,33.97541666666667,-0.3336460847276044,0.11131970985405976,140.90833531579506,113.1449441442848,0.8733606599099955,0.8586102882409875,0.8906885318774764,1.1627749214042429,0.8402631747225369,0.12074971196522372
2018-02-02,311073.75,40.47833333333333,-0.32951184079549617,0.10857805322443641,140.79807204464763,113.1449441442848,0.8733606599099955,0.8586102882409875,0.8906885318774764,1.1627749214042429,0.8381595431475247,0.12074971196522372
2018-02-03,85287.25,40.28416666666667,-1.2940050514547283,1.674449073190354,142.11585416690372,113.1449441442848,0.8733606599099955,0.8586102882409875,0.8906885318774764,1.1627749214042429,0.8410021348184117,0.12074971196522372
2018-02-04,154272.0,33.55958333333333,0.5926923073478741,0.3512841711893469,142.4647335587728,113.1449441442848,0.8733606599099955,0.8586102882409875,0.8906885318774764,1.1627749214042429,0.8425112489623242,0.12074971196522372
2018-02-05,170796.5,45.105,0.10175551111801925,0.01035418404288934,141.23519264376364,113.1449441442848,0.8733606599099955,0.8586102882409875,0.8906885318774764,1.1627749214042429,0.8424483376340299,0.12074971196522372
2018-02-06,91900.5,47.117916666666666,-0.619766319297981,0.3841102905361669,139.93550289355517,113.1449441442848,0.8733606599099955,0.8586102882409875,0.8906885318774764,1.1627749214042429,0.8494830672138296,0.12074971196522372
2018-02-07,48549.25,47.229166666666664,-0.6381277234169985,0.40720699139336136,140.17944860385745,113.1449441442848,0.8733606599099955,0.8586102882409875,0.8906885318774764,1.1627749214042429,0.8513015823656418,0.12074971196522372
2018-02-08,33266.5,49.864583333333336,-0.37802786200953303,0.14290506445549855,139.1713063883494,113.1449441442848,0.8733606599099955,0.8586102882409875,0.8906885318774764,1.1627749214042429,0.8512603832758932,0.12074971196522372
2018-02-09,128660.5,40.797916666666666,1.3526262675703054,1.8295978197211753,140.2444526093552,113.1449441442848,0.8733606599099955,0.8586102882409875,0.8906885318774764,1.1627749214042429,0.8468009972153705,0.12074971196522372
2018-02-10,106546.5,39.376666666666665,-0.18859564260988723,0.03556831641143631,139.30494830377313,113.1449441442848,0.8733606599099955,0.8586102882409875,0.8906885318774764,1.1627749214042429,0.8425612875288452,0.12074971196522372
2018-02-11,523431.25,11.479583333333332,1.591824184506556,2.533904234379962,141.31664793099435,113.1449441442848,0.8733606599099955,0.8586102882409875,0.8906885318774764,1.1627749214042429,0.8411794072526115,0.12074971196522372
2018-02-12,383203.75,32.815416666666664,-0.3118388620223436,0.09724347586739027,140.2834254977788,113.1449441442848,0.8733606599099955,0.8586102882409875,0.8906885318774764,1.1627749214042429,0.8636709595470579,0.12074971196522372
2018-02-13,193780.75,39.60333333333333,-0.6818394667435217,0.46490505840909,138.25458590904333,113.1449441442848,0.8733606599099955,0.8586102882409875,0.8906885318774764,1.1627749214042429,0.8590744083458939,0.12074971196522372
2018-02-14,234590.75,39.860416666666666,0.19111514130920731,0.03652499723763828,138.0178085022884,113.1449441442848,0.8733606599099955,0.8586102882409875,0.8906885318774764,1.1627749214042429,0.8564000856496419,0.12074971196522372
2018-02-15,421211.0,34.156666666666666,0.5852913891512218,0.34256601021456695,137.65324052012141,113.1449441442848,0.8733606599099955,0.8586102882409875,0.8906885318774764,1.1627749214042429,0.8521083498466857,0.12074971196522372
2018-02-16,272854.75,40.391666666666666,-0.4341942934648556,0.18852468447744516,137.82088326772197,113.1449441442848,0.8733606599099955,0.8586102882409875,0.8906885318774764,1.1627749214042429,0.8525021897368333,0.12074971196522372
2018-02-17,69442.25,40.687916666666666,-1.3684441304125092,1.8726393380604485,138.2357899017781,113.1449441442848,0.8733606599099955,0.8586102882409875,0.8906885318774764,1.1627749214042429,0.8485259443604768,0.12074971196522372
2018-02-18,91104.0,36.579166666666666,0.2715062391947354,0.07371563792166887,137.83240586814446,113.1449441442848,0.8733606599099955,0.8586102882409875,0.8906885318774764,1.1627749214042429,0.8673068498569461,0.12074971196522372
2018-02-19,58548.0,50.3025,-0.4421547804739267,0.19550084989594632,136.70418739229402,113.1449441442848,0.8733606599099955,0.8586102882409875,0.8906885318774764,1.1627749214042429,0.8630635589885932,0.12074971196522372
2018-02-20,94322.5,49.05041666666667,0.47687283076929693,0.2274076967259225,136.78357036686054,113.1449441442848,0.8733606599099955,0.8586102882409875,0.8906885318774764,1.1627749214042429,0.8750949731245687,0.12074971196522372
2018-02-21,146315.5,46.75458333333333,0.4390454877080217,0.19276094027677465,134.8291750514385,113.1449441442848,0.8733606599099955,0.8586102882409875,0.8906885318774764,1.1627749214042429,0.8720042960969349,0.12074971196522372
2018-02-22,250251.25,47.415416666666665,0.5367001640888309,0.28804706613297804,134.91280782600384,113.1449441442848,0.8733606599099955,0.8586102882409875,0.8906885318774764,1.1627749214042429,0.8791600742156881,0.12074971196522372
2018-02-23,311482.25,44.27041666666667,0.21887694107260322,0.047907115333299825,133.04916009433856,113.1449441442848,0.8733606599099955,0.8586102882409875,0.8906885318774764,1.1627749214042429,0.8760931671403438,0.12074971196522372
2018-02-24,483951.75,23.934583333333332,0.44064285740414727,0.19416612778129166,133.0565080363661,113.1449441442848,0.8733606599099955,0.8586102882409875,0.8906885318774764,1.1627749214042429,0.8715865195336147,0.12074971196522372
2018-02-25,285573.75,35.120416666666664,-0.5274848971880223,0.27824031676145844,129.67768341304722,113.1449441442848,0.8733606599099955,0.8586102882409875,0.8906885318774764,1.1627749214042429,0.8666023599859128,0.12074971196522372
2018-02-26,311206.0,46.69958333333333,0.08595475784745288,0.007388220396614262,129.5756015092028,113.1449441442848,0.8733606599099955,0.8586102882409875,0.8906885318774764,1.1627749214042429,0.8634075798649578,0.12074971196522372
2018-02-27,240467.75,48.61291666666667,-0.25786908740393444,0.06649646623853799,127.67051875701523,113.1449441442848,0.8733606599099955,0.8586102882409875,0.8906885318774764,1.1627749214042429,0.8594098271325286,0.12074971196522372
2018-02-28,453620.75,37.69916666666666,0.6346755115970798,0.40281300502101497,127.58296712721847,113.1449441442848,0.8733606599099955,0.8586102882409875,0.8906885318774764,1.1627749214042429,0.8546377782016835,0.12074971196522372
2018-03-01,627597.5,30.019583333333333,0.3246375409048314,0.10538953296473606,126.14039005658813,113.1449441442848,0.8733606599099955,0.8586102882409875,0.8906885318774764,1.1627749214042429,0.8507675870807933,0.12074971196522372
2018-03-02,438176.5,40.42,-0.3592772401788464,0.12908013531052848,125.84857401963791,113.1449441442848,0.8733606599099955,0.8586102882409875,0.8906885318774764,1.1627749214042429,0.8480438287241806,0.12074971196522372
2018-03-03,321506.5,34.49166666666667,-0.3096040360404697,0.09585465913254847,125.92396126118625,113.1449441442848,0.8733606599099955,0.8586102882409875,0.8906885318774764,1.1627749214042429,0.8436349001574261,0.12074971196522372
2018-03-04,308809.25,31.326666666666668,-0.04029398883749044,0.0016236055364358042,125.91104045694819,113.1449441442848,0.8733606599099955,0.8586102882409875,0.8906885318774764,1.1627749214042429,0.8400311332279367,0.12074971196522372
2018-03-05,232104.0,49.05875,-0.2855382252824299,0.08153207809743969,125.77156489283377,113.1449441442848,0.8733606599099955,0.8586102882409875,0.8906885318774764,1.1627749214042429,0.8358888960139871,0.12074971196522372
2018-03-06,109463.5,49.92124999999999,-0.7515943867274539,0.5648941221602176,125.46579113364062,113.1449441442848,0.8733606599099955,0.8586102882409875,0.8906885318774764,1.1627749214042429,0.8319895998292504,0.12074971196522372
2018-03-07,140564.75,48.38125,0.25007707635037707,0.06253854411595232,124.5060191566726,113.1449441442848,0.8733606599099955,0.8586102882409875,0.8906885318774764,1.1627749214042429,0.8328439188719317,0.12074971196522372
2018-03-08,430033.5,37.528749999999995,1.1181948759240663,1.2503597805428381,125.74147234448736,113.1449441442848,0.8733606599099955,0.8586102882409875,0.8906885318774764,1.1627749214042429,0.8339221109036571,0.12074971196522372
2018-03-09,339557.25,37.0775,-0.23622054950877444,0.055800148010227354,125.20851692608676,113.1449441442848,0.8733606599099955,0.8586102882409875,0.8906885318774764,1.1627749214042429,0.8298083703752821,0.12074971196522372
2018-03-10,225285.75,34.76083333333333,-0.41027296668442215,0.16832390719203696,125.30153617667968,113.1449441442848,0.8733606599099955,0.8586102882409875,0.8906885318774764,1.1627749214042429,0.8269829181849087,0.12074971196522372
2018-03-11,189433.0,28.72083333333333,-0.17333419643714287,0.03004474365451003,125.32940293610673,113.1449441442848,0.8733606599099955,0.8586102882409875,0.8906885318774764,1.1627749214042429,0.824276578742572,0.12074971196522372
2018-03-12,187575.0,41.21958333333333,-0.009856634567629358,9.715324499978599e-05,125.29821686852179,113.1449441442848,0.8733606599099955,0.8586102882409875,0.8906885318774764,1.1627749214042429,0.8218121196210506,0.12074971196522372
2018-03-13,398094.5,39.855,0.7525106488548274,0.5662722766399134,125.77592015826559,113.1449441442848,0.8733606599099955,0.8586102882409875,0.8906885318774764,1.1627749214042429,0.8397505295973086,0.12074971196522372
2018-03-14,122363.0,46.78208333333333,-1.179697377488194,1.3916859024525225,124.15622524511802,113.1449441442848,0.8733606599099955,0.8586102882409875,0.8906885318774764,1.1627749214042429,0.8368092333696143,0.12074971196522372
2018-03-15,548587.0,24.627916666666668,1.5003538447418416,2.251061659431626,126.39964953564528,113.1449441442848,0.8733606599099955,0.8586102882409875,0.8906885318774764,1.1627749214042429,0.8440137858337072,0.12074971196522372
2018-03-16,531493.0,29.3225,-0.03165585411780658,0.001002093099927852,124.37011107780134,113.1449441442848,0.8733606599099955,0.8586102882409875,0.8906885318774764,1.1627749214042429,0.8671552598816762,0.12074971196522372
2018-03-17,728820.25,3.9783333333333335,0.3157371035379391,0.09968991855052728,124.44280306336897,113.1449441442848,0.8733606599099955,0.8586102882409875,0.8906885318774764,1.1627749214042429,0.8738009775831798,0.12074971196522372
2018-03-18,688897.25,1.793333333333334,-0.05633500024031636,0.0031736322520764444,123.33062819703845,113.1449441442848,0.8733606599099955,0.8586102882409875,0.8906885318774764,1.1627749214042429,0.8786820966565536,0.12074971196522372
2018-03-19,207357.25,49.11875,-1.200648979603991,1.4415579722241048,124.18690546256039,113.1449441442848,0.8733606599099955,0.8586102882409875,0.8906885318774764,1.1627749214042429,0.8748818625981744,0.12074971196522372
2018-03-20,284194.25,42.942083333333336,0.31521483211140977,0.09936039038302424,123.96940236801362,113.1449441442848,0.8733606599099955,0.8586102882409875,0.8906885318774764,1.1627749214042429,0.8850704436830998,0.12074971196522372
2018-03-21,146134.0,51.8325,-0.665133974228417,0.44240320367288855,124.06971550127973,113.1449441442848,0.8733606599099955,0.8586102882409875,0.8906885318774764,1.1627749214042429,0.8836185355712067,0.12074971196522372
2018-03-22,355635.5,43.590833333333336,0.8893823209289454,0.7910009127809576,124.7525105083939,113.1449441442848,0.8733606599099955,0.8586102882409875,0.8906885318774764,1.1627749214042429,0.8793443343640418,0.12074971196522372
2018-03-23,56714.25,52.88999999999999,-1.835880828019274,3.370458414688735,126.76573576965366,113.1449441442848,0.8733606599099955,0.8586102882409875,0.8906885318774764,1.1627749214042429,0.8763694660982354,0.12074971196522372
2018-03-24,60391.0,41.40125,0.06281458530690615,0.0039456721272785895,126.72966963457945,113.1449441442848,0.8733606599099955,0.8586102882409875,0.8906885318774764,1.1627749214042429,0.8835021794223259,0.12074971196522372
2018-03-25,32312.0,37.72217391304348,-0.6254014089545512,0.3911269223223378,126.90265281535075,113.1449441442848,0.8733606599099955,0.8586102882409875,0.8906885318774764,1.1627749214042429,0.8871625810066599,0.12074971196522372
2018-03-26,57527.75,52.81625,0.5768287618197234,0.3327314204624752,127.01335916795705,113.1449441442848,0.8733606599099955,0.8586102882409875,0.8906885318774764,1.1627749214042429,0.8985171753320708,0.12074971196522372
2018-03-27,88009.75,45.072916666666664,0.42518016371455375,0.18077817161633472,127.15352287259726,113.1449441442848,0.8733606599099955,0.8586102882409875,0.8906885318774764,1.1627749214042429,0.8929666098727385,0.12074971196522372
2018-03-28,334831.0,40.534166666666664,1.3361783231260944,1.7853725111920615,127.78129829636958,113.1449441442848,0.8733606599099955,0.8586102882409875,0.8906885318774764,1.1627749214042429,0.8975280532371452,0.12074971196522372
2018-03-29,343676.75,38.09291666666667,0.026075608443113192,0.000679937355678556,127.7271298242074,113.1449441442848,0.8733606599099955,0.8586102882409875,0.8906885318774764,1.1627749214042429,0.9195286511637886,0.12074971196522372
2018-03-30,238937.75,29.39125,-0.363498477609794,0.1321311432246379,127.62140375095161,113.1449441442848,0.8733606599099955,0.8586102882409875,0.8906885318774764,1.1627749214042429,0.9213557558468704,0.12074971196522372
2018-03-31,224863.75,23.59166666666667,-0.06070839452875552,0.003685509166259033,127.47652909133417,113.1449441442848,0.8733606599099955,0.8586102882409875,0.8906885318774764,1.1627749214042429,0.9158487164537538,0.12074971196522372
2018-04-01,334114.0,24.171666666666667,0.3959875888804018,0.15680617054731413,127.42518195889562,113.1449441442848,0.8733606599099955,0.8586102882409875,0.8906885318774764,1.1627749214042429,0.9127893682985173,0.12074971196522372
2018-04-02,187159.0,27.6075,-0.5795237291447205,0.3358477526418034,126.75182195111607,113.1449441442848,0.8733606599099955,0.8586102882409875,0.8906885318774764,1.1627749214042429,0.9091936465044358,0.12074971196522372
2018-04-03,346171.75,34.416666666666664,0.6149765162198203,0.3781961155018669,125.63623302195384,113.1449441442848,0.8733606599099955,0.8586102882409875,0.8906885318774764,1.1627749214042429,0.9066120048600463,0.12074971196522372
2018-04-04,305878.0,36.525,-0.12374870953873514,0.015313743112502236,125.64901139238454,113.1449441442848,0.8733606599099955,0.8586102882409875,0.8906885318774764,1.1627749214042429,0.9028742112589967,0.12074971196522372
2018-04-05,562915.25,32.56375,0.6099427543059885,0.3720301635303755,125.70218375269559,113.1449441442848,0.8733606599099955,0.8586102882409875,0.8906885318774764,1.1627749214042429,0.8970502926934645,0.12074971196522372
2018-04-06,254059.75,35.204166666666666,-0.7955596083734944,0.6329150904753877,126.10896466698019,113.1449441442848,0.8733606599099955,0.8586102882409875,0.8906885318774764,1.1627749214042429,0.8971421586263745,0.12074971196522372
2018-04-07,384574.25,16.47625,0.4145674026598341,0.17186613134812104,126.27789569898506,113.1449441442848,0.8733606599099955,0.8586102882409875,0.8906885318774764,1.1627749214042429,0.8958294912548332,0.12074971196522372
2018-04-08,171417.25,22.98166666666667,-0.8080362353618769,0.6529225576577945,126.89253111102819,113.1449441442848,0.8733606599099955,0.8586102882409875,0.8906885318774764,1.1627749214042429,0.894014930567032,0.12074971196522372
2018-04-09,98408.0,42.61416666666667,-0.5549785413067809,0.30800118131100235,125.94754968805802,113.1449441442848,0.8733606599099955,0.8586102882409875,0.8906885318774764,1.1627749214042429,0.9122031132573205,0.12074971196522372
2018-04-10,320466.0,36.03375,1.1806540849235398,1.3939440682466413,127.34048087826963,113.1449441442848,0.8733606599099955,0.8586102882409875,0.8906885318774764,1.1627749214042429,0.9065379902420928,0.12074971196522372
2018-04-11,310695.5,31.51875,-0.030962853620433023,0.0009586983043203623,127.28115927427031,113.1449441442848,0.8733606599099955,0.8586102882409875,0.8906885318774764,1.1627749214042429,0.924648767966812,0.12074971196522372
2018-04-12,375763.25,29.842916666666667,0.19014595794949285,0.036155485324530307,125.33773348323294,113.1449441442848,0.8733606599099955,0.8586102882409875,0.8906885318774764,1.1627749214042429,0.9249087943471643,0.12074971196522372
2018-04-13,268065.75,38.528333333333336,-0.33772700457724264,0.11405952962071687,125.40404856657253,113.1449441442848,0.8733606599099955,0.8586102882409875,0.8906885318774764,1.1627749214042429,0.9236071400723846,0.12074971196522372
2018-04-14,223508.5,35.30291666666667,-0.1817828415914793,0.03304500149707286,125.00916529643014,113.1449441442848,0.8733606599099955,0.8586102882409875,0.8906885318774764,1.1627749214042429,0.9174738500953744,0.12074971196522372
2018-04-15,52700.25,31.645833333333332,-1.44482924528128,2.0875315480200736,126.97963322715779,113.1449441442848,0.8733606599099955,0.8586102882409875,0.8906885318774764,1.1627749214042429,0.925046751517109,0.12074971196522372
2018-04-16,58693.75,46.62583333333333,0.1077130482017048,0.01160210075290278,126.60115891020759,113.1449441442848,0.8733606599099955,0.8586102882409875,0.8906885318774764,1.1627749214042429,0.92227887815672,0.12074971196522372
2018-04-17,52663.5,43.80083333333334,-0.10841063160188348,0.011752865044319298,125.57052239572646,113.1449441442848,0.8733606599099955,0.8586102882409875,0.8906885318774764,1.1627749214042429,0.9163774240197498,0.12074971196522372
2018-04-18,66434.5,41.062083333333334,0.23229388389266334,0.053960448493938155,125.57747572669288,113.1449441442848,0.8733606599099955,0.8586102882409875,0.8906885318774764,1.1627749214042429,0.9105912764596072,0.12074971196522372
2018-04-19,152047.75,39.844166666666666,0.8279781163884257,0.6855477612181253,125.84069679993704,113.1449441442848,0.8733606599099955,0.8586102882409875,0.8906885318774764,1.1627749214042429,0.9060822658205183,0.12074971196522372
2018-04-20,156295.75,38.63166666666667,0.027555429508964308,0.0007593016954235009,125.80964769610108,113.1449441442848,0.8733606599099955,0.8586102882409875,0.8906885318774764,1.1627749214042429,0.900187234261955,0.12074971196522372
2018-04-21,74437.5,30.002499999999998,-0.7417901986434375,0.5502526988034705,125.51735976513979,113.1449441442848,0.8733606599099955,0.8586102882409875,0.8906885318774764,1.1627749214042429,0.8950743606571614,0.12074971196522372
2018-04-22,121535.0,18.588333333333335,0.4902424400257069,0.24033765000235882,124.82820409605756,113.1449441442848,0.8733606599099955,0.8586102882409875,0.8906885318774764,1.1627749214042429,0.8969363672119102,0.12074971196522372
2018-04-23,325683.5,32.562916666666666,0.9857237637410231,0.9716513384037684,125.76803868783,113.1449441442848,0.8733606599099955,0.8586102882409875,0.8906885318774764,1.1627749214042429,0.892244032476174,0.12074971196522372
2018-04-24,297773.75,34.32041666666667,-0.08959208092444779,0.008026740964372801,125.21166723766761,113.1449441442848,0.8733606599099955,0.8586102882409875,0.8906885318774764,1.1627749214042429,0.8946294683867323,0.12074971196522372
2018-04-25,460703.5,27.294583333333335,0.4364206990900069,0.19046302659421036,124.04189498963635,113.1449441442848,0.8733606599099955,0.8586102882409875,0.8906885318774764,1.1627749214042429,0.8930874510618153,0.12074971196522372
2018-04-26,373633.5,30.454166666666666,-0.20947929861884534,0.04388157654984338,123.08796596089375,113.1449441442848,0.8733606599099955,0.8586102882409875,0.8906885318774764,1.1627749214042429,0.8894758956924477,0.12074971196522372
2018-04-27,135056.0,39.63791666666666,-1.0175858631875985,1.0354809889592498,124.12308523695668,113.1449441442848,0.8733606599099955,0.8586102882409875,0.8906885318774764,1.1627749214042429,0.8881168647699318,0.12074971196522372
2018-04-28,162031.75,29.09166666666667,0.18210279644226962,0.03316142847209468,123.68508262701904,113.1449441442848,0.8733606599099955,0.8586102882409875,0.8906885318774764,1.1627749214042429,0.8866656096300244,0.12074971196522372
2018-04-29,149631.25,21.3875,-0.07961836958348176,0.006339084775131893,123.65161775264933,113.1449441442848,0.8733606599099955,0.8586102882409875,0.8906885318774764,1.1627749214042429,0.8847216405651895,0.12074971196522372
2018-04-30,523393.25,12.950000000000001,1.252159159466421,1.5679025606356538,125.14444228887868,113.1449441442848,0.8733606599099955,0.8586102882409875,0.8906885318774764,1.1627749214042429,0.8854267921271483,0.12074971196522372
2018-05-01,527945.0,-5.702916666666667,0.008659018047297845,7.497859354342979e-05,124.46509851576145,113.1449441442848,0.8733606599099955,0.8586102882409875,0.8906885318774764,1.1627749214042429,0.9042165158583282,0.12074971196522372
2018-05-02,145330.5,39.95041666666666,-1.2899816525358283,1.6640526638790665,125.95757469403668,113.1449441442848,0.8733606599099955,0.8586102882409875,0.8906885318774764,1.1627749214042429,0.8991051406192017,0.12074971196522372
2018-05-03,161546.75,39.986666666666665,0.10578411537945603,0.011190279066614066,124.93926888166504,113.1449441442848,0.8733606599099955,0.8586102882409875,0.8906885318774764,1.1627749214042429,0.8934448404907332,0.12074971196522372
2018-05-04,145579.25,40.50833333333333,-0.1040739625872242,0.010831389688606944,124.44852238467352,113.1449441442848,0.8733606599099955,0.8586102882409875,0.8906885318774764,1.1627749214042429,0.8885618637810837,0.12074971196522372
2018-05-05,201066.0,28.407916666666665,0.32291260049999804,0.10427254756167133,124.29087456010174,113.1449441442848,0.8733606599099955,0.8586102882409875,0.8906885318774764,1.1627749214042429,0.9083622335702152,0.12074971196522372
2018-05-06,204271.25,19.67875,0.01581555512582758,0.00025013178393809105,123.30278917566054,113.1449441442848,0.8733606599099955,0.8586102882409875,0.8906885318774764,1.1627749214042429,0.9081357075763333,0.12074971196522372
2018-05-07,202961.25,34.39666666666667,-0.006433693375004991,4.139241044358312e-05,121.77325181170559,113.1449441442848,0.8733606599099955,0.8586102882409875,0.8906885318774764,1.1627749214042429,0.9022089595984177,0.12074971196522372
2018-05-08,252805.5,27.47,0.21960534424405562,0.04822650722055017,120.95534824132984,113.1449441442848,0.8733606599099955,0.8586102882409875,0.8906885318774764,1.1627749214042429,0.8965278407087874,0.12074971196522372
2018-05-09,177999.0,36.62375,-0.35084248606637464,0.12309045002923429,120.72709598457793,113.1449441442848,0.8733606599099955,0.8586102882409875,0.8906885318774764,1.1627749214042429,0.8933118526964912,0.12074971196522372
2018-05-10,210060.25,25.224999999999998,0.16561646203129643,0.02742881249576385,120.69506058860844,113.1449441442848,0.8733606599099955,0.8586102882409875,0.8906885318774764,1.1627749214042429,0.8885777221838901,0.12074971196522372
2018-05-11,62725.0,42.2025,-1.2086343020775867,1.460796876158575,118.99503085231174,113.1449441442848,0.8733606599099955,0.8586102882409875,0.8906885318774764,1.1627749214042429,0.8831167170145973,0.12074971196522372
2018-05-12,105730.0,32.500416666666666,0.5221285824919492,0.2726182566550521,119.26763263787203,113.1449441442848,0.8733606599099955,0.8586102882409875,0.8906885318774764,1.1627749214042429,0.888674915025207,0.12074971196522372
2018-05-13,265192.25,16.645416666666666,0.9195663599125128,0.845602290282749,119.97697457312076,113.1449441442848,0.8733606599099955,0.8586102882409875,0.8906885318774764,1.1627749214042429,0.8835357605976919,0.12074971196522372
2018-05-14,304878.0,34.69708333333333,0.13945666192912387,0.01944816055641395,118.80104999159246,113.1449441442848,0.8733606599099955,0.8586102882409875,0.8906885318774764,1.1627749214042429,0.8843647978148645,0.12074971196522372
2018-05-15,184107.0,42.42583333333334,-0.5043945862562005,0.25441389864456365,119.05275507706462,113.1449441442848,0.8733606599099955,0.8586102882409875,0.8906885318774764,1.1627749214042429,0.8790240468962099,0.12074971196522372
2018-05-16,169187.0,41.602916666666665,-0.08451249826078977,0.0071423623622799935,116.69143932992289,113.1449441442848,0.8733606599099955,0.8586102882409875,0.8906885318774764,1.1627749214042429,0.8809792408699664,0.12074971196522372
2018-05-17,316149.0,35.38625,0.6252090093750264,0.3908863054037019,117.07262011427036,113.1449441442848,0.8733606599099955,0.8586102882409875,0.8906885318774764,1.1627749214042429,0.8823412641079201,0.12074971196522372
2018-05-18,107090.0,39.10791666666667,-1.0825440190313245,1.1719015531404926,118.08225506538516,113.1449441442848,0.8733606599099955,0.8586102882409875,0.8906885318774764,1.1627749214042429,0.8781738751188243,0.12074971196522372
2018-05-19,48416.0,36.357083333333335,-0.7938392648068383,0.6301807783490615,118.5249215056048,113.1449441442848,0.8733606599099955,0.8586102882409875,0.8906885318774764,1.1627749214042429,0.8795660907647443,0.12074971196522372
2018-05-20,217787.75,16.67875,1.5036906270503572,2.2610855018790965,120.66732899833795,113.1449441442848,0.8733606599099955,0.8586102882409875,0.8906885318774764,1.1627749214042429,0.8944503878592006,0.12074971196522372
2018-05-21,322284.25,5.6625000000000005,0.39191295545629584,0.15359576465448854,120.05359986849815,113.1449441442848,0.8733606599099955,0.8586102882409875,0.8906885318774764,1.1627749214042429,0.8965954342448003,0.12074971196522372
2018-05-22,142289.0,42.75791666666667,-0.8175737194804603,0.6684267867851145,120.68591294417831,113.1449441442848,0.8733606599099955,0.8586102882409875,0.8906885318774764,1.1627749214042429,0.8929894000708467,0.12074971196522372
2018-05-23,204139.5,42.33291666666667,0.36094338304071427,0.13028012576087578,120.53937260623624,113.1449441442848,0.8733606599099955,0.8586102882409875,0.8906885318774764,1.1627749214042429,0.888515267215541,0.12074971196522372
2018-05-24,289462.75,38.95083333333333,0.3492230349405892,0.12195672813311599,120.62885120025075,113.1449441442848,0.8733606599099955,0.8586102882409875,0.8906885318774764,1.1627749214042429,0.8866945673203589,0.12074971196522372
2018-05-25,189901.25,40.362500000000004,-0.42152241840506977,0.1776811492180587,120.36309252578651,113.1449441442848,0.8733606599099955,0.8586102882409875,0.8906885318774764,1.1627749214042429,0.891756073726944,0.12074971196522372
2018-05-26,97121.75,37.07541666666666,-0.6705388541138887,0.4496223548763669,119.06653492586733,113.1449441442848,0.8733606599099955,0.8586102882409875,0.8906885318774764,1.1627749214042429,0.8871854316831057,0.12074971196522372
2018-05-27,122142.0,32.88458333333333,0.22921895621848107,0.05254132988988994,117.22053021865389,113.1449441442848,0.8733606599099955,0.8586102882409875,0.8906885318774764,1.1627749214042429,0.8842590114329384,0.12074971196522372
2018-05-28,140483.0,43.79791666666667,0.13990218269889523,0.019572620723915062,116.36846193643224,113.1449441442848,0.8733606599099955,0.8586102882409875,0.8906885318774764,1.1627749214042429,0.879646434107452,0.12074971196522372
2018-05-29,225493.25,42.91041666666666,0.47320374000170506,0.22392177955160128,116.58111365291873,113.1449441442848,0.8733606599099955,0.8586102882409875,0.8906885318774764,1.1627749214042429,0.874555783979815,0.12074971196522372
2018-05-30,85051.25,46.67583333333334,-0.9750362090427775,0.950695608944511,117.13044554817806,113.1449441442848,0.8733606599099955,0.8586102882409875,0.8906885318774764,1.1627749214042429,0.8712789055180882,0.12074971196522372
2018-05-31,86799.25,42.247499999999995,0.020343965105192447,0.00041387691620128794,115.80423839184733,113.1449441442848,0.8733606599099955,0.8586102882409875,0.8906885318774764,1.1627749214042429,0.8666871688372467,0.12074971196522372
2018-06-01,121293.75,51.29791666666667,0.33461730840228887,0.1119687430823925,114.81717910080577,113.1449441442848,0.8733606599099955,0.8586102882409875,0.8906885318774764,1.1627749214042429,0.861822835369364,0.12074971196522372
2018-06-02,97646.25,40.224583333333335,-0.21686403535073082,0.047030009828603024,114.44478119747059,113.1449441442848,0.8733606599099955,0.8586102882409875,0.8906885318774764,1.1627749214042429,0.856997230563907,0.12074971196522372
2018-06-03,38920.25,32.48916666666667,-0.9198365733976809,0.8460993217599871,114.97512265581857,113.1449441442848,0.8733606599099955,0.8586102882409875,0.8906885318774764,1.1627749214042429,0.8576444695086167,0.12074971196522372
2018-06-04,86692.75,46.840833333333336,0.800855577876184,0.6413696566153966,115.28952256427809,113.1449441442848,0.8733606599099955,0.8586102882409875,0.8906885318774764,1.1627749214042429,0.8537758664411518,0.12074971196522372
2018-06-05,85631.0,51.01,-0.01232289148594793,0.000151853654574448,115.1708966660426,113.1449441442848,0.8733606599099955,0.8586102882409875,0.8906885318774764,1.1627749214042429,0.8498237771811166,0.12074971196522372
2018-06-06,188157.0,49.69125,0.7872293535855135,0.6197300551466655,115.79057216219631,113.1449441442848,0.8733606599099955,0.8586102882409875,0.8906885318774764,1.1627749214042429,0.8600072444244041,0.12074971196522372
2018-06-07,128225.75,49.61000000000001,-0.3834843383539893,0.14706023776279697,115.93690246788717,113.1449441442848,0.8733606599099955,0.8586102882409875,0.8906885318774764,1.1627749214042429,0.8584177442922646,0.12074971196522372
2018-06-08,72696.75,49.39958333333333,-0.5674957030755076,0.32205137300916464,116.20681747541529,113.1449441442848,0.8733606599099955,0.8586102882409875,0.8906885318774764,1.1627749214042429,0.8592515394122154,0.12074971196522372
2018-06-09,75864.75,42.470416666666665,0.04265547036843968,0.0018194891523528357,116.0523385020806,113.1449441442848,0.8733606599099955,0.8586102882409875,0.8906885318774764,1.1627749214042429,0.8563496274027738,0.12074971196522372
2018-06-10,79800.75,39.32833333333333,0.050580753263289244,0.0025584126006817456,115.99674839728023,113.1449441442848,0.8733606599099955,0.8586102882409875,0.8906885318774764,1.1627749214042429,0.8661618843638867,0.12074971196522372
2018-06-11,129769.75,48.53333333333333,0.4862288233541252,0.23641846866033708,114.75504913919131,113.1449441442848,0.8733606599099955,0.8586102882409875,0.8906885318774764,1.1627749214042429,0.8629602689207986,0.12074971196522372
2018-06-12,153401.0,49.72708333333333,0.16729368155476854,0.0279871758881483,114.71656155170709,113.1449441442848,0.8733606599099955,0.8586102882409875,0.8906885318774764,1.1627749214042429,0.8647223371159962,0.12074971196522372
2018-06-13,168902.25,48.14958333333333,0.09626473740029946,0.009266899666748615,114.58948962987171,113.1449441442848,0.8733606599099955,0.8586102882409875,0.8906885318774764,1.1627749214042429,0.8613704381651294,0.12074971196522372
2018-06-14,131656.0,43.64875,-0.24912768492394954,0.06206460339556668,114.60415419387289,113.1449441442848,0.8733606599099955,0.8586102882409875,0.8906885318774764,1.1627749214042429,0.8582356925737329,0.12074971196522372
2018-06-15,32176.75,49.44625,-1.4089483182355866,1.985135363458888,116.5214222605242,113.1449441442848,0.8733606599099955,0.8586102882409875,0.8906885318774764,1.1627749214042429,0.8580795232678551,0.12074971196522372
2018-06-16,59904.5,40.20875,0.6215074854508326,0.38627155447141687,116.90364809168149,113.1449441442848,0.8733606599099955,0.8586102882409875,0.8906885318774764,1.1627749214042429,0.8694780609637494,0.12074971196522372
2018-06-17,168303.5,24.33583333333333,1.0330172696694617,1.0671246794353495,117.5806325109624,113.1449441442848,0.8733606599099955,0.8586102882409875,0.8906885318774764,1.1627749214042429,0.8653966277257671,0.12074971196522372
2018-06-18,140938.5,44.36666666666667,-0.17744527216228287,0.03148682461274664,117.16341100780252,113.1449441442848,0.8733606599099955,0.8586102882409875,0.8906885318774764,1.1627749214042429,0.8667427397868311,0.12074971196522372
2018-06-19,170406.5,46.517500000000005,0.18986313419209253,0.03604800972524454,116.85355242987305,113.1449441442848,0.8733606599099955,0.8586102882409875,0.8906885318774764,1.1627749214042429,0.8635001332589377,0.12074971196522372
2018-06-20,115644.75,46.794999999999995,-0.3876637671507043,0.15028319636147547,116.75915863548249,113.1449441442848,0.8733606599099955,0.8586102882409875,0.8906885318774764,1.1627749214042429,0.8597784976737775,0.12074971196522372
2018-06-21,423728.5,30.236666666666665,1.29856992788745,1.6862838576136172,118.37223459287722,113.1449441442848,0.8733606599099955,0.8586102882409875,0.8906885318774764,1.1627749214042429,0.8615590071667205,0.12074971196522372
2018-06-22,474081.5,20.725416666666664,0.11228632789885469,0.012608219433009113,117.55650907490678,113.1449441442848,0.8733606599099955,0.8586102882409875,0.8906885318774764,1.1627749214042429,0.8586903338686063,0.12074971196522372
2018-06-23,395888.0,23.887083333333333,-0.1802479048750087,0.03248930721183018,117.58503750561698,113.1449441442848,0.8733606599099955,0.8586102882409875,0.8906885318774764,1.1627749214042429,0.8695042724266983,0.12074971196522372
2018-06-24,166621.25,31.934166666666666,-0.8654080703489798,0.7489311282251448,118.19275348585035,113.1449441442848,0.8733606599099955,0.8586102882409875,0.8906885318774764,1.1627749214042429,0.8730765967531383,0.12074971196522372
2018-06-25,131502.75,45.201249999999995,-0.23669550867252726,0.05602476382574643,118.09747606137749,113.1449441442848,0.8733606599099955,0.8586102882409875,0.8906885318774764,1.1627749214042429,0.8679544932618147,0.12074971196522372
2018-06-26,69551.0,49.26625000000001,-0.6369674675353768,0.4057275546984313,118.4966521453102,113.1449441442848,0.8733606599099955,0.8586102882409875,0.8906885318774764,1.1627749214042429,0.8643861089491636,0.12074971196522372
2018-06-27,130442.75,47.48791666666667,0.6288741367776128,0.3954826799077877,117.04352463831447,113.1449441442848,0.8733606599099955,0.8586102882409875,0.8906885318774764,1.1627749214042429,0.8749362802865175,0.12074971196522372
2018-06-28,198739.75,44.89333333333334,0.42106174668857954,0.17729299452443753,116.74125210476926,113.1449441442848,0.8733606599099955,0.8586102882409875,0.8906885318774764,1.1627749214042429,0.8832357010504158,0.12074971196522372
2018-06-29,163896.5,44.31666666666666,-0.19276104884016707,0.037156821949961276,115.71169395325805,113.1449441442848,0.8733606599099955,0.8586102882409875,0.8906885318774764,1.1627749214042429,0.8782136164979377,0.12074971196522372
2018-06-30,213921.25,40.6575,0.26637282560513775,0.07095448222086513,115.6883912438721,113.1449441442848,0.8733606599099955,0.8586102882409875,0.8906885318774764,1.1627749214042429,0.8733231137966462,0.12074971196522372
2018-07-01,255799.0,28.919166666666666,0.1787840231904874,0.03196372694817673,115.42486570434292,113.1449441442848,0.8733606599099955,0.8586102882409875,0.8906885318774764,1.1627749214042429,0.8715949747426527,0.12074971196522372
2018-07-02,140097.0,48.068333333333335,-0.6020569399954946,0.3624725589967386,115.61431245473209,113.1449441442848,0.8733606599099955,0.8586102882409875,0.8906885318774764,1.1627749214042429,0.869832623292109,0.12074971196522372
2018-07-03,70655.5,49.759166666666665,-0.6845190851877812,0.4685663779863168,116.05164826362952,113.1449441442848,0.8733606599099955,0.8586102882409875,0.8906885318774764,1.1627749214042429,0.8657813933642999,0.12074971196522372
2018-07-04,35834.25,53.20916666666667,-0.6789118146819233,0.46092125211470214,116.07060962826387,113.1449441442848,0.8733606599099955,0.8586102882409875,0.8906885318774764,1.1627749214042429,0.8610521002518666,0.12074971196522372
2018-07-05,107430.0,51.81166666666667,1.0979353327106927,1.2054619948145393,116.98363326032158,113.1449441442848,0.8733606599099955,0.8586102882409875,0.8906885318774764,1.1627749214042429,0.8597419199978149,0.12074971196522372
2018-07-06,227836.0,47.81333333333333,0.7517865992112731,0.5651830907536514,117.1043471219242,113.1449441442848,0.8733606599099955,0.8586102882409875,0.8906885318774764,1.1627749214042429,0.8579165269000514,0.12074971196522372
2018-07-07,240391.5,32.895,0.05364277240912393,0.0028775470317370672,116.8968822473095,113.1449441442848,0.8733606599099955,0.8586102882409875,0.8906885318774764,1.1627749214042429,0.863464020982392,0.12074971196522372
2018-07-08,145947.0,34.260416666666664,-0.49902530219456465,0.24902625223037655,117.13967270088897,113.1449441442848,0.8733606599099955,0.8586102882409875,0.8906885318774764,1.1627749214042429,0.8642624114836366,0.12074971196522372
2018-07-09,212364.75,46.60041666666667,0.3750617730385633,0.14067133359483078,116.84189754462595,113.1449441442848,0.8733606599099955,0.8586102882409875,0.8906885318774764,1.1627749214042429,0.8594978653260855,0.12074971196522372
2018-07-10,133389.5,52.95041666666666,-0.46503189540384643,0.21625466374289395,116.79965692600203,113.1449441442848,0.8733606599099955,0.8586102882409875,0.8906885318774764,1.1627749214042429,0.8663352643812444,0.12074971196522372
2018-07-11,87583.5,52.499583333333334,-0.4206807957022882,0.17697233187271036,116.74225075613153,113.1449441442848,0.8733606599099955,0.8586102882409875,0.8906885318774764,1.1627749214042429,0.8679068893683057,0.12074971196522372
2018-07-12,128973.25,53.306666666666665,0.3870123944809171,0.14977859348185302,116.88577261399536,113.1449441442848,0.8733606599099955,0.8586102882409875,0.8906885318774764,1.1627749214042429,0.8629913488528789,0.12074971196522372
2018-07-13,119209.75,50.834583333333335,-0.07872047192941962,0.006196912700790543,115.09789852296824,113.1449441442848,0.8733606599099955,0.8586102882409875,0.8906885318774764,1.1627749214042429,0.8625774698866928,0.12074971196522372
2018-07-14,79721.25,48.17916666666667,-0.402348371486965,0.1618842120382128,114.07203219196204,113.1449441442848,0.8733606599099955,0.8586102882409875,0.8906885318774764,1.1627749214042429,0.8611602402150174,0.12074971196522372
2018-07-15,56332.0,45.873333333333335,-0.3472734177654405,0.12059882668649018,114.1908627752169,113.1449441442848,0.8733606599099955,0.8586102882409875,0.8906885318774764,1.1627749214042429,0.8575497634999172,0.12074971196522372
2018-07-16,46340.0,53.803333333333335,-0.1952572383315738,0.03812538912087301,113.15276717402853,113.1449441442848,0.8733606599099955,0.8586102882409875,0.8906885318774764,1.1627749214042429,0.8574613928134426,0.12074971196522372
2018-07-17,102069.75,52.137499999999996,0.789650884108677,0.6235485187736153,113.6847175576546,113.1449441442848,0.8733606599099955,0.8586102882409875,0.8906885318774764,1.1627749214042429,0.8584353721659085,0.12074971196522372
2018-07-18,204970.75,49.75,0.6972108829184946,0.48610301525998684,113.84759881433578,113.1449441442848,0.8733606599099955,0.8586102882409875,0.8906885318774764,1.1627749214042429,0.8573957259944424,0.12074971196522372
2018-07-19,115164.75,51.645,-0.5765035741773089,0.3323563710392119,113.47962316943195,113.1449441442848,0.8733606599099955,0.8586102882409875,0.8906885318774764,1.1627749214042429,0.8595261046917272,0.12074971196522372
2018-07-20,68769.0,53.54291666666666,-0.5156106498524439,0.2658543422412595,111.97105335101168,113.1449441442848,0.8733606599099955,0.8586102882409875,0.8906885318774764,1.1627749214042429,0.8575959197145921,0.12074971196522372
2018-07-21,75295.0,50.17250000000001,0.09066066953713371,0.008219357000921364,111.9492280523792,113.1449441442848,0.8733606599099955,0.8586102882409875,0.8906885318774764,1.1627749214042429,0.8571435820026497,0.12074971196522372
2018-07-22,69809.0,46.252916666666664,-0.07565079025440087,0.005723042066115354,111.09399199867538,113.1449441442848,0.8733606599099955,0.8586102882409875,0.8906885318774764,1.1627749214042429,0.8550013013170812,0.12074971196522372
2018-07-23,41417.25,55.022083333333335,-0.522065480567897,0.2725523660005893,111.33968470834482,113.1449441442848,0.8733606599099955,0.8586102882409875,0.8906885318774764,1.1627749214042429,0.8507697242894221,0.12074971196522372
2018-07-24,27405.0,56.64083333333334,-0.41297198221840514,0.17054585809739872,111.2776900322336,113.1449441442848,0.8733606599099955,0.8586102882409875,0.8906885318774764,1.1627749214042429,0.8493471468355327,0.12074971196522372
2018-07-25,65193.5,58.41375,0.8666342922132914,0.7510549964400325,110.97534895058027,113.1449441442848,0.8733606599099955,0.8586102882409875,0.8906885318774764,1.1627749214042429,0.8598972121558361,0.12074971196522372
2018-07-26,113898.5,55.07125,0.5579479302081644,0.3113058928235746,111.23294978265118,113.1449441442848,0.8733606599099955,0.8586102882409875,0.8906885318774764,1.1627749214042429,0.8551165885160867,0.12074971196522372
2018-07-27,175536.25,53.62625,0.4325378733638646,0.1870890118941346,111.38311639678524,113.1449441442848,0.8733606599099955,0.8586102882409875,0.8906885318774764,1.1627749214042429,0.8504964258243313,0.12074971196522372
2018-07-28,192221.0,46.401250000000005,0.09080017747048794,0.008244672228672105,109.54214744755008,113.1449441442848,0.8733606599099955,0.8586102882409875,0.8906885318774764,1.1627749214042429,0.8518180992835286,0.12074971196522372
2018-07-29,103569.0,44.87083333333334,-0.6184076945053034,0.3824280766233647,109.88625228502356,113.1449441442848,0.8733606599099955,0.8586102882409875,0.8906885318774764,1.1627749214042429,0.8486892237167393,0.12074971196522372
2018-07-30,69901.25,55.1875,-0.3931545254791566,0.1545704809047408,109.70413271626603,113.1449441442848,0.8733606599099955,0.8586102882409875,0.8906885318774764,1.1627749214042429,0.8468559064263715,0.12074971196522372
2018-07-31,123149.5,56.32874999999999,0.566315532699555,0.3207132825767808,109.97905343449494,113.1449441442848,0.8733606599099955,0.8586102882409875,0.8906885318774764,1.1627749214042429,0.8497358374439912,0.12074971196522372
2018-08-01,94935.5,56.318333333333335,-0.2602013508260053,0.0677047429716779,109.71272314961872,113.1449441442848,0.8733606599099955,0.8586102882409875,0.8906885318774764,1.1627749214042429,0.8451711198463999,0.12074971196522372
2018-08-02,77508.75,59.47875,-0.20280688043095915,0.04113063075013736,109.6944841999582,113.1449441442848,0.8733606599099955,0.8586102882409875,0.8906885318774764,1.1627749214042429,0.8569031815148078,0.12074971196522372
2018-08-03,62987.5,62.72125,-0.2074545392053018,0.0430373858368841,109.01651700224564,113.1449441442848,0.8733606599099955,0.8586102882409875,0.8906885318774764,1.1627749214042429,0.8642999052264921,0.12074971196522372
2018-08-04,95623.25,51.1175,0.41747969731892964,0.17428929767350512,108.98526448142773,113.1449441442848,0.8733606599099955,0.8586102882409875,0.8906885318774764,1.1627749214042429,0.8619526512549082,0.12074971196522372
2018-08-05,165499.25,50.48500000000001,0.5485506717591488,0.30090783948741345,108.20566424855485,113.1449441442848,0.8733606599099955,0.8586102882409875,0.8906885318774764,1.1627749214042429,0.8579044323166347,0.12074971196522372
2018-08-06,65158.5,62.69291666666667,-0.9321438998737477,0.8688922500718393,109.01376660665066,113.1449441442848,0.8733606599099955,0.8586102882409875,0.8906885318774764,1.1627749214042429,0.8575715239921659,0.12074971196522372
2018-08-07,126938.75,64.6775,0.6668819234469008,0.444731499820238,109.36611961605406,113.1449441442848,0.8733606599099955,0.8586102882409875,0.8906885318774764,1.1627749214042429,0.8624332306342798,0.12074971196522372
2018-08-08,237808.75,56.107499999999995,0.6277620925483679,0.3940852448407056,107.17326751583758,113.1449441442848,0.8733606599099955,0.8586102882409875,0.8906885318774764,1.1627749214042429,0.861138776616709,0.12074971196522372
2018-08-09,223322.0,55.06458333333333,-0.06285210304570613,0.003950386857268061,106.81378764436616,113.1449441442848,0.8733606599099955,0.8586102882409875,0.8906885318774764,1.1627749214042429,0.8615699805065855,0.12074971196522372
2018-08-10,373059.25,44.94166666666666,0.513122578053314,0.2632947801080793,106.73448843975552,113.1449441442848,0.8733606599099955,0.8586102882409875,0.8906885318774764,1.1627749214042429,0.8613367666211467,0.12074971196522372
2018-08-11,337405.25,44.51916666666667,-0.10045252405713904,0.010090709589450098,106.00412411427952,113.1449441442848,0.8733606599099955,0.8586102882409875,0.8906885318774764,1.1627749214042429,0.8942314454811993,0.12074971196522372
2018-08-12,88186.0,42.645833333333336,-1.3418365099017344,1.8005252193052674,105.76453136149959,113.1449441442848,0.8733606599099955,0.8586102882409875,0.8906885318774764,1.1627749214042429,0.8886121990462317,0.12074971196522372
2018-08-13,153749.0,55.99125,0.5558731823453844,0.30899499485078497,105.98162949445408,113.1449441442848,0.8733606599099955,0.8586102882409875,0.8906885318774764,1.1627749214042429,0.8835134660929308,0.12074971196522372
2018-08-14,268769.75,55.05791666666667,0.5585336625133924,0.31195985216062416,106.20960721766306,113.1449441442848,0.8733606599099955,0.8586102882409875,0.8906885318774764,1.1627749214042429,0.8810289359640143,0.12074971196522372
2018-08-15,96184.75,53.44916666666666,-1.0275842439169334,1.0559293783463357,107.25982414555865,113.1449441442848,0.8733606599099955,0.8586102882409875,0.8906885318774764,1.1627749214042429,0.8760069312210361,0.12074971196522372
2018-08-16,96630.25,56.03541666666666,0.004621017999220167,2.135380734911676e-05,107.23515483490128,113.1449441442848,0.8733606599099955,0.8586102882409875,0.8906885318774764,1.1627749214042429,0.8710042655228717,0.12074971196522372
2018-08-17,110513.25,57.95416666666667,0.13424358407538597,0.018021339865405224,107.232313091846,113.1449441442848,0.8733606599099955,0.8586102882409875,0.8906885318774764,1.1627749214042429,0.8692728113226749,0.12074971196522372
2018-08-18,98063.25,53.77333333333333,-0.11952274462393964,0.014285686482439492,107.24080792963967,113.1449441442848,0.8733606599099955,0.8586102882409875,0.8906885318774764,1.1627749214042429,0.8686751444059782,0.12074971196522372
2018-08-19,112864.75,49.76708333333334,0.14057752054986536,0.01976203928394782,107.25090351926899,113.1449441442848,0.8733606599099955,0.8586102882409875,0.8906885318774764,1.1627749214042429,0.8757374273158797,0.12074971196522372
2018-08-20,155437.0,57.22291666666666,0.32005030563404363,0.10243219813644475,107.17087811305841,113.1449441442848,0.8733606599099955,0.8586102882409875,0.8906885318774764,1.1627749214042429,0.8712790434928899,0.12074971196522372
2018-08-21,32692.25,66.44625,-1.5591024580760289,2.4308004747787155,109.466893603484,113.1449441442848,0.8733606599099955,0.8586102882409875,0.8906885318774764,1.1627749214042429,0.8662804578292544,0.12074971196522372
2018-08-22,77447.5,65.3975,0.8624622406968562,0.7438411166278419,110.17413835962948,113.1449441442848,0.8733606599099955,0.8586102882409875,0.8906885318774764,1.1627749214042429,0.8957381817844567,0.12074971196522372
2018-08-23,107098.25,63.8675,0.32414634999862796,0.10507085621743302,110.27830589149501,113.1449441442848,0.8733606599099955,0.8586102882409875,0.8906885318774764,1.1627749214042429,0.8993676715353538,0.12074971196522372
2018-08-24,255324.75,57.60125,0.8687896268685305,0.7547954157543604,109.23787524931399,113.1449441442848,0.8733606599099955,0.8586102882409875,0.8906885318774764,1.1627749214042429,0.8940784074161818,0.12074971196522372
2018-08-25,245497.25,53.64625,-0.039250518776946686,0.0015406032242594443,109.17532459554083,113.1449441442848,0.8733606599099955,0.8586102882409875,0.8906885318774764,1.1627749214042429,0.8952365022575781,0.12074971196522372
2018-08-26,157398.0,48.501666666666665,-0.4445081161202387,0.19758746529676363,109.37291082003202,113.1449441442848,0.8733606599099955,0.8586102882409875,0.8906885318774764,1.1627749214042429,0.8925511908032829,0.12074971196522372
2018-08-27,429934.75,45.56875,1.0048558235649778,1.00973522615245,110.00978609801443,113.1449441442848,0.8733606599099955,0.8586102882409875,0.8906885318774764,1.1627749214042429,0.8874477684975702,0.12074971196522372
2018-08-28,82247.25,66.065,-1.653903498551173,2.7353967825198096,112.67497115579549,113.1449441442848,0.8733606599099955,0.8586102882409875,0.8906885318774764,1.1627749214042429,0.8968513847309639,0.12074971196522372
2018-08-29,151350.0,62.873333333333335,0.6098650810316527,0.3719354170617443,112.95839945729925,113.1449441442848,0.8733606599099955,0.8586102882409875,0.8906885318774764,1.1627749214042429,0.8997901436879149,0.12074971196522372
2018-08-30,279837.25,57.40166666666667,0.6146131487102534,0.3777493225675321,111.65684864151837,113.1449441442848,0.8733606599099955,0.8586102882409875,0.8906885318774764,1.1627749214042429,0.8942750170969723,0.12074971196522372
2018-08-31,131280.25,64.48125,-0.7568738330713287,0.5728579991880856,112.1907562177727,113.1449441442848,0.8733606599099955,0.8586102882409875,0.8906885318774764,1.1627749214042429,0.892863630759698,0.12074971196522372
2018-09-01,88089.5,59.76291666666666,-0.398981008014225,0.15918584475604705,110.8793279816879,113.1449441442848,0.8733606599099955,0.8586102882409875,0.8906885318774764,1.1627749214042429,0.8872846284797599,0.12074971196522372
2018-09-02,160385.0,52.94333333333333,0.5992238317575971,0.359069200546257,111.22482202018618,113.1449441442848,0.8733606599099955,0.8586102882409875,0.8906885318774764,1.1627749214042429,0.8993799063457651,0.12074971196522372
2018-09-03,136940.25,63.54624999999999,-0.15803247554171546,0.024974263325842894,111.1097609572584,113.1449441442848,0.8733606599099955,0.8586102882409875,0.8906885318774764,1.1627749214042429,0.895777662635025,0.12074971196522372
2018-09-04,72461.25,66.58375,-0.6364927630931261,0.40512303746992234,111.46343881057287,113.1449441442848,0.8733606599099955,0.8586102882409875,0.8906885318774764,1.1627749214042429,0.8986570881315155,0.12074971196522372
2018-09-05,65811.5,66.64083333333333,-0.09625734111829026,0.009265475719162893,111.12851850336375,113.1449441442848,0.8733606599099955,0.8586102882409875,0.8906885318774764,1.1627749214042429,0.8956225848274388,0.12074971196522372
2018-09-06,105705.75,65.33458333333333,0.4738646955428552,0.22454774968192287,111.32451257466631,113.1449441442848,0.8733606599099955,0.8586102882409875,0.8906885318774764,1.1627749214042429,0.8949483817471431,0.12074971196522372
2018-09-07,162991.0,62.434583333333336,0.4330356939186992,0.18751991220764935,111.47762647687452,113.1449441442848,0.8733606599099955,0.8586102882409875,0.8906885318774764,1.1627749214042429,0.890832424910698,0.12074971196522372
2018-09-08,205457.75,50.10583333333333,0.23154543213300938,0.05361328714166205,111.46583320006935,113.1449441442848,0.8733606599099955,0.8586102882409875,0.8906885318774764,1.1627749214042429,0.887121130658098,0.12074971196522372
2018-09-09,88277.0,49.161249999999995,-0.8447608186624056,0.7136208407471777,112.17937223099568,113.1449441442848,0.8733606599099955,0.8586102882409875,0.8906885318774764,1.1627749214042429,0.8958318368195664,0.12074971196522372
2018-09-10,129874.75,64.31,0.38609092646067283,0.14906620349526067,112.32746500657841,113.1449441442848,0.8733606599099955,0.8586102882409875,0.8906885318774764,1.1627749214042429,0.8903109266467549,0.12074971196522372
2018-09-11,332947.0,57.79583333333333,0.9414127936643981,0.8862580480750066,113.0214634378454,113.1449441442848,0.8733606599099955,0.8586102882409875,0.8906885318774764,1.1627749214042429,0.8848444340537138,0.12074971196522372
2018-09-12,171512.25,63.78375,-0.6633286255275973,0.44000486544433143,112.9208737684853,113.1449441442848,0.8733606599099955,0.8586102882409875,0.8906885318774764,1.1627749214042429,0.8887278937840292,0.12074971196522372
2018-09-13,34450.5,71.52291666666666,-1.605131181484082,2.576446109772485,115.34040730030769,113.1449441442848,0.8733606599099955,0.8586102882409875,0.8906885318774764,1.1627749214042429,0.8834484741524747,0.12074971196522372
2018-09-14,58832.5,64.84041666666667,0.5351709121565358,0.28640790521845855,115.62125011914667,113.1449441442848,0.8733606599099955,0.8586102882409875,0.8906885318774764,1.1627749214042429,0.8799606688023852,0.12074971196522372
2018-09-15,181351.75,51.78875,1.1257440922317334,1.2672997611946495,115.69691826407545,113.1449441442848,0.8733606599099955,0.8586102882409875,0.8906885318774764,1.1627749214042429,0.8781728583347399,0.12074971196522372
2018-09-16,90709.25,47.336666666666666,-0.6927791790451943,0.4799429909185333,115.67796507454823,113.1449441442848,0.8733606599099955,0.8586102882409875,0.8906885318774764,1.1627749214042429,0.8729287712050654,0.12074971196522372
2018-09-17,84010.0,62.40833333333333,-0.07672349710876136,0.005886495008598113,115.59060095112683,113.1449441442848,0.8733606599099955,0.8586102882409875,0.8906885318774764,1.1627749214042429,0.8692292344578291,0.12074971196522372
2018-09-18,262881.5,57.96041666666667,1.140767520921486,1.301350536789353,116.89038849254132,113.1449441442848,0.8733606599099955,0.8586102882409875,0.8906885318774764,1.1627749214042429,0.8642032109953425,0.12074971196522372
2018-09-19,239149.0,57.59833333333333,-0.09461657165673917,0.008952295632074858,115.3209817217153,113.1449441442848,0.8733606599099955,0.8586102882409875,0.8906885318774764,1.1627749214042429,0.8637647827055378,0.12074971196522372
2018-09-20,248843.75,58.06,0.03973840081621581,0.0015791404994302213,112.50506823896906,113.1449441442848,0.8733606599099955,0.8586102882409875,0.8906885318774764,1.1627749214042429,0.8629010474059128,0.12074971196522372
2018-09-21,626119.0,40.799166666666665,0.9227152594230996,0.851403449972238,111.98008757775929,113.1449441442848,0.8733606599099955,0.8586102882409875,0.8906885318774764,1.1627749214042429,0.8583514627027814,0.12074971196522372
2018-09-22,475191.25,25.409166666666664,-0.27582309430157287,0.07607837935009436,110.68696673442099,113.1449441442848,0.8733606599099955,0.8586102882409875,0.8906885318774764,1.1627749214042429,0.8776641045115005,0.12074971196522372
2018-09-23,282819.0,44.150416666666665,-0.5189102375237001,0.2692678346069029,110.90831877509669,113.1449441442848,0.8733606599099955,0.8586102882409875,0.8906885318774764,1.1627749214042429,0.8727727699271324,0.12074971196522372
2018-09-24,511139.5,38.88,0.5918354300212012,0.35026917622838016,110.76940035847359,113.1449441442848,0.8733606599099955,0.8586102882409875,0.8906885318774764,1.1627749214042429,0.868250535695961,0.12074971196522372
2018-09-25,145257.75,62.33958333333334,-1.2581327964858493,1.5828981335933034,112.34877258901085,113.1449441442848,0.8733606599099955,0.8586102882409875,0.8906885318774764,1.1627749214042429,0.8816909342132851,0.12074971196522372
2018-09-26,378903.25,45.3775,0.9587711448579438,0.9192421082122122,113.26579865017473,113.1449441442848,0.8733606599099955,0.8586102882409875,0.8906885318774764,1.1627749214042429,0.8861130536444367,0.12074971196522372
2018-09-27,227642.0,53.88916666666666,-0.5095066759503685,0.2595970528379938,113.51538160359691,113.1449441442848,0.8733606599099955,0.8586102882409875,0.8906885318774764,1.1627749214042429,0.917764705961375,0.12074971196522372
2018-09-28,281287.75,51.96791666666667,0.21160394723538367,0.04477623048559504,112.79294667707435,113.1449441442848,0.8733606599099955,0.8586102882409875,0.8906885318774764,1.1627749214042429,0.9116512293865688,0.12074971196522372
2018-09-29,138338.0,46.49,-0.7096782008005182,0.5036431486914607,113.15402384827692,113.1449441442848,0.8733606599099955,0.8586102882409875,0.8906885318774764,1.1627749214042429,0.9064692331702696,0.12074971196522372
2018-09-30,141329.5,41.7425,0.021394077621175747,0.0004577065572608929,112.55561178549225,113.1449441442848,0.8733606599099955,0.8586102882409875,0.8906885318774764,1.1627749214042429,0.9013753794834684,0.12074971196522372
2018-10-01,234146.5,61.24458333333333,0.5048529442802108,0.2548764953483976,111.5629779519536,113.1449441442848,0.8733606599099955,0.8586102882409875,0.8906885318774764,1.1627749214042429,0.8970194056875374,0.12074971196522372
2018-10-02,577827.25,42.33875,0.9033279607329643,0.8160014046419759,112.33142789646101,113.1449441442848,0.8733606599099955,0.8586102882409875,0.8906885318774764,1.1627749214042429,0.8913287469949087,0.12074971196522372
2018-10-03,549744.5,18.29375,-0.04982132373038508,0.0024821642982478316,111.79262591243169,113.1449441442848,0.8733606599099955,0.8586102882409875,0.8906885318774764,1.1627749214042429,0.9009796167525479,0.12074971196522372
2018-10-04,159743.0,65.15208333333334,-1.2358873510060697,1.5274175443768,112.8496173336346,113.1449441442848,0.8733606599099955,0.8586102882409875,0.8906885318774764,1.1627749214042429,0.900141173601317,0.12074971196522372
2018-10-05,175362.0,60.29583333333333,0.09328613497286851,0.008702302978176242,108.93443835680633,113.1449441442848,0.8733606599099955,0.8586102882409875,0.8906885318774764,1.1627749214042429,0.8992280722747941,0.12074971196522372
2018-10-06,149632.0,57.91416666666667,-0.15867346239455346,0.02517726766827577,106.44217117660409,113.1449441442848,0.8733606599099955,0.8586102882409875,0.8906885318774764,1.1627749214042429,0.8948584538017248,0.12074971196522372
2018-10-07,186741.25,54.91833333333333,0.22154502242269275,0.04908219696027143,105.02622876578334,113.1449441442848,0.8733606599099955,0.8586102882409875,0.8906885318774764,1.1627749214042429,0.9156262286789798,0.12074971196522372
2018-10-08,99976.75,63.88375,-0.6247863098764649,0.39035793300905003,105.411834808237,113.1449441442848,0.8733606599099955,0.8586102882409875,0.8906885318774764,1.1627749214042429,0.9129045692928763,0.12074971196522372
2018-10-09,91432.75,71.565,-0.08933392957672798,0.007980550973619794,104.93743162494359,113.1449441442848,0.8733606599099955,0.8586102882409875,0.8906885318774764,1.1627749214042429,0.9100409338606273,0.12074971196522372
2018-10-10,203957.25,62.17208333333334,0.8023066836811203,0.6436960146793973,105.41375771360948,113.1449441442848,0.8733606599099955,0.8586102882409875,0.8906885318774764,1.1627749214042429,0.9046651689088252,0.12074971196522372
2018-10-11,312061.25,54.35166666666667,0.42528906958478596,0.18087079270829293,105.48330879646372,113.1449441442848,0.8733606599099955,0.8586102882409875,0.8906885318774764,1.1627749214042429,0.9030011706829618,0.12074971196522372
2018-10-12,242594.25,56.77041666666667,-0.25180918798225577,0.06340786715228303,105.43813861039156,113.1449441442848,0.8733606599099955,0.8586102882409875,0.8906885318774764,1.1627749214042429,0.9011151782909262,0.12074971196522372
2018-10-13,258298.75,44.88166666666667,0.06272656609327881,0.003934622093854475,103.76762415929507,113.1449441442848,0.8733606599099955,0.8586102882409875,0.8906885318774764,1.1627749214042429,0.8953798742848647,0.12074971196522372
2018-10-14,334093.75,28.085833333333337,0.2573047814577958,0.06620575056104405,103.48254573866676,113.1449441442848,0.8733606599099955,0.8586102882409875,0.8906885318774764,1.1627749214042429,0.8926805925094871,0.12074971196522372
2018-10-15,156349.0,59.44916666666666,-0.7593309542369967,0.576583498062468,104.04877505268634,113.1449441442848,0.8733606599099955,0.8586102882409875,0.8906885318774764,1.1627749214042429,0.8878271668361587,0.12074971196522372
2018-10-16,36601.5,71.99791666666667,-1.4520014648027038,2.1083082537891973,105.77297301593937,113.1449441442848,0.8733606599099955,0.8586102882409875,0.8906885318774764,1.1627749214042429,0.8938827240100546,0.12074971196522372
2018-10-17,38125.5,70.91041666666666,0.040794126421603454,0.001664160750501765,105.36743018529651,113.1449441442848,0.8733606599099955,0.8586102882409875,0.8906885318774764,1.1627749214042429,0.8940953215975865,0.12074971196522372
2018-10-18,113697.5,63.16416666666667,1.0926580632321858,1.1939016431463114,106.41842676398733,113.1449441442848,0.8733606599099955,0.8586102882409875,0.8906885318774764,1.1627749214042429,0.8885212506766308,0.12074971196522372
2018-10-19,53991.5,67.61291666666666,-0.7447147860608415,0.554600112577645,105.14342905684379,113.1449441442848,0.8733606599099955,0.8586102882409875,0.8906885318774764,1.1627749214042429,0.8834763608061935,0.12074971196522372
2018-10-20,82425.75,59.37875,0.42307126133045037,0.17898929216373824,105.2868500325961,113.1449441442848,0.8733606599099955,0.8586102882409875,0.8906885318774764,1.1627749214042429,0.8991648287980787,0.12074971196522372
2018-10-21,82687.5,55.507083333333334,0.0031705537777032664,1.0052411257308454e-05,102.7529558506274,113.1449441442848,0.8733606599099955,0.8586102882409875,0.8906885318774764,1.1627749214042429,0.894856253790583,0.12074971196522372
2018-10-22,222384.75,56.129999999999995,0.9893405480063282,0.9787947199294618,103.63450709468945,113.1449441442848,0.8733606599099955,0.8586102882409875,0.8906885318774764,1.1627749214042429,0.8892304319674548,0.12074971196522372
2018-10-23,735871.75,34.6225,1.1966468609462135,1.4319637098124265,104.6015657460928,113.1449441442848,0.8733606599099955,0.8586102882409875,0.8906885318774764,1.1627749214042429,0.8871362123229263,0.12074971196522372
2018-10-24,590864.75,44.57208333333333,-0.21946870901942303,0.048166514238652175,104.61320726309381,113.1449441442848,0.8733606599099955,0.8586102882409875,0.8906885318774764,1.1627749214042429,0.9144480371480369,0.12074971196522372
2018-10-25,513251.25,48.74,-0.14082165045191408,0.019830737236001074,104.29047199011525,113.1449441442848,0.8733606599099955,0.8586102882409875,0.8906885318774764,1.1627749214042429,0.9084075017909066,0.12074971196522372
2018-10-26,322587.25,58.526250000000005,-0.46439184907495273,0.21565978948725367,104.31760709512506,113.1449441442848,0.8733606599099955,0.8586102882409875,0.8906885318774764,1.1627749214042429,0.907995972666353,0.12074971196522372
2018-10-27,308737.5,48.12416666666667,-0.0438822409887724,0.0019256510741966965,102.4468934081388,113.1449441442848,0.8733606599099955,0.8586102882409875,0.8906885318774764,1.1627749214042429,0.903321707454203,0.12074971196522372
2018-10-28,383703.75,43.5375,0.21737936917285425,0.04725379014198806,102.42043156035912,113.1449441442848,0.8733606599099955,0.8586102882409875,0.8906885318774764,1.1627749214042429,0.8975194962324673,0.12074971196522372
2018-10-29,466334.5,43.97416666666666,0.19503241731572438,0.038037643804014865,102.26296835426719,113.1449441442848,0.8733606599099955,0.8586102882409875,0.8906885318774764,1.1627749214042429,0.8922175495088933,0.12074971196522372
2018-10-30,622492.25,33.672916666666666,0.28882799068093373,0.08342160820078555,102.11898226574206,113.1449441442848,0.8733606599099955,0.8586102882409875,0.8906885318774764,1.1627749214042429,0.8941991505508987,0.12074971196522372
2018-10-31,398328.75,45.13916666666666,-0.4464535091070134,0.19932073579396611,102.12554206125925,113.1449441442848,0.8733606599099955,0.8586102882409875,0.8906885318774764,1.1627749214042429,0.8888837683152192,0.12074971196522372
2018-11-01,225751.25,47.913333333333334,-0.5678439399748275,0.3224467401661355,102.15994173529239,113.1449441442848,0.8733606599099955,0.8586102882409875,0.8906885318774764,1.1627749214042429,0.8837500772497723,0.12074971196522372
2018-11-02,258684.25,54.768750000000004,0.13617447662858914,0.01854348808507017,102.13057810804418,113.1449441442848,0.8733606599099955,0.8586102882409875,0.8906885318774764,1.1627749214042429,0.8787762948433422,0.12074971196522372
2018-11-03,100646.25,52.04291666666666,-0.943996312441347,0.8911290379028611,102.82754101816575,113.1449441442848,0.8733606599099955,0.8586102882409875,0.8906885318774764,1.1627749214042429,0.8737635980387228,0.12074971196522372
2018-11-04,142584.5,47.4675,0.34832291285265377,0.12132885161815743,102.67062955302244,113.1449441442848,0.8733606599099955,0.8586102882409875,0.8906885318774764,1.1627749214042429,0.8716808629460605,0.12074971196522372
2018-11-05,167150.0,57.19416666666667,0.15895680644588644,0.025267266315475007,102.6885085989413,113.1449441442848,0.8733606599099955,0.8586102882409875,0.8906885318774764,1.1627749214042429,0.8666019509353231,0.12074971196522372
2018-11-06,195128.5,58.54958333333334,0.1547667030283494,0.0239527323662653,102.64596486506903,113.1449441442848,0.8733606599099955,0.8586102882409875,0.8906885318774764,1.1627749214042429,0.8633187519328349,0.12074971196522372
2018-11-07,207670.75,56.00791666666667,0.062295576952921955,0.003880738907897421,102.24703259895591,113.1449441442848,0.8733606599099955,0.8586102882409875,0.8906885318774764,1.1627749214042429,0.8597828309905513,0.12074971196522372
2018-11-08,123152.5,62.870416666666664,-0.5225304680402736,0.27303809003038737,102.41468115602156,113.1449441442848,0.8733606599099955,0.8586102882409875,0.8906885318774764,1.1627749214042429,0.8553587463365445,0.12074971196522372
2018-11-09,182222.5,59.51458333333333,0.3918050430640013,0.15351119177038394,102.43911221248142,113.1449441442848,0.8733606599099955,0.8586102882409875,0.8906885318774764,1.1627749214042429,0.8519403867846383,0.12074971196522372
2018-11-10,392276.5,43.065416666666664,0.7667384804147801,0.5878878973487661,102.93114545069764,113.1449441442848,0.8733606599099955,0.8586102882409875,0.8906885318774764,1.1627749214042429,0.8479818300582417,0.12074971196522372
2018-11-11,429771.0,39.72833333333333,0.09128556040273265,0.008333053538040952,102.93785489869924,113.1449441442848,0.8733606599099955,0.8586102882409875,0.8906885318774764,1.1627749214042429,0.8485107090739533,0.12074971196522372
2018-11-12,279068.75,54.904583333333335,-0.4317943414520238,0.1864463533099869,103.0427691739118,113.1449441442848,0.8733606599099955,0.8586102882409875,0.8906885318774764,1.1627749214042429,0.8443826728108513,0.12074971196522372
2018-11-13,396611.5,53.10791666666666,0.3514990448987056,0.12355157856470225,102.60142663031628,113.1449441442848,0.8733606599099955,0.8586102882409875,0.8906885318774764,1.1627749214042429,0.8473675941462502,0.12074971196522372
2018-11-14,173231.25,61.867916666666666,-0.8283298050302732,0.6861302659014904,103.22501835210183,113.1449441442848,0.8733606599099955,0.8586102882409875,0.8906885318774764,1.1627749214042429,0.8501084703230363,0.12074971196522372
2018-11-15,148445.25,63.479166666666664,-0.15441120371267386,0.023842819831996865,101.99850139139096,113.1449441442848,0.8733606599099955,0.8586102882409875,0.8906885318774764,1.1627749214042429,0.8467488995449421,0.12074971196522372
2018-11-16,321944.5,57.76916666666667,0.7741629670478724,0.5993282995483651,102.54202954292911,113.1449441442848,0.8733606599099955,0.8586102882409875,0.8906885318774764,1.1627749214042429,0.8435775284687236,0.12074971196522372
2018-11-17,385892.75,48.20708333333334,0.1811803106762809,0.032826304976753665,102.40653194071383,113.1449441442848,0.8733606599099955,0.8586102882409875,0.8906885318774764,1.1627749214042429,0.8391577993911564,0.12074971196522372
2018-11-18,300800.75,47.604166666666664,-0.24911139569286725,0.06205648746404828,102.43854368452337,113.1449441442848,0.8733606599099955,0.8586102882409875,0.8906885318774764,1.1627749214042429,0.8349461372836398,0.12074971196522372
2018-11-19,571508.5,48.215,0.6418312708414785,0.41194738022998734,102.85039391150836,113.1449441442848,0.8733606599099955,0.8586102882409875,0.8906885318774764,1.1627749214042429,0.8323539364561323,0.12074971196522372
2018-11-20,667331.75,46.65375,0.15500794231175016,0.024027462179722868,102.30814909704816,113.1449441442848,0.8733606599099955,0.8586102882409875,0.8906885318774764,1.1627749214042429,0.8347021444083784,0.12074971196522372
2018-11-21,308486.0,55.35874999999999,-0.7716108371363721,0.595383283986293,101.51184647858193,113.1449441442848,0.8733606599099955,0.8586102882409875,0.8906885318774764,1.1627749214042429,0.832289959342645,0.12074971196522372
2018-11-22,124346.75,77.80333333333333,-0.9086024274393468,0.8255583711486735,100.08634319029898,113.1449441442848,0.8733606599099955,0.8586102882409875,0.8906885318774764,1.1627749214042429,0.8287284597229788,0.12074971196522372
2018-11-23,81869.0,80.33125,-0.4179536251737715,0.17468523279589748,100.26002632999494,113.1449441442848,0.8733606599099955,0.8586102882409875,0.8906885318774764,1.1627749214042429,0.8271905338879991,0.12074971196522372
2018-11-24,91765.5,61.94583333333333,0.11411600116869774,0.013022461722734226,100.17335887316716,113.1449441442848,0.8733606599099955,0.8586102882409875,0.8906885318774764,1.1627749214042429,0.830219152211427,0.12074971196522372
2018-11-25,105342.75,53.84583333333333,0.13798290966107474,0.019039283358536312,100.18922452427363,113.1449441442848,0.8733606599099955,0.8586102882409875,0.8906885318774764,1.1627749214042429,0.8430106621203665,0.12074971196522372
2018-11-26,190448.0,73.66875,0.5921598717683729,0.35065331373273584,99.09831986578224,113.1449441442848,0.8733606599099955,0.8586102882409875,0.8906885318774764,1.1627749214042429,0.8407083610109394,0.12074971196522372
2018-11-27,86012.75,75.50541666666666,-0.7948836503468698,0.6318400175887647,99.63079949298799,113.1449441442848,0.8733606599099955,0.8586102882409875,0.8906885318774764,1.1627749214042429,0.8371096343367036,0.12074971196522372
2018-11-28,423606.0,52.98875,1.5943082368542334,2.5418187541012545,101.73021504341635,113.1449441442848,0.8733606599099955,0.8586102882409875,0.8906885318774764,1.1627749214042429,0.8378084182971702,0.12074971196522372
2018-11-29,577902.25,50.39875,0.3106009587904293,0.09647295560153397,101.03568708623693,113.1449441442848,0.8733606599099955,0.8586102882409875,0.8906885318774764,1.1627749214042429,0.8461836762240837,0.12074971196522372
2018-11-30,350047.0,57.50208333333333,-0.5013373055410911,0.2513390939272014,97.9165677654754,113.1449441442848,0.8733606599099955,0.8586102882409875,0.8906885318774764,1.1627749214042429,0.8452849947512139,0.12074971196522372
2018-12-01,345104.0,46.862500000000004,-0.014221610302207319,0.00020225419958784936,97.9128243475477,113.1449441442848,0.8733606599099955,0.8586102882409875,0.8906885318774764,1.1627749214042429,0.8408624127878606,0.12074971196522372
2018-12-02,552277.5,30.199166666666667,0.47020481646832735,0.2210925694300134,97.74278999465538,113.1449441442848,0.8733606599099955,0.8586102882409875,0.8906885318774764,1.1627749214042429,0.8365088475380744,0.12074971196522372
2018-12-03,499219.25,44.61666666666667,-0.10100525933789296,0.010202062413915013,97.42026063660683,113.1449441442848,0.8733606599099955,0.8586102882409875,0.8906885318774764,1.1627749214042429,0.8326135406736432,0.12074971196522372
2018-12-04,418268.0,50.64875,-0.17692300260811472,0.03130174885187097,97.27078421384235,113.1449441442848,0.8733606599099955,0.8586102882409875,0.8906885318774764,1.1627749214042429,0.829579556513075,0.12074971196522372
2018-12-05,260942.75,59.21083333333333,-0.4718213407990839,0.22261537763344527,95.70802708028374,113.1449441442848,0.8733606599099955,0.8586102882409875,0.8906885318774764,1.1627749214042429,0.8270895228372916,0.12074971196522372
2018-12-06,403260.25,54.747083333333336,0.43528110055391184,0.18946963649942472,95.89681677942748,113.1449441442848,0.8733606599099955,0.8586102882409875,0.8906885318774764,1.1627749214042429,0.8258754035107287,0.12074971196522372
2018-12-07,680618.75,42.57791666666667,0.5234201757514421,0.2739686803836705,96.03865431658652,113.1449441442848,0.8733606599099955,0.8586102882409875,0.8906885318774764,1.1627749214042429,0.8227863318969855,0.12074971196522372
2018-12-08,894641.75,11.865416666666667,0.27342104790348326,0.07475906943663889,96.1097278768569,113.1449441442848,0.8733606599099955,0.8586102882409875,0.8906885318774764,1.1627749214042429,0.821293837606188,0.12074971196522372
2018-12-09,781353.0,8.917083333333332,-0.13539632645160884,0.018332165216590632,95.97125387152617,113.1449441442848,0.8733606599099955,0.8586102882409875,0.8906885318774764,1.1627749214042429,0.8278952847911125,0.12074971196522372
2018-12-10,750272.75,36.16125,-0.04059022527415395,0.0016475663878065662,95.63705368527218,113.1449441442848,0.8733606599099955,0.8586102882409875,0.8906885318774764,1.1627749214042429,0.824020378433947,0.12074971196522372
2018-12-11,423374.5,55.370000000000005,-0.5721796769352133,0.3273895826976851,95.586247152468,113.1449441442848,0.8733606599099955,0.8586102882409875,0.8906885318774764,1.1627749214042429,0.8284476771896054,0.12074971196522372
2018-12-12,123411.0,69.91416666666667,-1.2327368816477886,1.519640219374714,97.0905736287302,113.1449441442848,0.8733606599099955,0.8586102882409875,0.8906885318774764,1.1627749214042429,0.8293422471663893,0.12074971196522372
2018-12-13,194935.75,66.24291666666666,0.4571497685881063,0.20898591092015914,96.92752937611999,113.1449441442848,0.8733606599099955,0.8586102882409875,0.8906885318774764,1.1627749214042429,0.8308740756300149,0.12074971196522372
2018-12-14,123127.25,71.15916666666666,-0.45945164365447416,0.2110958128567979,96.5057100985014,113.1449441442848,0.8733606599099955,0.8586102882409875,0.8906885318774764,1.1627749214042429,0.8267787814426998,0.12074971196522372
2018-12-15,182924.75,54.406666666666666,0.39585649265186773,0.1567023627746382,96.49054632992792,113.1449441442848,0.8733606599099955,0.8586102882409875,0.8906885318774764,1.1627749214042429,0.8258848339135417,0.12074971196522372
2018-12-16,240467.0,49.70916666666667,0.2735079999050544,0.07480662601206325,95.91243039828218,113.1449441442848,0.8733606599099955,0.8586102882409875,0.8906885318774764,1.1627749214042429,0.8219461728519109,0.12074971196522372
2018-12-17,154862.25,69.39083333333333,-0.44004685388862397,0.19364123361727598,95.79807045058847,113.1449441442848,0.8733606599099955,0.8586102882409875,0.8906885318774764,1.1627749214042429,0.8194503546071626,0.12074971196522372
2018-12-18,260573.75,59.445,0.5203499184252499,0.27076403760516426,94.67489041994699,113.1449441442848,0.8733606599099955,0.8586102882409875,0.8906885318774764,1.1627749214042429,0.8264075515171171,0.12074971196522372
2018-12-19,363860.0,56.44166666666666,0.3338832477381508,0.11147802312017539,94.78540974476284,113.1449441442848,0.8733606599099955,0.8586102882409875,0.8906885318774764,1.1627749214042429,0.822601423100954,0.12074971196522372
2018-12-20,298987.75,56.68875,-0.1963665756169259,0.038559832019517876,94.78781409145782,113.1449441442848,0.8733606599099955,0.8586102882409875,0.8906885318774764,1.1627749214042429,0.8205922928383159,0.12074971196522372
2018-12-21,665393.75,49.62416666666667,0.7999763680421236,0.6399621894258671,95.31371675126297,113.1449441442848,0.8733606599099955,0.8586102882409875,0.8906885318774764,1.1627749214042429,0.8183836930733224,0.12074971196522372
2018-12-22,506602.0,36.62083333333333,-0.27265328524619326,0.07433981395554203,95.35501156372145,113.1449441442848,0.8733606599099955,0.8586102882409875,0.8906885318774764,1.1627749214042429,0.8146849859427168,0.12074971196522372
2018-12-23,359407.75,42.6675,-0.3432681476133902,0.11783302116592824,93.3853130368673,113.1449441442848,0.8733606599099955,0.8586102882409875,0.8906885318774764,1.1627749214042429,0.8279915179164113,0.12074971196522372
2018-12-24,293492.25,46.83083333333334,-0.20260630436619867,0.041049314568928734,93.41476025068333,113.1449441442848,0.8733606599099955,0.8586102882409875,0.8906885318774764,1.1627749214042429,0.8254699932286256,0.12074971196522372
2018-12-25,437556.0,19.0075,0.3993534641382951,0.15948318931925654,93.56249057495826,113.1449441442848,0.8733606599099955,0.8586102882409875,0.8906885318774764,1.1627749214042429,0.8228253098974325,0.12074971196522372
2018-12-26,324188.5,47.4025,-0.299879560864843,0.08992775102449109,93.59845787748881,113.1449441442848,0.8733606599099955,0.8586102882409875,0.8906885318774764,1.1627749214042429,0.823759523291309,0.12074971196522372
2018-12-27,210753.75,60.01499999999999,-0.4306347464235583,0.18544628482728237,93.09835640109799,113.1449441442848,0.8733606599099955,0.8586102882409875,0.8906885318774764,1.1627749214042429,0.8200856633128146,0.12074971196522372
2018-12-28,176583.25,59.79666666666666,-0.17689795375849662,0.03129288604394321,93.1288899854465,113.1449441442848,0.8733606599099955,0.8586102882409875,0.8906885318774764,1.1627749214042429,0.8162498679186502,0.12074971196522372
2018-12-29,430150.0,47.336666666666666,0.8903415485078869,0.792708072999422,93.37134535964245,113.1449441442848,0.8733606599099955,0.8586102882409875,0.8906885318774764,1.1627749214042429,0.813318573029681,0.12074971196522372
2018-12-30,526065.0,33.53333333333333,0.20129079418018386,0.04051798382168914,93.17152569346177,113.1449441442848,0.8733606599099955,0.8586102882409875,0.8906885318774764,1.1627749214042429,0.8112057491378488,0.12074971196522372
2018-12-31,176127.5,54.685833333333335,-1.094216614665278,1.1973099998095416,93.39718435486756,113.1449441442848,0.8733606599099955,0.8586102882409875,0.8906885318774764,1.1627749214042429,0.8077288095332049,0.12074971196522372
2019-01-01,754514.0,-4.297083333333333,1.4548656687881514,2.116634114218395,95.50579172812157,113.1449441442848,0.8733606599099955,0.8586102882409875,0.8906885318774764,1.1627749214042429,0.8069341551890095,0.12074971196522372
2019-01-02,613359.75,25.9175,-0.20712220171083254,0.0428996064415428,95.35822830796891,113.1449441442848,0.8733606599099955,0.8586102882409875,0.8906885318774764,1.1627749214042429,0.8326496852479662,0.12074971196522372
2019-01-03,229928.25,57.71625,-0.981184327926683,0.9627226853689366,96.277069416788,113.1449441442848,0.8733606599099955,0.8586102882409875,0.8906885318774764,1.1627749214042429,0.8306877023901166,0.12074971196522372
2019-01-04,440768.75,49.91,0.6507530577633188,0.42347954218830935,95.66506797001706,113.1449441442848,0.8733606599099955,0.8586102882409875,0.8906885318774764,1.1627749214042429,0.8368266615191122,0.12074971196522372
2019-01-05,520153.25,42.18083333333333,0.1656031181988023,0.027424392757166485,95.65933093430212,113.1449441442848,0.8733606599099955,0.8586102882409875,0.8906885318774764,1.1627749214042429,0.8426805378064747,0.12074971196522372
2019-01-06,188282.5,54.54541666666666,-1.0161799851537792,1.0326217622271348,96.68561361175414,113.1449441442848,0.8733606599099955,0.8586102882409875,0.8906885318774764,1.1627749214042429,0.8384919992141815,0.12074971196522372
2019-01-07,370451.25,51.8125,0.6767783625902635,0.45802895207035815,95.57574000318884,113.1449441442848,0.8733606599099955,0.8586102882409875,0.8906885318774764,1.1627749214042429,0.8410036048534074,0.12074971196522372
2019-01-08,876358.25,34.49666666666666,0.8610531113902682,0.7414124606348615,96.31707748523016,113.1449441442848,0.8733606599099955,0.8586102882409875,0.8906885318774764,1.1627749214042429,0.8399115799879601,0.12074971196522372
2019-01-09,670693.0,40.00125,-0.26746346232756013,0.07153670368024617,94.72456152503133,113.1449441442848,0.8733606599099955,0.8586102882409875,0.8906885318774764,1.1627749214042429,0.8488381570789892,0.12074971196522372
2019-01-10,160756.75,67.67208333333333,-1.4284191532893264,2.0403812774837964,96.75375252344853,113.1449441442848,0.8733606599099955,0.8586102882409875,0.8906885318774764,1.1627749214042429,0.8444214755477495,0.12074971196522372
2019-01-11,390953.5,49.91833333333333,0.8886962741770407,0.7897810677361539,97.53270220149606,113.1449441442848,0.8733606599099955,0.8586102882409875,0.8906885318774764,1.1627749214042429,0.8542710270436492,0.12074971196522372
2019-01-12,616996.0,40.80166666666667,0.4562739138202751,0.20818588443287184,97.63661553836727,113.1449441442848,0.8733606599099955,0.8586102882409875,0.8906885318774764,1.1627749214042429,0.859125194352853,0.12074971196522372
2019-01-13,794761.75,15.100833333333334,0.25317984330285576,0.06410003305485859,97.70046543963818,113.1449441442848,0.8733606599099955,0.8586102882409875,0.8906885318774764,1.1627749214042429,0.8551952018671567,0.12074971196522372
2019-01-14,738158.0,32.61083333333333,-0.07388449037811518,0.005458917918433794,97.70588296514617,113.1449441442848,0.8733606599099955,0.8586102882409875,0.8906885318774764,1.1627749214042429,0.8575827720342033,0.12074971196522372
2019-01-15,745239.0,45.447916666666664,0.009547078474705229,9.114670740217992e-05,97.65774760463303,113.1449441442848,0.8733606599099955,0.8586102882409875,0.8906885318774764,1.1627749214042429,0.857327577778133,0.12074971196522372
2019-01-16,623314.5,45.19875,-0.1786537654813172,0.03191716792065349,97.56657432252445,113.1449441442848,0.8733606599099955,0.8586102882409875,0.8906885318774764,1.1627749214042429,0.8532942924584492,0.12074971196522372
2019-01-17,631984.75,42.836666666666666,0.013814057288564883,0.00019082817877175257,97.53933633820745,113.1449441442848,0.8733606599099955,0.8586102882409875,0.8906885318774764,1.1627749214042429,0.8523480290384323,0.12074971196522372
2019-01-18,223717.0,61.732499999999995,-1.0384834038645843,1.0784477801021732,97.15698724215106,113.1449441442848,0.8733606599099955,0.8586102882409875,0.8906885318774764,1.1627749214042429,0.848269258301546,0.12074971196522372
2019-01-19,107671.75,55.38833333333333,-0.7312946131820008,0.5347918112690122,97.41916079676501,113.1449441442848,0.8733606599099955,0.8586102882409875,0.8906885318774764,1.1627749214042429,0.8530314507301172,0.12074971196522372
2019-01-20,52524.75,53.89166666666667,-0.7178027599808403,0.5152408022361118,97.08879930871838,113.1449441442848,0.8733606599099955,0.8586102882409875,0.8906885318774764,1.1627749214042429,0.8515945432355968,0.12074971196522372
2019-01-21,93806.75,69.90041666666667,0.5799523279620653,0.33634470270861894,97.40569585087059,113.1449441442848,0.8733606599099955,0.8586102882409875,0.8906885318774764,1.1627749214042429,0.8549304151539757,0.12074971196522372
2019-01-22,195383.25,62.99875,0.7337261992941166,0.5383541355305898,97.6896360877566,113.1449441442848,0.8733606599099955,0.8586102882409875,0.8906885318774764,1.1627749214042429,0.8508909238472719,0.12074971196522372
2019-01-23,134834.25,75.08333333333333,-0.37091676801363743,0.13757924879368252,97.82007297418801,113.1449441442848,0.8733606599099955,0.8586102882409875,0.8906885318774764,1.1627749214042429,0.846303370892763,0.12074971196522372
2019-01-24,35904.75,85.79583333333333,-1.3231766476045226,1.7507964407659429,99.17998310955025,113.1449441442848,0.8733606599099955,0.8586102882409875,0.8906885318774764,1.1627749214042429,0.8464332845824671,0.12074971196522372
2019-01-25,125936.5,66.50208333333333,1.254908212943335,1.5747946229126348,99.5828761793224,113.1449441442848,0.8733606599099955,0.8586102882409875,0.8906885318774764,1.1627749214042429,0.8525783640332151,0.12074971196522372
2019-01-26,433620.0,49.08625,1.236390762860118,1.5286621184858247,100.48135751945915,113.1449441442848,0.8733606599099955,0.8586102882409875,0.8906885318774764,1.1627749214042429,0.8495575093145691,0.12074971196522372
2019-01-27,508430.5,35.43958333333333,0.1591599551250776,0.02533189131541672,98.24560390889548,113.1449441442848,0.8733606599099955,0.8586102882409875,0.8906885318774764,1.1627749214042429,0.8450070454282169,0.12074971196522372
2019-01-28,419462.75,50.40166666666667,-0.1923538038693119,0.0369999858629937,98.12900813010398,113.1449441442848,0.8733606599099955,0.8586102882409875,0.8906885318774764,1.1627749214042429,0.8410221660475432,0.12074971196522372
2019-01-29,265849.0,60.18833333333333,-0.4560462473550915,0.20797817972666133,97.66855952304553,113.1449441442848,0.8733606599099955,0.8586102882409875,0.8906885318774764,1.1627749214042429,0.8405688821154261,0.12074971196522372
2019-01-30,373881.5,53.072916666666664,0.34101042386517,0.1162881091847029,97.65456750646936,113.1449441442848,0.8733606599099955,0.8586102882409875,0.8906885318774764,1.1627749214042429,0.8362304611929634,0.12074971196522372
2019-01-31,184579.25,59.8425,-0.7058599917384085,0.49823832793694617,98.03084910627318,113.1449441442848,0.8733606599099955,0.8586102882409875,0.8906885318774764,1.1627749214042429,0.8320993108987287,0.12074971196522372
2019-02-01,261493.5,55.475833333333334,0.3483305160491085,0.12133414841103822,97.97450210546617,113.1449441442848,0.8733606599099955,0.8586102882409875,0.8906885318774764,1.1627749214042429,0.8286030531062338,0.12074971196522372
2019-02-02,82626.0,50.19291666666667,-1.152085025626445,1.3272999062726865,98.85217965686249,113.1449441442848,0.8733606599099955,0.8586102882409875,0.8906885318774764,1.1627749214042429,0.8248281308597427,0.12074971196522372
2019-02-03,224711.5,46.72333333333333,1.000492956258866,1.0009861555236053,99.8006244824962,113.1449441442848,0.8733606599099955,0.8586102882409875,0.8906885318774764,1.1627749214042429,0.8280005076459765,0.12074971196522372
2019-02-04,384646.5,44.05125,0.5375073734505622,0.28891417651372214,100.06996603828601,113.1449441442848,0.8733606599099955,0.8586102882409875,0.8906885318774764,1.1627749214042429,0.8241380353515012,0.12074971196522372
2019-02-05,283512.5,53.78875,-0.3050685167759179,0.0930667999278585,99.93911105866226,113.1449441442848,0.8733606599099955,0.8586102882409875,0.8906885318774764,1.1627749214042429,0.8314603689028603,0.12074971196522372
2019-02-06,277532.25,51.317499999999995,-0.021319071256430153,0.00045450279923674636,98.98886995251698,113.1449441442848,0.8733606599099955,0.8586102882409875,0.8906885318774764,1.1627749214042429,0.8273788216385813,0.12074971196522372
2019-02-07,519937.25,44.548750000000005,0.6277709885668443,0.394096414086193,99.38255248968697,113.1449441442848,0.8733606599099955,0.8586102882409875,0.8906885318774764,1.1627749214042429,0.8233965449333622,0.12074971196522372
2019-02-08,670376.5,41.615833333333335,0.25413136363722555,0.06458274998411577,99.33516649658871,113.1449441442848,0.8733606599099955,0.8586102882409875,0.8906885318774764,1.1627749214042429,0.8240905569109773,0.12074971196522372
2019-02-09,843884.0,6.807916666666667,0.23017554953762281,0.05298078360494665,99.34111727036505,113.1449441442848,0.8733606599099955,0.8586102882409875,0.8906885318774764,1.1627749214042429,0.8252523964914158,0.12074971196522372
2019-02-10,709252.0,28.025833333333335,-0.17380415082667683,0.03020788284458223,98.52522583144965,113.1449441442848,0.8733606599099955,0.8586102882409875,0.8906885318774764,1.1627749214042429,0.8344234482538585,0.12074971196522372
2019-02-11,713266.5,31.97,0.005644229804531382,3.185733008636037e-05,97.88388803216434,113.1449441442848,0.8733606599099955,0.8586102882409875,0.8906885318774764,1.1627749214042429,0.8339615087576716,0.12074971196522372
2019-02-12,391275.75,46.73541666666667,-0.6004425689845149,0.3605312786487239,98.24426745715849,113.1449441442848,0.8733606599099955,0.8586102882409875,0.8906885318774764,1.1627749214042429,0.8360089309187072,0.12074971196522372
2019-02-13,364454.25,45.38333333333333,-0.07101152521732773,0.005042636713691173,97.6295800387255,113.1449441442848,0.8733606599099955,0.8586102882409875,0.8906885318774764,1.1627749214042429,0.8333826775066479,0.12074971196522372
2019-02-14,126596.25,49.09041666666667,-1.0573981407495396,1.1180908280605832,98.6006106290233,113.1449441442848,0.8733606599099955,0.8586102882409875,0.8906885318774764,1.1627749214042429,0.8307450089423939,0.12074971196522372
2019-02-15,154411.5,47.61833333333333,0.19861822826403516,0.03944920059874438,98.31800845661289,113.1449441442848,0.8733606599099955,0.8586102882409875,0.8906885318774764,1.1627749214042429,0.8285769633585895,0.12074971196522372
2019-02-16,284206.75,39.21958333333333,0.6100808495782905,0.37219864302216865,98.68838761048269,113.1449441442848,0.8733606599099955,0.8586102882409875,0.8906885318774764,1.1627749214042429,0.8254351320058189,0.12074971196522372
2019-02-17,151212.25,39.05125,-0.6310174872784865,0.39818306925125485,99.08401226713326,113.1449441442848,0.8733606599099955,0.8586102882409875,0.8906885318774764,1.1627749214042429,0.8231082575316331,0.12074971196522372
2019-02-18,190539.5,46.397083333333335,0.23117504317214255,0.05344190058564197,98.90103569905857,113.1449441442848,0.8733606599099955,0.8586102882409875,0.8906885318774764,1.1627749214042429,0.8213186569883185,0.12074971196522372
2019-02-19,468224.25,41.31333333333333,0.8990878256663546,0.8083589182614532,99.68140744143187,113.1449441442848,0.8733606599099955,0.8586102882409875,0.8906885318774764,1.1627749214042429,0.8174425581862609,0.12074971196522372
2019-02-20,269725.5,45.6025,-0.5515425726450195,0.3041992094398866,99.976339751205,113.1449441442848,0.8733606599099955,0.8586102882409875,0.8906885318774764,1.1627749214042429,0.8172784438738349,0.12074971196522372
2019-02-21,325758.75,43.232499999999995,0.1887523015583888,0.035627431343588936,99.94990257915303,113.1449441442848,0.8733606599099955,0.8586102882409875,0.8906885318774764,1.1627749214042429,0.8135590612897425,0.12074971196522372
2019-02-22,202576.25,47.20250000000001,-0.47504071785212776,0.22566368361746486,98.19043089931161,113.1449441442848,0.8733606599099955,0.8586102882409875,0.8906885318774764,1.1627749214042429,0.8100811804731419,0.12074971196522372
2019-02-23,180685.0,40.13916666666667,-0.11436117524391273,0.013078478403168918,97.81723782324336,113.1449441442848,0.8733606599099955,0.8586102882409875,0.8906885318774764,1.1627749214042429,0.8102015794248596,0.12074971196522372
2019-02-24,90553.5,39.99166666666667,-0.6908143473774488,0.4772244625425306,97.22733760635055,113.1449441442848,0.8733606599099955,0.8586102882409875,0.8906885318774764,1.1627749214042429,0.8076130876368891,0.12074971196522372
2019-02-25,99561.75,44.41375,0.09483721842470366,0.008994097998534952,97.20484487973633,113.1449441442848,0.8733606599099955,0.8586102882409875,0.8906885318774764,1.1627749214042429,0.8106982875762879,0.12074971196522372
2019-02-26,77516.75,44.60208333333333,-0.2502840126461642,0.06264208698626526,97.23143895699735,113.1449441442848,0.8733606599099955,0.8586102882409875,0.8906885318774764,1.1627749214042429,0.8143010298255439,0.12074971196522372
2019-02-27,135952.25,44.21083333333333,0.5618096791047621,0.3156301155357958,97.39678587617168,113.1449441442848,0.8733606599099955,0.8586102882409875,0.8906885318774764,1.1627749214042429,0.8118323856800103,0.12074971196522372
2019-02-28,407904.0,40.260416666666664,1.098728131456704,1.20720350685434,96.9177055254124,113.1449441442848,0.8733606599099955,0.8586102882409875,0.8906885318774764,1.1627749214042429,0.8083594494191295,0.12074971196522372
2019-03-01,178395.0,45.85041666666667,-0.8270316597531924,0.6839813662341202,97.58907867221352,113.1449441442848,0.8733606599099955,0.8586102882409875,0.8906885318774764,1.1627749214042429,0.8049394749766715,0.12074971196522372
2019-03-02,199614.5,41.24916666666667,0.11238781368208503,0.01263102066423906,97.56922038566591,113.1449441442848,0.8733606599099955,0.8586102882409875,0.8906885318774764,1.1627749214042429,0.8086846389107646,0.12074971196522372
2019-03-03,731468.75,10.223333333333334,1.2986664925807743,1.6865346589520502,98.50682391639282,113.1449441442848,0.8733606599099955,0.8586102882409875,0.8906885318774764,1.1627749214042429,0.8050963860419309,0.12074971196522372
2019-03-04,847100.75,13.308750000000002,0.14676513770056318,0.02154000564426527,98.47233915821134,113.1449441442848,0.8733606599099955,0.8586102882409875,0.8906885318774764,1.1627749214042429,0.8126321565661068,0.12074971196522372
2019-03-05,665731.0,31.338333333333335,-0.2409339517654083,0.05804916911329609,98.1246607726262,113.1449441442848,0.8733606599099955,0.8586102882409875,0.8906885318774764,1.1627749214042429,0.822746444637148,0.12074971196522372
2019-03-06,489592.25,34.76916666666667,-0.30731278322086625,0.09444114673095513,97.82361923944937,113.1449441442848,0.8733606599099955,0.8586102882409875,0.8906885318774764,1.1627749214042429,0.8190484941023114,0.12074971196522372
2019-03-07,732945.0,29.022499999999997,0.4034977631405736,0.16281044485944646,97.80913668978438,113.1449441442848,0.8733606599099955,0.8586102882409875,0.8906885318774764,1.1627749214042429,0.815264572192253,0.12074971196522372
2019-03-08,691820.5,26.3875,-0.05774413605915399,0.003334385249218088,97.77531425308364,113.1449441442848,0.8733606599099955,0.8586102882409875,0.8906885318774764,1.1627749214042429,0.8172012704538854,0.12074971196522372
2019-03-09,809762.75,7.978333333333333,0.15741477462208572,0.024779411269322045,97.7291391821321,113.1449441442848,0.8733606599099955,0.8586102882409875,0.8906885318774764,1.1627749214042429,0.8175350161057249,0.12074971196522372
2019-03-10,481751.75,17.50875,-0.5193123636505766,0.26968533104034875,97.96686078622427,113.1449441442848,0.8733606599099955,0.8586102882409875,0.8906885318774764,1.1627749214042429,0.8211571747445219,0.12074971196522372
2019-03-11,584746.5,38.66916666666666,0.19374948010510673,0.03753886104099915,97.64192708826853,113.1449441442848,0.8733606599099955,0.8586102882409875,0.8906885318774764,1.1627749214042429,0.8183855746477712,0.12074971196522372
2019-03-12,572055.5,36.58708333333333,-0.021942405337585322,0.00048146915199889285,97.1738421794342,113.1449441442848,0.8733606599099955,0.8586102882409875,0.8906885318774764,1.1627749214042429,0.8241802469139297,0.12074971196522372
2019-03-13,846150.25,18.047083333333333,0.39146092966502294,0.15324165945420404,96.86616258677371,113.1449441442848,0.8733606599099955,0.8586102882409875,0.8906885318774764,1.1627749214042429,0.8376569414060857,0.12074971196522372
2019-03-14,765176.0,32.544583333333335,-0.10059107158490299,0.010118563682599079,95.67081915564177,113.1449441442848,0.8733606599099955,0.8586102882409875,0.8906885318774764,1.1627749214042429,0.8462806236262445,0.12074971196522372
2019-03-15,788816.25,25.207083333333333,0.03042753126397203,0.0009258346588199952,95.10656189954693,113.1449441442848,0.8733606599099955,0.8586102882409875,0.8906885318774764,1.1627749214042429,0.8420291765928268,0.12074971196522372
2019-03-16,672402.75,17.219166666666666,-0.15967591263542782,0.02549639707595678,95.12918074959117,113.1449441442848,0.8733606599099955,0.8586102882409875,0.8906885318774764,1.1627749214042429,0.848267458553792,0.12074971196522372
2019-03-17,669757.25,0.4258333333333333,-0.003942158052774777,1.554061011305702e-05,94.8801700379709,113.1449441442848,0.8733606599099955,0.8586102882409875,0.8906885318774764,1.1627749214042429,0.8442833666465189,0.12074971196522372
2019-03-18,615122.25,31.924166666666668,-0.08509430476070667,0.007241040702708026,94.74673974507877,113.1449441442848,0.8733606599099955,0.8586102882409875,0.8906885318774764,1.1627749214042429,0.8571600333185275,0.12074971196522372
2019-03-19,167386.75,45.33583333333333,-1.3015140253497657,1.6939387581821506,96.22442383951804,113.1449441442848,0.8733606599099955,0.8586102882409875,0.8906885318774764,1.1627749214042429,0.858086868743572,0.12074971196522372
2019-03-20,170403.0,41.498333333333335,0.01785921668370701,0.00031895162055559876,96.04777045926586,113.1449441442848,0.8733606599099955,0.8586102882409875,0.8906885318774764,1.1627749214042429,0.8609290261746906,0.12074971196522372
2019-03-21,133959.75,39.791666666666664,-0.24062683817850342,0.05790127525178367,95.95589314103582,113.1449441442848,0.8733606599099955,0.8586102882409875,0.8906885318774764,1.1627749214042429,0.8568897942224196,0.12074971196522372
2019-03-22,84605.5,40.57083333333333,-0.45954010537620577,0.2111771084491743,96.16087333678418,113.1449441442848,0.8733606599099955,0.8586102882409875,0.8906885318774764,1.1627749214042429,0.8529316497585383,0.12074971196522372
2019-03-23,150829.25,35.60875,0.5781491259628866,0.3342564118516497,96.33324553659763,113.1449441442848,0.8733606599099955,0.8586102882409875,0.8906885318774764,1.1627749214042429,0.8608046107435422,0.12074971196522372
2019-03-24,124076.5,33.46375,-0.1952500914197718,0.03812259819942924,96.25076930811058,113.1449441442848,0.8733606599099955,0.8586102882409875,0.8906885318774764,1.1627749214042429,0.856604301633806,0.12074971196522372
2019-03-25,467420.75,32.285833333333336,1.326331504779796,1.7591552605714378,97.97179917956113,113.1449441442848,0.8733606599099955,0.8586102882409875,0.8906885318774764,1.1627749214042429,0.8523482411028135,0.12074971196522372
2019-03-26,364238.5,36.498333333333335,-0.2494209427880435,0.06221080670127647,97.41046146748879,113.1449441442848,0.8733606599099955,0.8586102882409875,0.8906885318774764,1.1627749214042429,0.8539398214645962,0.12074971196522372
2019-03-27,182078.25,40.1925,-0.6933723331223501,0.4807651923395313,97.40512364456833,113.1449441442848,0.8733606599099955,0.8586102882409875,0.8906885318774764,1.1627749214042429,0.8510914150972172,0.12074971196522372
2019-03-28,100636.75,42.32375,-0.5929190406238936,0.35155298873435836,97.42432026226348,113.1449441442848,0.8733606599099955,0.8586102882409875,0.8906885318774764,1.1627749214042429,0.8465702491684698,0.12074971196522372
2019-03-29,91013.5,39.8525,-0.10050965194577118,0.010102190134260064,97.16856811015649,113.1449441442848,0.8733606599099955,0.8586102882409875,0.8906885318774764,1.1627749214042429,0.8445704223663365,0.12074971196522372
2019-03-30,121279.0,35.0425,0.28708582931529836,0.08241827339365262,97.24276702654922,113.1449441442848,0.8733606599099955,0.8586102882409875,0.8906885318774764,1.1627749214042429,0.8405385913350248,0.12074971196522372
2019-03-31,195836.0,28.627391304347825,0.4791838978012877,0.2296172079120349,97.46666119239512,113.1449441442848,0.8733606599099955,0.8586102882409875,0.8906885318774764,1.1627749214042429,0.8371053940246707,0.12074971196522372
2019-04-01,269929.0,38.00791666666667,0.3208813871758192,0.10296486463587799,97.29707369103042,113.1449441442848,0.8733606599099955,0.8586102882409875,0.8906885318774764,1.1627749214042429,0.8332920899842136,0.12074971196522372
2019-04-02,361785.5,33.85125,0.2928925333126616,0.08578603607030857,97.21231386900334,113.1449441442848,0.8733606599099955,0.8586102882409875,0.8906885318774764,1.1627749214042429,0.835147142521702,0.12074971196522372
2019-04-03,162761.5,42.23791666666667,-0.7987655556526361,0.6380264128970644,97.09928528546037,113.1449441442848,0.8733606599099955,0.8586102882409875,0.8906885318774764,1.1627749214042429,0.839996430784377,0.12074971196522372
2019-04-04,138448.25,42.01625,-0.1617893295197462,0.02617578714644902,96.81415517978323,113.1449441442848,0.8733606599099955,0.8586102882409875,0.8906885318774764,1.1627749214042429,0.8396571048237046,0.12074971196522372
2019-04-05,84663.0,42.282916666666665,-0.49181793926883494,0.2418848853866434,96.86895105327575,113.1449441442848,0.8733606599099955,0.8586102882409875,0.8906885318774764,1.1627749214042429,0.8510468939549031,0.12074971196522372
2019-04-06,143394.25,38.33166666666667,0.526919159406545,0.27764380054969995,97.13835018159678,113.1449441442848,0.8733606599099955,0.8586102882409875,0.8906885318774764,1.1627749214042429,0.8476531219199948,0.12074971196522372
2019-04-07,156688.75,37.98083333333333,0.08866352381665682,0.00786122045558687,96.76378332542899,113.1449441442848,0.8733606599099955,0.8586102882409875,0.8906885318774764,1.1627749214042429,0.8432288599274005,0.12074971196522372
2019-04-08,144778.25,44.40166666666667,-0.0790580920621687,0.006250181920510341,96.61546302644476,113.1449441442848,0.8733606599099955,0.8586102882409875,0.8906885318774764,1.1627749214042429,0.8404562392060735,0.12074971196522372
2019-04-09,226904.0,41.992916666666666,0.44932375905475636,0.20189184045109673,96.49664158431908,113.1449441442848,0.8733606599099955,0.8586102882409875,0.8906885318774764,1.1627749214042429,0.8386934565925382,0.12074971196522372
2019-04-10,254359.75,42.81708333333333,0.11422258299796056,0.01304679846672599,96.44198363981413,113.1449441442848,0.8733606599099955,0.8586102882409875,0.8906885318774764,1.1627749214042429,0.83563464209659,0.12074971196522372
2019-04-11,217161.25,44.74125,-0.1581094383945835,0.024998594509450595,96.42585160357345,113.1449441442848,0.8733606599099955,0.8586102882409875,0.8906885318774764,1.1627749214042429,0.8314067586116759,0.12074971196522372
2019-04-12,168119.25,44.90166666666667,-0.25596661611745003,0.06551890856661803,96.44833312630318,113.1449441442848,0.8733606599099955,0.8586102882409875,0.8906885318774764,1.1627749214042429,0.8315824944983343,0.12074971196522372
2019-04-13,188683.5,41.416666666666664,0.11539745914206309,0.01331657357644412,96.28736040220612,113.1449441442848,0.8733606599099955,0.8586102882409875,0.8906885318774764,1.1627749214042429,0.8305137633764551,0.12074971196522372
2019-04-14,235914.25,37.25,0.2233973833714878,0.04990639089722749,96.03635895361593,113.1449441442848,0.8733606599099955,0.8586102882409875,0.8906885318774764,1.1627749214042429,0.8295140341152644,0.12074971196522372
2019-04-15,278314.0,41.82875,0.16528158115106778,0.027318001067797006,95.19478470461189,113.1449441442848,0.8733606599099955,0.8586102882409875,0.8906885318774764,1.1627749214042429,0.8260437987791736,0.12074971196522372
2019-04-16,322327.75,41.615833333333335,0.14681891232955782,0.021555793017634387,94.7716089978093,113.1449441442848,0.8733606599099955,0.8586102882409875,0.8906885318774764,1.1627749214042429,0.8229283086943188,0.12074971196522372
2019-04-17,290414.75,40.80833333333333,-0.10425881135013713,0.010869899744143484,94.38839365271272,113.1449441442848,0.8733606599099955,0.8586102882409875,0.8906885318774764,1.1627749214042429,0.8209282253801969,0.12074971196522372
2019-04-18,367221.75,40.84166666666667,0.23465581534654217,0.0550633516759505,94.4395066175314,113.1449441442848,0.8733606599099955,0.8586102882409875,0.8906885318774764,1.1627749214042429,0.8185663425944921,0.12074971196522372
2019-04-19,271545.0,33.839999999999996,-0.3018380175223151,0.0911061888218014,94.26731802624512,113.1449441442848,0.8733606599099955,0.8586102882409875,0.8906885318774764,1.1627749214042429,0.8151813309877637,0.12074971196522372
2019-04-20,157843.75,34.516666666666666,-0.5425222518276908,0.2943303937281883,94.55155771038386,113.1449441442848,0.8733606599099955,0.8586102882409875,0.8906885318774764,1.1627749214042429,0.8114757445712004,0.12074971196522372
2019-04-21,125561.5,31.5975,-0.22880994128616128,0.052353989231376574,92.80338648030997,113.1449441442848,0.8733606599099955,0.8586102882409875,0.8906885318774764,1.1627749214042429,0.8161040419097608,0.12074971196522372
2019-04-22,423108.25,-14.008750000000001,1.2148323780901769,1.4758177068562344,93.97020919231542,113.1449441442848,0.8733606599099955,0.8586102882409875,0.8906885318774764,1.1627749214042429,0.8184790398323777,0.12074971196522372
2019-04-23,634233.5,14.751249999999999,0.4047891266903334,0.16385423708672278,93.82210357724152,113.1449441442848,0.8733606599099955,0.8586102882409875,0.8906885318774764,1.1627749214042429,0.8331555215979793,0.12074971196522372
2019-04-24,392762.0,34.70125,-0.47921335270630533,0.2296454374120178,92.9958196363072,113.1449441442848,0.8733606599099955,0.8586102882409875,0.8906885318774764,1.1627749214042429,0.8427232026845174,0.12074971196522372
2019-04-25,287790.75,39.31125,-0.31097017689487566,0.09670245091803026,93.09250073341788,113.1449441442848,0.8733606599099955,0.8586102882409875,0.8906885318774764,1.1627749214042429,0.8390606977284618,0.12074971196522372
2019-04-26,258180.5,43.54125,-0.10857470085144938,0.011788465664981722,93.08626785921746,113.1449441442848,0.8733606599099955,0.8586102882409875,0.8906885318774764,1.1627749214042429,0.8360648384835291,0.12074971196522372
2019-04-27,230874.75,31.9875,-0.11178359702825981,0.012495572564576375,93.08447774529961,113.1449441442848,0.8733606599099955,0.8586102882409875,0.8906885318774764,1.1627749214042429,0.8342157821521333,0.12074971196522372
2019-04-28,111821.25,35.0925,-0.724973741465745,0.5255869258148409,93.5903026318305,113.1449441442848,0.8733606599099955,0.8586102882409875,0.8906885318774764,1.1627749214042429,0.8327864664572755,0.12074971196522372
2019-04-29,225265.75,43.153333333333336,0.700379202136503,0.4905310267853645,93.97840146047942,113.1449441442848,0.8733606599099955,0.8586102882409875,0.8906885318774764,1.1627749214042429,0.832704112280866,0.12074971196522372
2019-04-30,153703.0,42.86875,-0.38225864745586136,0.1461216735547845,91.69372265925549,113.1449441442848,0.8733606599099955,0.8586102882409875,0.8906885318774764,1.1627749214042429,0.8285425510557398,0.12074971196522372
2019-05-01,215540.75,25.47083333333333,0.33812781789850116,0.11433042123680195,91.06421196386444,113.1449441442848,0.8733606599099955,0.8586102882409875,0.8906885318774764,1.1627749214042429,0.8252591309361003,0.12074971196522372
2019-05-02,350599.0,37.94166666666667,0.4864931334346039,0.23667556887901928,91.19581667652604,113.1449441442848,0.8733606599099955,0.8586102882409875,0.8906885318774764,1.1627749214042429,0.8285956978522528,0.12074971196522372
2019-05-03,311541.25,40.69541666666667,-0.11811136701351088,0.013950295017800266,90.45497155578947,113.1449441442848,0.8733606599099955,0.8586102882409875,0.8906885318774764,1.1627749214042429,0.834957468665032,0.12074971196522372
2019-05-04,230952.25,39.51333333333333,-0.29932077401863966,0.08959292575911755,90.54302387832432,113.1449441442848,0.8733606599099955,0.8586102882409875,0.8906885318774764,1.1627749214042429,0.8336959346038976,0.12074971196522372
2019-05-05,162522.5,30.4875,-0.3513945254742962,0.12347811253330582,90.46891452556086,113.1449441442848,0.8733606599099955,0.8586102882409875,0.8906885318774764,1.1627749214042429,0.8296076687100098,0.12074971196522372
2019-05-06,241205.0,44.287083333333335,0.3948307405997426,0.15589131372254122,89.61507061313097,113.1449441442848,0.8733606599099955,0.8586102882409875,0.8906885318774764,1.1627749214042429,0.8255380290938414,0.12074971196522372
2019-05-07,92597.0,50.46875,-0.9573904506039632,0.9165964749076597,87.7962703055188,113.1449441442848,0.8733606599099955,0.8586102882409875,0.8906885318774764,1.1627749214042429,0.8290036855762263,0.12074971196522372
2019-05-08,274631.5,39.473333333333336,1.0871734553446106,1.1819461220059402,88.60628101046301,113.1449441442848,0.8733606599099955,0.8586102882409875,0.8906885318774764,1.1627749214042429,0.8265116567104519,0.12074971196522372
2019-05-09,210748.75,45.25333333333333,-0.26476353339745645,0.07009972861710603,88.29863141651258,113.1449441442848,0.8733606599099955,0.8586102882409875,0.8906885318774764,1.1627749214042429,0.8254697468874695,0.12074971196522372
2019-05-10,194657.5,44.793749999999996,-0.07942506165597546,0.006308340419055503,87.73208175774354,113.1449441442848,0.8733606599099955,0.8586102882409875,0.8906885318774764,1.1627749214042429,0.8218476018087846,0.12074971196522372
2019-05-11,224428.5,37.6075,0.14231556692134062,0.02025372058814258,87.59314963357565,113.1449441442848,0.8733606599099955,0.8586102882409875,0.8906885318774764,1.1627749214042429,0.8182312639809574,0.12074971196522372
2019-05-12,329257.5,19.424583333333334,0.38328294847559363,0.14690581859214455,87.38098625162154,113.1449441442848,0.8733606599099955,0.8586102882409875,0.8906885318774764,1.1627749214042429,0.8145329218102109,0.12074971196522372
2019-05-13,258029.5,39.23458333333333,-0.24376619993678705,0.05942196023162164,87.41543394852731,113.1449441442848,0.8733606599099955,0.8586102882409875,0.8906885318774764,1.1627749214042429,0.8194975976833617,0.12074971196522372
2019-05-14,238895.75,41.005833333333335,-0.07704665516716146,0.005936187072447487,87.01624709812984,113.1449441442848,0.8733606599099955,0.8586102882409875,0.8906885318774764,1.1627749214042429,0.815653347151924,0.12074971196522372
2019-05-15,223298.75,40.850833333333334,-0.06751670332326495,0.004558505227641777,87.01154012763833,113.1449441442848,0.8733606599099955,0.8586102882409875,0.8906885318774764,1.1627749214042429,0.8212527019091657,0.12074971196522372
2019-05-16,211268.25,39.7275,-0.05538190794163829,0.003067155727256098,86.79005953368365,113.1449441442848,0.8733606599099955,0.8586102882409875,0.8906885318774764,1.1627749214042429,0.8320335866130232,0.12074971196522372
2019-05-17,107549.5,42.95250000000001,-0.6751774463359129,0.4558645840406846,87.05840420551668,113.1449441442848,0.8733606599099955,0.8586102882409875,0.8906885318774764,1.1627749214042429,0.8394278922621373,0.12074971196522372
2019-05-18,114787.5,37.18958333333333,0.06513138623717296,0.0042420974731758035,87.0090330158482,113.1449441442848,0.8733606599099955,0.8586102882409875,0.8906885318774764,1.1627749214042429,0.8351369074532741,0.12074971196522372
2019-05-19,103156.5,35.36208333333334,-0.10683534038108297,0.011413789954341858,86.30682596505535,113.1449441442848,0.8733606599099955,0.8586102882409875,0.8906885318774764,1.1627749214042429,0.8309182893062576,0.12074971196522372
2019-05-20,168712.75,46.29083333333333,0.4919503120865176,0.2420151095620221,86.39977487112213,113.1449441442848,0.8733606599099955,0.8586102882409875,0.8906885318774764,1.1627749214042429,0.8270055627566657,0.12074971196522372
2019-05-21,313009.0,43.2875,0.6180343794753,0.38196649421341916,85.89548331726054,113.1449441442848,0.8733606599099955,0.8586102882409875,0.8906885318774764,1.1627749214042429,0.8250385403354386,0.12074971196522372
2019-05-22,351129.5,40.085,0.1149231571706451,0.013207332054068795,85.46868578387027,113.1449441442848,0.8733606599099955,0.8586102882409875,0.8906885318774764,1.1627749214042429,0.8246615130376915,0.12074971196522372
2019-05-23,75714.75,40.67166666666667,-1.5341821117434957,2.353714751993732,85.24595442609152,113.1449441442848,0.8733606599099955,0.8586102882409875,0.8906885318774764,1.1627749214042429,0.82268023667111,0.12074971196522372
2019-05-24,145354.5,40.461666666666666,0.6522025967304389,0.4253682271819275,85.38491474805498,113.1449441442848,0.8733606599099955,0.8586102882409875,0.8906885318774764,1.1627749214042429,0.8197499273109293,0.12074971196522372
2019-05-25,118892.75,36.67541666666667,-0.20095376005007165,0.04038241367826177,84.1579974005386,113.1449441442848,0.8733606599099955,0.8586102882409875,0.8906885318774764,1.1627749214042429,0.8186511771738022,0.12074971196522372
2019-05-26,281780.0,21.59875,0.8629047983972388,0.7446046910969792,84.42265910071706,113.1449441442848,0.8733606599099955,0.8586102882409875,0.8906885318774764,1.1627749214042429,0.8149240900105842,0.12074971196522372
2019-05-27,236693.0,35.35125,-0.17436268184202625,0.03040234481914367,84.4471749505276,113.1449441442848,0.8733606599099955,0.8586102882409875,0.8906885318774764,1.1627749214042429,0.8171904508988627,0.12074971196522372
2019-05-28,112088.5,43.3325,-0.7474752049433082,0.5587191820050407,83.70454359574327,113.1449441442848,0.8733606599099955,0.8586102882409875,0.8906885318774764,1.1627749214042429,0.8189115523759547,0.12074971196522372
2019-05-29,89979.25,41.75625,-0.21970964964710452,0.04827233014805341,83.74386363025927,113.1449441442848,0.8733606599099955,0.8586102882409875,0.8906885318774764,1.1627749214042429,0.8184491290923035,0.12074971196522372
2019-05-30,277156.0,16.094583333333333,1.1250014363653615,1.2656282318241265,85.00791272158396,113.1449441442848,0.8733606599099955,0.8586102882409875,0.8906885318774764,1.1627749214042429,0.8174630397770887,0.12074971196522372
2019-05-31,145486.75,35.805,-0.6444955073852976,0.41537445903983217,84.57188373065155,113.1449441442848,0.8733606599099955,0.8586102882409875,0.8906885318774764,1.1627749214042429,0.8415821163385745,0.12074971196522372
2019-06-01,89178.75,29.96291666666667,-0.4894422346673075,0.23955370107612772,84.73535905237759,113.1449441442848,0.8733606599099955,0.8586102882409875,0.8906885318774764,1.1627749214042429,0.8421942676711496,0.12074971196522372
2019-06-02,136217.5,21.867499999999996,0.4236100904745052,0.1794455087518185,84.6455367265225,113.1449441442848,0.8733606599099955,0.8586102882409875,0.8906885318774764,1.1627749214042429,0.8396739508154067,0.12074971196522372
2019-06-03,188314.25,36.90291666666666,0.3238592369307785,0.10488480534538613,84.4001523556395,113.1449441442848,0.8733606599099955,0.8586102882409875,0.8906885318774764,1.1627749214042429,0.8409412310047731,0.12074971196522372
2019-06-04,123244.5,38.99208333333333,-0.4239419227300961,0.17972675384809078,82.99698097589429,113.1449441442848,0.8733606599099955,0.8586102882409875,0.8906885318774764,1.1627749214042429,0.8367252299212703,0.12074971196522372
2019-06-05,182963.75,37.92958333333333,0.39511785860718485,0.1561181221903273,82.23385698987241,113.1449441442848,0.8733606599099955,0.8586102882409875,0.8906885318774764,1.1627749214042429,0.8371248529497574,0.12074971196522372
2019-06-06,299125.0,36.48,0.49157350044071707,0.24164450633553966,82.21590444336995,113.1449441442848,0.8733606599099955,0.8586102882409875,0.8906885318774764,1.1627749214042429,0.8357353430655963,0.12074971196522372
2019-06-07,206748.5,37.610416666666666,-0.3693584674901122,0.13642567750664428,82.307553890391,113.1449441442848,0.8733606599099955,0.8586102882409875,0.8906885318774764,1.1627749214042429,0.8326890697246062,0.12074971196522372
2019-06-08,522592.0,-42.239583333333336,0.9272979661559075,0.8598815180368826,82.66379225973641,113.1449441442848,0.8733606599099955,0.8586102882409875,0.8906885318774764,1.1627749214042429,0.8414594459180941,0.12074971196522372
2019-06-09,155384.5,22.499583333333334,-1.2128983545351522,1.4711224184340796,84.13445697161325,113.1449441442848,0.8733606599099955,0.8586102882409875,0.8906885318774764,1.1627749214042429,0.8951630085687892,0.12074971196522372
2019-06-10,140726.5,31.36791666666667,-0.09908439997902643,0.009817718319203693,83.88939819458405,113.1449441442848,0.8733606599099955,0.8586102882409875,0.8906885318774764,1.1627749214042429,0.8909102466175646,0.12074971196522372
2019-06-11,86304.75,44.66791666666666,-0.4889336532492484,0.23905611727965628,83.31245290722173,113.1449441442848,0.8733606599099955,0.8586102882409875,0.8906885318774764,1.1627749214042429,0.8866023347106549,0.12074971196522372
2019-06-12,162263.5,44.00208333333333,0.631336919922618,0.39858630645737814,83.70855704938086,113.1449441442848,0.8733606599099955,0.8586102882409875,0.8906885318774764,1.1627749214042429,0.8826727522665198,0.12074971196522372
2019-06-13,200369.25,38.51166666666666,0.2109403572698147,0.04449583432511706,82.22563533932917,113.1449441442848,0.8733606599099955,0.8586102882409875,0.8906885318774764,1.1627749214042429,0.8793105180553265,0.12074971196522372
2019-06-14,150130.0,41.6175,-0.28866032889912474,0.08332478548015088,82.30025782183115,113.1449441442848,0.8733606599099955,0.8586102882409875,0.8906885318774764,1.1627749214042429,0.8763273696381684,0.12074971196522372
2019-06-15,293299.5,30.575833333333335,0.6696926858185638,0.4484882934388816,82.72356884760175,113.1449441442848,0.8733606599099955,0.8586102882409875,0.8906885318774764,1.1627749214042429,0.8781839996056986,0.12074971196522372
2019-06-16,75776.5,31.149583333333336,-1.3534060530477907,1.8317079444263993,84.50619459506788,113.1449441442848,0.8733606599099955,0.8586102882409875,0.8906885318774764,1.1627749214042429,0.8740457003214203,0.12074971196522372
2019-06-17,46841.75,41.65875,-0.4810133189336653,0.23137381299158,84.3472104750504,113.1449441442848,0.8733606599099955,0.8586102882409875,0.8906885318774764,1.1627749214042429,0.870461390330483,0.12074971196522372
2019-06-18,107796.0,42.28,0.8334656527737485,0.6946649943535708,85.03389491843036,113.1449441442848,0.8733606599099955,0.8586102882409875,0.8906885318774764,1.1627749214042429,0.8660181465951782,0.12074971196522372
2019-06-19,123597.75,41.19875,0.13679178893933258,0.018711993521222912,84.4089108972722,113.1449441442848,0.8733606599099955,0.8586102882409875,0.8906885318774764,1.1627749214042429,0.8612091051924882,0.12074971196522372
2019-06-20,135608.75,36.39041666666667,0.09274156047364816,0.00860099703908734,84.236641101603,113.1449441442848,0.8733606599099955,0.8586102882409875,0.8906885318774764,1.1627749214042429,0.8591099375229461,0.12074971196522372
2019-06-21,71843.25,38.687083333333334,-0.6352872390564428,0.4035898761079579,84.57682311055866,113.1449441442848,0.8733606599099955,0.8586102882409875,0.8906885318774764,1.1627749214042429,0.8544214037779797,0.12074971196522372
2019-06-22,148373.25,31.63083333333333,0.7252443960289052,0.5259794339713315,85.09886792243614,113.1449441442848,0.8733606599099955,0.8586102882409875,0.8906885318774764,1.1627749214042429,0.8497483407994318,0.12074971196522372
2019-06-23,199889.75,20.919999999999998,0.298034906133382,0.08882480527393383,85.12148697714903,113.1449441442848,0.8733606599099955,0.8586102882409875,0.8906885318774764,1.1627749214042429,0.8631935126474483,0.12074971196522372
2019-06-24,230966.75,34.473333333333336,0.1445077962136903,0.020882503166537447,84.56578598225309,113.1449441442848,0.8733606599099955,0.8586102882409875,0.8906885318774764,1.1627749214042429,0.8648158728078382,0.12074971196522372
2019-06-25,166582.25,40.5175,-0.3267845793279576,0.10678816128655023,82.56426588975046,113.1449441442848,0.8733606599099955,0.8586102882409875,0.8906885318774764,1.1627749214042429,0.8631800417679273,0.12074971196522372
2019-06-26,196976.0,38.56458333333334,0.1675927124656314,0.0280873172715878,82.59068904627154,113.1449441442848,0.8733606599099955,0.8586102882409875,0.8906885318774764,1.1627749214042429,0.8588699178954377,0.12074971196522372
2019-06-27,262740.75,35.47375,0.28808591066502703,0.08299349192369794,81.47978089504893,113.1449441442848,0.8733606599099955,0.8586102882409875,0.8906885318774764,1.1627749214042429,0.8585783926429624,0.12074971196522372
2019-06-28,76685.25,43.45166666666666,-1.2314584223828786,1.5164898460577283,82.44167062852901,113.1449441442848,0.8733606599099955,0.8586102882409875,0.8906885318774764,1.1627749214042429,0.858483352285548,0.12074971196522372
2019-06-29,53622.5,33.250416666666666,-0.3577406260725947,0.12797835554281203,82.39065969190807,113.1449441442848,0.8733606599099955,0.8586102882409875,0.8906885318774764,1.1627749214042429,0.8585972162298176,0.12074971196522372
2019-06-30,265538.25,15.1325,1.5997901419870224,2.559328498398857,84.94997813789567,113.1449441442848,0.8733606599099955,0.8586102882409875,0.8906885318774764,1.1627749214042429,0.8700883278930115,0.12074971196522372
2019-07-01,278837.25,32.9625,0.04886938018111392,0.00238821631928625,83.9735716342855,113.1449441442848,0.8733606599099955,0.8586102882409875,0.8906885318774764,1.1627749214042429,0.8893537885675531,0.12074971196522372
2019-07-02,304801.75,33.35166666666667,0.089033286982876,0.007926926190975158,82.54953485066405,113.1449441442848,0.8733606599099955,0.8586102882409875,0.8906885318774764,1.1627749214042429,0.8908313716768365,0.12074971196522372
2019-07-03,195585.75,34.6625,-0.44366266307973584,0.1968365586110032,82.69820489503641,113.1449441442848,0.8733606599099955,0.8586102882409875,0.8906885318774764,1.1627749214042429,0.8913821736818193,0.12074971196522372
2019-07-04,195108.5,33.9825,-0.002443088104723015,5.968679487439093e-06,82.67838012647988,113.1449441442848,0.8733606599099955,0.8586102882409875,0.8906885318774764,1.1627749214042429,0.8859546382052537,0.12074971196522372
2019-07-05,230329.25,35.26125,0.1659539929305167,0.027540727769581993,82.49026106476222,113.1449441442848,0.8733606599099955,0.8586102882409875,0.8906885318774764,1.1627749214042429,0.8933750324982501,0.12074971196522372
2019-07-06,245543.75,29.760416666666668,0.06396533208488683,0.004091563708729853,82.49242697739675,113.1449441442848,0.8733606599099955,0.8586102882409875,0.8906885318774764,1.1627749214042429,0.887771655943474,0.12074971196522372
2019-07-07,284920.0,24.66333333333333,0.14873330001338314,0.022121594532871037,82.46729478178764,113.1449441442848,0.8733606599099955,0.8586102882409875,0.8906885318774764,1.1627749214042429,0.8896944349263101,0.12074971196522372
2019-07-08,202466.75,35.692083333333336,-0.3416327635763139,0.11671294514878959,82.54597008313242,113.1449441442848,0.8733606599099955,0.8586102882409875,0.8906885318774764,1.1627749214042429,0.8883762477195472,0.12074971196522372
2019-07-09,174913.0,37.387499999999996,-0.14628696808394998,0.0213998770311946,82.48394835196281,113.1449441442848,0.8733606599099955,0.8586102882409875,0.8906885318774764,1.1627749214042429,0.8831202241996128,0.12074971196522372
2019-07-10,97870.0,41.46958333333333,-0.5806486400121611,0.3371528431479722,82.62178045931682,113.1449441442848,0.8733606599099955,0.8586102882409875,0.8906885318774764,1.1627749214042429,0.8795286464429213,0.12074971196522372
2019-07-11,43406.0,45.91291666666667,-0.813042387038934,0.6610379231219676,82.96037164227266,113.1449441442848,0.8733606599099955,0.8586102882409875,0.8906885318774764,1.1627749214042429,0.8766029848355534,0.12074971196522372
2019-07-12,80780.0,45.244166666666665,0.6211317297364727,0.38580462568542256,83.32763277987301,113.1449441442848,0.8733606599099955,0.8586102882409875,0.8906885318774764,1.1627749214042429,0.8733498732871536,0.12074971196522372
2019-07-13,160916.5,37.24375,0.68915618677193,0.4749362497660273,82.91143999173617,113.1449441442848,0.8733606599099955,0.8586102882409875,0.8906885318774764,1.1627749214042429,0.8756959973960081,0.12074971196522372
2019-07-14,98601.0,35.614583333333336,-0.489804193362207,0.23990814783520226,83.03001928795322,113.1449441442848,0.8733606599099955,0.8586102882409875,0.8906885318774764,1.1627749214042429,0.8743373957896822,0.12074971196522372
2019-07-15,142791.75,41.55583333333333,0.3703058715823203,0.13712643852834192,83.14187846016608,113.1449441442848,0.8733606599099955,0.8586102882409875,0.8906885318774764,1.1627749214042429,0.8692036529347921,0.12074971196522372
2019-07-16,183537.25,42.89125000000001,0.2510303690413605,0.06301624618104165,83.18094197398086,113.1449441442848,0.8733606599099955,0.8586102882409875,0.8906885318774764,1.1627749214042429,0.8705265860272172,0.12074971196522372
2019-07-17,40652.75,45.88375,-1.5073511597865479,2.272107518909851,85.44916875398282,113.1449441442848,0.8733606599099955,0.8586102882409875,0.8906885318774764,1.1627749214042429,0.8657097583668935,0.12074971196522372
2019-07-18,49288.0,43.93375,0.19261415933014697,0.03710021437445924,85.2132308783269,113.1449441442848,0.8733606599099955,0.8586102882409875,0.8906885318774764,1.1627749214042429,0.8783045901505688,0.12074971196522372
2019-07-19,71682.0,44.80791666666667,0.37455902635087224,0.1402944642209134,85.20001415077742,113.1449441442848,0.8733606599099955,0.8586102882409875,0.8906885318774764,1.1627749214042429,0.8760146028127943,0.12074971196522372
2019-07-20,175806.25,35.085,0.8971428663193534,0.8048653225877052,85.41699157601636,113.1449441442848,0.8733606599099955,0.8586102882409875,0.8906885318774764,1.1627749214042429,0.8771218521230644,0.12074971196522372
2019-07-21,213027.0,31.5275,0.1920363818568689,0.036877971956677164,85.44553649443499,113.1449441442848,0.8733606599099955,0.8586102882409875,0.8906885318774764,1.1627749214042429,0.8830388031302419,0.12074971196522372
2019-07-22,84547.75,42.62291666666667,-0.9241024547213676,0.8539653468220574,86.11305548794707,113.1449441442848,0.8733606599099955,0.8586102882409875,0.8906885318774764,1.1627749214042429,0.8783705268649107,0.12074971196522372
2019-07-23,53618.5,46.60125,-0.45542230573781023,0.2074094765635435,86.1969133859459,113.1449441442848,0.8733606599099955,0.8586102882409875,0.8906885318774764,1.1627749214042429,0.8733958694076313,0.12074971196522372
2019-07-24,95167.0,50.64083333333334,0.5737390852686052,0.3291765379648558,85.83995965800926,113.1449441442848,0.8733606599099955,0.8586102882409875,0.8906885318774764,1.1627749214042429,0.877201177676171,0.12074971196522372
2019-07-25,127036.5,50.22833333333333,0.288841203692682,0.08342924095063742,85.89954607912792,113.1449441442848,0.8733606599099955,0.8586102882409875,0.8906885318774764,1.1627749214042429,0.8737037888496519,0.12074971196522372
2019-07-26,262171.25,44.5025,0.7245234694534146,0.524934257788813,85.82515203736835,113.1449441442848,0.8733606599099955,0.8586102882409875,0.8906885318774764,1.1627749214042429,0.8709274210119858,0.12074971196522372
2019-07-27,315716.25,36.16416666666667,0.18584595096169945,0.034538717488858395,85.82686444988046,113.1449441442848,0.8733606599099955,0.8586102882409875,0.8906885318774764,1.1627749214042429,0.8726983259695581,0.12074971196522372
2019-07-28,161779.75,32.08583333333333,-0.6686080248764185,0.4470366909291454,86.21184465334557,113.1449441442848,0.8733606599099955,0.8586102882409875,0.8906885318774764,1.1627749214042429,0.8746867347070681,0.12074971196522372
2019-07-29,95148.75,45.5025,-0.5307943857761691,0.28174267997150065,86.08163995308708,113.1449441442848,0.8733606599099955,0.8586102882409875,0.8906885318774764,1.1627749214042429,0.8695480728725893,0.12074971196522372
2019-07-30,67239.25,44.52875,-0.34718430210074763,0.12053693962518319,86.17814943053254,113.1449441442848,0.8733606599099955,0.8586102882409875,0.8906885318774764,1.1627749214042429,0.870059701836209,0.12074971196522372
2019-07-31,118458.25,48.465,0.5663034234173174,0.3206995673741735,85.90346571392041,113.1449441442848,0.8733606599099955,0.8586102882409875,0.8906885318774764,1.1627749214042429,0.869401371936082,0.12074971196522372
2019-08-01,44444.25,44.66208333333333,-0.9803249830583773,0.9610370724084079,86.03894441518015,113.1449441442848,0.8733606599099955,0.8586102882409875,0.8906885318774764,1.1627749214042429,0.8648938125732595,0.12074971196522372
2019-08-02,43011.5,43.69958333333333,-0.03276807296436411,0.0010737466057978901,85.86533292899006,113.1449441442848,0.8733606599099955,0.8586102882409875,0.8906885318774764,1.1627749214042429,0.8685050866013089,0.12074971196522372
2019-08-03,76898.0,36.365833333333335,0.5810123465732207,0.33757534687052027,86.18988581413784,113.1449441442848,0.8733606599099955,0.8586102882409875,0.8906885318774764,1.1627749214042429,0.8672551539053851,0.12074971196522372
2019-08-04,43311.0,35.151666666666664,-0.5740732240552616,0.3295600665772026,86.5004065973565,113.1449441442848,0.8733606599099955,0.8586102882409875,0.8906885318774764,1.1627749214042429,0.86372204754942,0.12074971196522372
2019-08-05,87132.25,46.28458333333333,0.699020435076141,0.48862956865403745,86.6383828522778,113.1449441442848,0.8733606599099955,0.8586102882409875,0.8906885318774764,1.1627749214042429,0.8588445882772862,0.12074971196522372
2019-08-06,126168.0,42.062083333333334,0.3701872727933284,0.13703861693816216,86.1435814516272,113.1449441442848,0.8733606599099955,0.8586102882409875,0.8906885318774764,1.1627749214042429,0.8663676343290797,0.12074971196522372
2019-08-07,144292.75,40.86833333333333,0.1342298697821269,0.01801765794172674,83.61978035546767,113.1449441442848,0.8733606599099955,0.8586102882409875,0.8906885318774764,1.1627749214042429,0.8702937525160093,0.12074971196522372
2019-08-08,260286.5,34.71791666666667,0.589938725453463,0.3480276997896564,83.8713350996558,113.1449441442848,0.8733606599099955,0.8586102882409875,0.8906885318774764,1.1627749214042429,0.8655027895868428,0.12074971196522372
2019-08-09,126913.5,38.687916666666666,-0.718277195380049,0.5159221294030291,84.13591813513162,113.1449441442848,0.8733606599099955,0.8586102882409875,0.8906885318774764,1.1627749214042429,0.8676220680040968,0.12074971196522372
2019-08-10,497589.0,12.438749999999999,1.3662686830305037,1.866690114229907,86.00240599516195,113.1449441442848,0.8733606599099955,0.8586102882409875,0.8906885318774764,1.1627749214042429,0.8656072364363834,0.12074971196522372
2019-08-11,278698.0,14.351666666666667,-0.5796456767842463,0.3359891106146669,86.1173025363466,113.1449441442848,0.8733606599099955,0.8586102882409875,0.8906885318774764,1.1627749214042429,0.8882507691451621,0.12074971196522372
2019-08-12,184853.0,41.240833333333335,-0.41056784366093985,0.16856595424839393,86.27566642818107,113.1449441442848,0.8733606599099955,0.8586102882409875,0.8906885318774764,1.1627749214042429,0.8923083339962985,0.12074971196522372
2019-08-13,221621.0,38.035000000000004,0.18140780110002253,0.03290879029994533,86.27727346962915,113.1449441442848,0.8733606599099955,0.8586102882409875,0.8906885318774764,1.1627749214042429,0.8867272015574443,0.12074971196522372
2019-08-14,121322.0,38.76833333333334,-0.6025205477135808,0.36303101041707336,86.41768910241278,113.1449441442848,0.8733606599099955,0.8586102882409875,0.8906885318774764,1.1627749214042429,0.8830335144248023,0.12074971196522372
2019-08-15,309922.25,30.503333333333334,0.9378732915578243,0.8796063110175076,87.10782577693087,113.1449441442848,0.8733606599099955,0.8586102882409875,0.8906885318774764,1.1627749214042429,0.8777188340574087,0.12074971196522372
2019-08-16,156596.0,35.68958333333333,-0.6826522191240644,0.4660140522750096,87.2998711488222,113.1449441442848,0.8733606599099955,0.8586102882409875,0.8906885318774764,1.1627749214042429,0.8756931358893341,0.12074971196522372
2019-08-17,334316.25,26.221249999999998,0.7584181608321574,0.5751981066800321,87.8003101860656,113.1449441442848,0.8733606599099955,0.8586102882409875,0.8906885318774764,1.1627749214042429,0.870694430416738,0.12074971196522372
2019-08-18,221006.25,27.685000000000002,-0.4138964196176218,0.17131024617228646,87.95328826702129,113.1449441442848,0.8733606599099955,0.8586102882409875,0.8906885318774764,1.1627749214042429,0.8759309838287954,0.12074971196522372
2019-08-19,213906.75,34.43125,-0.03265080926815362,0.0010660753458653464,87.95270677597935,113.1449441442848,0.8733606599099955,0.8586102882409875,0.8906885318774764,1.1627749214042429,0.8740181570683836,0.12074971196522372
2019-08-20,99895.25,39.80125,-0.7614180354161587,0.5797574246570028,88.20507461793866,113.1449441442848,0.8733606599099955,0.8586102882409875,0.8906885318774764,1.1627749214042429,0.8771018981557599,0.12074971196522372
2019-08-21,53384.0,41.683749999999996,-0.6266110613752345,0.39264142223779785,87.07807582080176,113.1449441442848,0.8733606599099955,0.8586102882409875,0.8906885318774764,1.1627749214042429,0.8728782852408569,0.12074971196522372
2019-08-22,88210.5,36.30958333333333,0.5022149279448824,0.2522198338506835,87.12130974373227,113.1449441442848,0.8733606599099955,0.8586102882409875,0.8906885318774764,1.1627749214042429,0.8697430545740935,0.12074971196522372
2019-08-23,69479.25,37.32375,-0.23869785670477403,0.05697666679545284,86.96719059767094,113.1449441442848,0.8733606599099955,0.8586102882409875,0.8906885318774764,1.1627749214042429,0.8668137000202248,0.12074971196522372
2019-08-24,124261.25,32.290416666666665,0.5813580572960882,0.3379771907830818,87.14846542567938,113.1449441442848,0.8733606599099955,0.8586102882409875,0.8906885318774764,1.1627749214042429,0.8631984091759476,0.12074971196522372
2019-08-25,110526.75,30.635833333333334,-0.11712863102871633,0.01371911620666117,87.08737791587397,113.1449441442848,0.8733606599099955,0.8586102882409875,0.8906885318774764,1.1627749214042429,0.8595763420604486,0.12074971196522372
2019-08-26,68839.5,45.65625,-0.473479865010883,0.224183182570724,87.11791986482741,113.1449441442848,0.8733606599099955,0.8586102882409875,0.8906885318774764,1.1627749214042429,0.8547799971873385,0.12074971196522372
2019-08-27,73815.75,46.41625,0.06979441537300696,0.00487126041725983,86.85202708763951,113.1449441442848,0.8733606599099955,0.8586102882409875,0.8906885318774764,1.1627749214042429,0.8536117014743154,0.12074971196522372
2019-08-28,86056.25,50.824999999999996,0.1534290287396358,0.023540466859987987,86.76408953137933,113.1449441442848,0.8733606599099955,0.8586102882409875,0.8906885318774764,1.1627749214042429,0.8500861658417789,0.12074971196522372
2019-08-29,77284.75,44.49208333333333,-0.10750449939185389,0.011557217389493113,86.7370869167493,113.1449441442848,0.8733606599099955,0.8586102882409875,0.8906885318774764,1.1627749214042429,0.8472982663397093,0.12074971196522372
2019-08-30,25767.5,41.34458333333333,-1.0983826448898808,1.20644443459529,87.30356916191872,113.1449441442848,0.8733606599099955,0.8586102882409875,0.8906885318774764,1.1627749214042429,0.8428969463618431,0.12074971196522372
2019-08-31,110797.25,33.65958333333334,1.458587946581779,2.1274787979136507,89.35670814587682,113.1449441442848,0.8733606599099955,0.8586102882409875,0.8906885318774764,1.1627749214042429,0.839607746865366,0.12074971196522372
2019-09-01,205370.5,30.10625,0.617113710468628,0.3808293316483576,89.61970445635926,113.1449441442848,0.8733606599099955,0.8586102882409875,0.8906885318774764,1.1627749214042429,0.8353644612514541,0.12074971196522372
2019-09-02,137366.25,39.175000000000004,-0.4021649485515142,0.16173664584344205,89.74039178763377,113.1449441442848,0.8733606599099955,0.8586102882409875,0.8906885318774764,1.1627749214042429,0.8311411180607519,0.12074971196522372
2019-09-03,220395.25,35.40416666666667,0.4727718088946763,0.22351318328554431,89.80442178160007,113.1449441442848,0.8733606599099955,0.8586102882409875,0.8906885318774764,1.1627749214042429,0.8272606890810985,0.12074971196522372
2019-09-04,216371.0,34.005,-0.018427998420914762,0.000339591125801237,89.71483362170137,113.1449441442848,0.8733606599099955,0.8586102882409875,0.8906885318774764,1.1627749214042429,0.8293193426870106,0.12074971196522372
2019-09-05,365998.75,31.71666666666667,0.5256353911935226,0.2762925644751676,89.80567990134925,113.1449441442848,0.8733606599099955,0.8586102882409875,0.8906885318774764,1.1627749214042429,0.8279674818355351,0.12074971196522372
2019-09-06,207692.5,32.447916666666664,-0.5665712976386066,0.32100303530789454,90.0953900506132,113.1449441442848,0.8733606599099955,0.8586102882409875,0.8906885318774764,1.1627749214042429,0.8266071880315037,0.12074971196522372
2019-09-07,74985.75,35.93875,-1.018760524972357,1.0378730072419524,90.34055498485574,113.1449441442848,0.8733606599099955,0.8586102882409875,0.8906885318774764,1.1627749214042429,0.8261139927672039,0.12074971196522372
2019-09-08,23200.25,36.87291666666667,-1.1731350410077497,1.3762458244402545,91.6762828254743,113.1449441442848,0.8733606599099955,0.8586102882409875,0.8906885318774764,1.1627749214042429,0.8320083841397745,0.12074971196522372
2019-09-09,101409.25,45.507083333333334,1.4750012553999392,2.175628703431397,92.65460152909615,113.1449441442848,0.8733606599099955,0.8586102882409875,0.8906885318774764,1.1627749214042429,0.8394946553162053,0.12074971196522372
2019-09-10,241185.0,36.82,0.8663999639882713,0.7506488975988779,91.28861631247665,113.1449441442848,0.8733606599099955,0.8586102882409875,0.8906885318774764,1.1627749214042429,0.8396756372488077,0.12074971196522372
2019-09-11,264047.0,33.9275,0.09056284373934806,0.008201628666157574,91.25391833470125,113.1449441442848,0.8733606599099955,0.8586102882409875,0.8906885318774764,1.1627749214042429,0.847708787494813,0.12074971196522372
2019-09-12,209555.25,37.779583333333335,-0.23113968986011957,0.05342555622863226,90.34462120556095,113.1449441442848,0.8733606599099955,0.8586102882409875,0.8906885318774764,1.1627749214042429,0.8495763306639509,0.12074971196522372
2019-09-13,258533.25,39.0175,0.2100368846255234,0.04411549290319542,89.96525715627584,113.1449441442848,0.8733606599099955,0.8586102882409875,0.8906885318774764,1.1627749214042429,0.8450444272443569,0.12074971196522372
2019-09-14,64704.75,36.19875,-1.3851896977921174,1.9187504988694175,91.8565832623881,113.1449441442848,0.8733606599099955,0.8586102882409875,0.8906885318774764,1.1627749214042429,0.8432738276713697,0.12074971196522372
2019-09-15,314061.25,23.756249999999998,1.5797534160029532,2.4956208553729997,93.31958235553395,113.1449441442848,0.8733606599099955,0.8586102882409875,0.8906885318774764,1.1627749214042429,0.8406048612208653,0.12074971196522372
2019-09-16,131419.75,47.150416666666665,-0.8711916314101357,0.7589748586390537,93.62052826210265,113.1449441442848,0.8733606599099955,0.8586102882409875,0.8906885318774764,1.1627749214042429,0.8587114025411389,0.12074971196522372
2019-09-17,461342.5,33.86833333333333,1.2557443180843606,1.576893792401156,94.45600959386894,113.1449441442848,0.8733606599099955,0.8586102882409875,0.8906885318774764,1.1627749214042429,0.8541536867159095,0.12074971196522372
2019-09-18,344739.75,36.479166666666664,-0.2913509327125114,0.08488536599245033,94.46935825618115,113.1449441442848,0.8733606599099955,0.8586102882409875,0.8906885318774764,1.1627749214042429,0.868341091618894,0.12074971196522372
2019-09-19,161324.0,43.78,-0.7593750194063804,0.5766504200984406,93.0056273987958,113.1449441442848,0.8733606599099955,0.8586102882409875,0.8906885318774764,1.1627749214042429,0.8644114303762297,0.12074971196522372
2019-09-20,99776.25,42.69625,-0.48048458609066064,0.23086543747071347,92.44671176853035,113.1449441442848,0.8733606599099955,0.8586102882409875,0.8906885318774764,1.1627749214042429,0.8607369666781455,0.12074971196522372
2019-09-21,144794.25,34.65083333333333,0.3723835901736595,0.138669538230624,92.37719542232811,113.1449441442848,0.8733606599099955,0.8586102882409875,0.8906885318774764,1.1627749214042429,0.8567353805597445,0.12074971196522372
2019-09-22,188045.0,29.640833333333333,0.26136752667123125,0.06831298399823678,92.38140837327148,113.1449441442848,0.8733606599099955,0.8586102882409875,0.8906885318774764,1.1627749214042429,0.8661305001362647,0.12074971196522372
2019-09-23,145184.0,44.127916666666664,-0.25867939240808174,0.06691502805661434,92.44286448340966,113.1449441442848,0.8733606599099955,0.8586102882409875,0.8906885318774764,1.1627749214042429,0.8677817053300159,0.12074971196522372
2019-09-24,83090.0,47.445,-0.5580775458046634,0.31145054713135617,92.75422388383362,113.1449441442848,0.8733606599099955,0.8586102882409875,0.8906885318774764,1.1627749214042429,0.8653684055012476,0.12074971196522372
2019-09-25,137565.0,46.74458333333333,0.5041721750021272,0.25418958204637554,92.97649629795934,113.1449441442848,0.8733606599099955,0.8586102882409875,0.8906885318774764,1.1627749214042429,0.8638069697334935,0.12074971196522372
2019-09-26,195454.0,41.566250000000004,0.35122852494275236,0.12336147673346162,93.09966694651403,113.1449441442848,0.8733606599099955,0.8586102882409875,0.8906885318774764,1.1627749214042429,0.8607941563007897,0.12074971196522372
2019-09-27,299966.0,38.4375,0.42834407727839074,0.18347864853947599,92.20469781495133,113.1449441442848,0.8733606599099955,0.8586102882409875,0.8906885318774764,1.1627749214042429,0.8584420652705145,0.12074971196522372
2019-09-28,547454.0,24.10291666666667,0.6016093049959234,0.36193375585767795,92.03183975954,113.1449441442848,0.8733606599099955,0.8586102882409875,0.8906885318774764,1.1627749214042429,0.8540637967595319,0.12074971196522372
2019-09-29,596399.75,11.056666666666667,0.08563272381265467,0.007332963387574395,91.52393192069145,113.1449441442848,0.8733606599099955,0.8586102882409875,0.8906885318774764,1.1627749214042429,0.8615638929470076,0.12074971196522372
2019-09-30,684310.5,22.101250000000004,0.1375005982792974,0.01890641452716472,91.20649363251,113.1449441442848,0.8733606599099955,0.8586102882409875,0.8906885318774764,1.1627749214042429,0.8567655684943303,0.12074971196522372
2019-10-01,376807.0,42.550000000000004,-0.5966786419636949,0.35602540177563924,91.02416489875506,113.1449441442848,0.8733606599099955,0.8586102882409875,0.8906885318774764,1.1627749214042429,0.8564803735809333,0.12074971196522372
2019-10-02,327547.5,40.85958333333333,-0.14010003729811327,0.019628020450932728,90.90621367041231,113.1449441442848,0.8733606599099955,0.8586102882409875,0.8906885318774764,1.1627749214042429,0.8689922042796293,0.12074971196522372
2019-10-03,245378.75,40.067083333333336,-0.2888301475158674,0.08342285411403771,89.23884008376041,113.1449441442848,0.8733606599099955,0.8586102882409875,0.8906885318774764,1.1627749214042429,0.8721353377993458,0.12074971196522372
2019-10-04,220208.75,43.684583333333336,-0.10822697510817007,0.011713078141064464,87.67575853898883,113.1449441442848,0.8733606599099955,0.8586102882409875,0.8906885318774764,1.1627749214042429,0.8851366157561553,0.12074971196522372
2019-10-05,252411.0,36.89458333333334,0.13648275123169906,0.01862754138377385,86.16572396188678,113.1449441442848,0.8733606599099955,0.8586102882409875,0.8906885318774764,1.1627749214042429,0.8814852525711265,0.12074971196522372
2019-10-06,239442.25,31.995,-0.05274645090743508,0.002782188083330459,86.1431742586547,113.1449441442848,0.8733606599099955,0.8586102882409875,0.8906885318774764,1.1627749214042429,0.8761617664024985,0.12074971196522372
2019-10-07,114974.0,44.625,-0.7336062445812342,0.5381781220885817,86.64435239488027,113.1449441442848,0.8733606599099955,0.8586102882409875,0.8906885318774764,1.1627749214042429,0.8709677511439334,0.12074971196522372
2019-10-08,426613.5,34.86291666666666,1.3111724352609404,1.7191731549881049,88.15554737014173,113.1449441442848,0.8733606599099955,0.8586102882409875,0.8906885318774764,1.1627749214042429,0.8678775697572904,0.12074971196522372
2019-10-09,447796.25,35.195,0.04845987874920053,0.002348359848387217,88.04160762080541,113.1449441442848,0.8733606599099955,0.8586102882409875,0.8906885318774764,1.1627749214042429,0.8693833340612708,0.12074971196522372
2019-10-10,535462.75,30.462083333333336,0.17879299645515703,0.031966935581413794,87.57533622844987,113.1449441442848,0.8733606599099955,0.8586102882409875,0.8906885318774764,1.1627749214042429,0.8648249943502171,0.12074971196522372
2019-10-11,693594.0,25.973333333333333,0.25875544859936755,0.06695438217985994,87.52095646221869,113.1449441442848,0.8733606599099955,0.8586102882409875,0.8906885318774764,1.1627749214042429,0.8612271625089928,0.12074971196522372
2019-10-12,478355.75,19.730416666666667,-0.37153207237086305,0.13803608080018823,86.3316926367462,113.1449441442848,0.8733606599099955,0.8586102882409875,0.8906885318774764,1.1627749214042429,0.8790737149862432,0.12074971196522372
2019-10-13,364324.75,22.14375,-0.2723090623200048,0.07415222542160026,85.40485870664419,113.1449441442848,0.8733606599099955,0.8586102882409875,0.8906885318774764,1.1627749214042429,0.8740808510944271,0.12074971196522372
2019-10-14,257332.0,35.5625,-0.3476785602229241,0.12088038123868546,85.23682491136915,113.1449441442848,0.8733606599099955,0.8586102882409875,0.8906885318774764,1.1627749214042429,0.8692411000418012,0.12074971196522372
2019-10-15,154872.75,43.63041666666667,-0.5077632679973529,0.25782353632735167,85.40158164776865,113.1449441442848,0.8733606599099955,0.8586102882409875,0.8906885318774764,1.1627749214042429,0.864871339319728,0.12074971196522372
2019-10-16,361125.25,39.4625,0.8466210390684857,0.7167671837934024,86.11789432876283,113.1449441442848,0.8733606599099955,0.8586102882409875,0.8906885318774764,1.1627749214042429,0.8602079307691595,0.12074971196522372
2019-10-17,272252.5,43.76541666666666,-0.2824949065598616,0.07980337223226493,85.8036012869089,113.1449441442848,0.8733606599099955,0.8586102882409875,0.8906885318774764,1.1627749214042429,0.8615866059006492,0.12074971196522372
2019-10-18,417273.25,35.35458333333333,0.4270113384713829,0.18233868318312194,85.9213572201079,113.1449441442848,0.8733606599099955,0.8586102882409875,0.8906885318774764,1.1627749214042429,0.857165025450179,0.12074971196522372
2019-10-19,343949.75,33.08541666666667,-0.19324571185682107,0.03734390515104952,85.905720341654,113.1449441442848,0.8733606599099955,0.8586102882409875,0.8906885318774764,1.1627749214042429,0.8563368312170888,0.12074971196522372
2019-10-20,117968.5,34.82958333333333,-1.070077931446071,1.1450667793679024,87.02057923817732,113.1449441442848,0.8733606599099955,0.8586102882409875,0.8906885318774764,1.1627749214042429,0.8537158914654251,0.12074971196522372
2019-10-21,139319.0,43.7225,0.16634862807582948,0.027671866062710646,87.04821924690994,113.1449441442848,0.8733606599099955,0.8586102882409875,0.8906885318774764,1.1627749214042429,0.8597248396236052,0.12074971196522372
2019-10-22,111079.0,46.82833333333334,-0.22652460787431442,0.05131339797261191,86.73900136623384,113.1449441442848,0.8733606599099955,0.8586102882409875,0.8906885318774764,1.1627749214042429,0.8553899620880434,0.12074971196522372
2019-10-23,133514.25,43.51499999999999,0.18396655383949154,0.03384369293157854,86.76780242245172,113.1449441442848,0.8733606599099955,0.8586102882409875,0.8906885318774764,1.1627749214042429,0.8518706122380919,0.12074971196522372
2019-10-24,201439.5,38.61208333333334,0.41128087444742134,0.16915195768623556,85.81886355207737,113.1449441442848,0.8733606599099955,0.8586102882409875,0.8906885318774764,1.1627749214042429,0.8507534018287756,0.12074971196522372
2019-10-25,400330.0,36.11125,0.6868001188182551,0.4716944032087693,86.2511087546874,113.1449441442848,0.8733606599099955,0.8586102882409875,0.8906885318774764,1.1627749214042429,0.8478646305955049,0.12074971196522372
2019-10-26,598275.5,20.205416666666668,0.40176214321849013,0.16141281972351457,86.04032293138874,113.1449441442848,0.8733606599099955,0.8586102882409875,0.8906885318774764,1.1627749214042429,0.8507065303911621,0.12074971196522372
2019-10-27,478354.5,22.0425,-0.22369926078337726,0.05004135927502943,85.69218122141251,113.1449441442848,0.8733606599099955,0.8586102882409875,0.8906885318774764,1.1627749214042429,0.868567654501738,0.12074971196522372
2019-10-28,214336.75,42.444583333333334,-0.8028037130731743,0.6444938017240757,86.28323312255095,113.1449441442848,0.8733606599099955,0.8586102882409875,0.8906885318774764,1.1627749214042429,0.8636826871431383,0.12074971196522372
2019-10-29,114429.5,48.11416666666667,-0.6275894635079264,0.39386853470616695,85.86874273899566,113.1449441442848,0.8733606599099955,0.8586102882409875,0.8906885318774764,1.1627749214042429,0.8597237145840452,0.12074971196522372
2019-10-30,120048.25,48.022083333333335,0.04793483246498753,0.0022977481634464227,85.56684127771923,113.1449441442848,0.8733606599099955,0.8586102882409875,0.8906885318774764,1.1627749214042429,0.8656505221965898,0.12074971196522372
2019-10-31,151589.5,42.63458333333333,0.23328246429434454,0.05442070814724214,85.58563455452287,113.1449441442848,0.8733606599099955,0.8586102882409875,0.8906885318774764,1.1627749214042429,0.8741816809009563,0.12074971196522372
2019-11-01,339235.75,32.26583333333333,0.8055190838153677,0.6488609943907494,86.00883186529617,113.1449441442848,0.8733606599099955,0.8586102882409875,0.8906885318774764,1.1627749214042429,0.870003887824055,0.12074971196522372
2019-11-02,486971.25,27.475416666666664,0.3615097930211135,0.13068933045016834,86.12644271734317,113.1449441442848,0.8733606599099955,0.8586102882409875,0.8906885318774764,1.1627749214042429,0.8673338235014209,0.12074971196522372
2019-11-03,242070.0,26.688333333333333,-0.6989781459038387,0.488570448451168,86.1377887032518,113.1449441442848,0.8733606599099955,0.8586102882409875,0.8906885318774764,1.1627749214042429,0.8625233558440923,0.12074971196522372
2019-11-04,228941.5,38.70166666666667,-0.055760428124653615,0.003109225344644662,86.13190383059792,113.1449441442848,0.8733606599099955,0.8586102882409875,0.8906885318774764,1.1627749214042429,0.8587231013354112,0.12074971196522372
2019-11-05,161540.5,42.70208333333333,-0.3487106271858941,0.12159910151237961,86.19086084512402,113.1449441442848,0.8733606599099955,0.8586102882409875,0.8906885318774764,1.1627749214042429,0.8567617587250295,0.12074971196522372
2019-11-06,95369.0,51.79083333333333,-0.5270023071597426,0.2777314317516917,86.15296216133991,113.1449441442848,0.8733606599099955,0.8586102882409875,0.8906885318774764,1.1627749214042429,0.8524599518250325,0.12074971196522372
2019-11-07,221787.75,42.71666666666667,0.843967265395923,0.7122807450598724,85.65803939954544,113.1449441442848,0.8733606599099955,0.8586102882409875,0.8906885318774764,1.1627749214042429,0.8745969109926913,0.12074971196522372
2019-11-08,106549.5,47.1225,-0.7331111775531086,0.5374519986533055,85.51151003196463,113.1449441442848,0.8733606599099955,0.8586102882409875,0.8906885318774764,1.1627749214042429,0.869529027017144,0.12074971196522372
2019-11-09,125894.75,41.6925,0.16683657451807773,0.027834442596926107,85.52671345389733,113.1449441442848,0.8733606599099955,0.8586102882409875,0.8906885318774764,1.1627749214042429,0.8646306021765446,0.12074971196522372
2019-11-10,85454.5,40.972500000000004,-0.38746216986848264,0.1501269330791929,83.99030572802447,113.1449441442848,0.8733606599099955,0.8586102882409875,0.8906885318774764,1.1627749214042429,0.8711810425477744,0.12074971196522372
2019-11-11,306856.0,41.106249999999996,1.2783945116210766,1.634292527342891,85.60305824972309,113.1449441442848,0.8733606599099955,0.8586102882409875,0.8906885318774764,1.1627749214042429,0.8666080184804543,0.12074971196522372
2019-11-12,399324.0,42.20041666666666,0.26339453527528306,0.06937668121288233,85.61438576182267,113.1449441442848,0.8733606599099955,0.8586102882409875,0.8906885318774764,1.1627749214042429,0.8649581106851022,0.12074971196522372
2019-11-13,267462.75,47.07958333333334,-0.4007928131438977,0.1606348790677993,85.68057949415952,113.1449441442848,0.8733606599099955,0.8586102882409875,0.8906885318774764,1.1627749214042429,0.8633320610652718,0.12074971196522372
2019-11-14,282720.5,45.32333333333333,0.05547847280095532,0.003077860944326339,85.5208469102444,113.1449441442848,0.8733606599099955,0.8586102882409875,0.8906885318774764,1.1627749214042429,0.8584495857015992,0.12074971196522372
2019-11-15,372569.0,37.9,0.27596347846101615,0.07615584144430372,85.59366836643949,113.1449441442848,0.8733606599099955,0.8586102882409875,0.8906885318774764,1.1627749214042429,0.8559937883545286,0.12074971196522372
2019-11-16,244322.25,38.098333333333336,-0.4219342049033681,0.1780284732674374,85.7469174284376,113.1449441442848,0.8733606599099955,0.8586102882409875,0.8906885318774764,1.1627749214042429,0.8538906468099011,0.12074971196522372
2019-11-17,242798.5,36.818333333333335,-0.006256169419667019,3.913965580757676e-05,85.47727123705306,113.1449441442848,0.8733606599099955,0.8586102882409875,0.8906885318774764,1.1627749214042429,0.8563855643938163,0.12074971196522372
2019-11-18,273309.25,41.361666666666665,0.11837205671015662,0.014011943809792534,85.45374431982185,113.1449441442848,0.8733606599099955,0.8586102882409875,0.8906885318774764,1.1627749214042429,0.8520867194115921,0.12074971196522372
2019-11-19,310057.5,46.48791666666667,0.12615382619795443,0.015914787864383693,85.46917763853425,113.1449441442848,0.8733606599099955,0.8586102882409875,0.8906885318774764,1.1627749214042429,0.8521501946523672,0.12074971196522372
2019-11-20,28090.25,53.25333333333333,-2.4013352231092053,5.766410853744937,91.08234683282497,113.1449441442848,0.8733606599099955,0.8586102882409875,0.8906885318774764,1.1627749214042429,0.8476764123686623,0.12074971196522372
2019-11-21,81196.5,50.08625,1.0614496017494282,1.1266752570540197,92.19890352619639,113.1449441442848,0.8733606599099955,0.8586102882409875,0.8906885318774764,1.1627749214042429,0.8804678316854108,0.12074971196522372
2019-11-22,204909.25,43.580000000000005,0.9256950554081891,0.8569113356071703,93.05488902714475,113.1449441442848,0.8733606599099955,0.8586102882409875,0.8906885318774764,1.1627749214042429,0.8761540726705066,0.12074971196522372
2019-11-23,477237.75,30.57875,0.8454475961889188,0.7147816379016212,93.74417426797041,113.1449441442848,0.8733606599099955,0.8586102882409875,0.8906885318774764,1.1627749214042429,0.8713136937140505,0.12074971196522372
2019-11-24,200115.0,33.47,-0.8691225930886048,0.7553740818170606,94.49953280917735,113.1449441442848,0.8733606599099955,0.8586102882409875,0.8906885318774764,1.1627749214042429,0.8701666532095279,0.12074971196522372
2019-11-25,43809.75,51.11958333333333,-1.5190358059490663,2.3074697797553294,96.79976154822998,113.1449441442848,0.8733606599099955,0.8586102882409875,0.8906885318774764,1.1627749214042429,0.865127002686997,0.12074971196522372
2019-11-26,171927.75,47.364583333333336,1.3672179350749711,1.869284881990668,96.97510767203849,113.1449441442848,0.8733606599099955,0.8586102882409875,0.8906885318774764,1.1627749214042429,0.8719174528361019,0.12074971196522372
2019-11-27,445866.25,39.499583333333334,0.9529446887275376,0.9081035797740235,97.88289230019197,113.1449441442848,0.8733606599099955,0.8586102882409875,0.8906885318774764,1.1627749214042429,0.8668756289335683,0.12074971196522372
2019-11-28,750655.75,30.486666666666665,0.5209281387046304,0.27136612569427065,98.09635715063445,113.1449441442848,0.8733606599099955,0.8586102882409875,0.8906885318774764,1.1627749214042429,0.8619861417766115,0.12074971196522372
2019-11-29,501103.75,40.08125,-0.40413399238305403,0.16332428379946637,98.04850432598475,113.1449441442848,0.8733606599099955,0.8586102882409875,0.8906885318774764,1.1627749214042429,0.8571279313810624,0.12074971196522372
2019-11-30,156148.75,42.01208333333333,-1.1660040869001302,1.3595655306678065,99.0738134448009,113.1449441442848,0.8733606599099955,0.8586102882409875,0.8906885318774764,1.1627749214042429,0.8524646344714243,0.12074971196522372
2019-12-01,105781.0,42.447916666666664,-0.38943815939771065,0.1516620799950767,99.18735292659655,113.1449441442848,0.8733606599099955,0.8586102882409875,0.8906885318774764,1.1627749214042429,0.8538988409766111,0.12074971196522372
2019-12-02,244921.5,46.18083333333333,0.839566831863742,0.7048724651657209,98.13307013119083,113.1449441442848,0.8733606599099955,0.8586102882409875,0.8906885318774764,1.1627749214042429,0.8635802132462106,0.12074971196522372
2019-12-03,176507.25,51.35583333333333,-0.3275757990228112,0.1073059041054332,98.17816522859499,113.1449441442848,0.8733606599099955,0.8586102882409875,0.8906885318774764,1.1627749214042429,0.8621381239609771,0.12074971196522372
2019-12-04,192664.25,47.943333333333335,0.08758708465601768,0.0076714973985404075,97.70507153365399,113.1449441442848,0.8733606599099955,0.8586102882409875,0.8906885318774764,1.1627749214042429,0.858732532642726,0.12074971196522372
2019-12-05,288692.75,41.816250000000004,0.4044139371069522,0.1635506325263459,97.51706917744599,113.1449441442848,0.8733606599099955,0.8586102882409875,0.8906885318774764,1.1627749214042429,0.8543399954703846,0.12074971196522372
2019-12-06,736040.25,31.09958333333333,0.9359218309536118,0.8759496736555611,98.38291666096728,113.1449441442848,0.8733606599099955,0.8586102882409875,0.8906885318774764,1.1627749214042429,0.8522324431172295,0.12074971196522372
2019-12-07,707960.75,24.912499999999998,-0.038896150429691606,0.0015129105182491985,98.30201129809188,113.1449441442848,0.8733606599099955,0.8586102882409875,0.8906885318774764,1.1627749214042429,0.860512518157401,0.12074971196522372
2019-12-08,791937.5,-16.383333333333333,0.11209382025524928,0.012565024539416133,98.08495911471927,113.1449441442848,0.8733606599099955,0.8586102882409875,0.8906885318774764,1.1627749214042429,0.856451021222246,0.12074971196522372
2019-12-09,617786.5,23.365416666666665,-0.2483395460453503,0.061672530130010665,98.0436667802134,113.1449441442848,0.8733606599099955,0.8586102882409875,0.8906885318774764,1.1627749214042429,0.8701095579577541,0.12074971196522372
2019-12-10,440488.75,40.17375,-0.3382580226237178,0.11441848986930758,98.07229923401239,113.1449441442848,0.8733606599099955,0.8586102882409875,0.8906885318774764,1.1627749214042429,0.8650785796970198,0.12074971196522372
2019-12-11,370095.5,38.11958333333333,-0.1741238254478478,0.03031910658859257,97.46459192770392,113.1449441442848,0.8733606599099955,0.8586102882409875,0.8906885318774764,1.1627749214042429,0.8601674873598607,0.12074971196522372
2019-12-12,286342.5,44.6175,-0.25657243366876936,0.06582941371871505,97.5042455542762,113.1449441442848,0.8733606599099955,0.8586102882409875,0.8906885318774764,1.1627749214042429,0.8557478777071147,0.12074971196522372
2019-12-13,480672.25,36.5325,0.5179969981472531,0.26832089008956533,97.5306815589791,113.1449441442848,0.8733606599099955,0.8586102882409875,0.8906885318774764,1.1627749214042429,0.8522159667458262,0.12074971196522372
2019-12-14,699597.25,23.229166666666668,0.3753191673984165,0.14086447741664057,97.39390223584604,113.1449441442848,0.8733606599099955,0.8586102882409875,0.8906885318774764,1.1627749214042429,0.8491517519962203,0.12074971196522372
2019-12-15,721539.5,12.68125,0.030882311450996146,0.0009537171605563276,97.38699473255102,113.1449441442848,0.8733606599099955,0.8586102882409875,0.8906885318774764,1.1627749214042429,0.8460044985578011,0.12074971196522372
2019-12-16,340733.75,40.83833333333333,-0.7502857432521147,0.5629286965273782,97.94367324715789,113.1449441442848,0.8733606599099955,0.8586102882409875,0.8906885318774764,1.1627749214042429,0.851872633033403,0.12074971196522372
2019-12-17,470815.0,36.71583333333333,0.32336385502329074,0.10456418273552379,97.84634558944232,113.1449441442848,0.8733606599099955,0.8586102882409875,0.8906885318774764,1.1627749214042429,0.8477097493916609,0.12074971196522372
2019-12-18,319003.0,40.204166666666666,-0.38926472841194504,0.15152702878562532,97.98482581976121,113.1449441442848,0.8733606599099955,0.8586102882409875,0.8906885318774764,1.1627749214042429,0.8443080031937424,0.12074971196522372
2019-12-19,415843.25,34.64541666666667,0.26510787923926477,0.07028218763474059,98.0301094128865,113.1449441442848,0.8733606599099955,0.8586102882409875,0.8906885318774764,1.1627749214042429,0.8401863495844174,0.12074971196522372
2019-12-20,507714.25,29.40625,0.19961040294740265,0.03984431296482445,98.0044348172847,113.1449441442848,0.8733606599099955,0.8586102882409875,0.8906885318774764,1.1627749214042429,0.8362708140634248,0.12074971196522372
2019-12-21,318403.5,28.1075,-0.46659934294388283,0.21771494683566317,98.20883319054393,113.1449441442848,0.8733606599099955,0.8586102882409875,0.8906885318774764,1.1627749214042429,0.8328826295542742,0.12074971196522372
2019-12-22,351925.75,26.475416666666664,0.10010076947553077,0.010020164049593354,98.1689469636963,113.1449441442848,0.8733606599099955,0.8586102882409875,0.8906885318774764,1.1627749214042429,0.8291782917706682,0.12074971196522372
2019-12-23,487940.5,24.49625,0.32677325634237836,0.10678076106060172,98.24840972368911,113.1449441442848,0.8733606599099955,0.8586102882409875,0.8906885318774764,1.1627749214042429,0.8258425289468759,0.12074971196522372
2019-12-24,410780.25,20.515416666666667,-0.1721350722144381,0.02963048308626982,98.25648441375773,113.1449441442848,0.8733606599099955,0.8586102882409875,0.8906885318774764,1.1627749214042429,0.8218460453335633,0.12074971196522372
2019-12-25,259437.0,27.24875,-0.45954450141064024,0.21118114877675392,98.45679566279034,113.1449441442848,0.8733606599099955,0.8586102882409875,0.8906885318774764,1.1627749214042429,0.8188211789998964,0.12074971196522372
2019-12-26,118373.0,33.627500000000005,-0.7846732426607866,0.6157120977477938,99.01744440886219,113.1449441442848,0.8733606599099955,0.8586102882409875,0.8906885318774764,1.1627749214042429,0.8216156048693888,0.12074971196522372
2019-12-27,107163.25,37.81666666666667,-0.09948728320688177,0.0098977195198863,98.93623593956028,113.1449441442848,0.8733606599099955,0.8586102882409875,0.8906885318774764,1.1627749214042429,0.8196908857576272,0.12074971196522372
2019-12-28,89104.75,34.2925,-0.18454072875485228,0.03405528056937196,98.67596082640146,113.1449441442848,0.8733606599099955,0.8586102882409875,0.8906885318774764,1.1627749214042429,0.8186048317592316,0.12074971196522372
2019-12-29,220346.0,30.16625,0.9053863942422895,0.8197245228790545,99.44333136004914,113.1449441442848,0.8733606599099955,0.8586102882409875,0.8906885318774764,1.1627749214042429,0.8165096949530009,0.12074971196522372
2019-12-30,529728.0,25.567083333333333,0.877164629078208,0.7694177865059103,98.73693143969881,113.1449441442848,0.8733606599099955,0.8586102882409875,0.8906885318774764,1.1627749214042429,0.8159982259283639,0.12074971196522372
2019-12-31,362779.0,32.735,-0.3785698338284439,0.1433151190848956,98.71639232169699,113.1449441442848,0.8733606599099955,0.8586102882409875,0.8906885318774764,1.1627749214042429,0.8154690909179632,0.12074971196522372
2020-01-01,146903.0,34.964166666666664,-0.904021328407362,0.8172545622154115,99.30400144650038,113.1449441442848,0.8733606599099955,0.8586102882409875,0.8906885318774764,1.1627749214042429,0.8118155259622072,0.12074971196522372
2020-01-02,248349.0,38.869166666666665,0.5250625099427306,0.2756906393473601,99.48298963492971,113.1449441442848,0.8733606599099955,0.8586102882409875,0.8906885318774764,1.1627749214042429,0.8110488167375042,0.12074971196522372
2020-01-03,633375.25,26.11125,0.9362280435370149,0.8765229495051468,100.34772411876988,113.1449441442848,0.8733606599099955,0.8586102882409875,0.8906885318774764,1.1627749214042429,0.8086191882214393,0.12074971196522372
2020-01-04,684308.5,20.322916666666668,0.07734578082701551,0.005982369811740721,100.34121091601703,113.1449441442848,0.8733606599099955,0.8586102882409875,0.8906885318774764,1.1627749214042429,0.8070249847550001,0.12074971196522372
2020-01-05,224019.25,35.5525,-1.1166768536712612,1.2469671955251473,101.06259118572734,113.1449441442848,0.8733606599099955,0.8586102882409875,0.8906885318774764,1.1627749214042429,0.8071955144488308,0.12074971196522372
2020-01-06,253202.0,38.134166666666665,0.12245560347035543,0.014995374821288925,100.58705553376326,113.1449441442848,0.8733606599099955,0.8586102882409875,0.8906885318774764,1.1627749214042429,0.8078941307375496,0.12074971196522372
2020-01-07,373325.75,40.52375,0.3882637737817491,0.15074875803124524,100.59168261823973,113.1449441442848,0.8733606599099955,0.8586102882409875,0.8906885318774764,1.1627749214042429,0.8058250251391695,0.12074971196522372
2020-01-08,473702.25,33.581250000000004,0.2381275968453687,0.056704752379350444,100.53405694938228,113.1449441442848,0.8733606599099955,0.8586102882409875,0.8906885318774764,1.1627749214042429,0.8024321038602243,0.12074971196522372
2020-01-09,435745.75,36.248333333333335,-0.08352002870644099,0.0069755951951247265,100.30435697569838,113.1449441442848,0.8733606599099955,0.8586102882409875,0.8906885318774764,1.1627749214042429,0.8008228873314404,0.12074971196522372
2020-01-10,525884.75,34.79958333333333,0.18802315121284688,0.03535270539200908,100.32575938607259,113.1449441442848,0.8733606599099955,0.8586102882409875,0.8906885318774764,1.1627749214042429,0.7983392309618773,0.12074971196522372
2020-01-11,394649.5,31.855833333333333,-0.2870840530582892,0.08241725352037461,100.31858371383385,113.1449441442848,0.8733606599099955,0.8586102882409875,0.8906885318774764,1.1627749214042429,0.7953478666046354,0.12074971196522372
2020-01-12,659241.0,22.6375,0.5130911440548611,0.26326252210752626,100.45836812340806,113.1449441442848,0.8733606599099955,0.8586102882409875,0.8906885318774764,1.1627749214042429,0.7974643204720118,0.12074971196522372
2020-01-13,350737.25,37.68,-0.6310518056183273,0.3982263813741511,100.70070319105967,113.1449441442848,0.8733606599099955,0.8586102882409875,0.8906885318774764,1.1627749214042429,0.7972798974110799,0.12074971196522372
2020-01-14,779195.75,23.355416666666667,0.7982249303565876,0.6371630394427791,100.4212697555948,113.1449441442848,0.8733606599099955,0.8586102882409875,0.8906885318774764,1.1627749214042429,0.7949879830712068,0.12074971196522372
2020-01-15,729841.0,24.959999999999997,-0.06543559580173182,0.0042818171979276225,99.24360545078679,113.1449441442848,0.8733606599099955,0.8586102882409875,0.8906885318774764,1.1627749214042429,0.8042559112085099,0.12074971196522372
2020-01-16,335565.0,38.17,-0.7770110238676262,0.6037461312118168,99.7772518533815,113.1449441442848,0.8733606599099955,0.8586102882409875,0.8906885318774764,1.1627749214042429,0.806567854530418,0.12074971196522372
2020-01-17,448649.0,36.895,0.2904251665006562,0.08434677733693387,99.85529029029938,113.1449441442848,0.8733606599099955,0.8586102882409875,0.8906885318774764,1.1627749214042429,0.803596567786387,0.12074971196522372
2020-01-18,403080.75,31.847916666666666,-0.1071039307493437,0.011471251981960211,99.8465078216932,113.1449441442848,0.8733606599099955,0.8586102882409875,0.8906885318774764,1.1627749214042429,0.8004103777035484,0.12074971196522372
2020-01-19,171843.0,33.8925,-0.8525556448146222,0.7268511275052763,100.42645313060632,113.1449441442848,0.8733606599099955,0.8586102882409875,0.8906885318774764,1.1627749214042429,0.7978165440695076,0.12074971196522372
2020-01-20,146828.0,44.53375,-0.1573194355811695,0.02474940481157774,100.39178057518629,113.1449441442848,0.8733606599099955,0.8586102882409875,0.8906885318774764,1.1627749214042429,0.795265257486775,0.12074971196522372
2020-01-21,262307.5,41.597500000000004,0.580255645990429,0.33669661470377005,100.72254100281761,113.1449441442848,0.8733606599099955,0.8586102882409875,0.8906885318774764,1.1627749214042429,0.7924133984151643,0.12074971196522372
2020-01-22,192785.5,45.90208333333334,-0.307939307798585,0.09482661728747169,100.81280911487742,113.1449441442848,0.8733606599099955,0.8586102882409875,0.8906885318774764,1.1627749214042429,0.7899642748082172,0.12074971196522372
2020-01-23,66568.25,51.5375,-1.063350434730039,1.130714147040563,101.94045610619074,113.1449441442848,0.8733606599099955,0.8586102882409875,0.8906885318774764,1.1627749214042429,0.7875771119789569,0.12074971196522372
2020-01-24,123761.75,50.244166666666665,0.6201306092870283,0.384561972574701,101.86915349472476,113.1449441442848,0.8733606599099955,0.8586102882409875,0.8906885318774764,1.1627749214042429,0.7854995099317087,0.12074971196522372
2020-01-25,94617.25,40.35,-0.2685185402785971,0.07210220647334858,101.93701360372492,113.1449441442848,0.8733606599099955,0.8586102882409875,0.8906885318774764,1.1627749214042429,0.7827595834151159,0.12074971196522372
2020-01-26,140362.0,33.889583333333334,0.39438499352957335,0.1555395231213216,102.08113933689191,113.1449441442848,0.8733606599099955,0.8586102882409875,0.8906885318774764,1.1627749214042429,0.7801516954346097,0.12074971196522372
2020-01-27,446340.5,37.48833333333334,1.1568573139656222,1.3383188448757541,103.17744307220563,113.1449441442848,0.8733606599099955,0.8586102882409875,0.8906885318774764,1.1627749214042429,0.7772469693340337,0.12074971196522372
2020-01-28,705421.0,31.61,0.4577126740489618,0.20950089198505117,103.00497746997728,113.1449441442848,0.8733606599099955,0.8586102882409875,0.8906885318774764,1.1627749214042429,0.7748774004780233,0.12074971196522372
2020-01-29,720790.75,33.22416666666667,0.021554085546519525,0.0004645786037466819,102.99223471652695,113.1449441442848,0.8733606599099955,0.8586102882409875,0.8906885318774764,1.1627749214042429,0.772278428602923,0.12074971196522372
2020-01-30,702092.0,32.82041666666667,-0.026284423678388152,0.0006908709281050118,100.63921083546133,113.1449441442848,0.8733606599099955,0.8586102882409875,0.8906885318774764,1.1627749214042429,0.7705071316332239,0.12074971196522372
2020-01-31,761464.75,22.483333333333334,0.08117943147709095,0.006590100094943705,100.22043270837435,113.1449441442848,0.8733606599099955,0.8586102882409875,0.8906885318774764,1.1627749214042429,0.7762981457930903,0.12074971196522372
2020-02-01,769991.5,6.835,0.011135594778647118,0.00012400147107423295,100.18017429616715,113.1449441442848,0.8733606599099955,0.8586102882409875,0.8906885318774764,1.1627749214042429,0.775278239971228,0.12074971196522372
2020-02-02,534330.75,16.987916666666667,-0.36536444658097034,0.13349117882541872,99.56906078389558,113.1449441442848,0.8733606599099955,0.8586102882409875,0.8906885318774764,1.1627749214042429,0.7779962777747804,0.12074971196522372
2020-02-03,545318.25,27.657916666666665,0.02035453994307177,0.0004143072962941042,99.53907274637274,113.1449441442848,0.8733606599099955,0.8586102882409875,0.8906885318774764,1.1627749214042429,0.7784981837318122,0.12074971196522372
2020-02-04,563915.0,27.875416666666666,0.03353396173256293,0.0011245265894809949,98.98147809095718,113.1449441442848,0.8733606599099955,0.8586102882409875,0.8906885318774764,1.1627749214042429,0.7757801933643009,0.12074971196522372
2020-02-05,321078.0,36.19916666666666,-0.5632194466536511,0.31721614508884494,99.25042190589797,113.1449441442848,0.8733606599099955,0.8586102882409875,0.8906885318774764,1.1627749214042429,0.7733740122015319,0.12074971196522372
2020-02-06,247978.25,36.919583333333335,-0.2583430435607064,0.06674112815620906,98.05153480223005,113.1449441442848,0.8733606599099955,0.8586102882409875,0.8906885318774764,1.1627749214042429,0.7730897059512635,0.12074971196522372
2020-02-07,169798.0,36.68666666666667,-0.3787315454612038,0.14343758352743188,97.77959792671766,113.1449441442848,0.8733606599099955,0.8586102882409875,0.8906885318774764,1.1627749214042429,0.7707261005857957,0.12074971196522372
2020-02-08,329169.0,28.050416666666667,0.6619618014447743,0.4381934265720109,97.97823765221354,113.1449441442848,0.8733606599099955,0.8586102882409875,0.8906885318774764,1.1627749214042429,0.7795064183314252,0.12074971196522372
2020-02-09,741180.75,1.5662500000000001,0.8116732259865705,0.6588134257834464,98.45760556924517,113.1449441442848,0.8733606599099955,0.8586102882409875,0.8906885318774764,1.1627749214042429,0.7819275768820007,0.12074971196522372
2020-02-10,834276.0,7.881666666666667,0.11831976018734433,0.013999565650790672,98.36672032955057,113.1449441442848,0.8733606599099955,0.8586102882409875,0.8906885318774764,1.1627749214042429,0.8094326798779649,0.12074971196522372
2020-02-11,906445.0,11.62,0.08296607257286112,0.006883369198165259,98.19387694490065,113.1449441442848,0.8733606599099955,0.8586102882409875,0.8906885318774764,1.1627749214042429,0.8102910790287835,0.12074971196522372
2020-02-12,826265.0,19.46125,-0.09261481012365654,0.008577503054240952,98.04633632576456,113.1449441442848,0.8733606599099955,0.8586102882409875,0.8906885318774764,1.1627749214042429,0.8131818870602701,0.12074971196522372
2020-02-13,500563.5,37.58875,-0.5011810814783235,0.25118247643178193,98.0558742958608,113.1449441442848,0.8733606599099955,0.8586102882409875,0.8906885318774764,1.1627749214042429,0.816469124509385,0.12074971196522372
2020-02-14,225884.75,36.03458333333334,-0.7957095503860175,0.6331536885755182,98.55260230692967,113.1449441442848,0.8733606599099955,0.8586102882409875,0.8906885318774764,1.1627749214042429,0.8154363401334221,0.12074971196522372
2020-02-15,537354.5,20.436249999999998,0.866633112233754,0.7510529512199625,98.44377374011276,113.1449441442848,0.8733606599099955,0.8586102882409875,0.8906885318774764,1.1627749214042429,0.8253574911402177,0.12074971196522372
2020-02-16,844532.75,-8.274166666666668,0.45212549015714476,0.2044174588498384,97.1770687805285,113.1449441442848,0.8733606599099955,0.8586102882409875,0.8906885318774764,1.1627749214042429,0.8454255120659542,0.12074971196522372
2020-02-17,724589.0,18.246666666666666,-0.15317891828296873,0.02346378100634041,97.19071484321564,113.1449441442848,0.8733606599099955,0.8586102882409875,0.8906885318774764,1.1627749214042429,0.855402238966472,0.12074971196522372
2020-02-18,785431.75,21.86708333333333,0.08062896903149752,0.006501030647082186,96.95815975658307,113.1449441442848,0.8733606599099955,0.8586102882409875,0.8906885318774764,1.1627749214042429,0.8585320656066898,0.12074971196522372
2020-02-19,681986.25,30.910833333333333,-0.14122407023794586,0.019944238014572267,96.57951768814027,113.1449441442848,0.8733606599099955,0.8586102882409875,0.8906885318774764,1.1627749214042429,0.8551302308001173,0.12074971196522372
2020-02-20,601949.25,28.677083333333332,-0.12483635692029911,0.015584116009132312,96.55060596982429,113.1449441442848,0.8733606599099955,0.8586102882409875,0.8906885318774764,1.1627749214042429,0.8506688921024794,0.12074971196522372
2020-02-21,718435.0,24.327916666666667,0.17690209574803265,0.03129435148004611,96.49857553582419,113.1449441442848,0.8733606599099955,0.8586102882409875,0.8906885318774764,1.1627749214042429,0.8502405404895588,0.12074971196522372
2020-02-22,877084.75,-1.50875,0.19952838878554602,0.03981157793135601,96.08989882031666,113.1449441442848,0.8733606599099955,0.8586102882409875,0.8906885318774764,1.1627749214042429,0.8505716078927577,0.12074971196522372
2020-02-23,754285.0,6.952500000000001,-0.15083334328832915,0.022750697447534947,94.2809415733378,113.1449441442848,0.8733606599099955,0.8586102882409875,0.8906885318774764,1.1627749214042429,0.8677919617481332,0.12074971196522372
2020-02-24,542480.25,28.485833333333332,-0.32961860145288513,0.10864842242375593,94.15821618276998,113.1449441442848,0.8733606599099955,0.8586102882409875,0.8906885318774764,1.1627749214042429,0.8631189841977526,0.12074971196522372
2020-02-25,722295.75,24.10166666666667,0.28628300183580213,0.08195795714011789,93.54550914555652,113.1449441442848,0.8733606599099955,0.8586102882409875,0.8906885318774764,1.1627749214042429,0.8588658012202919,0.12074971196522372
2020-02-26,411324.25,31.67125,-0.5630528481623901,0.3170285098237795,93.84382566185907,113.1449441442848,0.8733606599099955,0.8586102882409875,0.8906885318774764,1.1627749214042429,0.8770457632942175,0.12074971196522372
2020-02-27,253967.0,38.442083333333336,-0.4821774955771792,0.23249513724108067,94.06771980206106,113.1449441442848,0.8733606599099955,0.8586102882409875,0.8906885318774764,1.1627749214042429,0.8984040862372717,0.12074971196522372
2020-02-28,495879.25,31.040000000000003,0.6691281121879136,0.44773243052016104,94.11186235647327,113.1449441442848,0.8733606599099955,0.8586102882409875,0.8906885318774764,1.1627749214042429,0.8931053896355542,0.12074971196522372
2020-02-29,719982.5,8.910416666666666,0.3728944566530509,0.13905027580257404,93.72493319830451,113.1449441442848,0.8733606599099955,0.8586102882409875,0.8906885318774764,1.1627749214042429,0.892039208079453,0.12074971196522372
2020-03-01,624953.25,7.140416666666667,-0.1415500592204186,0.020036419265304015,93.65614481229588,113.1449441442848,0.8733606599099955,0.8586102882409875,0.8906885318774764,1.1627749214042429,0.8918714614200839,0.12074971196522372
2020-03-02,244498.5,33.17916666666667,-0.9384676730119594,0.880721573288482,94.51598388241783,113.1449441442848,0.8733606599099955,0.8586102882409875,0.8906885318774764,1.1627749214042429,0.8956478167119646,0.12074971196522372
2020-03-03,248766.75,36.24916666666667,0.01730653652832403,0.000299516206606214,94.40949523733788,113.1449441442848,0.8733606599099955,0.8586102882409875,0.8906885318774764,1.1627749214042429,0.8996177053218283,0.12074971196522372
2020-03-04,197601.25,39.61083333333333,-0.23026459925041642,0.053021785667954874,94.43442970573425,113.1449441442848,0.8733606599099955,0.8586102882409875,0.8906885318774764,1.1627749214042429,0.8968645598789292,0.12074971196522372
2020-03-05,277952.5,36.071666666666665,0.3411991245777963,0.11641684261265454,94.4678530564232,113.1449441442848,0.8733606599099955,0.8586102882409875,0.8906885318774764,1.1627749214042429,0.89250992187032,0.12074971196522372
2020-03-06,449948.25,30.477500000000003,0.48168234036887214,0.23201787702323398,93.18338108738871,113.1449441442848,0.8733606599099955,0.8586102882409875,0.8906885318774764,1.1627749214042429,0.8887066730566177,0.12074971196522372
2020-03-07,335616.5,29.08875,-0.29316343709347875,0.08594480084846207,93.14134753269437,113.1449441442848,0.8733606599099955,0.8586102882409875,0.8906885318774764,1.1627749214042429,0.889137143156644,0.12074971196522372
2020-03-08,472851.25,17.106666666666666,0.34281171794461174,0.11751987396013604,90.69953890825565,113.1449441442848,0.8733606599099955,0.8586102882409875,0.8906885318774764,1.1627749214042429,0.8900339221170378,0.12074971196522372
2020-03-09,271650.0,37.11333333333334,-0.5542663840049593,0.30721122443793303,91.0043619163743,113.1449441442848,0.8733606599099955,0.8586102882409875,0.8906885318774764,1.1627749214042429,0.9038193821834357,0.12074971196522372
2020-03-10,779745.5,23.249583333333334,1.0544531113932534,1.111871364126913,92.10830635431023,113.1449441442848,0.8733606599099955,0.8586102882409875,0.8906885318774764,1.1627749214042429,0.9050011045542697,0.12074971196522372
2020-03-11,613054.5,22.6875,-0.24051374539188644,0.057846861722433175,91.96931665742164,113.1449441442848,0.8733606599099955,0.8586102882409875,0.8906885318774764,1.1627749214042429,0.914154331698388,0.12074971196522372
2020-03-12,799154.75,12.23625,0.2651007676134029,0.07027841698921544,92.0395891057314,113.1449441442848,0.8733606599099955,0.8586102882409875,0.8906885318774764,1.1627749214042429,0.9094001119773255,0.12074971196522372
2020-03-13,693030.75,16.537499999999998,-0.14248023611244742,0.020300617682658766,92.03234899564445,113.1449441442848,0.8733606599099955,0.8586102882409875,0.8906885318774764,1.1627749214042429,0.9230662090843154,0.12074971196522372
2020-03-14,171427.0,30.267083333333332,-1.396916850487757,1.9513766871766343,93.97963411911236,113.1449441442848,0.8733606599099955,0.8586102882409875,0.8906885318774764,1.1627749214042429,0.916893060376871,0.12074971196522372
2020-03-15,492866.0,4.648333333333333,1.0560798118110106,1.1153045689147796,95.07281709349427,113.1449441442848,0.8733606599099955,0.8586102882409875,0.8906885318774764,1.1627749214042429,0.9208625153732017,0.12074971196522372
2020-03-16,165366.0,31.190833333333334,-1.092076132637614,1.1926302794767276,96.1487344278222,113.1449441442848,0.8733606599099955,0.8586102882409875,0.8906885318774764,1.1627749214042429,0.933374361407668,0.12074971196522372
2020-03-17,170798.5,28.182916666666667,0.03232329992900641,0.001044795718300506,96.12837934650932,113.1449441442848,0.8733606599099955,0.8586102882409875,0.8906885318774764,1.1627749214042429,0.9310463210382037,0.12074971196522372
2020-03-18,297808.25,26.41875,0.5559653239081636,0.30909744138830925,96.10032394474965,113.1449441442848,0.8733606599099955,0.8586102882409875,0.8906885318774764,1.1627749214042429,0.9269568795198398,0.12074971196522372
2020-03-19,55727.5,28.690833333333334,-1.6759760815897138,2.808895826060811,98.2481818476885,113.1449441442848,0.8733606599099955,0.8586102882409875,0.8906885318774764,1.1627749214042429,0.9220071081688817,0.12074971196522372
2020-03-20,180804.0,25.135416666666668,1.1769398301742013,1.385187363850478,99.24756458585355,113.1449441442848,0.8733606599099955,0.8586102882409875,0.8906885318774764,1.1627749214042429,0.9340261898453299,0.12074971196522372
2020-03-21,540956.25,10.736666666666666,1.0959248352077224,1.2010512444250736,99.9736795805126,113.1449441442848,0.8733606599099955,0.8586102882409875,0.8906885318774764,1.1627749214042429,0.9274528689355075,0.12074971196522372
2020-03-22,471800.75,-0.9470833333333335,-0.13678165018592894,0.018709219827585836,99.75248065250499,113.1449441442848,0.8733606599099955,0.8586102882409875,0.8906885318774764,1.1627749214042429,0.9215162948719048,0.12074971196522372
2020-03-23,367145.5,16.982916666666664,-0.2507985293773221,0.0628999023378275,99.67825411631448,113.1449441442848,0.8733606599099955,0.8586102882409875,0.8906885318774764,1.1627749214042429,0.9154783128093414,0.12074971196522372
2020-03-24,328208.25,20.451666666666664,-0.11210991180004723,0.01256863232381437,99.62780650245723,113.1449441442848,0.8733606599099955,0.8586102882409875,0.8906885318774764,1.1627749214042429,0.9095569643174136,0.12074971196522372
2020-03-25,376735.5,23.06125,0.13789503425399802,0.019015040471911285,97.3747140240193,113.1449441442848,0.8733606599099955,0.8586102882409875,0.8906885318774764,1.1627749214042429,0.9038467631499021,0.12074971196522372
2020-03-26,412205.0,22.229166666666668,0.08997744871118037,0.008095941276573093,97.34570975092142,113.1449441442848,0.8733606599099955,0.8586102882409875,0.8906885318774764,1.1627749214042429,0.8984937237592396,0.12074971196522372
2020-03-27,337144.75,21.548333333333332,-0.20100843506139313,0.040404390965830296,97.24581967766632,113.1449441442848,0.8733606599099955,0.8586102882409875,0.8906885318774764,1.1627749214042429,0.8936850905452762,0.12074971196522372
2020-03-28,278824.5,14.241666666666667,-0.1899298117158558,0.03607333337842043,96.47702768845704,113.1449441442848,0.8733606599099955,0.8586102882409875,0.8906885318774764,1.1627749214042429,0.8882645605660571,0.12074971196522372
2020-03-29,522814.0,4.222608695652174,0.6286432086349514,0.395192283762847,96.83534200026322,113.1449441442848,0.8733606599099955,0.8586102882409875,0.8906885318774764,1.1627749214042429,0.8834824527835554,0.12074971196522372
2020-03-30,220778.25,23.320000000000004,-0.8620669561582783,0.743159436899999,96.72453609034115,113.1449441442848,0.8733606599099955,0.8586102882409875,0.8906885318774764,1.1627749214042429,0.8845564219042247,0.12074971196522372
2020-03-31,114526.75,25.17,-0.6563503839536791,0.4307958265161419,96.94792244029375,113.1449441442848,0.8733606599099955,0.8586102882409875,0.8906885318774764,1.1627749214042429,0.8809017147762601,0.12074971196522372
2020-04-01,202767.25,23.360833333333332,0.5712503493618776,0.32632696164606717,96.94507286397497,113.1449441442848,0.8733606599099955,0.8586102882409875,0.8906885318774764,1.1627749214042429,0.8783631809626686,0.12074971196522372
2020-04-02,330438.25,19.951666666666664,0.48836103418689253,0.23849649971209122,97.10014012273642,113.1449441442848,0.8733606599099955,0.8586102882409875,0.8906885318774764,1.1627749214042429,0.8813195887799704,0.12074971196522372
2020-04-03,349107.25,22.532916666666665,0.054959377872416594,0.003020533216123075,96.57822639816374,113.1449441442848,0.8733606599099955,0.8586102882409875,0.8906885318774764,1.1627749214042429,0.8850875214491346,0.12074971196522372
2020-04-04,98705.25,20.145416666666666,-1.2632410450695057,1.595777937948297,98.13946561862318,113.1449441442848,0.8733606599099955,0.8586102882409875,0.8906885318774764,1.1627749214042429,0.8798453580151833,0.12074971196522372
2020-04-05,392586.75,2.6816666666666666,1.380619395395438,1.9061099149420648,99.59853884263609,113.1449441442848,0.8733606599099955,0.8586102882409875,0.8906885318774764,1.1627749214042429,0.8777264125910863,0.12074971196522372
2020-04-06,305788.25,17.335416666666667,-0.2498646629592794,0.06243234979575429,99.37922851246033,113.1449441442848,0.8733606599099955,0.8586102882409875,0.8906885318774764,1.1627749214042429,0.8743108977121506,0.12074971196522372
2020-04-07,142351.5,23.539583333333336,-0.7645935178740131,0.5846032475749587,99.84329482041011,113.1449441442848,0.8733606599099955,0.8586102882409875,0.8906885318774764,1.1627749214042429,0.8695266179101733,0.12074971196522372
2020-04-08,136497.75,26.512083333333333,-0.04199122010364987,0.0017632625657931689,99.52435851560175,113.1449441442848,0.8733606599099955,0.8586102882409875,0.8906885318774764,1.1627749214042429,0.873318941006774,0.12074971196522372
2020-04-09,131106.75,23.510416666666668,-0.040296254114265906,0.001623788095641492,98.56494523128897,113.1449441442848,0.8733606599099955,0.8586102882409875,0.8906885318774764,1.1627749214042429,0.8682763175466801,0.12074971196522372
2020-04-10,93814.5,23.13875,-0.3346924485713927,0.11201903513071435,98.67589051981389,113.1449441442848,0.8733606599099955,0.8586102882409875,0.8906885318774764,1.1627749214042429,0.8632698749387092,0.12074971196522372
2020-04-11,62444.75,20.855833333333333,-0.4070372625030838,0.16567933306600435,98.50399450600936,113.1449441442848,0.8733606599099955,0.8586102882409875,0.8906885318774764,1.1627749214042429,0.8601625009295679,0.12074971196522372
2020-04-12,126673.25,12.450000000000001,0.7073287706020132,0.5003139897213553,98.67474842915352,113.1449441442848,0.8733606599099955,0.8586102882409875,0.8906885318774764,1.1627749214042429,0.864318478960367,0.12074971196522372
2020-04-13,436641.0,-15.96625,1.237500410787655,1.531407266699615,99.71752612719911,113.1449441442848,0.8733606599099955,0.8586102882409875,0.8906885318774764,1.1627749214042429,0.8613447072829749,0.12074971196522372
2020-04-14,260043.0,19.900000000000002,-0.5182643452172176,0.26859793152343137,99.84908544178438,113.1449441442848,0.8733606599099955,0.8586102882409875,0.8906885318774764,1.1627749214042429,0.8750644406191855,0.12074971196522372
2020-04-15,237602.75,20.170833333333334,-0.09024684046079973,0.008144492213157039,99.8392122760558,113.1449441442848,0.8733606599099955,0.8586102882409875,0.8906885318774764,1.1627749214042429,0.871363917768429,0.12074971196522372
2020-04-16,139498.0,25.316666666666666,-0.5325498972545019,0.2836093930657805,99.77479396933192,113.1449441442848,0.8733606599099955,0.8586102882409875,0.8906885318774764,1.1627749214042429,0.8721671401051135,0.12074971196522372
2020-04-17,72750.25,27.77,-0.6510179217692688,0.42382433446477774,99.68269617439367,113.1449441442848,0.8733606599099955,0.8586102882409875,0.8906885318774764,1.1627749214042429,0.868335357914475,0.12074971196522372
2020-04-18,164605.0,20.234583333333333,0.8165163219805105,0.6666989040605806,98.48270496422434,113.1449441442848,0.8733606599099955,0.8586102882409875,0.8906885318774764,1.1627749214042429,0.8780866963839057,0.12074971196522372
2020-04-19,336693.0,7.410416666666666,0.7156228714777987,0.51211609418213,98.65883194779181,113.1449441442848,0.8733606599099955,0.8586102882409875,0.8906885318774764,1.1627749214042429,0.8742405738028456,0.12074971196522372
2020-04-20,550362.0,2.4416666666666664,0.49140470760791743,0.24147858665922284,98.73174458020264,113.1449441442848,0.8733606599099955,0.8586102882409875,0.8906885318774764,1.1627749214042429,0.8690965355776631,0.12074971196522372
2020-04-21,633019.5,-16.149583333333336,0.1399249838188537,0.01957900109670647,98.7184147909994,113.1449441442848,0.8733606599099955,0.8586102882409875,0.8906885318774764,1.1627749214042429,0.8640691351515346,0.12074971196522372
2020-04-22,458193.0,7.87625,-0.3232107346257374,0.10446517897730885,98.45984895955964,113.1449441442848,0.8733606599099955,0.8586102882409875,0.8906885318774764,1.1627749214042429,0.8708688848852618,0.12074971196522372
2020-04-23,133094.5,27.756249999999998,-1.2362310904979312,1.5282673091137042,99.10850995765583,113.1449441442848,0.8733606599099955,0.8586102882409875,0.8906885318774764,1.1627749214042429,0.8657993699286345,0.12074971196522372
2020-04-24,256705.5,20.65041666666667,0.6568701112031984,0.4314783429921022,99.07397424837292,113.1449441442848,0.8733606599099955,0.8586102882409875,0.8906885318774764,1.1627749214042429,0.8705170143748091,0.12074971196522372
2020-04-25,171716.25,16.862083333333334,-0.40208610819412594,0.16167323840269834,98.66044938009559,113.1449441442848,0.8733606599099955,0.8586102882409875,0.8906885318774764,1.1627749214042429,0.8743343274536416,0.12074971196522372
2020-04-26,35889.0,18.889166666666664,-1.5654125633854217,2.450516493604917,100.93965562752823,113.1449441442848,0.8733606599099955,0.8586102882409875,0.8906885318774764,1.1627749214042429,0.8718724165023473,0.12074971196522372
2020-04-27,65222.25,25.499583333333334,0.5973698265292877,0.3568507096476313,101.29544026183,113.1449441442848,0.8733606599099955,0.8586102882409875,0.8906885318774764,1.1627749214042429,0.8732865209436472,0.12074971196522372
2020-04-28,118805.5,25.060000000000002,0.5996870337670358,0.35962453846830594,101.07530737564129,113.1449441442848,0.8733606599099955,0.8586102882409875,0.8906885318774764,1.1627749214042429,0.8682254876295313,0.12074971196522372
2020-04-29,177967.0,23.052916666666665,0.40411043769300337,0.16330524585243075,100.84597119925593,113.1449441442848,0.8733606599099955,0.8586102882409875,0.8906885318774764,1.1627749214042429,0.868062282975411,0.12074971196522372
2020-04-30,349928.25,20.004166666666666,0.6761299936218835,0.45715176827512827,101.05090313368038,113.1449441442848,0.8733606599099955,0.8586102882409875,0.8906885318774764,1.1627749214042429,0.8631746022603474,0.12074971196522372
2020-05-01,354317.75,6.53125,0.012465975934776162,0.0001554005560064184,100.99408186744091,113.1449441442848,0.8733606599099955,0.8586102882409875,0.8906885318774764,1.1627749214042429,0.858899296496006,0.12074971196522372
2020-05-02,318080.0,12.47375,-0.10789118593465413,0.01164050800238611,100.66774518466022,113.1449441442848,0.8733606599099955,0.8586102882409875,0.8906885318774764,1.1627749214042429,0.8545347147638577,0.12074971196522372
2020-05-03,124759.75,14.055416666666666,-0.9359130355780013,0.8759332101648292,101.52995927861839,113.1449441442848,0.8733606599099955,0.8586102882409875,0.8906885318774764,1.1627749214042429,0.8507999168068849,0.12074971196522372
2020-05-04,129897.75,26.37708333333333,0.0403577146201693,0.0016287451293630268,101.30740484117703,113.1449441442848,0.8733606599099955,0.8586102882409875,0.8906885318774764,1.1627749214042429,0.8464994823970449,0.12074971196522372
2020-05-05,198059.5,21.71875,0.4218198880920641,0.1779320179900015,101.48046559874977,113.1449441442848,0.8733606599099955,0.8586102882409875,0.8906885318774764,1.1627749214042429,0.8433953686624133,0.12074971196522372
2020-05-06,199751.5,21.486666666666665,0.008506603402481083,7.236230144710274e-05,101.45699749419124,113.1449441442848,0.8733606599099955,0.8586102882409875,0.8906885318774764,1.1627749214042429,0.8390056168408943,0.12074971196522372
2020-05-07,110727.25,23.830416666666665,-0.5900041237879871,0.34810486608683033,101.79354514288858,113.1449441442848,0.8733606599099955,0.8586102882409875,0.8906885318774764,1.1627749214042429,0.8351621003013655,0.12074971196522372
2020-05-08,43454.5,23.782916666666665,-0.9353555565495013,0.8748900171680274,101.46199072546132,113.1449441442848,0.8733606599099955,0.8586102882409875,0.8906885318774764,1.1627749214042429,0.8309884987743743,0.12074971196522372
2020-05-09,66031.25,21.98375,0.4184137011488965,0.17507002530911805,99.50958195285678,113.1449441442848,0.8733606599099955,0.8586102882409875,0.8906885318774764,1.1627749214042429,0.8300721491501206,0.12074971196522372
2020-05-10,176826.0,12.579583333333334,0.9850380833986534,0.9703000257456924,100.09905264695412,113.1449441442848,0.8733606599099955,0.8586102882409875,0.8906885318774764,1.1627749214042429,0.8420820470844096,0.12074971196522372
2020-05-11,515282.75,14.069166666666668,1.0695495809136177,1.1439363060324954,101.08125230714316,113.1449441442848,0.8733606599099955,0.8586102882409875,0.8906885318774764,1.1627749214042429,0.8418430247448937,0.12074971196522372
2020-05-12,214706.0,22.273750000000003,-0.8754461286632249,0.7664059241914277,101.62414504804904,113.1449441442848,0.8733606599099955,0.8586102882409875,0.8906885318774764,1.1627749214042429,0.8448761830327948,0.12074971196522372
2020-05-13,112182.75,29.758333333333336,-0.6491404125120035,0.42138327515625407,102.04518873207951,113.1449441442848,0.8733606599099955,0.8586102882409875,0.8906885318774764,1.1627749214042429,0.8404269703090372,0.12074971196522372
2020-05-14,174405.75,22.78625,0.4412552431614881,0.19470618961750402,101.96360235722184,113.1449441442848,0.8733606599099955,0.8586102882409875,0.8906885318774764,1.1627749214042429,0.8396437278290474,0.12074971196522372
2020-05-15,213365.75,21.08375,0.20162334815204017,0.0406519745200388,101.68325129643398,113.1449441442848,0.8733606599099955,0.8586102882409875,0.8906885318774764,1.1627749214042429,0.8358806073153869,0.12074971196522372
2020-05-16,216274.5,16.955833333333334,0.013540604925404529,0.00018334798174588938,100.64556163717377,113.1449441442848,0.8733606599099955,0.8586102882409875,0.8906885318774764,1.1627749214042429,0.8396453743800263,0.12074971196522372
2020-05-17,220680.25,9.462916666666667,0.02016638707334529,0.000406683167591988,99.26972249590112,113.1449441442848,0.8733606599099955,0.8586102882409875,0.8906885318774764,1.1627749214042429,0.8378632080258047,0.12074971196522372
2020-05-18,202605.75,19.7425,-0.08545284880740552,0.007302189369301306,97.10139598183902,113.1449441442848,0.8733606599099955,0.8586102882409875,0.8906885318774764,1.1627749214042429,0.8367324416786249,0.12074971196522372
2020-05-19,149147.0,23.687083333333334,-0.3063295756789924,0.09383780893567152,96.44458489317581,113.1449441442848,0.8733606599099955,0.8586102882409875,0.8906885318774764,1.1627749214042429,0.8325064981401737,0.12074971196522372
2020-05-20,42107.75,32.05166666666667,-1.264700587521887,1.5994675760782064,98.03585084058786,113.1449441442848,0.8733606599099955,0.8586102882409875,0.8906885318774764,1.1627749214042429,0.8286312023918561,0.12074971196522372
2020-05-21,49325.0,19.579583333333332,0.158199242651313,0.02502700037544901,98.00745228473468,113.1449441442848,0.8733606599099955,0.8586102882409875,0.8906885318774764,1.1627749214042429,0.8554204065137216,0.12074971196522372
2020-05-22,217201.25,18.8325,1.4823932911989979,2.197489869791797,100.16082666162328,113.1449441442848,0.8733606599099955,0.8586102882409875,0.8906885318774764,1.1627749214042429,0.8603780123087708,0.12074971196522372
2020-05-23,324092.5,10.264999999999999,0.4002046257662053,0.16016374248466844,98.40223990523853,113.1449441442848,0.8733606599099955,0.8586102882409875,0.8906885318774764,1.1627749214042429,0.8815401717643182,0.12074971196522372
2020-05-24,418961.75,-26.13083333333333,0.2567506580983649,0.06592090043394347,95.97253995029948,113.1449441442848,0.8733606599099955,0.8586102882409875,0.8906885318774764,1.1627749214042429,0.8773907173486601,0.12074971196522372
2020-05-25,338691.0,18.630416666666665,-0.21269143968934456,0.0452376485171261,95.25880274017754,113.1449441442848,0.8733606599099955,0.8586102882409875,0.8906885318774764,1.1627749214042429,0.8831376533923041,0.12074971196522372
2020-05-26,43102.25,27.425,-2.061512987359457,4.249835797051712,97.93174474482811,113.1449441442848,0.8733606599099955,0.8586102882409875,0.8906885318774764,1.1627749214042429,0.8778976672956791,0.12074971196522372
2020-05-27,96718.25,22.89708333333333,0.8082269127537288,0.6532307424994236,98.50009012133508,113.1449441442848,0.8733606599099955,0.8586102882409875,0.8906885318774764,1.1627749214042429,0.9077193942555881,0.12074971196522372
2020-05-28,230288.5,20.41208333333333,0.867530758035114,0.7526096161369796,98.67604931737361,113.1449441442848,0.8733606599099955,0.8586102882409875,0.8906885318774764,1.1627749214042429,0.9059497877613376,0.12074971196522372
2020-05-29,129389.25,22.692083333333333,-0.5765075678306257,0.33236097576598356,98.77754485566888,113.1449441442848,0.8733606599099955,0.8586102882409875,0.8906885318774764,1.1627749214042429,0.9007558054866598,0.12074971196522372
2020-05-30,230612.0,12.536666666666667,0.5779113417606762,0.33398151893562505,98.97285683637388,113.1449441442848,0.8733606599099955,0.8586102882409875,0.8906885318774764,1.1627749214042429,0.903689672229827,0.12074971196522372
2020-05-31,252241.5,1.6612500000000006,0.08965031729419683,0.008037179390950167,98.9125810317666,113.1449441442848,0.8733606599099955,0.8586102882409875,0.8906885318774764,1.1627749214042429,0.8997672038721001,0.12074971196522372
2020-06-01,201277.5,6.070416666666667,-0.22570240901033914,0.05094157743307042,98.89660758114306,113.1449441442848,0.8733606599099955,0.8586102882409875,0.8906885318774764,1.1627749214042429,0.8947193186300336,0.12074971196522372
2020-06-02,95300.75,28.341250000000002,-0.7476468724124324,0.558975845828092,99.14413287983979,113.1449441442848,0.8733606599099955,0.8586102882409875,0.8906885318774764,1.1627749214042429,0.8891303806014386,0.12074971196522372
2020-06-03,91407.5,28.839583333333334,-0.04171014852736343,0.001739736490174718,98.89168303428359,113.1449441442848,0.8733606599099955,0.8586102882409875,0.8906885318774764,1.1627749214042429,0.8986920593857242,0.12074971196522372
2020-06-04,142009.75,26.5525,0.4405681852295658,0.19410032583647302,98.9624218833866,113.1449441442848,0.8733606599099955,0.8586102882409875,0.8906885318774764,1.1627749214042429,0.8930353552967952,0.12074971196522372
2020-06-05,373514.25,24.3,0.967060439239555,0.935205893142201,99.71414912798932,113.1449441442848,0.8733606599099955,0.8586102882409875,0.8906885318774764,1.1627749214042429,0.8878062066465233,0.12074971196522372
2020-06-06,402458.75,6.685,0.0746364506791546,0.005570599769981878,99.35778597190162,113.1449441442848,0.8733606599099955,0.8586102882409875,0.8906885318774764,1.1627749214042429,0.8847887572575721,0.12074971196522372
2020-06-07,222535.0,17.643333333333334,-0.5925082145284726,0.3510659842837185,99.70151899279777,113.1449441442848,0.8733606599099955,0.8586102882409875,0.8906885318774764,1.1627749214042429,0.8858797591611097,0.12074971196522372
2020-06-08,39562.5,31.36916666666667,-1.7272026927018085,2.983229141676378,102.66584171994698,113.1449441442848,0.8733606599099955,0.8586102882409875,0.8906885318774764,1.1627749214042429,0.8813806898948471,0.12074971196522372
2020-06-09,85117.5,36.67666666666667,0.7661509549568717,0.5869872857813264,102.89680360395268,113.1449441442848,0.8733606599099955,0.8586102882409875,0.8906885318774764,1.1627749214042429,0.8809438776843563,0.12074971196522372
2020-06-10,111600.25,31.364583333333332,0.270890635226804,0.0733817362535814,102.95055731975532,113.1449441442848,0.8733606599099955,0.8586102882409875,0.8906885318774764,1.1627749214042429,0.8829827258412867,0.12074971196522372
2020-06-11,117266.0,24.063333333333333,0.04952156848279463,0.0024523857449961187,102.86958685138629,113.1449441442848,0.8733606599099955,0.8586102882409875,0.8906885318774764,1.1627749214042429,0.8778446439307223,0.12074971196522372
2020-06-12,173107.75,20.722083333333334,0.38946937441727425,0.15168639360898295,103.0095601668542,113.1449441442848,0.8733606599099955,0.8586102882409875,0.8906885318774764,1.1627749214042429,0.8836333985557545,0.12074971196522372
2020-06-13,198404.0,19.844166666666666,0.1363911229497194,0.018602538419485472,103.00953516388991,113.1449441442848,0.8733606599099955,0.8586102882409875,0.8906885318774764,1.1627749214042429,0.878623415114963,0.12074971196522372
2020-06-14,206342.75,18.506666666666668,0.03923326516324963,0.001539249095369857,103.00829222490195,113.1449441442848,0.8733606599099955,0.8586102882409875,0.8906885318774764,1.1627749214042429,0.878909525784682,0.12074971196522372
2020-06-15,114017.25,31.05333333333333,-0.5931888683642187,0.35187303355122235,102.8219871363646,113.1449441442848,0.8733606599099955,0.8586102882409875,0.8906885318774764,1.1627749214042429,0.8775229143712412,0.12074971196522372
2020-06-16,22598.25,34.12,-1.6184772830851064,2.619468715862548,103.72228269723902,113.1449441442848,0.8733606599099955,0.8586102882409875,0.8906885318774764,1.1627749214042429,0.8767674692572153,0.12074971196522372
2020-06-17,61694.75,37.235,1.0043263684982675,1.0086714544609179,104.72860579185156,113.1449441442848,0.8733606599099955,0.8586102882409875,0.8906885318774764,1.1627749214042429,0.8936571671086173,0.12074971196522372
2020-06-18,115743.75,31.80333333333333,0.6291798576781277,0.395867293307869,105.09250614957803,113.1449441442848,0.8733606599099955,0.8586102882409875,0.8906885318774764,1.1627749214042429,0.8881536412308783,0.12074971196522372
2020-06-19,128704.5,29.853333333333335,0.10614038319760473,0.011265780945334373,105.0368175483435,113.1449441442848,0.8733606599099955,0.8586102882409875,0.8906885318774764,1.1627749214042429,0.8836919803227402,0.12074971196522372
2020-06-20,232591.75,24.08458333333333,0.5917656918141052,0.3501866340082265,105.24896810155154,113.1449441442848,0.8733606599099955,0.8586102882409875,0.8906885318774764,1.1627749214042429,0.8824315182737003,0.12074971196522372
2020-06-21,89358.75,19.499583333333334,-0.9566256045384645,0.9151325472585826,106.08994842338852,113.1449441442848,0.8733606599099955,0.8586102882409875,0.8906885318774764,1.1627749214042429,0.879466209677179,0.12074971196522372
2020-06-22,132824.25,29.58,0.39636765949225544,0.15710732149136855,106.1261753636412,113.1449441442848,0.8733606599099955,0.8586102882409875,0.8906885318774764,1.1627749214042429,0.8916800723545261,0.12074971196522372
2020-06-23,72021.25,32.74166666666667,-0.6120656114336496,0.3746243126996473,106.2429761400135,113.1449441442848,0.8733606599099955,0.8586102882409875,0.8906885318774764,1.1627749214042429,0.8889182815181206,0.12074971196522372
2020-06-24,120122.75,35.57041666666667,0.511552922265935,0.2616863922788177,105.7878953484989,113.1449441442848,0.8733606599099955,0.8586102882409875,0.8906885318774764,1.1627749214042429,0.8988802193769236,0.12074971196522372
2020-06-25,187518.5,34.45041666666666,0.44536337058393183,0.1983485318578806,105.90644050812452,113.1449441442848,0.8733606599099955,0.8586102882409875,0.8906885318774764,1.1627749214042429,0.8946499442500306,0.12074971196522372
2020-06-26,140000.5,34.803333333333335,-0.29223151317839857,0.08539925729453654,105.80950108223594,113.1449441442848,0.8733606599099955,0.8586102882409875,0.8906885318774764,1.1627749214042429,0.8976489280856699,0.12074971196522372
2020-06-27,148458.75,26.830833333333334,0.05866114784608547,0.003441130266620298,105.77559830735152,113.1449441442848,0.8733606599099955,0.8586102882409875,0.8906885318774764,1.1627749214042429,0.8923395950581547,0.12074971196522372
2020-06-28,235077.5,17.107083333333332,0.4596081051327609,0.211239610303727,104.84177113828733,113.1449441442848,0.8733606599099955,0.8586102882409875,0.8906885318774764,1.1627749214042429,0.8888344604485,0.12074971196522372
2020-06-29,242212.75,27.480833333333333,0.029901225167343382,0.0008940832665081693,104.81499335549114,113.1449441442848,0.8733606599099955,0.8586102882409875,0.8906885318774764,1.1627749214042429,0.8900809996760825,0.12074971196522372
2020-06-30,462220.0,18.354166666666668,0.646224496037537,0.41760609927896863,105.18128605679748,113.1449441442848,0.8733606599099955,0.8586102882409875,0.8906885318774764,1.1627749214042429,0.8910133092695813,0.12074971196522372
2020-07-01,280021.0,32.385,-0.5011763678583346,0.25117775169967277,105.39862011556559,113.1449441442848,0.8733606599099955,0.8586102882409875,0.8906885318774764,1.1627749214042429,0.9005075549007517,0.12074971196522372
2020-07-02,162583.0,38.91375,-0.5436759597545321,0.2955835492150116,105.52505170709436,113.1449441442848,0.8733606599099955,0.8586102882409875,0.8906885318774764,1.1627749214042429,0.8970360534648303,0.12074971196522372
2020-07-03,189953.5,34.93125,0.15559066476307448,0.024208454961415427,105.077565758847,113.1449441442848,0.8733606599099955,0.8586102882409875,0.8906885318774764,1.1627749214042429,0.8943323399810492,0.12074971196522372
2020-07-04,474303.75,15.403333333333334,0.9150686338752098,0.8373506047022427,105.75350354382573,113.1449441442848,0.8733606599099955,0.8586102882409875,0.8906885318774764,1.1627749214042429,0.8897451981282507,0.12074971196522372
2020-07-05,552031.75,-15.337083333333332,0.15175762349829136,0.023030376289849153,105.72649256084055,113.1449441442848,0.8733606599099955,0.8586102882409875,0.8906885318774764,1.1627749214042429,0.9154249616428659,0.12074971196522372
2020-07-06,551159.25,14.282499999999999,-0.0015817753805409678,2.5020133544855234e-06,105.08200126112983,113.1449441442848,0.8733606599099955,0.8586102882409875,0.8906885318774764,1.1627749214042429,0.9216336122990947,0.12074971196522372
2020-07-07,218459.75,31.902083333333334,-0.9254220003179068,0.8564058786723958,105.54453860509606,113.1449441442848,0.8733606599099955,0.8586102882409875,0.8906885318774764,1.1627749214042429,0.9214848238826937,0.12074971196522372
2020-07-08,103199.75,41.21375,-0.7499353564765782,0.5624030388936524,106.10464389582626,113.1449441442848,0.8733606599099955,0.8586102882409875,0.8906885318774764,1.1627749214042429,0.9154584525820602,0.12074971196522372
2020-07-09,156874.25,42.42333333333333,0.418778098434218,0.17537509572817955,106.22559828340721,113.1449441442848,0.8733606599099955,0.8586102882409875,0.8906885318774764,1.1627749214042429,0.9105989148627048,0.12074971196522372
2020-07-10,297950.75,36.61875,0.6414836753925665,0.4115013057951556,105.9882385948116,113.1449441442848,0.8733606599099955,0.8586102882409875,0.8906885318774764,1.1627749214042429,0.9320758740923637,0.12074971196522372
2020-07-11,137019.75,28.601249999999997,-0.7768031283687643,0.6034231002434989,106.46097236460494,113.1449441442848,0.8733606599099955,0.8586102882409875,0.8906885318774764,1.1627749214042429,0.9361380606396045,0.12074971196522372
2020-07-12,91636.75,24.771666666666665,-0.40229268392803186,0.16183940354201934,106.13424131969579,113.1449441442848,0.8733606599099955,0.8586102882409875,0.8906885318774764,1.1627749214042429,0.9313168474454435,0.12074971196522372
2020-07-13,46016.75,34.17541666666667,-0.6888269314494162,0.4744825414900187,106.60561463584116,113.1449441442848,0.8733606599099955,0.8586102882409875,0.8906885318774764,1.1627749214042429,0.9248071517974992,0.12074971196522372
2020-07-14,83111.25,36.76333333333333,0.5911746111153763,0.34948742082741635,106.8335029551562,113.1449441442848,0.8733606599099955,0.8586102882409875,0.8906885318774764,1.1627749214042429,0.9212360688274929,0.12074971196522372
2020-07-15,50711.0,41.709583333333335,-0.4940372221710287,0.24407277689046636,106.79984430029498,113.1449441442848,0.8733606599099955,0.8586102882409875,0.8906885318774764,1.1627749214042429,0.9155321991704561,0.12074971196522372
2020-07-16,48841.75,44.44583333333333,-0.037557369702417506,0.0014105560189640685,106.08897411125407,113.1449441442848,0.8733606599099955,0.8586102882409875,0.8906885318774764,1.1627749214042429,0.9149915138810324,0.12074971196522372
2020-07-17,43369.75,37.577083333333334,-0.11882328640898865,0.014118973393032546,105.56564108599379,113.1449441442848,0.8733606599099955,0.8586102882409875,0.8906885318774764,1.1627749214042429,0.9171350175177048,0.12074971196522372
2020-07-18,14137.75,29.012916666666666,-1.1209136687255739,1.2564474527358256,106.79425409613269,113.1449441442848,0.8733606599099955,0.8586102882409875,0.8906885318774764,1.1627749214042429,0.917289747367553,0.12074971196522372
2020-07-19,53098.25,27.779583333333335,1.323295446267463,1.7511108381122042,108.39523800116571,113.1449441442848,0.8733606599099955,0.8586102882409875,0.8906885318774764,1.1627749214042429,0.9112164148852183,0.12074971196522372
2020-07-20,125729.0,32.9625,0.8619848260028888,0.7430178402592306,107.50396331408204,113.1449441442848,0.8733606599099955,0.8586102882409875,0.8906885318774764,1.1627749214042429,0.9052403981994392,0.12074971196522372
2020-07-21,119876.75,31.713333333333335,-0.04766466538500888,0.002271920326264864,107.43685855319544,113.1449441442848,0.8733606599099955,0.8586102882409875,0.8906885318774764,1.1627749214042429,0.8998994442159157,0.12074971196522372
2020-07-22,71569.5,34.35166666666667,-0.5157951260784766,0.2660446120863115,107.54226828621394,113.1449441442848,0.8733606599099955,0.8586102882409875,0.8906885318774764,1.1627749214042429,0.8942963393448805,0.12074971196522372
2020-07-23,43399.25,35.691250000000004,-0.5002268457076658,0.2502268971666409,107.78941732243625,113.1449441442848,0.8733606599099955,0.8586102882409875,0.8906885318774764,1.1627749214042429,0.8918177128239262,0.12074971196522372
2020-07-24,209360.25,31.155,1.5736142924855285,2.4762619415147307,110.18952342250668,113.1449441442848,0.8733606599099955,0.8586102882409875,0.8906885318774764,1.1627749214042429,0.8862915285903308,0.12074971196522372
2020-07-25,95876.5,25.52,-0.7809955473999665,0.6099540450585733,110.62144899429782,113.1449441442848,0.8733606599099955,0.8586102882409875,0.8906885318774764,1.1627749214042429,0.8857814297708001,0.12074971196522372
2020-07-26,252359.5,12.606666666666667,0.9677937532674753,0.9366247488635469,111.55803460350556,113.1449441442848,0.8733606599099955,0.8586102882409875,0.8906885318774764,1.1627749214042429,0.8840909974680935,0.12074971196522372
2020-07-27,126192.5,32.53208333333333,-0.6930461393399947,0.48031295125407136,112.02433561094983,113.1449441442848,0.8733606599099955,0.8586102882409875,0.8906885318774764,1.1627749214042429,0.888866315664828,0.12074971196522372
2020-07-28,413436.25,22.965833333333332,1.1866948120090186,1.40824457684912,113.41666539993457,113.1449441442848,0.8733606599099955,0.8586102882409875,0.8906885318774764,1.1627749214042429,0.8836890294843988,0.12074971196522372
2020-07-29,288109.0,20.749166666666667,-0.3611644501174868,0.13043976002866664,107.78069430621831,113.1449441442848,0.8733606599099955,0.8586102882409875,0.8906885318774764,1.1627749214042429,0.8934291177324912,0.12074971196522372
2020-07-30,99336.25,35.619166666666665,-1.0648283209332876,1.1338593530616046,107.7878784022259,113.1449441442848,0.8733606599099955,0.8586102882409875,0.8906885318774764,1.1627749214042429,0.8943416081961648,0.12074971196522372
2020-07-31,61979.5,38.50875,-0.4717068746136974,0.22250737555782246,107.15347444217653,113.1449441442848,0.8733606599099955,0.8586102882409875,0.8906885318774764,1.1627749214042429,0.8889814098956964,0.12074971196522372
2020-08-01,153997.0,28.31041666666667,0.9101294364957633,0.8283355911760956,107.267028395451,113.1449441442848,0.8733606599099955,0.8586102882409875,0.8906885318774764,1.1627749214042429,0.9099940900246648,0.12074971196522372
2020-08-02,98493.75,28.189999999999998,-0.44694002731615656,0.19975538801736678,106.71140970165132,113.1449441442848,0.8733606599099955,0.8586102882409875,0.8906885318774764,1.1627749214042429,0.9192388651482218,0.12074971196522372
2020-08-03,74464.0,36.719166666666666,-0.2796773072683631,0.07821939620088239,104.48215931809688,113.1449441442848,0.8733606599099955,0.8586102882409875,0.8906885318774764,1.1627749214042429,0.9158767277522152,0.12074971196522372
2020-08-04,64875.0,36.393750000000004,-0.13785344563382854,0.01900357247311892,102.63187800857932,113.1449441442848,0.8733606599099955,0.8586102882409875,0.8906885318774764,1.1627749214042429,0.9107908256850696,0.12074971196522372
2020-08-05,131893.5,29.605,0.709532437265537,0.5034362795319732,102.22721070833728,113.1449441442848,0.8733606599099955,0.8586102882409875,0.8906885318774764,1.1627749214042429,0.9081482221197665,0.12074971196522372
2020-08-06,95375.75,33.28,-0.3241704254819503,0.1050864647571487,102.06093104740015,113.1449441442848,0.8733606599099955,0.8586102882409875,0.8906885318774764,1.1627749214042429,0.913909488247337,0.12074971196522372
2020-08-07,64290.5,35.979166666666664,-0.39441247788699296,0.1555612027129577,102.05316796631364,113.1449441442848,0.8733606599099955,0.8586102882409875,0.8906885318774764,1.1627749214042429,0.9145608587957282,0.12074971196522372
2020-08-08,50570.75,32.03875,-0.24003852947330453,0.05761849563170649,100.75122093127754,113.1449441442848,0.8733606599099955,0.8586102882409875,0.8906885318774764,1.1627749214042429,0.9112636561285008,0.12074971196522372
2020-08-09,94675.75,28.53375,0.6270845496850055,0.3932350324536461,100.99279388373611,113.1449441442848,0.8733606599099955,0.8586102882409875,0.8906885318774764,1.1627749214042429,0.9097831576178153,0.12074971196522372
2020-08-10,134819.75,36.97875,0.353480805504942,0.12494867986042263,100.41287009843082,113.1449441442848,0.8733606599099955,0.8586102882409875,0.8906885318774764,1.1627749214042429,0.9057616399948076,0.12074971196522372
2020-08-11,212828.25,36.2975,0.4565468013165979,0.20843498179241712,100.51399917611779,113.1449441442848,0.8733606599099955,0.8586102882409875,0.8906885318774764,1.1627749214042429,0.9046205952889941,0.12074971196522372
2020-08-12,201101.75,35.864583333333336,-0.05667450353690458,0.0032119993511546094,100.50953967807041,113.1449441442848,0.8733606599099955,0.8586102882409875,0.8906885318774764,1.1627749214042429,0.898941875346999,0.12074971196522372
2020-08-13,136987.0,38.58583333333333,-0.38392496806419607,0.14739838110309397,100.49338742664716,113.1449441442848,0.8733606599099955,0.8586102882409875,0.8906885318774764,1.1627749214042429,0.8956104918840416,0.12074971196522372
2020-08-14,58117.75,40.82625,-0.8574149058696428,0.7351603208074483,100.35259807379906,113.1449441442848,0.8733606599099955,0.8586102882409875,0.8906885318774764,1.1627749214042429,0.889950791683621,0.12074971196522372
2020-08-15,32195.25,31.860833333333332,-0.5906521988042172,0.34887001995225647,100.69995518323306,113.1449441442848,0.8733606599099955,0.8586102882409875,0.8906885318774764,1.1627749214042429,0.8876400981626407,0.12074971196522372
2020-08-16,107760.5,28.684583333333332,1.2080922458910262,1.4594868745820235,102.14687703327566,113.1449441442848,0.8733606599099955,0.8586102882409875,0.8906885318774764,1.1627749214042429,0.8891377519567697,0.12074971196522372
2020-08-17,103100.75,40.36333333333334,-0.044204506544711954,0.001954038398861482,102.08715854154451,113.1449441442848,0.8733606599099955,0.8586102882409875,0.8906885318774764,1.1627749214042429,0.8841155669509367,0.12074971196522372
2020-08-18,73666.5,42.392916666666665,-0.336158515083596,0.11300254726320824,102.08574259893841,113.1449441442848,0.8733606599099955,0.8586102882409875,0.8906885318774764,1.1627749214042429,0.8825848816883208,0.12074971196522372
2020-08-19,43196.5,38.22833333333333,-0.5337886769542761,0.28493035164459657,102.34035384399442,113.1449441442848,0.8733606599099955,0.8586102882409875,0.8906885318774764,1.1627749214042429,0.877799396415692,0.12074971196522372
2020-08-20,141378.0,38.10666666666666,1.1856776809209226,1.4058315630340172,103.68035599330972,113.1449441442848,0.8733606599099955,0.8586102882409875,0.8906885318774764,1.1627749214042429,0.8821403747725551,0.12074971196522372
2020-08-21,251970.0,31.809166666666666,0.5778728784353542,0.3339370636311616,103.74597216685132,113.1449441442848,0.8733606599099955,0.8586102882409875,0.8906885318774764,1.1627749214042429,0.8806097585712307,0.12074971196522372
2020-08-22,307372.0,23.829166666666666,0.19874870761801441,0.03950104877983098,103.64460873821452,113.1449441442848,0.8733606599099955,0.8586102882409875,0.8906885318774764,1.1627749214042429,0.8826921228115991,0.12074971196522372
2020-08-23,378078.0,16.326249999999998,0.20704178311520788,0.04286629995552478,103.68652132100948,113.1449441442848,0.8733606599099955,0.8586102882409875,0.8906885318774764,1.1627749214042429,0.8842598735045228,0.12074971196522372
2020-08-24,204393.75,44.72083333333333,-0.6150522429762264,0.378289261590087,103.50188188607218,113.1449441442848,0.8733606599099955,0.8586102882409875,0.8906885318774764,1.1627749214042429,0.8788810387875665,0.12074971196522372
2020-08-25,211159.5,38.4625,0.03256549151726753,0.0010605112377612233,103.39837821457442,113.1449441442848,0.8733606599099955,0.8586102882409875,0.8906885318774764,1.1627749214042429,0.8931018183816628,0.12074971196522372
2020-08-26,819986.0,17.89,1.35667349486191,1.8405629716608287,105.08741415744963,113.1449441442848,0.8733606599099955,0.8586102882409875,0.8906885318774764,1.1627749214042429,0.8912393958739728,0.12074971196522372
2020-08-27,302703.25,46.30708333333333,-0.9965343142687776,0.9930806395151428,106.01021260933003,113.1449441442848,0.8733606599099955,0.8586102882409875,0.8906885318774764,1.1627749214042429,0.8942970656434912,0.12074971196522372
2020-08-28,238662.25,40.70083333333333,-0.23770358013832799,0.05650299201057851,106.02687128837579,113.1449441442848,0.8733606599099955,0.8586102882409875,0.8906885318774764,1.1627749214042429,0.8887473753956238,0.12074971196522372
2020-08-29,170636.25,35.64083333333333,-0.33551527470310993,0.11257049955910332,105.92172684109921,113.1449441442848,0.8733606599099955,0.8586102882409875,0.8906885318774764,1.1627749214042429,0.8841079329626114,0.12074971196522372
2020-08-30,85234.75,33.819583333333334,-0.6941248833004183,0.48180935361681937,106.39351603066645,113.1449441442848,0.8733606599099955,0.8586102882409875,0.8906885318774764,1.1627749214042429,0.8834769564872924,0.12074971196522372
2020-08-31,92732.25,54.03666666666667,0.08430709397881937,0.007107686095153482,106.293842955701,113.1449441442848,0.8733606599099955,0.8586102882409875,0.8906885318774764,1.1627749214042429,0.8803459882253212,0.12074971196522372
2020-09-01,69638.5,49.80916666666667,-0.28639873318719483,0.08202423437123002,106.34623670698596,113.1449441442848,0.8733606599099955,0.8586102882409875,0.8906885318774764,1.1627749214042429,0.8836232360541945,0.12074971196522372
2020-09-02,41254.75,49.82125,-0.5235513176563946,0.274105982219747,106.40916154042895,113.1449441442848,0.8733606599099955,0.8586102882409875,0.8906885318774764,1.1627749214042429,0.8782581448121286,0.12074971196522372
2020-09-03,237365.0,40.535833333333336,1.7498327831431575,3.0619147689625286,108.85536421164369,113.1449441442848,0.8733606599099955,0.8586102882409875,0.8906885318774764,1.1627749214042429,0.8798483164019888,0.12074971196522372
2020-09-04,227137.5,38.32375,-0.04404347983439698,0.0019398281159229334,108.84740632023973,113.1449441442848,0.8733606599099955,0.8586102882409875,0.8906885318774764,1.1627749214042429,0.883111370619656,0.12074971196522372
2020-09-05,174547.0,33.41416666666667,-0.2633615146242498,0.06935928738517894,108.88271032705553,113.1449441442848,0.8733606599099955,0.8586102882409875,0.8906885318774764,1.1627749214042429,0.8797953814533388,0.12074971196522372
2020-09-06,134990.0,34.834583333333335,-0.2569933447301898,0.06604557923561018,108.12903138341208,113.1449441442848,0.8733606599099955,0.8586102882409875,0.8906885318774764,1.1627749214042429,0.8757433608387901,0.12074971196522372
2020-09-07,77490.25,43.540416666666665,-0.5550485796273427,0.30807892574633056,107.66769252265252,113.1449441442848,0.8733606599099955,0.8586102882409875,0.8906885318774764,1.1627749214042429,0.8758466901018754,0.12074971196522372
2020-09-08,286806.75,37.598333333333336,1.3086565220199688,1.7125818926254013,109.236959296193,113.1449441442848,0.8733606599099955,0.8586102882409875,0.8906885318774764,1.1627749214042429,0.8712063955250248,0.12074971196522372
2020-09-09,232561.0,36.62916666666667,-0.2096560878063858,0.04395567515427896,108.46366040913188,113.1449441442848,0.8733606599099955,0.8586102882409875,0.8906885318774764,1.1627749214042429,0.876944088514883,0.12074971196522372
2020-09-10,109218.75,47.3375,-0.7557998043387919,0.5712333442385561,108.75920311402308,113.1449441442848,0.8733606599099955,0.8586102882409875,0.8906885318774764,1.1627749214042429,0.8744114874377621,0.12074971196522372
2020-09-11,49041.5,47.814166666666665,-0.8006858734323159,0.6410978679140706,108.523778032432,113.1449441442848,0.8733606599099955,0.8586102882409875,0.8906885318774764,1.1627749214042429,0.8715724974292112,0.12074971196522372
2020-09-12,225648.25,31.871666666666666,1.5263104924337032,2.3296237193132137,110.84741938193346,113.1449441442848,0.8733606599099955,0.8586102882409875,0.8906885318774764,1.1627749214042429,0.8670299382254695,0.12074971196522372
2020-09-13,166011.0,20.18916666666667,-0.30692331964821923,0.09420192414388295,109.69465411055221,113.1449441442848,0.8733606599099955,0.8586102882409875,0.8906885318774764,1.1627749214042429,0.8693647967355801,0.12074971196522372
2020-09-14,70146.0,53.11291666666667,-0.8614752669686152,0.7421396355986468,110.42179837132957,113.1449441442848,0.8733606599099955,0.8586102882409875,0.8906885318774764,1.1627749214042429,0.8693903464980426,0.12074971196522372
2020-09-15,62873.5,70.19791666666667,-0.10945401297625991,0.011980180956607273,110.28302979425493,113.1449441442848,0.8733606599099955,0.8586102882409875,0.8906885318774764,1.1627749214042429,0.8783179464002678,0.12074971196522372
2020-09-16,146749.5,53.41291666666666,0.8476022802708989,0.7184296255204274,110.94475466739601,113.1449441442848,0.8733606599099955,0.8586102882409875,0.8906885318774764,1.1627749214042429,0.8829616999325194,0.12074971196522372
2020-09-17,252697.25,46.40208333333334,0.5434650803182269,0.29535429352529685,111.23313336572618,113.1449441442848,0.8733606599099955,0.8586102882409875,0.8906885318774764,1.1627749214042429,0.8835805065709964,0.12074971196522372
2020-09-18,228369.0,42.12708333333333,-0.10122939009055898,0.01024738941810656,111.20802804975229,113.1449441442848,0.8733606599099955,0.8586102882409875,0.8906885318774764,1.1627749214042429,0.8841681919384469,0.12074971196522372
2020-09-19,201116.0,36.537083333333335,-0.1270808857545951,0.016149551524172454,111.14176034775608,113.1449441442848,0.8733606599099955,0.8586102882409875,0.8906885318774764,1.1627749214042429,0.8905589440119576,0.12074971196522372
2020-09-20,144457.75,37.515,-0.33089477876478623,0.10949135461379683,110.98798918026235,113.1449441442848,0.8733606599099955,0.8586102882409875,0.8906885318774764,1.1627749214042429,0.885106985677654,0.12074971196522372
2020-09-21,50896.25,61.095416666666665,-1.0431978302835723,1.088261713108353,111.67802451199654,113.1449441442848,0.8733606599099955,0.8586102882409875,0.8906885318774764,1.1627749214042429,0.8823147367488906,0.12074971196522372
2020-09-22,30107.5,53.31333333333333,-0.5250149368195922,0.2756406838836804,111.31650215643744,113.1449441442848,0.8733606599099955,0.8586102882409875,0.8906885318774764,1.1627749214042429,0.8946696079858941,0.12074971196522372
2020-09-23,145323.0,46.428333333333335,1.5741845410832056,2.4780569693853427,113.79027730862487,113.1449441442848,0.8733606599099955,0.8586102882409875,0.8906885318774764,1.1627749214042429,0.8936646351402283,0.12074971196522372
2020-09-24,398132.0,38.18416666666666,1.007824757353738,1.015710741535121,114.20224191894816,113.1449441442848,0.8733606599099955,0.8586102882409875,0.8906885318774764,1.1627749214042429,0.8943503236816743,0.12074971196522372
2020-09-25,256826.75,41.37166666666666,-0.4383818755319391,0.19217866879490053,114.31007381040614,113.1449441442848,0.8733606599099955,0.8586102882409875,0.8906885318774764,1.1627749214042429,0.8990731637552563,0.12074971196522372
2020-09-26,304143.75,33.130833333333335,0.16909871842689497,0.02859437657361831,114.32719693499779,113.1449441442848,0.8733606599099955,0.8586102882409875,0.8906885318774764,1.1627749214042429,0.902158970653997,0.12074971196522372
2020-09-27,135421.0,30.02625,-0.8091120070205489,0.6546622399048208,114.25500804739734,113.1449441442848,0.8733606599099955,0.8586102882409875,0.8906885318774764,1.1627749214042429,0.8967692168254366,0.12074971196522372
2020-09-28,57032.25,47.260416666666664,-0.864771547154131,0.7478298287673494,114.9780884713531,113.1449441442848,0.8733606599099955,0.8586102882409875,0.8906885318774764,1.1627749214042429,0.8922880666811326,0.12074971196522372
2020-09-29,54647.25,58.61833333333333,-0.0427180041728539,0.0018248278805119633,114.64321668452985,113.1449441442848,0.8733606599099955,0.8586102882409875,0.8906885318774764,1.1627749214042429,0.889062886728715,0.12074971196522372
2020-09-30,45506.0,50.252916666666664,-0.18305470774192872,0.03350902602648294,114.58189909326886,113.1449441442848,0.8733606599099955,0.8586102882409875,0.8906885318774764,1.1627749214042429,0.8835739042967616,0.12074971196522372
2020-10-01,209879.5,41.01583333333333,1.5286893711070353,2.336891193335623,115.78807613956393,113.1449441442848,0.8733606599099955,0.8586102882409875,0.8906885318774764,1.1627749214042429,0.8794090358736608,0.12074971196522372
2020-10-02,349456.25,35.677083333333336,0.5098448185094759,0.25994173896096046,115.66345590595019,113.1449441442848,0.8733606599099955,0.8586102882409875,0.8906885318774764,1.1627749214042429,0.8837117571950248,0.12074971196522372
2020-10-03,431038.25,16.455416666666668,0.20981845825427883,0.04402378542420255,115.63537748490104,113.1449441442848,0.8733606599099955,0.8586102882409875,0.8906885318774764,1.1627749214042429,0.8783705326772769,0.12074971196522372
2020-10-04,439881.25,7.105,0.02030797085706682,0.0004124136803314752,115.48025037546005,113.1449441442848,0.8733606599099955,0.8586102882409875,0.8906885318774764,1.1627749214042429,0.8931211365832668,0.12074971196522372
2020-10-05,370076.25,32.092083333333335,-0.1727957386352296,0.029858367290494577,114.17178989787479,113.1449441442848,0.8733606599099955,0.8586102882409875,0.8906885318774764,1.1627749214042429,0.8891365988855506,0.12074971196522372
2020-10-06,513984.5,34.45125,0.3284840438708891,0.10790176707777219,114.0701907729675,113.1449441442848,0.8733606599099955,0.8586102882409875,0.8906885318774764,1.1627749214042429,0.8849955776569013,0.12074971196522372
2020-10-07,395196.0,36.62291666666667,-0.2628112649934507,0.06906976100745776,114.13879595537122,113.1449441442848,0.8733606599099955,0.8586102882409875,0.8906885318774764,1.1627749214042429,0.8797500134839306,0.12074971196522372
2020-10-08,574019.75,29.8325,0.3732819590281409,0.13933942093588664,114.277444505379,113.1449441442848,0.8733606599099955,0.8586102882409875,0.8906885318774764,1.1627749214042429,0.8747853433759769,0.12074971196522372
2020-10-09,222627.25,39.97083333333333,-0.9471649551527485,0.897121452269508,115.16797585755356,113.1449441442848,0.8733606599099955,0.8586102882409875,0.8906885318774764,1.1627749214042429,0.8716555681360121,0.12074971196522372
2020-10-10,314544.5,31.2325,0.3456267123263207,0.11945782427350124,115.28730968035599,113.1449441442848,0.8733606599099955,0.8586102882409875,0.8906885318774764,1.1627749214042429,0.8665940383008474,0.12074971196522372
2020-10-11,213685.25,32.18416666666666,-0.38662142261718807,0.14947612442653835,115.30329462595711,113.1449441442848,0.8733606599099955,0.8586102882409875,0.8906885318774764,1.1627749214042429,0.8618724099614858,0.12074971196522372
2020-10-12,68115.5,46.9025,-1.1432993442313932,1.3071333905199338,116.61001370918075,113.1449441442848,0.8733606599099955,0.8586102882409875,0.8906885318774764,1.1627749214042429,0.8581238295790988,0.12074971196522372
2020-10-13,97643.5,45.23083333333333,0.3601182971289442,0.12968518792705055,116.73857437051832,113.1449441442848,0.8733606599099955,0.8586102882409875,0.8906885318774764,1.1627749214042429,0.8641576923025304,0.12074971196522372
2020-10-14,490781.75,35.67208333333333,1.6146764371092517,2.607179996555827,119.0285382219853,113.1449441442848,0.8733606599099955,0.8586102882409875,0.8906885318774764,1.1627749214042429,0.8596629983793813,0.12074971196522372
2020-10-15,318087.25,40.935833333333335,-0.43367381173982733,0.1880729749889512,119.14987006881805,113.1449441442848,0.8733606599099955,0.8586102882409875,0.8906885318774764,1.1627749214042429,0.8651062060747795,0.12074971196522372
2020-10-16,142691.25,46.935833333333335,-0.8016425110628959,0.6426307155432252,119.64906320083384,113.1449441442848,0.8733606599099955,0.8586102882409875,0.8906885318774764,1.1627749214042429,0.8612742274217655,0.12074971196522372
2020-10-17,40522.0,40.757083333333334,-1.2588381686496455,1.5846735348491934,120.79554330911103,113.1449441442848,0.8733606599099955,0.8586102882409875,0.8906885318774764,1.1627749214042429,0.8661589400393335,0.12074971196522372
2020-10-18,283041.75,30.556250000000002,1.9437493767600809,3.778161639655203,123.91489152298277,113.1449441442848,0.8733606599099955,0.8586102882409875,0.8906885318774764,1.1627749214042429,0.8623912225596936,0.12074971196522372
2020-10-19,130056.5,44.63791666666666,-0.7776254418417526,0.604701327799581,124.50559328513157,113.1449441442848,0.8733606599099955,0.8586102882409875,0.8906885318774764,1.1627749214042429,0.8629289918682433,0.12074971196522372
2020-10-20,391982.5,35.22375,1.10324822451451,1.2171566448944189,125.71586656082782,113.1449441442848,0.8733606599099955,0.8586102882409875,0.8906885318774764,1.1627749214042429,0.8653461796348493,0.12074971196522372
2020-10-21,500383.0,32.614583333333336,0.2441566092571264,0.0596124498439371,125.76690150761752,113.1449441442848,0.8733606599099955,0.8586102882409875,0.8906885318774764,1.1627749214042429,0.8673346916496149,0.12074971196522372
2020-10-22,525521.5,32.3925,0.04901729770194514,0.0024026954740011164,125.51812172665973,113.1449441442848,0.8733606599099955,0.8586102882409875,0.8906885318774764,1.1627749214042429,0.863947708427886,0.12074971196522372
2020-10-23,215131.25,44.780833333333334,-0.8931427959099577,0.7977040538858564,125.68267209197008,113.1449441442848,0.8733606599099955,0.8586102882409875,0.8906885318774764,1.1627749214042429,0.8741610672892732,0.12074971196522372
2020-10-24,421175.0,30.5825,0.6718001172863562,0.451315397585962,125.38293453833607,113.1449441442848,0.8733606599099955,0.8586102882409875,0.8906885318774764,1.1627749214042429,0.8698776257471129,0.12074971196522372
2020-10-25,458992.25,13.932916666666666,0.08598490111414164,0.007393403219608716,125.18591048270585,113.1449441442848,0.8733606599099955,0.8586102882409875,0.8906885318774764,1.1627749214042429,0.8666408313022157,0.12074971196522372
2020-10-26,263603.0,38.265,-0.5545891419426976,0.3075691163607376,125.47001581806025,113.1449441442848,0.8733606599099955,0.8586102882409875,0.8906885318774764,1.1627749214042429,0.8656294483376128,0.12074971196522372
2020-10-27,497062.75,34.606249999999996,0.6342720922283756,0.4023010869797609,125.86581587439292,113.1449441442848,0.8733606599099955,0.8586102882409875,0.8906885318774764,1.1627749214042429,0.8611174010158112,0.12074971196522372
2020-10-28,550388.5,29.942083333333333,0.10190811683341731,0.010385264276533433,125.85625690065488,113.1449441442848,0.8733606599099955,0.8586102882409875,0.8906885318774764,1.1627749214042429,0.8631635945822304,0.12074971196522372
2020-10-29,560315.0,32.647083333333335,0.017874733079866485,0.0003195060826764732,125.84099229072842,113.1449441442848,0.8733606599099955,0.8586102882409875,0.8906885318774764,1.1627749214042429,0.8608648844131092,0.12074971196522372
2020-10-30,537097.5,30.192083333333333,-0.042319483311489194,0.0017909386677514123,125.81148887791613,113.1449441442848,0.8733606599099955,0.8586102882409875,0.8906885318774764,1.1627749214042429,0.8563818599602839,0.12074971196522372
2020-10-31,248653.25,31.020833333333332,-0.7701202866174156,0.5930852558596904,126.36476255584446,113.1449441442848,0.8733606599099955,0.8586102882409875,0.8906885318774764,1.1627749214042429,0.8517479769946263,0.12074971196522372
2020-11-01,472507.0,16.94666666666667,0.6419932059824076,0.41215527652757006,126.75416713492449,113.1449441442848,0.8733606599099955,0.8586102882409875,0.8906885318774764,1.1627749214042429,0.8487539834737879,0.12074971196522372
2020-11-02,725414.25,23.395833333333332,0.4286903093511411,0.18377538133157706,126.8292940938323,113.1449441442848,0.8733606599099955,0.8586102882409875,0.8906885318774764,1.1627749214042429,0.8532512301811837,0.12074971196522372
2020-11-03,361260.25,35.740833333333335,-0.6971442582634768,0.4860101168297333,127.23334625352194,113.1449441442848,0.8733606599099955,0.8586102882409875,0.8906885318774764,1.1627749214042429,0.8669813833102928,0.12074971196522372
2020-11-04,272126.25,40.01208333333333,-0.2833324997051144,0.08027730538914866,126.9965950490873,113.1449441442848,0.8733606599099955,0.8586102882409875,0.8906885318774764,1.1627749214042429,0.8621912761735986,0.12074971196522372
2020-11-05,235872.5,38.65916666666667,-0.14297470822300587,0.02044176719145366,126.78454167903766,113.1449441442848,0.8733606599099955,0.8586102882409875,0.8906885318774764,1.1627749214042429,0.857581194538358,0.12074971196522372
2020-11-06,141792.0,40.54083333333333,-0.508930209781339,0.25900995842807767,126.5958192069456,113.1449441442848,0.8733606599099955,0.8586102882409875,0.8906885318774764,1.1627749214042429,0.8533848929622269,0.12074971196522372
2020-11-07,124832.0,36.2275,-0.12739236169283302,0.01622881381767759,126.4729977449607,113.1449441442848,0.8733606599099955,0.8586102882409875,0.8906885318774764,1.1627749214042429,0.8577257278620878,0.12074971196522372
2020-11-08,78004.75,36.655,-0.4701991110529305,0.22108720403496607,126.67404852973034,113.1449441442848,0.8733606599099955,0.8586102882409875,0.8906885318774764,1.1627749214042429,0.860687959103933,0.12074971196522372
2020-11-09,69365.25,44.88041666666667,-0.11738370062200469,0.013778933171716424,125.8071058896136,113.1449441442848,0.8733606599099955,0.8586102882409875,0.8906885318774764,1.1627749214042429,0.8565183421213093,0.12074971196522372
2020-11-10,59858.0,48.14958333333333,-0.14741093107594466,0.02172998260067691,125.82853635600766,113.1449441442848,0.8733606599099955,0.8586102882409875,0.8906885318774764,1.1627749214042429,0.8522357872803107,0.12074971196522372
2020-11-11,38568.5,45.05875,-0.43953920943874963,0.193194716634041,125.96870928697375,113.1449441442848,0.8733606599099955,0.8586102882409875,0.8906885318774764,1.1627749214042429,0.8503412013144318,0.12074971196522372
2020-11-12,247628.0,40.96083333333333,1.8594917389040986,3.457709527052588,129.3100019714137,113.1449441442848,0.8733606599099955,0.8586102882409875,0.8906885318774764,1.1627749214042429,0.8525656594636593,0.12074971196522372
2020-11-13,237324.0,40.73,-0.04250132391082675,0.0018063625341730135,129.07979045692463,113.1449441442848,0.8733606599099955,0.8586102882409875,0.8906885318774764,1.1627749214042429,0.8503667717611245,0.12074971196522372
2020-11-14,255468.5,36.483333333333334,0.07367281824408828,0.005427684148026466,128.9992733402242,113.1449441442848,0.8733606599099955,0.8586102882409875,0.8906885318774764,1.1627749214042429,0.8459833896805267,0.12074971196522372
2020-11-15,590632.0,7.30375,0.8380940356576497,0.7024016126049258,129.584155078869,113.1449441442848,0.8733606599099955,0.8586102882409875,0.8906885318774764,1.1627749214042429,0.8431475242261992,0.12074971196522372
2020-11-16,551906.0,28.490416666666665,-0.06781540810856725,0.0045989295769315285,129.281542784008,113.1449441442848,0.8733606599099955,0.8586102882409875,0.8906885318774764,1.1627749214042429,0.8499933696704847,0.12074971196522372
2020-11-17,460995.0,38.88875,-0.17999054497021372,0.03239659627867453,128.20206801615973,113.1449441442848,0.8733606599099955,0.8586102882409875,0.8906885318774764,1.1627749214042429,0.8465213083122783,0.12074971196522372
2020-11-18,396745.5,36.355,-0.15009217976365924,0.0225276624262066,128.1667488168635,113.1449441442848,0.8733606599099955,0.8586102882409875,0.8906885318774764,1.1627749214042429,0.8440033991520282,0.12074971196522372
2020-11-19,670118.0,26.38625,0.5241587990936092,0.27474244666725456,128.37121284654154,113.1449441442848,0.8733606599099955,0.8586102882409875,0.8906885318774764,1.1627749214042429,0.8427963722920481,0.12074971196522372
2020-11-20,250014.5,43.26,-0.9859349001004841,0.9720676272361516,129.32297985609503,113.1449441442848,0.8733606599099955,0.8586102882409875,0.8906885318774764,1.1627749214042429,0.8452450084758751,0.12074971196522372
2020-11-21,563543.0,30.295416666666668,0.8127247231725357,0.6605214756558748,128.03212464457428,113.1449441442848,0.8733606599099955,0.8586102882409875,0.8906885318774764,1.1627749214042429,0.8485066123829188,0.12074971196522372
2020-11-22,467518.75,29.97,-0.18680418447649602,0.03489580333792876,126.95171587899742,113.1449441442848,0.8733606599099955,0.8586102882409875,0.8906885318774764,1.1627749214042429,0.8635133483977926,0.12074971196522372
2020-11-23,325825.5,43.625416666666666,-0.36107749289464364,0.1303769558750814,125.88946255539578,113.1449441442848,0.8733606599099955,0.8586102882409875,0.8906885318774764,1.1627749214042429,0.8586182845372964,0.12074971196522372
2020-11-24,266060.75,42.02708333333333,-0.20263729581689377,0.041061873655983315,125.92947963333347,113.1449441442848,0.8733606599099955,0.8586102882409875,0.8906885318774764,1.1627749214042429,0.8540790731960639,0.12074971196522372
2020-11-25,208739.5,46.87166666666667,-0.24263760310010365,0.05887300643816343,125.67925519838333,113.1449441442848,0.8733606599099955,0.8586102882409875,0.8906885318774764,1.1627749214042429,0.8511706740665358,0.12074971196522372
2020-11-26,139176.0,56.54749999999999,-0.40534774382246075,0.16430679342195928,123.03466616574447,113.1449441442848,0.8733606599099955,0.8586102882409875,0.8906885318774764,1.1627749214042429,0.8479599617113438,0.12074971196522372
2020-11-27,38497.0,64.72708333333334,-1.2851590030625155,1.6516336631526387,123.30111246504663,113.1449441442848,0.8733606599099955,0.8586102882409875,0.8906885318774764,1.1627749214042429,0.8451340383519759,0.12074971196522372
2020-11-28,114964.5,46.88291666666667,1.0940430688750318,1.1969302365534975,123.29699145717505,113.1449441442848,0.8733606599099955,0.8586102882409875,0.8906885318774764,1.1627749214042429,0.8657274206613507,0.12074971196522372
2020-11-29,83118.75,45.27916666666667,-0.3243530768754292,0.10520491847855808,123.38348715582603,113.1449441442848,0.8733606599099955,0.8586102882409875,0.8906885318774764,1.1627749214042429,0.8610625973780096,0.12074971196522372
2020-11-30,189582.0,52.22,0.8245513404259497,0.6798849129982304,124.00047216648642,113.1449441442848,0.8733606599099955,0.8586102882409875,0.8906885318774764,1.1627749214042429,0.8756292129267141,0.12074971196522372
2020-12-01,120925.25,53.71,-0.4496490625012293,0.20218427940823444,124.19008781357086,113.1449441442848,0.8733606599099955,0.8586102882409875,0.8906885318774764,1.1627749214042429,0.8723448397838773,0.12074971196522372
2020-12-02,60584.75,73.98916666666666,-0.6911293748630204,0.47765981279854935,124.64873258589749,113.1449441442848,0.8733606599099955,0.8586102882409875,0.8906885318774764,1.1627749214042429,0.8733499131360672,0.12074971196522372
2020-12-03,343543.0,48.00083333333333,1.7352690745372705,3.0111587610454356,127.65179540566633,113.1449441442848,0.8733606599099955,0.8586102882409875,0.8906885318774764,1.1627749214042429,0.8724563260752207,0.12074971196522372
2020-12-04,446336.0,41.77875,0.26175974583482436,0.06851816453951184,127.67990917924003,113.1449441442848,0.8733606599099955,0.8586102882409875,0.8906885318774764,1.1627749214042429,0.8737566623303563,0.12074971196522372
2020-12-05,182096.0,46.39333333333334,-0.8965380110735972,0.8037804052998015,128.4476162511614,113.1449441442848,0.8733606599099955,0.8586102882409875,0.8906885318774764,1.1627749214042429,0.868785250596981,0.12074971196522372
2020-12-06,183728.25,42.7475,0.008923743200505938,7.963319270857596e-05,128.05250360059128,113.1449441442848,0.8733606599099955,0.8586102882409875,0.8906885318774764,1.1627749214042429,0.8657010980098001,0.12074971196522372
2020-12-07,261711.5,44.73166666666666,0.35378498827726984,0.12516381793034795,127.43450798162165,113.1449441442848,0.8733606599099955,0.8586102882409875,0.8906885318774764,1.1627749214042429,0.8627728782407583,0.12074971196522372
2020-12-08,118292.25,61.078333333333326,-0.7940844945906003,0.6305701845492091,127.63428233965469,113.1449441442848,0.8733606599099955,0.8586102882409875,0.8906885318774764,1.1627749214042429,0.8583131571817941,0.12074971196522372
2020-12-09,68075.75,75.02666666666667,-0.5525372016672013,0.30529735922622153,127.61325273723486,113.1449441442848,0.8733606599099955,0.8586102882409875,0.8906885318774764,1.1627749214042429,0.8603142531732623,0.12074971196522372
2020-12-10,43482.5,69.38875,-0.44826249745933694,0.20093926662848205,127.57569550415123,113.1449441442848,0.8733606599099955,0.8586102882409875,0.8906885318774764,1.1627749214042429,0.8576393382291025,0.12074971196522372
2020-12-11,279475.75,45.79791666666667,1.8605569684558019,3.461672232869444,131.03434720380454,113.1449441442848,0.8733606599099955,0.8586102882409875,0.8906885318774764,1.1627749214042429,0.85838094483281,0.12074971196522372
2020-12-12,154298.0,45.71958333333333,-0.5940297292336622,0.35287131921341797,129.79144058506967,113.1449441442848,0.8733606599099955,0.8586102882409875,0.8906885318774764,1.1627749214042429,0.8555693888811781,0.12074971196522372
2020-12-13,111413.0,43.17333333333334,-0.3256417802487757,0.10604256904359194,127.99137323917118,113.1449441442848,0.8733606599099955,0.8586102882409875,0.8906885318774764,1.1627749214042429,0.8512153416219752,0.12074971196522372
2020-12-14,388850.75,42.99458333333333,1.249951576629862,1.5623789439194775,129.49131983329494,113.1449441442848,0.8733606599099955,0.8586102882409875,0.8906885318774764,1.1627749214042429,0.8488330075428697,0.12074971196522372
2020-12-15,244068.0,50.403333333333336,-0.4657487189120386,0.21692186916820516,129.12363845488818,113.1449441442848,0.8733606599099955,0.8586102882409875,0.8906885318774764,1.1627749214042429,0.8481215069157233,0.12074971196522372
2020-12-16,180992.75,50.05583333333333,-0.2989898997763846,0.08939496016829253,129.2112701524907,113.1449441442848,0.8733606599099955,0.8586102882409875,0.8906885318774764,1.1627749214042429,0.8457564077822559,0.12074971196522372
2020-12-17,410131.5,44.58291666666667,0.8180208647672775,0.6691581351946045,129.87880449958962,113.1449441442848,0.8733606599099955,0.8586102882409875,0.8906885318774764,1.1627749214042429,0.8413659108092394,0.12074971196522372
2020-12-18,348824.25,42.510416666666664,-0.16190962628154526,0.026214727082629653,129.79300019154155,113.1449441442848,0.8733606599099955,0.8586102882409875,0.8906885318774764,1.1627749214042429,0.8377760856389007,0.12074971196522372
2020-12-19,436580.75,32.517916666666665,0.22440513874224333,0.05035766629392548,129.67767852476948,113.1449441442848,0.8733606599099955,0.8586102882409875,0.8906885318774764,1.1627749214042429,0.8340916758333405,0.12074971196522372
2020-12-20,273403.75,40.00416666666667,-0.46802371208037763,0.2190461950694962,129.39641073011762,113.1449441442848,0.8733606599099955,0.8586102882409875,0.8906885318774764,1.1627749214042429,0.8300937196016086,0.12074971196522372
2020-12-21,432661.0,38.78375,0.459004871075167,0.2106854716707307,128.07568893508872,113.1449441442848,0.8733606599099955,0.8586102882409875,0.8906885318774764,1.1627749214042429,0.8261211931938867,0.12074971196522372
2020-12-22,623587.25,27.689999999999998,0.36553417973827534,0.13361523655693378,127.94070624012222,113.1449441442848,0.8733606599099955,0.8586102882409875,0.8906885318774764,1.1627749214042429,0.8224327739153288,0.12074971196522372
2020-12-23,253374.75,43.89541666666667,-0.9006190730841596,0.8111147148029707,128.74367646271205,113.1449441442848,0.8733606599099955,0.8586102882409875,0.8906885318774764,1.1627749214042429,0.8185324875979452,0.12074971196522372
2020-12-24,416512.0,24.328333333333333,0.49704565462460826,0.24705438278120537,128.7071214524275,113.1449441442848,0.8733606599099955,0.8586102882409875,0.8906885318774764,1.1627749214042429,0.8317461680735796,0.12074971196522372
2020-12-25,180361.75,34.92458333333334,-0.8369507163940627,0.7004865016725348,128.98378361963523,113.1449441442848,0.8733606599099955,0.8586102882409875,0.8906885318774764,1.1627749214042429,0.8276239612276309,0.12074971196522372
2020-12-26,445701.25,19.15041666666667,0.9046843282032466,0.8184537336965596,129.1355384492712,113.1449441442848,0.8733606599099955,0.8586102882409875,0.8906885318774764,1.1627749214042429,0.8298784886608852,0.12074971196522372
2020-12-27,826620.0,-13.452916666666667,0.6176962127589155,0.3815486112567074,129.00497096634578,113.1449441442848,0.8733606599099955,0.8586102882409875,0.8906885318774764,1.1627749214042429,0.8329189968105393,0.12074971196522372
2020-12-28,285880.75,39.21208333333333,-1.0617703314578433,1.1273562367640984,129.89084861645068,113.1449441442848,0.8733606599099955,0.8586102882409875,0.8906885318774764,1.1627749214042429,0.8501212357368684,0.12074971196522372
2020-12-29,293258.75,46.20875,0.02548055928388603,0.0006492589014196306,129.87191887425536,113.1449441442848,0.8733606599099955,0.8586102882409875,0.8906885318774764,1.1627749214042429,0.8664877988580638,0.12074971196522372
2020-12-30,382021.75,47.065416666666664,0.26442221904788554,0.06991910992620796,129.83737280520427,113.1449441442848,0.8733606599099955,0.8586102882409875,0.8906885318774764,1.1627749214042429,0.8700932306274981,0.12074971196522372
2020-12-31,247896.25,46.701249999999995,-0.4324672322991271,0.18702790701246716,128.49613340310304,113.1449441442848,0.8733606599099955,0.8586102882409875,0.8906885318774764,1.1627749214042429,0.8670052478961674,0.12074971196522372
2021-01-01,65249.75,48.39833333333333,-1.3347880970815253,1.7816592641105196,129.84631432422145,113.1449441442848,0.8733606599099955,0.8586102882409875,0.8906885318774764,1.1627749214042429,0.8622693358074821,0.12074971196522372
2021-01-02,71100.5,50.5625,0.08587215435543455,0.007374026893643577,129.6920151127124,113.1449441442848,0.8733606599099955,0.8586102882409875,0.8906885318774764,1.1627749214042429,0.8891277372716259,0.12074971196522372
2021-01-03,328777.25,38.622499999999995,1.5312861006573777,2.3448371220664765,129.58633574117394,113.1449441442848,0.8733606599099955,0.8586102882409875,0.8906885318774764,1.1627749214042429,0.8836266536036889,0.12074971196522372
2021-01-04,267579.25,48.01791666666667,-0.20596468564917256,0.042421451734562465,129.2719064832609,113.1449441442848,0.8733606599099955,0.8586102882409875,0.8906885318774764,1.1627749214042429,0.8801614138526535,0.12074971196522372
2021-01-05,225979.75,55.33708333333333,-0.16897039065358183,0.028550992917624054,128.9408329377102,113.1449441442848,0.8733606599099955,0.8586102882409875,0.8906885318774764,1.1627749214042429,0.8750572540898659,0.12074971196522372
2021-01-06,138300.75,52.68291666666667,-0.4910147318383954,0.24109546688233133,129.01862315874013,113.1449441442848,0.8733606599099955,0.8586102882409875,0.8906885318774764,1.1627749214042429,0.8699269823249907,0.12074971196522372
2021-01-07,119468.0,70.92708333333333,-0.14638210856482947,0.02142772170788552,128.58289911217287,113.1449441442848,0.8733606599099955,0.8586102882409875,0.8906885318774764,1.1627749214042429,0.8657257684297492,0.12074971196522372
2021-01-08,99094.25,78.33624999999999,-0.18697713563188,0.03496044924910245,128.61770416086597,113.1449441442848,0.8733606599099955,0.8586102882409875,0.8906885318774764,1.1627749214042429,0.8643630552462792,0.12074971196522372
2021-01-09,57284.75,59.31875,-0.5480369722609161,0.3003445229649121,128.9064081758285,113.1449441442848,0.8733606599099955,0.8586102882409875,0.8906885318774764,1.1627749214042429,0.8608797801592815,0.12074971196522372
2021-01-10,158789.25,52.16458333333333,1.01954340611563,1.0394687569538608,129.06994372261752,113.1449441442848,0.8733606599099955,0.8586102882409875,0.8906885318774764,1.1627749214042429,0.8699426095054369,0.12074971196522372
2021-01-11,531637.75,48.1525,1.2083844850494767,1.460193063708289,130.52850804119646,113.1449441442848,0.8733606599099955,0.8586102882409875,0.8906885318774764,1.1627749214042429,0.8678114200556694,0.12074971196522372
2021-01-12,595807.5,46.10041666666667,0.11395529195978808,0.012985808565640543,130.36356183177207,113.1449441442848,0.8733606599099955,0.8586102882409875,0.8906885318774764,1.1627749214042429,0.8692245247552423,0.12074971196522372
2021-01-13,685727.75,42.47208333333334,0.14056305474779343,0.019757972360031174,130.3832474418307,113.1449441442848,0.8733606599099955,0.8586102882409875,0.8906885318774764,1.1627749214042429,0.8645108656231131,0.12074971196522372
2021-01-14,275798.25,70.57708333333333,-0.9108110629031576,0.8295767923067797,130.86471936805063,113.1449441442848,0.8733606599099955,0.8586102882409875,0.8906885318774764,1.1627749214042429,0.8655589471998326,0.12074971196522372
2021-01-15,143372.25,72.89125,-0.654225225366612,0.4280106455059942,130.41783999638858,113.1449441442848,0.8733606599099955,0.8586102882409875,0.8906885318774764,1.1627749214042429,0.8684202929318947,0.12074971196522372
2021-01-16,107737.25,55.845416666666665,-0.2857490022787776,0.08165249230331684,130.32442246338277,113.1449441442848,0.8733606599099955,0.8586102882409875,0.8906885318774764,1.1627749214042429,0.8703821527182232,0.12074971196522372
2021-01-17,80457.0,53.99875,-0.291972512297255,0.08524794793717073,129.43937038557425,113.1449441442848,0.8733606599099955,0.8586102882409875,0.8906885318774764,1.1627749214042429,0.8705015739919902,0.12074971196522372
2021-01-18,401531.25,55.95375000000001,1.6075624832649928,2.5842571376011105,130.8796912171429,113.1449441442848,0.8733606599099955,0.8586102882409875,0.8906885318774764,1.1627749214042429,0.8654698002360163,0.12074971196522372
2021-01-19,678009.0,44.95416666666667,0.5238751987048214,0.27444522381801606,130.38773051676947,113.1449441442848,0.8733606599099955,0.8586102882409875,0.8906885318774764,1.1627749214042429,0.8607951079106284,0.12074971196522372
2021-01-20,743188.25,36.28208333333333,0.09178881517530951,0.00842518659128713,129.9747724282045,113.1449441442848,0.8733606599099955,0.8586102882409875,0.8906885318774764,1.1627749214042429,0.8561908410091645,0.12074971196522372
2021-01-21,828752.75,30.074583333333333,0.108972482381059,0.011875001916290213,129.7919412405033,113.1449441442848,0.8733606599099955,0.8586102882409875,0.8906885318774764,1.1627749214042429,0.8649849241746828,0.12074971196522372
2021-01-22,528598.25,42.52916666666667,-0.4496931682120931,0.20222394553662987,129.95351321151986,113.1449441442848,0.8733606599099955,0.8586102882409875,0.8906885318774764,1.1627749214042429,0.8694674270877896,0.12074971196522372
2021-01-23,183475.25,51.72083333333333,-1.0581489105191944,1.119679116832958,131.0730089803711,113.1449441442848,0.8733606599099955,0.8586102882409875,0.8906885318774764,1.1627749214042429,0.8644353241511895,0.12074971196522372
2021-01-24,175800.25,49.1675,-0.04273137369305627,0.0018259702976956213,131.0744282675012,113.1449441442848,0.8733606599099955,0.8586102882409875,0.8906885318774764,1.1627749214042429,0.8616796931294268,0.12074971196522372
2021-01-25,115158.0,60.83708333333333,-0.4230433088688042,0.17896564117866648,131.24609171931056,113.1449441442848,0.8733606599099955,0.8586102882409875,0.8906885318774764,1.1627749214042429,0.8895105679558322,0.12074971196522372
2021-01-26,309711.75,61.37375,0.989336927749539,0.9787875566088965,132.1310414669838,113.1449441442848,0.8733606599099955,0.8586102882409875,0.8906885318774764,1.1627749214042429,0.885625984066744,0.12074971196522372
2021-01-27,264853.5,57.99125,-0.15646518327074296,0.024481353575947183,130.5560552444815,113.1449441442848,0.8733606599099955,0.8586102882409875,0.8906885318774764,1.1627749214042429,0.8818846896752035,0.12074971196522372
2021-01-28,231922.25,55.307500000000005,-0.13277465674300362,0.017629109473222437,130.5486573535793,113.1449441442848,0.8733606599099955,0.8586102882409875,0.8906885318774764,1.1627749214042429,0.8765517012552811,0.12074971196522372
2021-01-29,415714.0,49.684583333333336,0.583595337637177,0.34058351811185056,128.69175100189935,113.1449441442848,0.8733606599099955,0.8586102882409875,0.8906885318774764,1.1627749214042429,0.8796715119442018,0.12074971196522372
2021-01-30,200002.25,48.47708333333333,-0.7316689073400094,0.5353393899681234,129.0669266493828,113.1449441442848,0.8733606599099955,0.8586102882409875,0.8906885318774764,1.1627749214042429,0.877259996512969,0.12074971196522372
2021-01-31,161377.25,48.23416666666666,-0.2145838247350546,0.04604621783792463,129.04705196678677,113.1449441442848,0.8733606599099955,0.8586102882409875,0.8906885318774764,1.1627749214042429,0.8883534343637529,0.12074971196522372
2021-02-01,201357.5,57.47333333333333,0.22133714342618915,0.04899013106006543,129.05080444932972,113.1449441442848,0.8733606599099955,0.8586102882409875,0.8906885318774764,1.1627749214042429,0.8830866181695236,0.12074971196522372
2021-02-02,204220.25,54.61833333333333,0.014117133120765044,0.0001992934475494014,124.80116794572557,113.1449441442848,0.8733606599099955,0.8586102882409875,0.8906885318774764,1.1627749214042429,0.8795523061710471,0.12074971196522372
2021-02-03,429464.0,44.52625,0.7433388512212161,0.5525526477348773,124.70048985096102,113.1449441442848,0.8733606599099955,0.8586102882409875,0.8906885318774764,1.1627749214042429,0.8906462521142657,0.12074971196522372
2021-02-04,243521.25,52.04125,-0.5673337118091043,0.3218675405550958,124.26974777537913,113.1449441442848,0.8733606599099955,0.8586102882409875,0.8906885318774764,1.1627749214042429,0.9018785693283349,0.12074971196522372
2021-02-05,250801.75,51.38666666666666,0.029458578697105966,0.0008678078588535854,123.938254607472,113.1449441442848,0.8733606599099955,0.8586102882409875,0.8906885318774764,1.1627749214042429,0.8964635356952259,0.12074971196522372
2021-02-06,573700.75,36.38166666666667,0.8274451325045663,0.6846654473054993,124.28893853584188,113.1449441442848,0.8733606599099955,0.8586102882409875,0.8906885318774764,1.1627749214042429,0.8925803245383978,0.12074971196522372
2021-02-07,689040.0,19.377083333333335,0.1831914055704787,0.03355909107488761,124.3144604475258,113.1449441442848,0.8733606599099955,0.8586102882409875,0.8906885318774764,1.1627749214042429,0.8900586256179516,0.12074971196522372
2021-02-08,392608.5,43.51833333333334,-0.5624863923380313,0.3163909415654537,124.5799098116582,113.1449441442848,0.8733606599099955,0.8586102882409875,0.8906885318774764,1.1627749214042429,0.889743709449033,0.12074971196522372
2021-02-09,122315.25,64.32166666666667,-1.166211203846391,1.3600485719768485,125.38098253780696,113.1449441442848,0.8733606599099955,0.8586102882409875,0.8906885318774764,1.1627749214042429,0.8864619840330412,0.12074971196522372
2021-02-10,135765.5,72.20791666666666,0.10432740447827585,0.010884207325173771,125.39012700864195,113.1449441442848,0.8733606599099955,0.8586102882409875,0.8906885318774764,1.1627749214042429,0.8813626031315318,0.12074971196522372
2021-02-11,95894.25,79.29708333333333,-0.3476831109728343,0.12088354565574819,125.31691022846123,113.1449441442848,0.8733606599099955,0.8586102882409875,0.8906885318774764,1.1627749214042429,0.8778057241425007,0.12074971196522372
2021-02-12,229485.0,62.134166666666665,0.8725916460855148,0.7614161808182283,125.14312051613726,113.1449441442848,0.8733606599099955,0.8586102882409875,0.8906885318774764,1.1627749214042429,0.8748860064607019,0.12074971196522372
2021-02-13,195058.75,53.21625,-0.1625368726487465,0.02641823497043484,125.16396815133771,113.1449441442848,0.8733606599099955,0.8586102882409875,0.8906885318774764,1.1627749214042429,0.8723162541985432,0.12074971196522372
2021-02-14,267390.25,45.88916666666666,0.31540840653550356,0.09948246291326548,124.91238462996726,113.1449441442848,0.8733606599099955,0.8586102882409875,0.8906885318774764,1.1627749214042429,0.9008794237119075,0.12074971196522372
2021-02-15,476714.0,50.74583333333334,0.5782075285809469,0.33432394610768656,122.26347943439856,113.1449441442848,0.8733606599099955,0.8586102882409875,0.8906885318774764,1.1627749214042429,0.8996951828650328,0.12074971196522372
2021-02-16,298451.75,52.43375,-0.4683084521289395,0.21931280633540323,121.89580495495264,113.1449441442848,0.8733606599099955,0.8586102882409875,0.8906885318774764,1.1627749214042429,0.8957680862206124,0.12074971196522372
2021-02-17,484101.5,49.665,0.48368631724799266,0.2339524534929258,122.05637567219199,113.1449441442848,0.8733606599099955,0.8586102882409875,0.8906885318774764,1.1627749214042429,0.8946288008019289,0.12074971196522372
2021-02-18,428302.75,45.400416666666665,-0.12246429014036564,0.014997502359583657,122.06892078880657,113.1449441442848,0.8733606599099955,0.8586102882409875,0.8906885318774764,1.1627749214042429,0.889706724787578,0.12074971196522372
2021-02-19,363847.75,47.71208333333333,-0.16309479442684635,0.026599911969135272,121.94383430716672,113.1449441442848,0.8733606599099955,0.8586102882409875,0.8906885318774764,1.1627749214042429,0.8850610603573013,0.12074971196522372
2021-02-20,358131.0,34.04708333333333,-0.015836669651637006,0.0002508001056550806,121.9254825688529,113.1449441442848,0.8733606599099955,0.8586102882409875,0.8906885318774764,1.1627749214042429,0.8797927663531236,0.12074971196522372
2021-02-21,291985.25,32.9225,-0.20419555396156838,0.041695824257671786,121.9656391440152,113.1449441442848,0.8733606599099955,0.8586102882409875,0.8906885318774764,1.1627749214042429,0.8749436278474801,0.12074971196522372
2021-02-22,245524.75,49.90375,-0.17330553047672212,0.03003480689381806,121.6438009173578,113.1449441442848,0.8733606599099955,0.8586102882409875,0.8906885318774764,1.1627749214042429,0.871161712777722,0.12074971196522372
2021-02-23,313505.0,45.58416666666667,0.24441755209203966,0.05973993977066492,119.08407214126592,113.1449441442848,0.8733606599099955,0.8586102882409875,0.8906885318774764,1.1627749214042429,0.8661967336638556,0.12074971196522372
2021-02-24,371099.5,38.13291666666667,0.16865491181080586,0.0284444792779107,118.1038451660829,113.1449441442848,0.8733606599099955,0.8586102882409875,0.8906885318774764,1.1627749214042429,0.8612433359607315,0.12074971196522372
2021-02-25,264223.5,46.163333333333334,-0.3396748848204652,0.1153790273777963,117.82335690015283,113.1449441442848,0.8733606599099955,0.8586102882409875,0.8906885318774764,1.1627749214042429,0.8629240444707295,0.12074971196522372
2021-02-26,241247.5,47.63083333333333,-0.09097195842834845,0.008275897220289158,117.82036701642778,113.1449441442848,0.8733606599099955,0.8586102882409875,0.8906885318774764,1.1627749214042429,0.8580659090935101,0.12074971196522372
2021-02-27,162085.5,44.93541666666667,-0.3976994036866465,0.15816481569271423,117.62834519811227,113.1449441442848,0.8733606599099955,0.8586102882409875,0.8906885318774764,1.1627749214042429,0.8533005576477137,0.12074971196522372
2021-02-28,121472.25,42.07208333333333,-0.2884381321517045,0.08319655607916415,116.79640920693285,113.1449441442848,0.8733606599099955,0.8586102882409875,0.8906885318774764,1.1627749214042429,0.8511633704141391,0.12074971196522372
2021-03-01,84004.5,49.76499999999999,-0.36881547279576327,0.1360248529735624,116.77532673841505,113.1449441442848,0.8733606599099955,0.8586102882409875,0.8906885318774764,1.1627749214042429,0.8477042585878394,0.12074971196522372
2021-03-02,70664.5,53.49916666666667,-0.17292704368048195,0.02990376243607131,116.43060618815147,113.1449441442848,0.8733606599099955,0.8586102882409875,0.8906885318774764,1.1627749214042429,0.8587922667459708,0.12074971196522372
2021-03-03,132095.75,51.911249999999995,0.6255837132577075,0.3913549822933015,116.56027477816595,113.1449441442848,0.8733606599099955,0.8586102882409875,0.8906885318774764,1.1627749214042429,0.8654193879872868,0.12074971196522372
2021-03-04,172453.0,54.07541666666666,0.26659769716408965,0.07107433213319565,116.43300057844127,113.1449441442848,0.8733606599099955,0.8586102882409875,0.8906885318774764,1.1627749214042429,0.8608568789176271,0.12074971196522372
2021-03-05,151498.0,53.60333333333333,-0.12955231203614878,0.01678380155391166,116.36438512270064,113.1449441442848,0.8733606599099955,0.8586102882409875,0.8906885318774764,1.1627749214042429,0.8561646282393893,0.12074971196522372
2021-03-06,200343.5,44.706250000000004,0.27946096978934976,0.07809843363560386,116.43904242606962,113.1449441442848,0.8733606599099955,0.8586102882409875,0.8906885318774764,1.1627749214042429,0.8572688772467755,0.12074971196522372
2021-03-07,274027.75,44.82458333333333,0.3131959853006228,0.09809172520842795,116.32589454097433,113.1449441442848,0.8733606599099955,0.8586102882409875,0.8906885318774764,1.1627749214042429,0.8560829279965745,0.12074971196522372
2021-03-08,60420.0,61.60666666666666,-1.5119092026736003,2.2858694371291217,118.61086989483694,113.1449441442848,0.8733606599099955,0.8586102882409875,0.8906885318774764,1.1627749214042429,0.8516515979977256,0.12074971196522372
2021-03-09,73106.75,60.91583333333333,0.1906005257954856,0.036328560433515567,118.2295923559915,113.1449441442848,0.8733606599099955,0.8586102882409875,0.8906885318774764,1.1627749214042429,0.8699662696621105,0.12074971196522372
2021-03-10,239138.0,50.82208333333333,1.1851200894006182,1.4045096263009293,119.38292423059274,113.1449441442848,0.8733606599099955,0.8586102882409875,0.8906885318774764,1.1627749214042429,0.8653802946040452,0.12074971196522372
2021-03-11,885523.5,27.430833333333336,1.3091382043948265,1.7138428382061106,120.80118351958384,113.1449441442848,0.8733606599099955,0.8586102882409875,0.8906885318774764,1.1627749214042429,0.8646694385791397,0.12074971196522372
2021-03-12,839607.25,22.28625,-0.053244772575944045,0.002835005806664003,120.7798100704291,113.1449441442848,0.8733606599099955,0.8586102882409875,0.8906885318774764,1.1627749214042429,0.8864051636563461,0.12074971196522372
2021-03-13,857699.0,11.9275,0.021318999113357988,0.00045449972319535866,119.94291396545005,113.1449441442848,0.8733606599099955,0.8586102882409875,0.8906885318774764,1.1627749214042429,0.8811657703404066,0.12074971196522372
2021-03-14,608699.0,15.753333333333332,-0.34292932943374926,0.11760052498588093,120.03748411414608,113.1449441442848,0.8733606599099955,0.8586102882409875,0.8906885318774764,1.1627749214042429,0.8767022677832697,0.12074971196522372
2021-03-15,520779.0,49.27625,-0.15599812515238382,0.024335415051058806,120.06181702718378,113.1449441442848,0.8733606599099955,0.8586102882409875,0.8906885318774764,1.1627749214042429,0.8715204177491185,0.12074971196522372
2021-03-16,340494.5,56.01125,-0.4249267947582199,0.1805627809034943,119.38597392941489,113.1449441442848,0.8733606599099955,0.8586102882409875,0.8906885318774764,1.1627749214042429,0.8706251618768237,0.12074971196522372
2021-03-17,105390.25,57.645,-1.172728845657916,1.375292945438148,120.19886383595939,113.1449441442848,0.8733606599099955,0.8586102882409875,0.8906885318774764,1.1627749214042429,0.8664111955918626,0.12074971196522372
2021-03-18,51962.25,64.8575,-0.7071526336793147,0.500064847319591,120.5235535875508,113.1449441442848,0.8733606599099955,0.8586102882409875,0.8906885318774764,1.1627749214042429,0.8722071248315936,0.12074971196522372
2021-03-19,228494.75,56.45166666666666,1.480995740735044,2.1933483840753416,122.30540066583097,113.1449441442848,0.8733606599099955,0.8586102882409875,0.8906885318774764,1.1627749214042429,0.8726619728853612,0.12074971196522372
2021-03-20,208326.75,51.34375,-0.0924054735713293,0.008538771545941638,121.71051633713341,113.1449441442848,0.8733606599099955,0.8586102882409875,0.8906885318774764,1.1627749214042429,0.8679149034946574,0.12074971196522372
2021-03-21,540320.75,35.41791666666666,0.953055184133624,0.9083141840039759,122.45699111759536,113.1449441442848,0.8733606599099955,0.8586102882409875,0.8906885318774764,1.1627749214042429,0.8642329800394861,0.12074971196522372
2021-03-22,189260.25,60.47708333333333,-1.0490398926892464,1.1004846964534656,123.08299327255881,113.1449441442848,0.8733606599099955,0.8586102882409875,0.8906885318774764,1.1627749214042429,0.8703009524832408,0.12074971196522372
2021-03-23,111236.75,62.33416666666667,-0.5314622391837267,0.28245211167818074,123.01595796340958,113.1449441442848,0.8733606599099955,0.8586102882409875,0.8906885318774764,1.1627749214042429,0.868592927774554,0.12074971196522372
2021-03-24,122752.25,55.54,0.09850728361588683,0.009703684925380766,122.7815888714445,113.1449441442848,0.8733606599099955,0.8586102882409875,0.8906885318774764,1.1627749214042429,0.8636147436008534,0.12074971196522372
2021-03-25,82695.0,58.852916666666665,-0.39500895573578226,0.15603207511147318,122.936210390537,113.1449441442848,0.8733606599099955,0.8586102882409875,0.8906885318774764,1.1627749214042429,0.858961313093856,0.12074971196522372
2021-03-26,253417.25,51.37083333333334,1.1198781990513418,1.2541271807104768,124.17621859785446,113.1449441442848,0.8733606599099955,0.8586102882409875,0.8906885318774764,1.1627749214042429,0.8574414993135911,0.12074971196522372
2021-03-27,613209.5,24.694583333333338,0.8836692996149224,0.7808714310819274,123.70064257620056,113.1449441442848,0.8733606599099955,0.8586102882409875,0.8906885318774764,1.1627749214042429,0.8562915272477781,0.12074971196522372
2021-03-28,434757.25,18.251739130434782,-0.34391881002995667,0.11828014789242142,122.06781188598077,113.1449441442848,0.8733606599099955,0.8586102882409875,0.8906885318774764,1.1627749214042429,0.8521098357850174,0.12074971196522372
2021-03-29,432816.0,40.805416666666666,-0.004475133920403561,2.0026823605546543e-05,121.32481407254515,113.1449441442848,0.8733606599099955,0.8586102882409875,0.8906885318774764,1.1627749214042429,0.8572632190506012,0.12074971196522372
2021-03-30,126856.0,55.725833333333334,-1.2272601105383942,1.5061673789187116,122.82870953113759,113.1449441442848,0.8733606599099955,0.8586102882409875,0.8906885318774764,1.1627749214042429,0.8562910894312037,0.12074971196522372
2021-03-31,40883.75,58.721666666666664,-1.132319911300692,1.2821483815280073,123.84481330057929,113.1449441442848,0.8733606599099955,0.8586102882409875,0.8906885318774764,1.1627749214042429,0.8543796615738584,0.12074971196522372
2021-04-01,224964.75,52.28875,1.705211049677675,2.907744723942838,126.50233112735549,113.1449441442848,0.8733606599099955,0.8586102882409875,0.8906885318774764,1.1627749214042429,0.864813225839539,0.12074971196522372
2021-04-02,321075.25,36.49875,0.3557317960688425,0.12654511073436453,124.15261429657512,113.1449441442848,0.8733606599099955,0.8586102882409875,0.8906885318774764,1.1627749214042429,0.8617320422910918,0.12074971196522372
2021-04-03,246699.25,39.560833333333335,-0.26350553593211423,0.06943516746687074,123.61209541898342,113.1449441442848,0.8733606599099955,0.8586102882409875,0.8906885318774764,1.1627749214042429,0.861537022884397,0.12074971196522372
2021-04-04,224407.5,27.690416666666668,-0.09470638785106125,0.008969299899795643,122.68443997001967,113.1449441442848,0.8733606599099955,0.8586102882409875,0.8906885318774764,1.1627749214042429,0.8722402697891638,0.12074971196522372
2021-04-05,696283.25,-16.996666666666666,1.1322929503861332,1.2820873254941343,123.48621434425974,113.1449441442848,0.8733606599099955,0.8586102882409875,0.8906885318774764,1.1627749214042429,0.8795465195654909,0.12074971196522372
2021-04-06,545770.75,35.37833333333333,-0.24355753015685966,0.0593202704961096,122.13729003790672,113.1449441442848,0.8733606599099955,0.8586102882409875,0.8906885318774764,1.1627749214042429,0.890540434409613,0.12074971196522372
2021-04-07,599038.25,50.32333333333333,0.09312643672490349,0.008672533217077453,122.01552281109512,113.1449441442848,0.8733606599099955,0.8586102882409875,0.8906885318774764,1.1627749214042429,0.8862118727197811,0.12074971196522372
2021-04-08,458949.25,57.58041666666667,-0.26638581500527037,0.07096140243602213,120.95262486046954,113.1449441442848,0.8733606599099955,0.8586102882409875,0.8906885318774764,1.1627749214042429,0.8821313368269343,0.12074971196522372
2021-04-09,423070.5,53.92125000000001,-0.08140080567322423,0.006626091164250014,120.73674357607598,113.1449441442848,0.8733606599099955,0.8586102882409875,0.8906885318774764,1.1627749214042429,0.8816744867630057,0.12074971196522372
2021-04-10,145364.5,58.805416666666666,-1.0682944505944056,1.141253033170803,121.04966101807068,113.1449441442848,0.8733606599099955,0.8586102882409875,0.8906885318774764,1.1627749214042429,0.8781794374963191,0.12074971196522372
2021-04-11,332268.75,48.687916666666666,0.8266997481784346,0.6834324736382872,121.5333381036916,113.1449441442848,0.8733606599099955,0.8586102882409875,0.8906885318774764,1.1627749214042429,0.8874719105630059,0.12074971196522372
2021-04-12,229103.75,62.72333333333333,-0.3717691716860592,0.13821231701613856,121.59333102450685,113.1449441442848,0.8733606599099955,0.8586102882409875,0.8906885318774764,1.1627749214042429,0.8904392753255539,0.12074971196522372
2021-04-13,267724.25,57.51624999999999,0.1557825751774312,0.024268210728912,121.59859566276265,113.1449441442848,0.8733606599099955,0.8586102882409875,0.8906885318774764,1.1627749214042429,0.8849719799551314,0.12074971196522372
2021-04-14,142234.5,69.49333333333333,-0.6324804289246144,0.4000314929726642,121.49519087620334,113.1449441442848,0.8733606599099955,0.8586102882409875,0.8906885318774764,1.1627749214042429,0.8830505212661706,0.12074971196522372
2021-04-15,169414.25,66.97500000000001,0.17486979512867365,0.030579445248344293,121.42068385669454,113.1449441442848,0.8733606599099955,0.8586102882409875,0.8906885318774764,1.1627749214042429,0.8826937817133154,0.12074971196522372
2021-04-16,185971.5,63.04458333333333,0.0932465370614175,0.008694916673946307,121.27381757065552,113.1449441442848,0.8733606599099955,0.8586102882409875,0.8906885318774764,1.1627749214042429,0.8801488080886519,0.12074971196522372
2021-04-17,130569.25,61.19583333333333,-0.35368969880836604,0.12509640304315267,121.34129547806697,113.1449441442848,0.8733606599099955,0.8586102882409875,0.8906885318774764,1.1627749214042429,0.8750367372336619,0.12074971196522372
2021-04-18,63576.25,62.62875,-0.7196637644264662,0.5179159338284722,121.4659763794418,113.1449441442848,0.8733606599099955,0.8586102882409875,0.8906885318774764,1.1627749214042429,0.870631458523283,0.12074971196522372
2021-04-19,54725.5,75.6675,-0.1499101929724048,0.022473065957023645,121.36350076553839,113.1449441442848,0.8733606599099955,0.8586102882409875,0.8906885318774764,1.1627749214042429,0.869922941943579,0.12074971196522372
2021-04-20,54859.5,75.7675,0.002445591400043932,5.980917295968839e-06,121.15507176466328,113.1449441442848,0.8733606599099955,0.8586102882409875,0.8906885318774764,1.1627749214042429,0.8663483871739603,0.12074971196522372
2021-04-21,229111.25,59.875416666666666,1.4294323220887843,2.043276763432134,123.19513652874427,113.1449441442848,0.8733606599099955,0.8586102882409875,0.8906885318774764,1.1627749214042429,0.862403973549682,0.12074971196522372
2021-04-22,412837.0,45.90208333333334,0.5888451484855429,0.3467386088949611,123.39447675653612,113.1449441442848,0.8733606599099955,0.8586102882409875,0.8906885318774764,1.1627749214042429,0.868492027807797,0.12074971196522372
2021-04-23,243937.25,61.73458333333334,-0.5261418218459794,0.2768252166954063,122.93614165242408,113.1449441442848,0.8733606599099955,0.8586102882409875,0.8906885318774764,1.1627749214042429,0.8783218741891632,0.12074971196522372
2021-04-24,167099.75,52.910833333333336,-0.378320080597516,0.14312608338331098,122.73039771585513,113.1449441442848,0.8733606599099955,0.8586102882409875,0.8906885318774764,1.1627749214042429,0.8737575157713053,0.12074971196522372
2021-04-25,167854.25,37.477916666666665,0.00450510384176982,2.0295960625129194e-05,121.27093113723375,113.1449441442848,0.8733606599099955,0.8586102882409875,0.8906885318774764,1.1627749214042429,0.8686181540109587,0.12074971196522372
2021-04-26,121609.25,61.92333333333334,-0.32228300761397677,0.1038663369967106,121.37284343583158,113.1449441442848,0.8733606599099955,0.8586102882409875,0.8906885318774764,1.1627749214042429,0.8660976369000939,0.12074971196522372
2021-04-27,227375.5,59.51333333333333,0.6257898001284055,0.39161287394474964,121.65145376251313,113.1449441442848,0.8733606599099955,0.8586102882409875,0.8906885318774764,1.1627749214042429,0.8911669444104755,0.12074971196522372
2021-04-28,199601.75,61.71958333333333,-0.13027870447231465,0.0169725408389847,121.38349595170752,113.1449441442848,0.8733606599099955,0.8586102882409875,0.8906885318774764,1.1627749214042429,0.8879054266241884,0.12074971196522372
2021-04-29,315506.0,59.44083333333333,0.45785356785908626,0.20962988960129492,120.18729427827479,113.1449441442848,0.8733606599099955,0.8586102882409875,0.8906885318774764,1.1627749214042429,0.8824596777127087,0.12074971196522372
2021-04-30,108985.0,69.14541666666666,-1.0629674411526095,1.1298997809505265,120.98325699559416,113.1449441442848,0.8733606599099955,0.8586102882409875,0.8906885318774764,1.1627749214042429,0.8796024231574985,0.12074971196522372
2021-05-01,59684.5,56.685,-0.6021379028827971,0.3625700540880928,121.30632600090242,113.1449441442848,0.8733606599099955,0.8586102882409875,0.8906885318774764,1.1627749214042429,0.9035479445306404,0.12074971196522372
2021-05-02,246892.25,43.809583333333336,1.4198796514343957,2.0160582245574608,123.27951792550436,113.1449441442848,0.8733606599099955,0.8586102882409875,0.8906885318774764,1.1627749214042429,0.8977033600273211,0.12074971196522372
2021-05-03,299376.75,62.42583333333334,0.19275080702750277,0.03715287360975361,122.93838153752404,113.1449441442848,0.8733606599099955,0.8586102882409875,0.8906885318774764,1.1627749214042429,0.8951090685752522,0.12074971196522372
2021-05-04,844249.75,30.259583333333335,1.036745549485239,1.0748413343774499,124.01216236066371,113.1449441442848,0.8733606599099955,0.8586102882409875,0.8906885318774764,1.1627749214042429,0.8940726507039221,0.12074971196522372
2021-05-05,724241.25,31.80666666666667,-0.1533238080319206,0.023508190109409244,122.19510757911229,113.1449441442848,0.8733606599099955,0.8586102882409875,0.8906885318774764,1.1627749214042429,0.9114693647501162,0.12074971196522372
2021-05-06,309794.75,64.96583333333334,-0.8492145736907625,0.7211653921687835,121.92319233176593,113.1449441442848,0.8733606599099955,0.8586102882409875,0.8906885318774764,1.1627749214042429,0.9110317877967239,0.12074971196522372
2021-05-07,294531.5,71.29833333333333,-0.05052402309964212,0.0025526769101731706,121.86924201666552,113.1449441442848,0.8733606599099955,0.8586102882409875,0.8906885318774764,1.1627749214042429,0.9072341893565977,0.12074971196522372
2021-05-08,242180.5,50.73875,-0.19570264241833743,0.03829952424951964,121.79497104135595,113.1449441442848,0.8733606599099955,0.8586102882409875,0.8906885318774764,1.1627749214042429,0.9012974315099931,0.12074971196522372
2021-05-09,406943.0,3.62375,0.5189898105905958,0.2693504234968625,121.58251211123599,113.1449441442848,0.8733606599099955,0.8586102882409875,0.8906885318774764,1.1627749214042429,0.8956942516577273,0.12074971196522372
2021-05-10,322308.75,57.45583333333334,-0.23316318942257544,0.05436507290170779,121.62976949804255,113.1449441442848,0.8733606599099955,0.8586102882409875,0.8906885318774764,1.1627749214042429,0.9009596943104043,0.12074971196522372
2021-05-11,133217.5,72.17166666666667,-0.8835268062142816,0.7806196172992087,122.32836488097053,113.1449441442848,0.8733606599099955,0.8586102882409875,0.8906885318774764,1.1627749214042429,0.8990744130777397,0.12074971196522372
2021-05-12,147323.75,68.74541666666667,0.10064941518729342,0.010130304777544171,122.06438920352832,113.1449441442848,0.8733606599099955,0.8586102882409875,0.8906885318774764,1.1627749214042429,0.8940524951336626,0.12074971196522372
2021-05-13,111367.0,62.73541666666667,-0.2798014922392304,0.07828887505930011,119.08076330962508,113.1449441442848,0.8733606599099955,0.8586102882409875,0.8906885318774764,1.1627749214042429,0.8891147015321715,0.12074971196522372
2021-05-14,122208.25,71.80166666666666,0.09289550292764752,0.008629574464180568,119.08745305597334,113.1449441442848,0.8733606599099955,0.8586102882409875,0.8906885318774764,1.1627749214042429,0.8868736240568382,0.12074971196522372
2021-05-15,154196.75,60.201249999999995,0.23250282764951832,0.05405756486502162,119.07215133345318,113.1449441442848,0.8733606599099955,0.8586102882409875,0.8906885318774764,1.1627749214042429,0.8815959948648594,0.12074971196522372
2021-05-16,188606.75,39.869166666666665,0.20143477520760128,0.04057596866293686,119.04668172288052,113.1449441442848,0.8733606599099955,0.8586102882409875,0.8906885318774764,1.1627749214042429,0.8797599377500511,0.12074971196522372
2021-05-17,202040.5,73.70375,0.06880401276354085,0.004733992172365493,118.74333678930655,113.1449441442848,0.8733606599099955,0.8586102882409875,0.8906885318774764,1.1627749214042429,0.8812350044998926,0.12074971196522372
2021-05-18,164082.0,74.17875,-0.20810186948841394,0.04330638808457287,117.07406128476573,113.1449441442848,0.8733606599099955,0.8586102882409875,0.8906885318774764,1.1627749214042429,0.8800162259119242,0.12074971196522372
2021-05-19,107450.25,77.71249999999999,-0.42333835311647217,0.17921536121936688,117.20932097083082,113.1449441442848,0.8733606599099955,0.8586102882409875,0.8906885318774764,1.1627749214042429,0.8747422348294334,0.12074971196522372
2021-05-20,137152.5,69.98958333333333,0.24406549568538338,0.059567966184151895,116.6976555927764,113.1449441442848,0.8733606599099955,0.8586102882409875,0.8906885318774764,1.1627749214042429,0.8715013404510268,0.12074971196522372
2021-05-21,539443.5,31.33875,1.369444607180513,1.8753785321357899,117.93193625699813,113.1449441442848,0.8733606599099955,0.8586102882409875,0.8906885318774764,1.1627749214042429,0.8664328429412832,0.12074971196522372
2021-05-22,607028.75,-7.039166666666667,0.11803810140824884,0.013932993384064037,115.61624553106898,113.1449441442848,0.8733606599099955,0.8586102882409875,0.8906885318774764,1.1627749214042429,0.8709830676245305,0.12074971196522372
2021-05-23,336212.0,21.145,-0.5908342406461315,0.3490850999198909,115.87112870684498,113.1449441442848,0.8733606599099955,0.8586102882409875,0.8906885318774764,1.1627749214042429,0.8815855737539363,0.12074971196522372
2021-05-24,359874.5,31.645416666666666,0.06801344618267414,0.004625828861643512,115.13361490010799,113.1449441442848,0.8733606599099955,0.8586102882409875,0.8906885318774764,1.1627749214042429,0.8766025812628404,0.12074971196522372
2021-05-25,465361.25,59.78041666666667,0.2570586261313207,0.0660791372685221,115.18771385641989,113.1449441442848,0.8733606599099955,0.8586102882409875,0.8906885318774764,1.1627749214042429,0.8736886154963808,0.12074971196522372
2021-05-26,452385.25,65.60583333333334,-0.028279845871301595,0.0007997496825045739,114.47008398058198,113.1449441442848,0.8733606599099955,0.8586102882409875,0.8906885318774764,1.1627749214042429,0.8687143173446364,0.12074971196522372
2021-05-27,374270.0,71.7675,-0.1895566777344633,0.03593173407372718,114.2106614211304,113.1449441442848,0.8733606599099955,0.8586102882409875,0.8906885318774764,1.1627749214042429,0.8824585676560343,0.12074971196522372
2021-05-28,126119.5,73.60208333333334,-1.0877475918948944,1.1831948236731418,115.38360885538543,113.1449441442848,0.8733606599099955,0.8586102882409875,0.8906885318774764,1.1627749214042429,0.8849171456541147,0.12074971196522372
2021-05-29,111310.0,56.48791666666667,-0.12491076868559235,0.015602700133625559,115.3830620039949,113.1449441442848,0.8733606599099955,0.8586102882409875,0.8906885318774764,1.1627749214042429,0.8798678590368828,0.12074971196522372
2021-05-30,117846.0,37.84791666666667,0.057059585849984634,0.003255796337371767,115.27682644571847,113.1449441442848,0.8733606599099955,0.8586102882409875,0.8906885318774764,1.1627749214042429,0.8848068294555635,0.12074971196522372
2021-05-31,84542.5,67.45708333333333,-0.33212432085338106,0.11030656450231961,114.29887129711244,113.1449441442848,0.8733606599099955,0.8586102882409875,0.8906885318774764,1.1627749214042429,0.8867862253580617,0.12074971196522372
2021-06-01,107933.75,68.25375,0.24426324647389477,0.059664533577966666,114.08289514680672,113.1449441442848,0.8733606599099955,0.8586102882409875,0.8906885318774764,1.1627749214042429,0.8908046624280676,0.12074971196522372
2021-06-02,179556.5,66.68541666666667,0.5089723086563454,0.2590528109789701,111.86389098840034,113.1449441442848,0.8733606599099955,0.8586102882409875,0.8906885318774764,1.1627749214042429,0.885637371127022,0.12074971196522372
2021-06-03,207675.0,61.96375,0.14548443609315703,0.02116572114534389,110.86934596801058,113.1449441442848,0.8733606599099955,0.8586102882409875,0.8906885318774764,1.1627749214042429,0.891968471805989,0.12074971196522372
2021-06-04,75840.0,71.79666666666667,-1.0073484997783688,1.0147510000057303,111.6919182992214,113.1449441442848,0.8733606599099955,0.8586102882409875,0.8906885318774764,1.1627749214042429,0.8868680973231952,0.12074971196522372
2021-06-05,90064.0,62.5575,0.17189467077490436,0.02954777784081276,111.6928717004886,113.1449441442848,0.8733606599099955,0.8586102882409875,0.8906885318774764,1.1627749214042429,0.8851276356447776,0.12074971196522372
2021-06-06,84420.75,59.4375,-0.0647073042561067,0.004187035224092364,111.04239649580786,113.1449441442848,0.8733606599099955,0.8586102882409875,0.8906885318774764,1.1627749214042429,0.8797884452414665,0.12074971196522372
2021-06-07,61175.5,77.33791666666666,-0.3220664418968337,0.10372679299608656,110.3982934600366,113.1449441442848,0.8733606599099955,0.8586102882409875,0.8906885318774764,1.1627749214042429,0.8819256888546169,0.12074971196522372
2021-06-08,52837.25,76.92041666666667,-0.14653034817506852,0.021471142936306805,110.41793977509239,113.1449441442848,0.8733606599099955,0.8586102882409875,0.8906885318774764,1.1627749214042429,0.8766328720322719,0.12074971196522372
2021-06-09,30176.75,76.73583333333333,-0.5601446740627157,0.31376205588082606,110.69819280494674,113.1449441442848,0.8733606599099955,0.8586102882409875,0.8906885318774764,1.1627749214042429,0.8807998015465797,0.12074971196522372
2021-06-10,37124.75,78.83333333333333,0.20721210276251015,0.042936855531261066,108.40423846714238,113.1449441442848,0.8733606599099955,0.8586102882409875,0.8906885318774764,1.1627749214042429,0.8932553302559009,0.12074971196522372
2021-06-11,61899.0,78.09541666666667,0.5112201613777464,0.26134605339908906,108.4056427815805,113.1449441442848,0.8733606599099955,0.8586102882409875,0.8906885318774764,1.1627749214042429,0.8887112324823838,0.12074971196522372
2021-06-12,368239.25,39.17583333333334,1.7832288383205237,3.1799050898179644,111.54152408597426,113.1449441442848,0.8733606599099955,0.8586102882409875,0.8906885318774764,1.1627749214042429,0.8841725620144426,0.12074971196522372
2021-06-13,228546.25,19.40125,-0.4769942659368122,0.22752352973659834,111.76863520203054,113.1449441442848,0.8733606599099955,0.8586102882409875,0.8906885318774764,1.1627749214042429,0.886247500738409,0.12074971196522372
2021-06-14,80913.25,74.2225,-1.0383610037538828,1.0781935741167712,112.81697040885682,113.1449441442848,0.8733606599099955,0.8586102882409875,0.8906885318774764,1.1627749214042429,0.8843990868333814,0.12074971196522372
2021-06-15,50413.75,82.60625,-0.47311363777130705,0.22383651424519954,112.93290515602423,113.1449441442848,0.8733606599099955,0.8586102882409875,0.8906885318774764,1.1627749214042429,0.8793205642208712,0.12074971196522372
2021-06-16,85138.25,85.00375,0.5240124504780184,0.27458904825597763,113.13842444327275,113.1449441442848,0.8733606599099955,0.8586102882409875,0.8906885318774764,1.1627749214042429,0.8840168337914729,0.12074971196522372
2021-06-17,196351.0,77.51208333333334,0.8356274681495763,0.6982732655260712,113.69735828786294,113.1449441442848,0.8733606599099955,0.8586102882409875,0.8906885318774764,1.1627749214042429,0.8830983400844654,0.12074971196522372
2021-06-18,112837.0,80.11958333333332,-0.5539595744938549,0.3068712101734128,113.10710804576685,113.1449441442848,0.8733606599099955,0.8586102882409875,0.8906885318774764,1.1627749214042429,0.8886034182687942,0.12074971196522372
2021-06-19,129224.5,70.0975,0.13560690239080128,0.018389231976028306,113.00603945346937,113.1449441442848,0.8733606599099955,0.8586102882409875,0.8906885318774764,1.1627749214042429,0.8883701259169423,0.12074971196522372
2021-06-20,234590.25,58.432500000000005,0.5962891733991629,0.35556077831305694,113.2121241073559,113.1449441442848,0.8733606599099955,0.8586102882409875,0.8906885318774764,1.1627749214042429,0.8835457235946135,0.12074971196522372
2021-06-21,230477.75,77.63250000000001,-0.017686046760141107,0.0003127962500018977,111.90530351308597,113.1449441442848,0.8733606599099955,0.8586102882409875,0.8906885318774764,1.1627749214042429,0.8784926644701515,0.12074971196522372
2021-06-22,117752.75,84.58916666666667,-0.6715672413047178,0.45100255959362906,112.22662088475255,113.1449441442848,0.8733606599099955,0.8586102882409875,0.8906885318774764,1.1627749214042429,0.8732450156583206,0.12074971196522372
2021-06-23,48883.25,92.84458333333333,-0.8791522851738469,0.772908740526397,110.39234962872311,113.1449441442848,0.8733606599099955,0.8586102882409875,0.8906885318774764,1.1627749214042429,0.869630831240697,0.12074971196522372
2021-06-24,36565.5,94.82708333333333,-0.29032962910661814,0.08429129353718645,110.28856794727135,113.1449441442848,0.8733606599099955,0.8586102882409875,0.8906885318774764,1.1627749214042429,0.8733593238275322,0.12074971196522372
2021-06-25,29434.5,89.72625,-0.21693771715275448,0.0470619731234485,109.69299920485157,113.1449441442848,0.8733606599099955,0.8586102882409875,0.8906885318774764,1.1627749214042429,0.8723230850811171,0.12074971196522372
2021-06-26,20577.75,79.875,-0.3579570607724099,0.12813325735682277,108.2364589273592,113.1449441442848,0.8733606599099955,0.8586102882409875,0.8906885318774764,1.1627749214042429,0.876455224197201,0.12074971196522372
2021-06-27,69393.25,64.96166666666666,1.2155792055517012,1.477632804969705,105.9359300926737,113.1449441442848,0.8733606599099955,0.8586102882409875,0.8906885318774764,1.1627749214042429,0.8787057234853766,0.12074971196522372
2021-06-28,66738.75,88.73,-0.03900385678447301,0.0015213008440636813,105.33275006571817,113.1449441442848,0.8733606599099955,0.8586102882409875,0.8906885318774764,1.1627749214042429,0.8738720237447541,0.12074971196522372
2021-06-29,92363.5,91.6475,0.32494613521084603,0.10558999078846543,104.22118341161223,113.1449441442848,0.8733606599099955,0.8586102882409875,0.8906885318774764,1.1627749214042429,0.8711571049977944,0.12074971196522372
2021-06-30,162670.5,92.37625000000001,0.5659948035201301,0.32035011761179066,104.48192107938007,113.1449441442848,0.8733606599099955,0.8586102882409875,0.8906885318774764,1.1627749214042429,0.8662387798919771,0.12074971196522372
2021-07-01,243180.25,89.39,0.4020762554316691,0.1616653151819528,104.64118369908805,113.1449441442848,0.8733606599099955,0.8586102882409875,0.8906885318774764,1.1627749214042429,0.8613296171734595,0.12074971196522372
2021-07-02,113929.25,96.58375000000001,-0.7582252962140119,0.574905599818826,104.418385245021,113.1449441442848,0.8733606599099955,0.8586102882409875,0.8906885318774764,1.1627749214042429,0.8571287123696852,0.12074971196522372
2021-07-03,41134.75,83.60416666666667,-1.0187243786459081,1.0377993596474917,105.00486920708254,113.1449441442848,0.8733606599099955,0.8586102882409875,0.8906885318774764,1.1627749214042429,0.8544140387822643,0.12074971196522372
2021-07-04,52706.0,82.96375,0.24787603800618702,0.06144253021764467,105.05891833408057,113.1449441442848,0.8733606599099955,0.8586102882409875,0.8906885318774764,1.1627749214042429,0.8523684581544365,0.12074971196522372
2021-07-05,112320.0,93.84500000000001,0.7566226392184208,0.5724778181778485,105.32382703589768,113.1449441442848,0.8733606599099955,0.8586102882409875,0.8906885318774764,1.1627749214042429,0.8606661761515445,0.12074971196522372
2021-07-06,321036.5,80.67583333333333,1.0502028835534543,1.1029260966239902,106.0244520455419,113.1449441442848,0.8733606599099955,0.8586102882409875,0.8906885318774764,1.1627749214042429,0.8569900679695668,0.12074971196522372
2021-07-07,111389.0,99.10583333333334,-1.0585262444807135,1.1204778102544433,107.13454459151981,113.1449441442848,0.8733606599099955,0.8586102882409875,0.8906885318774764,1.1627749214042429,0.8619548045899462,0.12074971196522372
2021-07-08,49982.5,109.04208333333334,-0.8013556351863912,0.6421708540449845,107.77639593948213,113.1449441442848,0.8733606599099955,0.8586102882409875,0.8906885318774764,1.1627749214042429,0.8571232038800459,0.12074971196522372
2021-07-09,163275.75,91.42333333333333,1.1837675450915826,1.4013056008121518,109.17591060162653,113.1449441442848,0.8733606599099955,0.8586102882409875,0.8906885318774764,1.1627749214042429,0.8806372731157984,0.12074971196522372
2021-07-10,111303.0,80.44958333333334,-0.3831842771592938,0.14683019026209052,108.72965553602893,113.1449441442848,0.8733606599099955,0.8586102882409875,0.8906885318774764,1.1627749214042429,0.876310856425662,0.12074971196522372
2021-07-11,80386.25,77.74,-0.32541307043728696,0.10589366641142268,108.42339392591279,113.1449441442848,0.8733606599099955,0.8586102882409875,0.8906885318774764,1.1627749214042429,0.8711631432108796,0.12074971196522372
2021-07-12,77695.5,93.45125,-0.034045801020307534,0.0011591165671143734,108.24077766114831,113.1449441442848,0.8733606599099955,0.8586102882409875,0.8906885318774764,1.1627749214042429,0.8768424534682643,0.12074971196522372
2021-07-13,91733.5,95.015,0.16609029361134853,0.02758598563190396,107.7823535299505,113.1449441442848,0.8733606599099955,0.8586102882409875,0.8906885318774764,1.1627749214042429,0.8843667462549877,0.12074971196522372
2021-07-14,152030.25,87.38916666666667,0.5051918799537861,0.25521883557124064,107.95729506013258,113.1449441442848,0.8733606599099955,0.8586102882409875,0.8906885318774764,1.1627749214042429,0.8826233087489834,0.12074971196522372
2021-07-15,74878.5,89.73583333333333,-0.7082127142862692,0.5015652486767248,108.43841854161785,113.1449441442848,0.8733606599099955,0.8586102882409875,0.8906885318774764,1.1627749214042429,0.8782792117284984,0.12074971196522372
2021-07-16,111409.0,84.96458333333334,0.39734131425858144,0.15788012001673676,108.33728870320651,113.1449441442848,0.8733606599099955,0.8586102882409875,0.8906885318774764,1.1627749214042429,0.8782958608557662,0.12074971196522372
2021-07-17,252628.25,61.69,0.8187109263833982,0.670287580979562,108.9913474703684,113.1449441442848,0.8733606599099955,0.8586102882409875,0.8906885318774764,1.1627749214042429,0.8746902639888949,0.12074971196522372
2021-07-18,217999.75,45.781666666666666,-0.14742512455994938,0.021734167351516592,108.79199443368495,113.1449441442848,0.8733606599099955,0.8586102882409875,0.8906885318774764,1.1627749214042429,0.8785085595996507,0.12074971196522372
2021-07-19,127240.0,89.20958333333334,-0.5384188491184971,0.289894857086087,109.06811035759932,113.1449441442848,0.8733606599099955,0.8586102882409875,0.8906885318774764,1.1627749214042429,0.8732562848943879,0.12074971196522372
2021-07-20,68966.5,91.69375000000001,-0.6124541874268653,0.37510013169670187,109.42148050669535,113.1449441442848,0.8733606599099955,0.8586102882409875,0.8906885318774764,1.1627749214042429,0.8690652554786509,0.12074971196522372
2021-07-21,55742.25,89.98541666666667,-0.2128824922300303,0.045318955498068914,109.27360474555938,113.1449441442848,0.8733606599099955,0.8586102882409875,0.8906885318774764,1.1627749214042429,0.8640545263006036,0.12074971196522372
2021-07-22,35653.25,87.56166666666667,-0.4468980804235648,0.19971789428626702,106.01561311279306,113.1449441442848,0.8733606599099955,0.8586102882409875,0.8906885318774764,1.1627749214042429,0.8592377914685803,0.12074971196522372
2021-07-23,29444.0,88.80083333333333,-0.19135015260402347,0.03661488090158307,106.05042163116046,113.1449441442848,0.8733606599099955,0.8586102882409875,0.8906885318774764,1.1627749214042429,0.8555669403949516,0.12074971196522372
2021-07-24,154924.25,75.76375,1.6604461335878717,2.7570813625469124,108.80207530955936,113.1449441442848,0.8733606599099955,0.8586102882409875,0.8906885318774764,1.1627749214042429,0.8657286285324983,0.12074971196522372
2021-07-25,121350.5,60.706250000000004,-0.2442532353070655,0.05965964295796871,108.1593333399124,113.1449441442848,0.8733606599099955,0.8586102882409875,0.8906885318774764,1.1627749214042429,0.8626864590513382,0.12074971196522372
2021-07-26,78834.25,88.50291666666668,-0.43133550537401466,0.18605031819625664,108.34078472853172,113.1449441442848,0.8733606599099955,0.8586102882409875,0.8906885318774764,1.1627749214042429,0.8588194178439077,0.12074971196522372
2021-07-27,142109.25,87.22375,0.5892485808847348,0.3472138900746738,108.65560202232771,113.1449441442848,0.8733606599099955,0.8586102882409875,0.8906885318774764,1.1627749214042429,0.8729823525434863,0.12074971196522372
2021-07-28,257006.5,79.42208333333333,0.5925052484161949,0.3510624694007368,108.98413682930224,113.1449441442848,0.8733606599099955,0.8586102882409875,0.8906885318774764,1.1627749214042429,0.8690040407459027,0.12074971196522372
2021-07-29,487772.0,46.09708333333333,0.6407467071561576,0.41055634273145875,109.11995072536645,113.1449441442848,0.8733606599099955,0.8586102882409875,0.8906885318774764,1.1627749214042429,0.8689473626591621,0.12074971196522372
2021-07-30,274847.75,64.80583333333333,-0.5736307755706038,0.32905226668173243,108.47693536481204,113.1449441442848,0.8733606599099955,0.8586102882409875,0.8906885318774764,1.1627749214042429,0.8900474178753395,0.12074971196522372
2021-07-31,473229.25,29.822916666666668,0.5433626353909544,0.29524295353900326,108.11165684269517,113.1449441442848,0.8733606599099955,0.8586102882409875,0.8906885318774764,1.1627749214042429,0.8845791192889417,0.12074971196522372
2021-08-01,145686.5,58.53541666666666,-1.1781228906151342,1.3879735453913595,109.46473458474858,113.1449441442848,0.8733606599099955,0.8586102882409875,0.8906885318774764,1.1627749214042429,0.8794166561562572,0.12074971196522372
2021-08-02,194613.75,80.09708333333333,0.2895597722497149,0.08384486170530676,109.41820249057882,113.1449441442848,0.8733606599099955,0.8586102882409875,0.8906885318774764,1.1627749214042429,0.8743569646205417,0.12074971196522372
2021-08-03,45937.5,96.51041666666667,-1.443735048042214,2.084370888945454,111.46151150586829,113.1449441442848,0.8733606599099955,0.8586102882409875,0.8906885318774764,1.1627749214042429,0.8701044038355616,0.12074971196522372
2021-08-04,36463.75,98.16916666666667,-0.23096316057045682,0.05334398154069462,111.45598248097082,113.1449441442848,0.8733606599099955,0.8586102882409875,0.8906885318774764,1.1627749214042429,0.8744230828676585,0.12074971196522372
2021-08-05,71207.25,94.50958333333334,0.669276022674129,0.44793039452650124,111.73960608207535,113.1449441442848,0.8733606599099955,0.8586102882409875,0.8906885318774764,1.1627749214042429,0.8861872529523073,0.12074971196522372
2021-08-06,222088.25,71.5975,1.1374801863269297,1.2938611742863468,111.38183359320907,113.1449441442848,0.8733606599099955,0.8586102882409875,0.8906885318774764,1.1627749214042429,0.8853633442459138,0.12074971196522372
2021-08-07,186273.75,61.51499999999999,-0.17585745949503803,0.03092584606004894,110.21582920271563,113.1449441442848,0.8733606599099955,0.8586102882409875,0.8906885318774764,1.1627749214042429,0.8819384176025772,0.12074971196522372
2021-08-08,402092.75,5.630833333333334,0.7694654174913494,0.5920770287151367,110.70270131295219,113.1449441442848,0.8733606599099955,0.8586102882409875,0.8906885318774764,1.1627749214042429,0.8782703712132747,0.12074971196522372
2021-08-09,268466.75,67.58916666666667,-0.4039557132460048,0.1631802182640885,110.18599661821806,113.1449441442848,0.8733606599099955,0.8586102882409875,0.8906885318774764,1.1627749214042429,0.8817308439199513,0.12074971196522372
2021-08-10,153346.5,90.76791666666666,-0.5600270034602954,0.3136302446047178,110.29744258341454,113.1449441442848,0.8733606599099955,0.8586102882409875,0.8906885318774764,1.1627749214042429,0.8774104565354875,0.12074971196522372
2021-08-11,45608.5,100.76208333333334,-1.2126059640355313,1.4704132240145402,111.29019599463052,113.1449441442848,0.8733606599099955,0.8586102882409875,0.8906885318774764,1.1627749214042429,0.8723583441244279,0.12074971196522372
2021-08-12,36238.0,106.5425,-0.2299858106442211,0.05289347309767953,108.33193070668277,113.1449441442848,0.8733606599099955,0.8586102882409875,0.8906885318774764,1.1627749214042429,0.8714629952339388,0.12074971196522372
2021-08-13,138579.25,94.90458333333333,1.3413340721343054,1.7991770930683981,110.06258963521165,113.1449441442848,0.8733606599099955,0.8586102882409875,0.8906885318774764,1.1627749214042429,0.8674696100806302,0.12074971196522372
2021-08-14,182819.0,63.36875,0.2770542282014261,0.07675904536428789,109.33556827527615,113.1449441442848,0.8733606599099955,0.8586102882409875,0.8906885318774764,1.1627749214042429,0.8666278726686932,0.12074971196522372
2021-08-15,119417.25,61.944583333333334,-0.42587292946446326,0.1813677520506437,109.51685639413408,113.1449441442848,0.8733606599099955,0.8586102882409875,0.8906885318774764,1.1627749214042429,0.8680930141423197,0.12074971196522372
2021-08-16,492657.25,67.60041666666667,1.417190036105067,2.0084275984354814,111.40012017463921,113.1449441442848,0.8733606599099955,0.8586102882409875,0.8906885318774764,1.1627749214042429,0.8630951371728929,0.12074971196522372
2021-08-17,599621.75,57.39208333333334,0.19648534076308768,0.03860648913478669,110.80815647922479,113.1449441442848,0.8733606599099955,0.8586102882409875,0.8906885318774764,1.1627749214042429,0.8613962434579654,0.12074971196522372
2021-08-18,399414.5,78.64333333333333,-0.4062993149739299,0.1650791333482847,110.66793825334685,113.1449441442848,0.8733606599099955,0.8586102882409875,0.8906885318774764,1.1627749214042429,0.8665469407909058,0.12074971196522372
2021-08-19,246759.0,91.62333333333333,-0.48158757296685056,0.23192659043610162,110.69892557715447,113.1449441442848,0.8733606599099955,0.8586102882409875,0.8906885318774764,1.1627749214042429,0.8682260611023442,0.12074971196522372
2021-08-20,68661.0,102.18,-1.279230799368247,1.6364314380523242,108.87368478233735,113.1449441442848,0.8733606599099955,0.8586102882409875,0.8906885318774764,1.1627749214042429,0.8632389216569976,0.12074971196522372
2021-08-21,25735.0,91.46291666666667,-0.9813294193395938,0.9630074292613844,109.48382089238531,113.1449441442848,0.8733606599099955,0.8586102882409875,0.8906885318774764,1.1627749214042429,0.8743159721672379,0.12074971196522372
2021-08-22,172125.0,78.05458333333333,1.9003690239441011,3.6114024271662557,112.98918075050798,113.1449441442848,0.8733606599099955,0.8586102882409875,0.8906885318774764,1.1627749214042429,0.8814371223017785,0.12074971196522372
2021-08-23,236059.25,93.87916666666666,0.3158618757887072,0.09976872457676071,111.52657053116526,113.1449441442848,0.8733606599099955,0.8586102882409875,0.8906885318774764,1.1627749214042429,0.8851948003293458,0.12074971196522372
2021-08-24,175369.5,95.39958333333334,-0.2971876562751753,0.08832050304233174,111.3979691650394,113.1449441442848,0.8733606599099955,0.8586102882409875,0.8906885318774764,1.1627749214042429,0.8807076757690929,0.12074971196522372
2021-08-25,247703.0,84.30958333333334,0.3453352712847313,0.11925644959329895,111.4278306544644,113.1449441442848,0.8733606599099955,0.8586102882409875,0.8906885318774764,1.1627749214042429,0.8887358462296712,0.12074971196522372
2021-08-26,286128.5,92.615,0.14421056276673533,0.02079668641349851,110.7794692056833,113.1449441442848,0.8733606599099955,0.8586102882409875,0.8906885318774764,1.1627749214042429,0.9128553479554742,0.12074971196522372
2021-08-27,239972.0,95.90750000000001,-0.17591876074457777,0.030947410381907996,110.78420188898257,113.1449441442848,0.8733606599099955,0.8586102882409875,0.8906885318774764,1.1627749214042429,0.9067981943206274,0.12074971196522372
2021-08-28,146711.5,84.71958333333333,-0.49205417651802874,0.24211731262883537,110.97596153531748,113.1449441442848,0.8733606599099955,0.8586102882409875,0.8906885318774764,1.1627749214042429,0.9035591365894112,0.12074971196522372
2021-08-29,168674.75,80.74249999999999,0.13950423102096923,0.019461430472751954,110.77637677072074,113.1449441442848,0.8733606599099955,0.8586102882409875,0.8906885318774764,1.1627749214042429,0.8983171827034339,0.12074971196522372
2021-08-30,225520.25,106.57499999999999,0.29043765098219326,0.08435402910805431,110.65004532815807,113.1449441442848,0.8733606599099955,0.8586102882409875,0.8906885318774764,1.1627749214042429,0.892829923688828,0.12074971196522372
2021-08-31,191159.5,110.05416666666667,-0.165301797257797,0.027324684176657826,110.54375477577778,113.1449441442848,0.8733606599099955,0.8586102882409875,0.8906885318774764,1.1627749214042429,0.8881002146687346,0.12074971196522372
2021-09-01,97718.25,111.85916666666667,-0.671019820176848,0.45026759907016944,110.18290766004499,113.1449441442848,0.8733606599099955,0.8586102882409875,0.8906885318774764,1.1627749214042429,0.8838440664753244,0.12074971196522372
2021-09-02,72101.75,118.19458333333334,-0.30401002207872135,0.09242209352430464,110.02827537078808,113.1449441442848,0.8733606599099955,0.8586102882409875,0.8906885318774764,1.1627749214042429,0.8823614243972133,0.12074971196522372
2021-09-03,101658.5,110.52541666666667,0.3435408410029864,0.11802030943703916,109.4458091785526,113.1449441442848,0.8733606599099955,0.8586102882409875,0.8906885318774764,1.1627749214042429,0.8875281512266168,0.12074971196522372
2021-09-04,50386.0,106.87583333333333,-0.7019057981318412,0.492671749451097,109.12002719430713,113.1449441442848,0.8733606599099955,0.8586102882409875,0.8906885318774764,1.1627749214042429,0.8924790642828857,0.12074971196522372
2021-09-05,86753.75,97.62916666666666,0.5433602868462337,0.2952404013216214,109.03371898437204,113.1449441442848,0.8733606599099955,0.8586102882409875,0.8906885318774764,1.1627749214042429,0.8958573768547331,0.12074971196522372
2021-09-06,29208.75,127.82375,-1.0886053236382551,1.1850615506535502,109.0914242982615,113.1449441442848,0.8733606599099955,0.8586102882409875,0.8906885318774764,1.1627749214042429,0.8912416235035844,0.12074971196522372
2021-09-07,21299.0,127.9825,-0.31580819866366766,0.09973481834319058,109.19050985770326,113.1449441442848,0.8733606599099955,0.8586102882409875,0.8906885318774764,1.1627749214042429,0.9038449473585753,0.12074971196522372
2021-09-08,96589.25,124.77916666666668,1.5118073281256326,2.285561397374364,111.40615214515141,113.1449441442848,0.8733606599099955,0.8586102882409875,0.8906885318774764,1.1627749214042429,0.9013022631295435,0.12074971196522372
2021-09-09,111750.75,130.23333333333332,0.14580349349845698,0.021258658716354586,111.24038289685531,113.1449441442848,0.8733606599099955,0.8586102882409875,0.8906885318774764,1.1627749214042429,0.8966202943173092,0.12074971196522372
2021-09-10,80349.0,138.28625,-0.32989129832519326,0.10882826871068166,109.56755190145547,113.1449441442848,0.8733606599099955,0.8586102882409875,0.8906885318774764,1.1627749214042429,0.8909636155686186,0.12074971196522372
2021-09-11,110193.25,129.01791666666665,0.3158559960188553,0.09976501022106313,109.6599428847829,113.1449441442848,0.8733606599099955,0.8586102882409875,0.8906885318774764,1.1627749214042429,0.8916855640233315,0.12074971196522372
2021-09-12,115675.5,105.22250000000001,0.04855321466466132,0.0023574146542726833,107.31746317737068,113.1449441442848,0.8733606599099955,0.8586102882409875,0.8906885318774764,1.1627749214042429,0.8911793787363727,0.12074971196522372
2021-09-13,55060.5,141.31916666666666,-0.7423562765631041,0.5510928413526359,107.82613456698876,113.1449441442848,0.8733606599099955,0.8586102882409875,0.8906885318774764,1.1627749214042429,0.8858857134634297,0.12074971196522372
2021-09-14,82029.25,143.23833333333334,0.3986433103006245,0.15891648884744,107.95650006291858,113.1449441442848,0.8733606599099955,0.8586102882409875,0.8906885318774764,1.1627749214042429,0.8813067925359593,0.12074971196522372
2021-09-15,161362.25,168.21166666666667,0.6765759465485459,0.45775501144806086,108.17315960748431,113.1449441442848,0.8733606599099955,0.8586102882409875,0.8906885318774764,1.1627749214042429,0.888816128000195,0.12074971196522372
2021-09-16,240873.75,158.94291666666666,0.4006210997825269,0.1604972655909614,108.31222915136738,113.1449441442848,0.8733606599099955,0.8586102882409875,0.8906885318774764,1.1627749214042429,0.8873441721819263,0.12074971196522372
2021-09-17,143277.5,156.95916666666668,-0.5194896280601126,0.26986947366203407,108.5471381757803,113.1449441442848,0.8733606599099955,0.8586102882409875,0.8906885318774764,1.1627749214042429,0.8832179378478586,0.12074971196522372
2021-09-18,80885.0,133.76291666666665,-0.5717549164656991,0.3269036845026985,108.57369733731811,113.1449441442848,0.8733606599099955,0.8586102882409875,0.8906885318774764,1.1627749214042429,0.8782113290618838,0.12074971196522372
2021-09-19,124093.0,94.10333333333334,0.42800289171392547,0.1831864753154822,107.71741505567972,113.1449441442848,0.8733606599099955,0.8586102882409875,0.8906885318774764,1.1627749214042429,0.8753818144255918,0.12074971196522372
2021-09-20,50568.0,150.69875,-0.8977123193255853,0.8058874082689216,107.06310940024035,113.1449441442848,0.8733606599099955,0.8586102882409875,0.8906885318774764,1.1627749214042429,0.8702771069897143,0.12074971196522372
2021-09-21,117326.0,149.89208333333332,0.8416374198067834,0.7083535464190198,107.75847713809372,113.1449441442848,0.8733606599099955,0.8586102882409875,0.8906885318774764,1.1627749214042429,0.8728297684661918,0.12074971196522372
2021-09-22,144792.25,145.97666666666666,0.21034357144302876,0.04424441804740854,107.78296358378111,113.1449441442848,0.8733606599099955,0.8586102882409875,0.8906885318774764,1.1627749214042429,0.8688793698238695,0.12074971196522372
2021-09-23,563094.5,73.15958333333333,1.3581475084338008,1.844564654664941,108.79795144613927,113.1449441442848,0.8733606599099955,0.8586102882409875,0.8906885318774764,1.1627749214042429,0.8640659495134355,0.12074971196522372
2021-09-24,386874.75,108.98083333333334,-0.3753464676185129,0.14088497075369538,108.51082577138698,113.1449441442848,0.8733606599099955,0.8586102882409875,0.8906885318774764,1.1627749214042429,0.8900246264570457,0.12074971196522372
2021-09-25,131189.25,127.58749999999999,-1.0814600600576543,1.169555861499905,109.59872914058356,113.1449441442848,0.8733606599099955,0.8586102882409875,0.8906885318774764,1.1627749214042429,0.8850468330246342,0.12074971196522372
2021-09-26,102289.25,125.71750000000002,-0.24883635283043137,0.061919530489950934,109.57540072313633,113.1449441442848,0.8733606599099955,0.8586102882409875,0.8906885318774764,1.1627749214042429,0.88875694751147,0.12074971196522372
2021-09-27,162949.25,143.21833333333333,0.46563421828712004,0.21681522523985736,107.2079588107751,113.1449441442848,0.8733606599099955,0.8586102882409875,0.8906885318774764,1.1627749214042429,0.8839357269704051,0.12074971196522372
2021-09-28,90313.0,155.08625,-0.5901573880105262,0.3482857426234068,107.28179932958048,113.1449441442848,0.8733606599099955,0.8586102882409875,0.8906885318774764,1.1627749214042429,0.878611429825742,0.12074971196522372
2021-09-29,347620.0,133.31375,1.3478285145117281,1.8166417045308918,109.09001584752009,113.1449441442848,0.8733606599099955,0.8586102882409875,0.8906885318774764,1.1627749214042429,0.876726043081306,0.12074971196522372
2021-09-30,495077.25,112.57083333333333,0.35360388186322755,0.12503570526874339,109.20317655087254,113.1449441442848,0.8733606599099955,0.8586102882409875,0.8906885318774764,1.1627749214042429,0.8749290292549612,0.12074971196522372
2021-10-01,429092.0,100.32666666666667,-0.14304246284768132,0.020461146177530292,109.02141375151344,113.1449441442848,0.8733606599099955,0.8586102882409875,0.8906885318774764,1.1627749214042429,0.8838952150716506,0.12074971196522372
2021-10-02,325515.75,104.05583333333334,-0.27626050057609974,0.07631986417855721,107.97805449885904,113.1449441442848,0.8733606599099955,0.8586102882409875,0.8906885318774764,1.1627749214042429,0.8846226180723151,0.12074971196522372
2021-10-03,614041.75,40.962916666666665,0.6346520750033594,0.40278325630606976,108.3790117848674,113.1449441442848,0.8733606599099955,0.8586102882409875,0.8906885318774764,1.1627749214042429,0.8815063062720361,0.12074971196522372
2021-10-04,213884.75,158.12083333333334,-1.0546256040290514,1.1122351646736415,109.31228130836239,113.1449441442848,0.8733606599099955,0.8586102882409875,0.8906885318774764,1.1627749214042429,0.8869656209989482,0.12074971196522372
2021-10-05,231931.75,159.72875,0.08100582880301,0.0065619443000625634,108.34005569605355,113.1449441442848,0.8733606599099955,0.8586102882409875,0.8906885318774764,1.1627749214042429,0.8817357402407083,0.12074971196522372
2021-10-06,309617.5,184.12375,0.28889451731382526,0.08346004213398808,108.3990343846116,113.1449441442848,0.8733606599099955,0.8586102882409875,0.8906885318774764,1.1627749214042429,0.8764149678018315,0.12074971196522372
2021-10-07,28682.75,302.52625,-2.379041767896649,5.6598397333968125,114.04124500853518,113.1449441442848,0.8733606599099955,0.8586102882409875,0.8906885318774764,1.1627749214042429,0.8727305619289619,0.12074971196522372
2021-10-08,144245.5,203.89291666666668,1.6152208122917795,2.608938272460516,116.30959976288385,113.1449441442848,0.8733606599099955,0.8586102882409875,0.8906885318774764,1.1627749214042429,0.8828540626011443,0.12074971196522372
2021-10-09,219344.0,139.49166666666667,0.41912456463249054,0.17566540067837474,115.9499257735941,113.1449441442848,0.8733606599099955,0.8586102882409875,0.8906885318774764,1.1627749214042429,0.8793360594192698,0.12074971196522372
2021-10-10,106299.25,144.33666666666667,-0.724383043873825,0.5247307942519079,116.42861035000809,113.1449441442848,0.8733606599099955,0.8586102882409875,0.8906885318774764,1.1627749214042429,0.8741711427698112,0.12074971196522372
2021-10-11,229487.75,167.84083333333334,0.7695914213499645,0.5922709558154586,116.97189117476348,113.1449441442848,0.8733606599099955,0.8586102882409875,0.8906885318774764,1.1627749214042429,0.8700722449738149,0.12074971196522372
2021-10-12,273253.5,167.43166666666667,0.1745502845880977,0.0304678018497859,117.00215968316571,113.1449441442848,0.8733606599099955,0.8586102882409875,0.8906885318774764,1.1627749214042429,0.8722361807156094,0.12074971196522372
2021-10-13,148826.5,188.24291666666667,-0.6076187378173313,0.36920053054672686,116.81880756597755,113.1449441442848,0.8733606599099955,0.8586102882409875,0.8906885318774764,1.1627749214042429,0.8687530927330838,0.12074971196522372
2021-10-14,318367.75,167.80916666666667,0.7604259632113908,0.5782476455259714,117.07518767094844,113.1449441442848,0.8733606599099955,0.8586102882409875,0.8906885318774764,1.1627749214042429,0.8657806732787087,0.12074971196522372
2021-10-15,430379.0,116.65166666666666,0.30145905468381223,0.0908775616508577,117.16519742474044,113.1449441442848,0.8733606599099955,0.8586102882409875,0.8906885318774764,1.1627749214042429,0.8670887011416277,0.12074971196522372
2021-10-16,124980.75,156.77666666666667,-1.2365064903925702,1.5289483007829514,118.0094802782179,113.1449441442848,0.8733606599099955,0.8586102882409875,0.8906885318774764,1.1627749214042429,0.8666471814885043,0.12074971196522372
2021-10-17,136926.5,142.15583333333333,0.09128456006901568,0.008332870906993733,117.98425405805,113.1449441442848,0.8733606599099955,0.8586102882409875,0.8906885318774764,1.1627749214042429,0.86324333149126,0.12074971196522372
2021-10-18,164440.0,189.72166666666666,0.1831014765175784,0.03352615070291732,117.70138926718747,113.1449441442848,0.8733606599099955,0.8586102882409875,0.8906885318774764,1.1627749214042429,0.8665920381755267,0.12074971196522372
2021-10-19,400187.0,153.455,0.8893861758342257,0.7910077697650283,117.13234846497565,113.1449441442848,0.8733606599099955,0.8586102882409875,0.8906885318774764,1.1627749214042429,0.8642190632750381,0.12074971196522372
2021-10-20,776812.25,60.11041666666667,0.6632667488137921,0.439922780082018,117.56138703773249,113.1449441442848,0.8733606599099955,0.8586102882409875,0.8906885318774764,1.1627749214042429,0.8617796661849344,0.12074971196522372
2021-10-21,814292.25,61.50333333333333,0.047120644373211375,0.0022203551261466567,117.44272384720288,113.1449441442848,0.8733606599099955,0.8586102882409875,0.8906885318774764,1.1627749214042429,0.8774223608469577,0.12074971196522372
2021-10-22,745389.25,71.87416666666667,-0.08841276589670398,0.007816817173505382,116.68912448355816,113.1449441442848,0.8733606599099955,0.8586102882409875,0.8906885318774764,1.1627749214042429,0.8724405143786892,0.12074971196522372
2021-10-23,288006.0,139.37708333333333,-0.9509252519019347,0.9042588347047579,117.56696508329249,113.1449441442848,0.8733606599099955,0.8586102882409875,0.8906885318774764,1.1627749214042429,0.8739698175017547,0.12074971196522372
2021-10-24,256270.75,99.41125,-0.11674681046824202,0.013629817754507625,117.48111243813372,113.1449441442848,0.8733606599099955,0.8586102882409875,0.8906885318774764,1.1627749214042429,0.8705424179816401,0.12074971196522372
2021-10-25,251331.75,173.64958333333334,-0.01946072319877142,0.00037871974741920006,117.14716721177346,113.1449441442848,0.8733606599099955,0.8586102882409875,0.8906885318774764,1.1627749214042429,0.8663894022709694,0.12074971196522372
2021-10-26,312731.0,178.015,0.2185696165174437,0.0477726772645824,116.97562708270264,113.1449441442848,0.8733606599099955,0.8586102882409875,0.8906885318774764,1.1627749214042429,0.861444718782766,0.12074971196522372
2021-10-27,379407.25,143.83666666666667,0.19326677033530087,0.037352044515837936,116.77902667372554,113.1449441442848,0.8733606599099955,0.8586102882409875,0.8906885318774764,1.1627749214042429,0.8570187687467022,0.12074971196522372
2021-10-28,256667.5,153.53958333333333,-0.3908286935104037,0.1527470676710491,116.91677623903702,113.1449441442848,0.8733606599099955,0.8586102882409875,0.8906885318774764,1.1627749214042429,0.8639126480468632,0.12074971196522372
2021-10-29,383459.75,112.97333333333334,0.40145318800395374,0.16116466215853784,117.05134098922642,113.1449441442848,0.8733606599099955,0.8586102882409875,0.8906885318774764,1.1627749214042429,0.8591077512950136,0.12074971196522372
2021-10-30,402654.0,84.15333333333334,0.04884297144667814,0.002385635859741016,117.05347582498051,113.1449441442848,0.8733606599099955,0.8586102882409875,0.8906885318774764,1.1627749214042429,0.8561423924956898,0.12074971196522372
2021-10-31,419682.25,61.319583333333334,0.04142024495356631,0.0017156366920134355,117.01349563741485,113.1449441442848,0.8733606599099955,0.8586102882409875,0.8906885318774764,1.1627749214042429,0.85167811555307,0.12074971196522372
2021-11-01,390425.25,95.48625,-0.07226134763024183,0.005221702361338657,116.98868253288236,113.1449441442848,0.8733606599099955,0.8586102882409875,0.8906885318774764,1.1627749214042429,0.8470810727248606,0.12074971196522372
2021-11-02,119921.0,204.10875,-1.1804033370493834,1.3933520381173201,118.32229463122901,113.1449441442848,0.8733606599099955,0.8586102882409875,0.8906885318774764,1.1627749214042429,0.8480190191223033,0.12074971196522372
2021-11-03,79656.75,193.13791666666668,-0.40910641412411886,0.16736805807749502,118.4612182100286,113.1449441442848,0.8733606599099955,0.8586102882409875,0.8906885318774764,1.1627749214042429,0.8512803744544349,0.12074971196522372
2021-11-04,315812.75,172.11083333333332,1.3774226961327092,1.8972932838215018,120.2431324664723,113.1449441442848,0.8733606599099955,0.8586102882409875,0.8906885318774764,1.1627749214042429,0.8512281547513791,0.12074971196522372
2021-11-05,311690.75,160.08833333333334,-0.01313796429829262,0.0001726061059032115,120.23502917535792,113.1449441442848,0.8733606599099955,0.8586102882409875,0.8906885318774764,1.1627749214042429,0.8468374559567358,0.12074971196522372
2021-11-06,483364.25,76.75666666666667,0.4387589998555787,0.19250945995426771,120.26937381961947,113.1449441442848,0.8733606599099955,0.8586102882409875,0.8906885318774764,1.1627749214042429,0.8434624613803983,0.12074971196522372
2021-11-07,679557.25,35.4075,0.34067097295135723,0.11605671181162437,120.30223397535194,113.1449441442848,0.8733606599099955,0.8586102882409875,0.8906885318774764,1.1627749214042429,0.8451332292988931,0.12074971196522372
2021-11-08,234262.0,177.41333333333333,-1.0650013360417072,1.1342278457706214,121.300436968149,113.1449441442848,0.8733606599099955,0.8586102882409875,0.8906885318774764,1.1627749214042429,0.8449825903799257,0.12074971196522372
2021-11-09,194385.25,163.13625,-0.18659813246556756,0.0348188630396375,121.30535206875255,113.1449441442848,0.8733606599099955,0.8586102882409875,0.8906885318774764,1.1627749214042429,0.8609417313592066,0.12074971196522372
2021-11-10,110346.0,176.25958333333332,-0.5662211309172287,0.32060636909718543,121.23460345555645,113.1449441442848,0.8733606599099955,0.8586102882409875,0.8906885318774764,1.1627749214042429,0.8621418183876621,0.12074971196522372
2021-11-11,54224.75,190.42666666666665,-0.710483437462137,0.5047867149080144,121.66831583833127,113.1449441442848,0.8733606599099955,0.8586102882409875,0.8906885318774764,1.1627749214042429,0.8585786061814865,0.12074971196522372
2021-11-12,153638.25,166.89625,1.0414633668671203,1.084645944526198,122.73617798130356,113.1449441442848,0.8733606599099955,0.8586102882409875,0.8906885318774764,1.1627749214042429,0.8602779977614047,0.12074971196522372
2021-11-13,143069.25,156.8975,-0.07127203437451804,0.005079702883882481,122.66315925055184,113.1449441442848,0.8733606599099955,0.8586102882409875,0.8906885318774764,1.1627749214042429,0.8564052358949468,0.12074971196522372
2021-11-14,102526.5,169.29541666666668,-0.3332074770263592,0.1110272227462717,122.67609474808968,113.1449441442848,0.8733606599099955,0.8586102882409875,0.8906885318774764,1.1627749214042429,0.8567627646667282,0.12074971196522372
2021-11-15,134309.75,227.95791666666665,0.2700273978047488,0.07291479556520407,120.46314010652576,113.1449441442848,0.8733606599099955,0.8586102882409875,0.8906885318774764,1.1627749214042429,0.8524012207464405,0.12074971196522372
2021-11-16,24927.0,237.465,-1.6841971462027998,2.836520027277655,123.2633315733699,113.1449441442848,0.8733606599099955,0.8586102882409875,0.8906885318774764,1.1627749214042429,0.8543844705643393,0.12074971196522372
2021-11-17,261590.0,180.59916666666666,2.3508268392017517,5.526386827911299,127.38520877498026,113.1449441442848,0.8733606599099955,0.8586102882409875,0.8906885318774764,1.1627749214042429,0.8590853396363286,0.12074971196522372
2021-11-18,564067.0,139.90375,0.7683946462161069,0.590430332333576,126.26179626910772,113.1449441442848,0.8733606599099955,0.8586102882409875,0.8906885318774764,1.1627749214042429,0.8617275239065836,0.12074971196522372
2021-11-19,567559.5,131.63375,0.006172550905784624,3.8100384684502586e-05,126.25899936368575,113.1449441442848,0.8733606599099955,0.8586102882409875,0.8906885318774764,1.1627749214042429,0.8604205603177167,0.12074971196522372
2021-11-20,377617.0,110.21749999999999,-0.4074651352302342,0.16602783642819305,126.42457270039074,113.1449441442848,0.8733606599099955,0.8586102882409875,0.8906885318774764,1.1627749214042429,0.858066694570122,0.12074971196522372
2021-11-21,214901.5,144.83541666666667,-0.563700670829565,0.3177584462937016,126.62473062169859,113.1449441442848,0.8733606599099955,0.8586102882409875,0.8906885318774764,1.1627749214042429,0.8534744753183594,0.12074971196522372
2021-11-22,220939.0,233.16625,0.027706861703400632,0.0007676701854513686,126.60116287683296,113.1449441442848,0.8733606599099955,0.8586102882409875,0.8906885318774764,1.1627749214042429,0.8500880631911646,0.12074971196522372
2021-11-23,212910.25,241.87041666666667,-0.03701592990882356,0.0013701790670149388,126.42197027499648,113.1449441442848,0.8733606599099955,0.8586102882409875,0.8906885318774764,1.1627749214042429,0.8493639592226094,0.12074971196522372
2021-11-24,121869.25,273.885,-0.5579219666915303,0.31127692091694503,125.35795425047527,113.1449441442848,0.8733606599099955,0.8586102882409875,0.8906885318774764,1.1627749214042429,0.8457707874226655,0.12074971196522372
2021-11-25,180866.25,243.34625000000003,0.3948090591134073,0.15587419315801393,125.0137635963137,113.1449441442848,0.8733606599099955,0.8586102882409875,0.8906885318774764,1.1627749214042429,0.8415989608030856,0.12074971196522372
2021-11-26,319511.75,188.37541666666667,0.5690362415229417,0.3238022441665557,123.14421745640492,113.1449441442848,0.8733606599099955,0.8586102882409875,0.8906885318774764,1.1627749214042429,0.8377804741520319,0.12074971196522372
2021-11-27,194220.0,202.8970833333333,-0.49780251218798577,0.2478073411406697,123.38348602599964,113.1449441442848,0.8733606599099955,0.8586102882409875,0.8906885318774764,1.1627749214042429,0.8336066870767803,0.12074971196522372
2021-11-28,69512.5,201.16583333333332,-1.0274849446525256,1.0557253114876035,123.53089715348328,113.1449441442848,0.8733606599099955,0.8586102882409875,0.8906885318774764,1.1627749214042429,0.8295176981004888,0.12074971196522372
2021-11-29,193277.5,265.96166666666664,1.0226203875464661,1.0457524570256846,123.47616491405549,113.1449441442848,0.8733606599099955,0.8586102882409875,0.8906885318774764,1.1627749214042429,0.854385574194846,0.12074971196522372
2021-11-30,772323.5,123.83916666666666,1.3852765236420557,1.9189910469538187,125.11270384933114,113.1449441442848,0.8733606599099955,0.8586102882409875,0.8906885318774764,1.1627749214042429,0.849716689091705,0.12074971196522372
2021-12-01,861853.0,91.00416666666666,0.10968121877628237,0.012029969752250716,125.115030134158,113.1449441442848,0.8733606599099955,0.8586102882409875,0.8906885318774764,1.1627749214042429,0.8583187819081782,0.12074971196522372
2021-12-02,412375.25,195.04083333333332,-0.7371509866856085,0.5433915771715662,125.5023896362181,113.1449441442848,0.8733606599099955,0.8586102882409875,0.8906885318774764,1.1627749214042429,0.8561184483610046,0.12074971196522372
2021-12-03,631395.5,149.97125,0.42599871328629363,0.1814749037215778,124.4297373592292,113.1449441442848,0.8733606599099955,0.8586102882409875,0.8906885318774764,1.1627749214042429,0.8525047049599734,0.12074971196522372
2021-12-04,242490.75,196.26375,-0.9569688837590443,0.9157894444830312,124.5646553726303,113.1449441442848,0.8733606599099955,0.8586102882409875,0.8906885318774764,1.1627749214042429,0.8503298363069799,0.12074971196522372
2021-12-05,180570.5,157.71125,-0.29484228208692354,0.08693197130622499,124.53330719604409,113.1449441442848,0.8733606599099955,0.8586102882409875,0.8906885318774764,1.1627749214042429,0.8524969125292902,0.12074971196522372
2021-12-06,155320.5,265.3925,-0.15063055921447582,0.022689565369265707,124.55597673458976,113.1449441442848,0.8733606599099955,0.8586102882409875,0.8906885318774764,1.1627749214042429,0.8507607147454429,0.12074971196522372
2021-12-07,378381.25,216.18541666666667,0.890411561191359,0.7928327483032332,123.84264210397428,113.1449441442848,0.8733606599099955,0.8586102882409875,0.8906885318774764,1.1627749214042429,0.8463436119939582,0.12074971196522372
2021-12-08,428551.5,184.05999999999997,0.12450863230368789,0.015502399518134952,122.57599612196442,113.1449441442848,0.8733606599099955,0.8586102882409875,0.8906885318774764,1.1627749214042429,0.843038847192178,0.12074971196522372
2021-12-09,139264.25,277.88375,-1.1240377100103638,1.2634607735253427,120.93171217154692,113.1449441442848,0.8733606599099955,0.8586102882409875,0.8906885318774764,1.1627749214042429,0.8409690119277827,0.12074971196522372
2021-12-10,131991.75,239.78041666666664,-0.053633786870246676,0.002876583094043045,120.8080436439066,113.1449441442848,0.8733606599099955,0.8586102882409875,0.8906885318774764,1.1627749214042429,0.8414617265554601,0.12074971196522372
2021-12-11,135029.25,237.34833333333333,0.022752001003099223,0.000517653549645028,120.73912612998937,113.1449441442848,0.8733606599099955,0.8586102882409875,0.8906885318774764,1.1627749214042429,0.8394403377133313,0.12074971196522372
2021-12-12,371689.5,183.12125,1.0125674066803731,1.0252927530714162,121.75544958316098,113.1449441442848,0.8733606599099955,0.8586102882409875,0.8906885318774764,1.1627749214042429,0.8595144914844114,0.12074971196522372
2021-12-13,193028.25,264.66249999999997,-0.6552222770662474,0.4293162323638782,120.90267849003074,113.1449441442848,0.8733606599099955,0.8586102882409875,0.8906885318774764,1.1627749214042429,0.8618773978540113,0.12074971196522372
2021-12-14,184728.75,295.8179166666667,-0.0439480183351199,0.001931428315584035,120.84528964785021,113.1449441442848,0.8733606599099955,0.8586102882409875,0.8906885318774764,1.1627749214042429,0.8571885009028558,0.12074971196522372
2021-12-15,276259.25,295.2004166666666,0.40245120351900654,0.16196697121389683,120.99858408584703,113.1449441442848,0.8733606599099955,0.8586102882409875,0.8906885318774764,1.1627749214042429,0.8531841942902538,0.12074971196522372
2021-12-16,179911.5,344.3029166666667,-0.4288746731184208,0.1839334852424323,121.11155616865344,113.1449441442848,0.8733606599099955,0.8586102882409875,0.8906885318774764,1.1627749214042429,0.8507833900723843,0.12074971196522372
2021-12-17,134094.0,338.14,-0.2939240167585151,0.08639132762745987,121.19132140511665,113.1449441442848,0.8733606599099955,0.8586102882409875,0.8906885318774764,1.1627749214042429,0.8530702191484493,0.12074971196522372
2021-12-18,236486.75,259.5133333333333,0.5673511344351885,0.3218873097448953,120.37195568169075,113.1449441442848,0.8733606599099955,0.8586102882409875,0.8906885318774764,1.1627749214042429,0.8497784735921166,0.12074971196522372
2021-12-19,503163.0,119.67333333333333,0.7550219922785172,0.5700582088242213,120.25858141687668,113.1449441442848,0.8733606599099955,0.8586102882409875,0.8906885318774764,1.1627749214042429,0.8474842115138623,0.12074971196522372
2021-12-20,150482.75,331.3704166666667,-1.2070657135914533,1.4570076369280445,121.57737673678858,113.1449441442848,0.8733606599099955,0.8586102882409875,0.8906885318774764,1.1627749214042429,0.8439510666483121,0.12074971196522372
2021-12-21,48626.0,431.97499999999997,-1.1296900923997515,1.276199704866159,122.82930823092583,113.1449441442848,0.8733606599099955,0.8586102882409875,0.8906885318774764,1.1627749214042429,0.8523763860674475,0.12074971196522372
2021-12-22,124987.25,416.7225,0.9440533648201058,0.8912367556281638,123.32051349358133,113.1449441442848,0.8733606599099955,0.8586102882409875,0.8906885318774764,1.1627749214042429,0.8579863095084702,0.12074971196522372
2021-12-23,346488.0,300.72583333333336,1.0196364538956757,1.0396584981129484,124.32959254644594,113.1449441442848,0.8733606599099955,0.8586102882409875,0.8906885318774764,1.1627749214042429,0.8546058608129018,0.12074971196522372
2021-12-24,463984.5,196.20875,0.29200296050025315,0.0852657289409124,124.4061633587129,113.1449441442848,0.8733606599099955,0.8586102882409875,0.8906885318774764,1.1627749214042429,0.8527681662423019,0.12074971196522372
2021-12-25,172656.5,198.29250000000002,-0.9885470749468966,0.9772253193860653,125.25829227505581,113.1449441442848,0.8733606599099955,0.8586102882409875,0.8906885318774764,1.1627749214042429,0.8502466011511699,0.12074971196522372
2021-12-26,250325.5,172.45666666666668,0.37145799944626773,0.13798104535262343,124.87835738657996,113.1449441442848,0.8733606599099955,0.8586102882409875,0.8906885318774764,1.1627749214042429,0.8593809519729854,0.12074971196522372
2021-12-27,319053.0,148.82791666666665,0.24259516218980512,0.05885241271789785,124.91473673334085,113.1449441442848,0.8733606599099955,0.8586102882409875,0.8906885318774764,1.1627749214042429,0.8547441832014163,0.12074971196522372
2021-12-28,459833.75,104.22583333333334,0.365507777929176,0.13359593572672382,125.04832668815027,113.1449441442848,0.8733606599099955,0.8586102882409875,0.8906885318774764,1.1627749214042429,0.8512223740936385,0.12074971196522372
2021-12-29,303821.25,155.60333333333332,-0.4144254760649843,0.17174847521168887,123.17679839992981,113.1449441442848,0.8733606599099955,0.8586102882409875,0.8906885318774764,1.1627749214042429,0.8471638097789802,0.12074971196522372
2021-12-30,668295.0,73.26208333333334,0.7882901577698839,0.6214013728368684,123.45146116387173,113.1449441442848,0.8733606599099955,0.8586102882409875,0.8906885318774764,1.1627749214042429,0.8520067067182168,0.12074971196522372
2021-12-31,668159.25,12.127916666666666,-0.00020314949122549926,4.12697157851792e-08,123.17463598844603,113.1449441442848,0.8733606599099955,0.8586102882409875,0.8906885318774764,1.1627749214042429,0.8563315700982308,0.12074971196522372
2022-01-01,397573.5,82.57833333333333,-0.5191467206660829,0.2695133175783479,123.30102322264106,113.1449441442848,0.8733606599099955,0.8586102882409875,0.8906885318774764,1.1627749214042429,0.8565648848715687,0.12074971196522372
2022-01-02,641030.25,47.35375,0.47769682503302413,0.22819425664663168,123.52919718332707,113.1449441442848,0.8733606599099955,0.8586102882409875,0.8906885318774764,1.1627749214042429,0.8524162534598156,0.12074971196522372
2022-01-03,758356.0,76.10708333333334,0.16807628468528737,0.028249637473609767,123.45358048380399,113.1449441442848,0.8733606599099955,0.8586102882409875,0.8906885318774764,1.1627749214042429,0.8489747728817436,0.12074971196522372
2022-01-04,361739.25,153.91666666666666,-0.7402292839652347,0.5479393928396841,123.60990700269892,113.1449441442848,0.8733606599099955,0.8586102882409875,0.8906885318774764,1.1627749214042429,0.8482058848085334,0.12074971196522372
2022-01-05,724135.25,107.86833333333334,0.6940545359163838,0.48171169882610687,124.07464616068603,113.1449441442848,0.8733606599099955,0.8586102882409875,0.8906885318774764,1.1627749214042429,0.8507034770417781,0.12074971196522372
2022-01-06,292297.75,194.0975,-0.9072052098146947,0.8230212927149242,124.68803756379967,113.1449441442848,0.8733606599099955,0.8586102882409875,0.8906885318774764,1.1627749214042429,0.8507217221051785,0.12074971196522372
2022-01-07,517637.0,167.18083333333334,0.5715012498865146,0.3266136786218484,123.884751461471,113.1449441442848,0.8733606599099955,0.8586102882409875,0.8906885318774764,1.1627749214042429,0.8578504639197689,0.12074971196522372
2022-01-08,460185.0,165.8975,-0.11764564185716722,0.013840497047984856,123.53602190443088,113.1449441442848,0.8733606599099955,0.8586102882409875,0.8906885318774764,1.1627749214042429,0.8625999983324495,0.12074971196522372
2022-01-09,453036.75,146.55916666666667,-0.015655334525605944,0.00024508949910862946,121.52020876937252,113.1449441442848,0.8733606599099955,0.8586102882409875,0.8906885318774764,1.1627749214042429,0.858487411490778,0.12074971196522372
2022-01-10,57546.5,261.54833333333335,-2.063379931382991,4.257536741234077,125.74059263699684,113.1449441442848,0.8733606599099955,0.8586102882409875,0.8906885318774764,1.1627749214042429,0.8597526225938231,0.12074971196522372
2022-01-11,97078.25,255.41,0.522924037688584,0.2734495491925316,124.93920085181193,113.1449441442848,0.8733606599099955,0.8586102882409875,0.8906885318774764,1.1627749214042429,0.8631227013020553,0.12074971196522372
2022-01-12,141002.25,233.31541666666666,0.37325849337173855,0.1393219028741402,125.05501456457667,113.1449441442848,0.8733606599099955,0.8586102882409875,0.8906885318774764,1.1627749214042429,0.8589387869255626,0.12074971196522372
2022-01-13,421372.0,180.15625,1.0947402062821274,1.1984561192506349,125.53230529165852,113.1449441442848,0.8733606599099955,0.8586102882409875,0.8906885318774764,1.1627749214042429,0.8561557413404999,0.12074971196522372
2022-01-14,369749.25,178.76208333333332,-0.1306909807884994,0.017080132459459916,125.5468327472078,113.1449441442848,0.8733606599099955,0.8586102882409875,0.8906885318774764,1.1627749214042429,0.8561383751554518,0.12074971196522372
2022-01-15,69007.0,215.995,-1.678617124464294,2.8177554505447753,128.32628867350306,113.1449441442848,0.8733606599099955,0.8586102882409875,0.8906885318774764,1.1627749214042429,0.8514884209091291,0.12074971196522372
2022-01-16,407896.25,133.09541666666667,1.7768049041244987,3.157035667320869,131.21397391732705,113.1449441442848,0.8733606599099955,0.8586102882409875,0.8906885318774764,1.1627749214042429,0.8604274167556284,0.12074971196522372
2022-01-17,650353.25,129.31458333333333,0.4665028239549137,0.21762488475790923,131.37723372918327,113.1449441442848,0.8733606599099955,0.8586102882409875,0.8906885318774764,1.1627749214042429,0.8603726237448442,0.12074971196522372
2022-01-18,164122.5,235.87,-1.3769025765919167,1.895860705425459,132.49247481730953,113.1449441442848,0.8733606599099955,0.8586102882409875,0.8906885318774764,1.1627749214042429,0.8637714043510564,0.12074971196522372
2022-01-19,492286.5,172.1795833333333,1.0984477638701955,1.2065874899514328,133.6889320024834,113.1449441442848,0.8733606599099955,0.8586102882409875,0.8906885318774764,1.1627749214042429,0.8642518183680548,0.12074971196522372
2022-01-20,710104.75,117.69541666666667,0.3663516302796966,0.1342135170085915,133.7448566444327,113.1449441442848,0.8733606599099955,0.8586102882409875,0.8906885318774764,1.1627749214042429,0.8676364982286309,0.12074971196522372
2022-01-21,491321.75,159.26958333333332,-0.36831328586640116,0.13565467654570534,133.87188174651422,113.1449441442848,0.8733606599099955,0.8586102882409875,0.8906885318774764,1.1627749214042429,0.8655050704723967,0.12074971196522372
2022-01-22,303261.75,175.75750000000002,-0.4825029145159698,0.2328090625164053,134.0506332441656,113.1449441442848,0.8733606599099955,0.8586102882409875,0.8906885318774764,1.1627749214042429,0.8614959435314774,0.12074971196522372
2022-01-23,120195.75,193.69500000000002,-0.9254746302431058,0.8565032912236135,134.86656056672626,113.1449441442848,0.8733606599099955,0.8586102882409875,0.8906885318774764,1.1627749214042429,0.8569466232576658,0.12074971196522372
2022-01-24,79794.75,245.9375,-0.4096639509210464,0.1678245526842415,135.02965112723814,113.1449441442848,0.8733606599099955,0.8586102882409875,0.8906885318774764,1.1627749214042429,0.8538125805848058,0.12074971196522372
2022-01-25,95170.75,297.28833333333336,0.17621493386999723,0.031051702918807496,135.0173964420724,113.1449441442848,0.8733606599099955,0.8586102882409875,0.8906885318774764,1.1627749214042429,0.8493729343110228,0.12074971196522372
2022-01-26,347010.75,234.98125000000002,1.2936831126062298,1.6736159958425432,136.51179707669556,113.1449441442848,0.8733606599099955,0.8586102882409875,0.8906885318774764,1.1627749214042429,0.8450974213802352,0.12074971196522372
2022-01-27,748249.5,120.71333333333332,0.7683807192126412,0.5904089296577357,137.04263804016915,113.1449441442848,0.8733606599099955,0.8586102882409875,0.8906885318774764,1.1627749214042429,0.8432564840674733,0.12074971196522372
2022-01-28,573439.75,174.3479166666667,-0.2660836041257105,0.07080048438452784,135.23805999241787,113.1449441442848,0.8733606599099955,0.8586102882409875,0.8906885318774764,1.1627749214042429,0.8549146275696621,0.12074971196522372
2022-01-29,869508.5,92.12916666666666,0.4162752350987214,0.17328507135649576,135.39741207039032,113.1449441442848,0.8733606599099955,0.8586102882409875,0.8906885318774764,1.1627749214042429,0.8504273181800548,0.12074971196522372
2022-01-30,717692.25,55.30041666666667,-0.1918872534857381,0.036820718050299905,135.08514768852072,113.1449441442848,0.8733606599099955,0.8586102882409875,0.8906885318774764,1.1627749214042429,0.8661968817925595,0.12074971196522372
2022-01-31,425873.0,195.2025,-0.5218996762375718,0.2723792720568823,135.35290113171595,113.1449441442848,0.8733606599099955,0.8586102882409875,0.8906885318774764,1.1627749214042429,0.8673043925997467,0.12074971196522372
2022-02-01,763781.75,150.24708333333334,0.584140901060084,0.3412205922912868,135.62804258673873,113.1449441442848,0.8733606599099955,0.8586102882409875,0.8906885318774764,1.1627749214042429,0.8800033827027125,0.12074971196522372
2022-02-02,706462.5,140.22083333333333,-0.07801195865690717,0.006085865693486994,135.6333287027497,113.1449441442848,0.8733606599099955,0.8586102882409875,0.8906885318774764,1.1627749214042429,0.8951365631251391,0.12074971196522372
2022-02-03,356310.25,193.55791666666667,-0.6844682820693742,0.4684968291590003,136.06589379783497,113.1449441442848,0.8733606599099955,0.8586102882409875,0.8906885318774764,1.1627749214042429,0.8902591510054898,0.12074971196522372
2022-02-04,665470.25,132.36833333333334,0.6246920935150653,0.39024021170023504,135.27293918586207,113.1449441442848,0.8733606599099955,0.8586102882409875,0.8906885318774764,1.1627749214042429,0.8849515641156532,0.12074971196522372
2022-02-05,821077.75,88.89458333333333,0.21012387294665766,0.04415204198210313,135.30148852771057,113.1449441442848,0.8733606599099955,0.8586102882409875,0.8906885318774764,1.1627749214042429,0.881227380803543,0.12074971196522372
2022-02-06,899909.0,52.784166666666664,0.09167584054917552,0.008404459740397854,135.3066371911136,113.1449441442848,0.8733606599099955,0.8586102882409875,0.8906885318774764,1.1627749214042429,0.8820229307119748,0.12074971196522372
2022-02-07,783534.0,84.67583333333333,-0.13847919122425217,0.019176486402123,135.2155071130134,113.1449441442848,0.8733606599099955,0.8586102882409875,0.8906885318774764,1.1627749214042429,0.8783160399573829,0.12074971196522372
2022-02-08,725474.5,137.80791666666667,-0.07698853234401677,0.005927234112485717,135.16176981354792,113.1449441442848,0.8733606599099955,0.8586102882409875,0.8906885318774764,1.1627749214042429,0.8756392214421079,0.12074971196522372
2022-02-09,518290.5,165.89166666666668,-0.336290027658178,0.11309098270233812,135.01580798527127,113.1449441442848,0.8733606599099955,0.8586102882409875,0.8906885318774764,1.1627749214042429,0.8712415045399148,0.12074971196522372
2022-02-10,311575.0,192.81958333333333,-0.5088958161622392,0.25897495170743157,135.25361721583337,113.1449441442848,0.8733606599099955,0.8586102882409875,0.8906885318774764,1.1627749214042429,0.8671210639953315,0.12074971196522372
2022-02-11,405293.25,184.58041666666668,0.2629707994530115,0.06915364136495598,134.3080198571926,113.1449441442848,0.8733606599099955,0.8586102882409875,0.8906885318774764,1.1627749214042429,0.8633021650071221,0.12074971196522372
2022-02-12,322163.75,143.05041666666668,-0.2295509225112066,0.052693626025745975,134.33116570537751,113.1449441442848,0.8733606599099955,0.8586102882409875,0.8906885318774764,1.1627749214042429,0.8586100400833346,0.12074971196522372
2022-02-13,607467.5,83.57791666666667,0.6342387191870053,0.4022587529159729,134.7292374230694,113.1449441442848,0.8733606599099955,0.8586102882409875,0.8906885318774764,1.1627749214042429,0.8567961107488189,0.12074971196522372
2022-02-14,680909.75,102.22333333333334,0.11413109582845186,0.013025907035003262,134.6385365371083,113.1449441442848,0.8733606599099955,0.8586102882409875,0.8906885318774764,1.1627749214042429,0.8556203055009591,0.12074971196522372
2022-02-15,549576.0,155.00416666666666,-0.2142826998373139,0.04591707544956837,134.6629824696216,113.1449441442848,0.8733606599099955,0.8586102882409875,0.8906885318774764,1.1627749214042429,0.856073608486509,0.12074971196522372
2022-02-16,905564.5,117.37791666666668,0.49941143431813373,0.2494117807276956,134.59863219446845,113.1449441442848,0.8733606599099955,0.8586102882409875,0.8906885318774764,1.1627749214042429,0.8522481656065213,0.12074971196522372
2022-02-17,947388.75,68.63708333333334,0.045151009664445504,0.0020386136737188514,134.55773395261093,113.1449441442848,0.8733606599099955,0.8586102882409875,0.8906885318774764,1.1627749214042429,0.8513925559190956,0.12074971196522372
2022-02-18,755067.0,117.62708333333335,-0.2269030287814025,0.051484984470173974,134.347872883682,113.1449441442848,0.8733606599099955,0.8586102882409875,0.8906885318774764,1.1627749214042429,0.8647650793392042,0.12074971196522372
2022-02-19,797056.5,39.615833333333335,0.054119080084665226,0.0029288748292104084,131.17089666869322,113.1449441442848,0.8733606599099955,0.8586102882409875,0.8906885318774764,1.1627749214042429,0.8603063804362808,0.12074971196522372
2022-02-20,829934.75,67.28125,0.04042151612430317,0.0016338989657873012,130.9450070379224,113.1449441442848,0.8733606599099955,0.8586102882409875,0.8906885318774764,1.1627749214042429,0.8701757056160311,0.12074971196522372
2022-02-21,914215.25,75.41625,0.09671896376734694,0.009354557952229371,129.87616802175788,113.1449441442848,0.8733606599099955,0.8586102882409875,0.8906885318774764,1.1627749214042429,0.8653348055111476,0.12074971196522372
2022-02-22,750538.0,123.24291666666666,-0.1972757643067743,0.038917727182821965,129.6912492346955,113.1449441442848,0.8733606599099955,0.8586102882409875,0.8906885318774764,1.1627749214042429,0.8696185057628525,0.12074971196522372
2022-02-23,550932.5,130.08875,-0.3091779855916908,0.09559102677453576,129.51225121321406,113.1449441442848,0.8733606599099955,0.8586102882409875,0.8906885318774764,1.1627749214042429,0.8651993287707105,0.12074971196522372
2022-02-24,693461.5,123.3875,0.23008342560134662,0.05293838273645041,128.86691633042443,113.1449441442848,0.8733606599099955,0.8586102882409875,0.8906885318774764,1.1627749214042429,0.8636121075352146,0.12074971196522372
2022-02-25,717801.0,119.9575,0.03449664914549715,0.0011900188022675295,128.5612351390533,113.1449441442848,0.8733606599099955,0.8586102882409875,0.8906885318774764,1.1627749214042429,0.8616761199479919,0.12074971196522372
2022-02-26,171626.75,225.43416666666667,-1.4308703111724377,2.0473898473947085,130.59023575447196,113.1449441442848,0.8733606599099955,0.8586102882409875,0.8906885318774764,1.1627749214042429,0.8585536226077186,0.12074971196522372
2022-02-27,274295.25,182.40833333333333,0.4688830203013816,0.21985128672694584,130.45452626288588,113.1449441442848,0.8733606599099955,0.8586102882409875,0.8906885318774764,1.1627749214042429,0.8760992123955987,0.12074971196522372
2022-02-28,253448.25,208.29625,-0.07904542080761676,0.006248178550653212,130.4604616451865,113.1449441442848,0.8733606599099955,0.8586102882409875,0.8906885318774764,1.1627749214042429,0.8714734037297108,0.12074971196522372
2022-03-01,184322.5,241.40125,-0.3184727193959865,0.10142487299947474,130.11088395859235,113.1449441442848,0.8733606599099955,0.8586102882409875,0.8906885318774764,1.1627749214042429,0.8670941905526084,0.12074971196522372
2022-03-02,48408.25,278.77625,-1.3370166870412852,1.7876136214268539,131.12558883949282,113.1449441442848,0.8733606599099955,0.8586102882409875,0.8906885318774764,1.1627749214042429,0.8706347291805577,0.12074971196522372
2022-03-03,103227.25,338.19958333333335,0.7572626148375762,0.5734466678306432,131.61474421378628,113.1449441442848,0.8733606599099955,0.8586102882409875,0.8906885318774764,1.1627749214042429,0.8722578381676952,0.12074971196522372
2022-03-04,131795.5,358.7775,0.24431861026527818,0.05969158332195689,131.6273738239848,113.1449441442848,0.8733606599099955,0.8586102882409875,0.8906885318774764,1.1627749214042429,0.8710761484458815,0.12074971196522372
2022-03-05,133144.5,344.4025,0.010183525764776848,0.00010370419700187389,131.49934427082496,113.1449441442848,0.8733606599099955,0.8586102882409875,0.8906885318774764,1.1627749214042429,0.8681384950053312,0.12074971196522372
2022-03-06,103983.5,340.79791666666665,-0.24720277190158033,0.06110921043582475,130.08282067629108,113.1449441442848,0.8733606599099955,0.8586102882409875,0.8906885318774764,1.1627749214042429,0.8646884242592677,0.12074971196522372
2022-03-07,139467.5,410.09999999999997,0.2935993664997898,0.08620058800907789,130.1674999634561,113.1449441442848,0.8733606599099955,0.8586102882409875,0.8906885318774764,1.1627749214042429,0.8752297982598943,0.12074971196522372
2022-03-08,197060.75,487.5733333333333,0.3456804576263573,0.11949497878476781,130.1814049514524,113.1449441442848,0.8733606599099955,0.8586102882409875,0.8906885318774764,1.1627749214042429,0.8855185648456099,0.12074971196522372
2022-03-09,137701.25,446.25458333333336,-0.35842557343594994,0.12846889169288955,129.9895237255335,113.1449441442848,0.8733606599099955,0.8586102882409875,0.8906885318774764,1.1627749214042429,0.8811374667634998,0.12074971196522372
2022-03-10,370976.0,279.1504166666667,0.9910508870894278,0.9821818608007418,130.8100402711523,113.1449441442848,0.8733606599099955,0.8586102882409875,0.8906885318774764,1.1627749214042429,0.8762367427265472,0.12074971196522372
2022-03-11,657442.25,80.43916666666667,0.5722195570067915,0.3274352214210487,130.5625698927545,113.1449441442848,0.8733606599099955,0.8586102882409875,0.8906885318774764,1.1627749214042429,0.8730051171913533,0.12074971196522372
2022-03-12,419035.0,124.25,-0.4504024788416959,0.2028623929467443,129.72763292605376,113.1449441442848,0.8733606599099955,0.8586102882409875,0.8906885318774764,1.1627749214042429,0.8735156157276162,0.12074971196522372
2022-03-13,361260.25,115.09791666666666,-0.14835583592654844,0.02200945405346496,129.68819984988957,113.1449441442848,0.8733606599099955,0.8586102882409875,0.8906885318774764,1.1627749214042429,0.8683854427916988,0.12074971196522372
2022-03-14,237525.5,281.44,-0.419323626594366,0.1758323038202513,129.291554335532,113.1449441442848,0.8733606599099955,0.8586102882409875,0.8906885318774764,1.1627749214042429,0.8634092101905879,0.12074971196522372
2022-03-15,76811.75,300.53749999999997,-1.1289173628893887,1.2744544122331318,129.46308265114112,113.1449441442848,0.8733606599099955,0.8586102882409875,0.8906885318774764,1.1627749214042429,0.8626071535021119,0.12074971196522372
2022-03-16,242581.75,245.29666666666665,1.1499811437268606,1.3224566309273382,129.66506147181403,113.1449441442848,0.8733606599099955,0.8586102882409875,0.8906885318774764,1.1627749214042429,0.8681406634489481,0.12074971196522372
2022-03-17,349010.25,225.40958333333333,0.36376252442901125,0.132323174178967,129.15521379194803,113.1449441442848,0.8733606599099955,0.8586102882409875,0.8906885318774764,1.1627749214042429,0.8634474137647643,0.12074971196522372
2022-03-18,238809.25,228.9,-0.3794361752870187,0.14397181111644117,127.89788000225228,113.1449441442848,0.8733606599099955,0.8586102882409875,0.8906885318774764,1.1627749214042429,0.867054543071654,0.12074971196522372
2022-03-19,495330.75,130.95208333333332,0.7295606051411551,0.5322586765739283,128.28330848856413,113.1449441442848,0.8733606599099955,0.8586102882409875,0.8906885318774764,1.1627749214042429,0.8702528121289302,0.12074971196522372
2022-03-20,564500.0,49.04291666666666,0.13071466233692514,0.017086322949856354,128.19450114510258,113.1449441442848,0.8733606599099955,0.8586102882409875,0.8906885318774764,1.1627749214042429,0.8652912765143658,0.12074971196522372
2022-03-21,235370.0,205.75458333333333,-0.8747816395358522,0.7652429168690337,128.95858494540448,113.1449441442848,0.8733606599099955,0.8586102882409875,0.8906885318774764,1.1627749214042429,0.8689062010876718,0.12074971196522372
2022-03-22,88967.25,236.48833333333334,-0.9728904195701588,0.9465157684913995,129.87751472826398,113.1449441442848,0.8733606599099955,0.8586102882409875,0.8906885318774764,1.1627749214042429,0.8760410187215675,0.12074971196522372
2022-03-23,53365.5,236.53375000000003,-0.5111038547247736,0.2612271503145225,129.88352304300724,113.1449441442848,0.8733606599099955,0.8586102882409875,0.8906885318774764,1.1627749214042429,0.8846057149698527,0.12074971196522372
2022-03-24,41562.75,237.99833333333333,-0.24996013632335562,0.062480069750790526,129.44443786408132,113.1449441442848,0.8733606599099955,0.8586102882409875,0.8906885318774764,1.1627749214042429,0.8859943859492464,0.12074971196522372
2022-03-25,97225.0,244.37875,0.8498235466062344,0.7222000603663986,130.008757804431,113.1449441442848,0.8733606599099955,0.8586102882409875,0.8906885318774764,1.1627749214042429,0.8868923124310181,0.12074971196522372
2022-03-26,222634.5,189.5525,0.8285035333133742,0.6864181047127454,130.0248883281642,113.1449441442848,0.8733606599099955,0.8586102882409875,0.8906885318774764,1.1627749214042429,0.8814424309260808,0.12074971196522372
2022-03-27,67699.0,200.59391304347827,-1.1904600045947933,1.4171950225398353,131.4203491833525,113.1449441442848,0.8733606599099955,0.8586102882409875,0.8906885318774764,1.1627749214042429,0.8788132227917282,0.12074971196522372
2022-03-28,135736.75,221.57083333333333,0.6956459393967018,0.48392327299911975,131.61437759926554,113.1449441442848,0.8733606599099955,0.8586102882409875,0.8906885318774764,1.1627749214042429,0.8805890045357466,0.12074971196522372
2022-03-29,142592.5,250.18291666666667,0.04927356376954691,0.002427884086551606,131.24170535165536,113.1449441442848,0.8733606599099955,0.8586102882409875,0.8906885318774764,1.1627749214042429,0.8766170723734463,0.12074971196522372
2022-03-30,79091.5,271.02708333333334,-0.5893855018399238,0.34737526977909877,131.54376166593642,113.1449441442848,0.8733606599099955,0.8586102882409875,0.8906885318774764,1.1627749214042429,0.8714928394367355,0.12074971196522372
2022-03-31,411168.0,209.19000000000003,1.6483964800143531,2.7172109553237096,134.06125472697386,113.1449441442848,0.8733606599099955,0.8586102882409875,0.8906885318774764,1.1627749214042429,0.8782579905559699,0.12074971196522372
2022-04-01,584919.0,160.13083333333333,0.352471486005641,0.12423614844702477,134.1488759945193,113.1449441442848,0.8733606599099955,0.8586102882409875,0.8906885318774764,1.1627749214042429,0.891942100390787,0.12074971196522372
2022-04-02,397323.25,166.40333333333334,-0.3867231949883189,0.14955482954197333,131.54134946151436,113.1449441442848,0.8733606599099955,0.8586102882409875,0.8906885318774764,1.1627749214042429,0.8874049320136078,0.12074971196522372
2022-04-03,219902.75,172.88625,-0.5915647779514701,0.3499488865127721,131.83163870506917,113.1449441442848,0.8733606599099955,0.8586102882409875,0.8906885318774764,1.1627749214042429,0.8832601001899298,0.12074971196522372
2022-04-04,806665.25,75.32666666666667,1.2997233711158112,1.6892808414246485,133.33486922829755,113.1449441442848,0.8733606599099955,0.8586102882409875,0.8906885318774764,1.1627749214042429,0.8797778142226618,0.12074971196522372
2022-04-05,547461.5,183.02416666666667,-0.38761663469932195,0.1502466554956276,133.1379019937185,113.1449441442848,0.8733606599099955,0.8586102882409875,0.8906885318774764,1.1627749214042429,0.9026356570784814,0.12074971196522372
2022-04-06,733930.75,121.33416666666666,0.2931225385311896,0.08592082259496872,132.87276034691274,113.1449441442848,0.8733606599099955,0.8586102882409875,0.8906885318774764,1.1627749214042429,0.9002658387001049,0.12074971196522372
2022-04-07,922245.5,74.15333333333334,0.22839677897917676,0.05216508864806292,132.51436909282936,113.1449441442848,0.8733606599099955,0.8586102882409875,0.8906885318774764,1.1627749214042429,0.9011711255111052,0.12074971196522372
2022-04-08,564517.75,120.86833333333334,-0.4908396302428696,0.24092354261695692,132.42624036876455,113.1449441442848,0.8733606599099955,0.8586102882409875,0.8906885318774764,1.1627749214042429,0.9008531948104068,0.12074971196522372
2022-04-09,558433.5,59.824999999999996,-0.010836284365567439,0.00011742505885144132,132.1311148402844,113.1449441442848,0.8733606599099955,0.8586102882409875,0.8906885318774764,1.1627749214042429,0.8987171669219527,0.12074971196522372
2022-04-10,409608.25,74.65375,-0.30993432736131943,0.09605928727691351,130.83920058216995,113.1449441442848,0.8733606599099955,0.8586102882409875,0.8906885318774764,1.1627749214042429,0.8990220531993468,0.12074971196522372
2022-04-11,134524.0,223.61749999999998,-1.1134585933387018,1.2397900390798005,131.99514575954444,113.1449441442848,0.8733606599099955,0.8586102882409875,0.8906885318774764,1.1627749214042429,0.894270751684022,0.12074971196522372
2022-04-12,334504.0,184.5925,0.9109062158579528,0.8297501340886554,130.74052500468767,113.1449441442848,0.8733606599099955,0.8586102882409875,0.8906885318774764,1.1627749214042429,0.9056061698104537,0.12074971196522372
2022-04-13,160478.25,222.51833333333332,-0.7344904182747476,0.5394761745374137,131.22665719768437,113.1449441442848,0.8733606599099955,0.8586102882409875,0.8906885318774764,1.1627749214042429,0.9102839997158841,0.12074971196522372
2022-04-14,130948.5,227.70916666666668,-0.2033543032341328,0.041352972643839636,130.8200797758017,113.1449441442848,0.8733606599099955,0.8586102882409875,0.8906885318774764,1.1627749214042429,0.9062350263272723,0.12074971196522372
2022-04-15,173454.25,192.96416666666667,0.2811097597197209,0.07902269700967922,129.60524129852504,113.1449441442848,0.8733606599099955,0.8586102882409875,0.8906885318774764,1.1627749214042429,0.9005289548678345,0.12074971196522372
2022-04-16,214342.75,149.215,0.21166249343147897,0.044801011125630875,129.61911646359064,113.1449441442848,0.8733606599099955,0.8586102882409875,0.8906885318774764,1.1627749214042429,0.8979662554492245,0.12074971196522372
2022-04-17,153273.0,108.82166666666667,-0.3353557241643141,0.11246346172977151,129.13950289660525,113.1449441442848,0.8733606599099955,0.8586102882409875,0.8906885318774764,1.1627749214042429,0.8992429333161551,0.12074971196522372
2022-04-18,105751.75,120.23125,-0.37112627886845767,0.1377347148667482,129.11405739320793,113.1449441442848,0.8733606599099955,0.8586102882409875,0.8906885318774764,1.1627749214042429,0.8954134155452211,0.12074971196522372
2022-04-19,192117.75,213.00458333333333,0.5970140990448684,0.3564258344583559,129.15685298306155,113.1449441442848,0.8733606599099955,0.8586102882409875,0.8906885318774764,1.1627749214042429,0.8897779023072102,0.12074971196522372
2022-04-20,191883.75,203.24958333333333,-0.0012187453901306424,1.4853403259646918e-06,127.68644124438735,113.1449441442848,0.8733606599099955,0.8586102882409875,0.8906885318774764,1.1627749214042429,0.8863131653546555,0.12074971196522372
2022-04-21,210958.75,199.50458333333333,0.09477289682602441,0.008981901972796268,127.64252967326247,113.1449441442848,0.8733606599099955,0.8586102882409875,0.8906885318774764,1.1627749214042429,0.8864402127427256,0.12074971196522372
2022-04-22,390604.0,172.48708333333332,0.6160316423119633,0.3794949843295747,126.22284756452365,113.1449441442848,0.8733606599099955,0.8586102882409875,0.8906885318774764,1.1627749214042429,0.8812027121722116,0.12074971196522372
2022-04-23,436862.0,93.30624999999999,0.11192309670436507,0.012526779575894655,126.15861529873524,113.1449441442848,0.8733606599099955,0.8586102882409875,0.8906885318774764,1.1627749214042429,0.8801756574886611,0.12074971196522372
2022-04-24,408842.25,108.53500000000001,-0.06628797092877482,0.004394095089854096,125.98164164177446,113.1449441442848,0.8733606599099955,0.8586102882409875,0.8906885318774764,1.1627749214042429,0.8750451278093277,0.12074971196522372
2022-04-25,113027.75,223.4645833333333,-1.285696021036215,1.6530142585083551,125.62622830184733,113.1449441442848,0.8733606599099955,0.8586102882409875,0.8906885318774764,1.1627749214042429,0.8715885541954168,0.12074971196522372
2022-04-26,83166.0,238.46916666666667,-0.30679475332564965,0.09412302066814622,125.6817448333807,113.1449441442848,0.8733606599099955,0.8586102882409875,0.8906885318774764,1.1627749214042429,0.8743162715389241,0.12074971196522372
2022-04-27,68622.75,222.20916666666668,-0.19221449805232377,0.03694641326150678,125.55361211329392,113.1449441442848,0.8733606599099955,0.8586102882409875,0.8906885318774764,1.1627749214042429,0.8723947077352705,0.12074971196522372
2022-04-28,83446.5,230.1520833333333,0.19558159553913188,0.03825216051363257,125.35993768337146,113.1449441442848,0.8733606599099955,0.8586102882409875,0.8906885318774764,1.1627749214042429,0.8730167807171791,0.12074971196522372
2022-04-29,81346.25,228.02458333333334,-0.02549097245478436,0.000649789676690575,123.72415603499581,113.1449441442848,0.8733606599099955,0.8586102882409875,0.8906885318774764,1.1627749214042429,0.8692571956231447,0.12074971196522372
2022-04-30,106539.0,201.275,0.26979637980745985,0.07279008655721113,122.83393869229164,113.1449441442848,0.8733606599099955,0.8586102882409875,0.8906885318774764,1.1627749214042429,0.8648361834049779,0.12074971196522372
2022-05-01,51507.0,194.74125,-0.7267933945355699,0.5282286383405366,119.75076490346592,113.1449441442848,0.8733606599099955,0.8586102882409875,0.8906885318774764,1.1627749214042429,0.8603719653469089,0.12074971196522372
2022-05-02,64203.5,219.0225,0.22034000558068237,0.04854971805929514,119.69954589694846,113.1449441442848,0.8733606599099955,0.8586102882409875,0.8906885318774764,1.1627749214042429,0.8635344066946881,0.12074971196522372
2022-05-03,88908.75,218.15625,0.3255528365294004,0.10598464937233852,119.71721004327846,113.1449441442848,0.8733606599099955,0.8586102882409875,0.8906885318774764,1.1627749214042429,0.8616457290787828,0.12074971196522372
2022-05-04,42082.75,231.29,-0.7479726448681164,0.5594630774710054,120.15741667115617,113.1449441442848,0.8733606599099955,0.8586102882409875,0.8906885318774764,1.1627749214042429,0.8575512179292933,0.12074971196522372
2022-05-05,45421.25,234.485,0.07634213920946407,0.005828122219077192,120.14244810696174,113.1449441442848,0.8733606599099955,0.8586102882409875,0.8906885318774764,1.1627749214042429,0.8656549904345131,0.12074971196522372
2022-05-06,42856.75,225.35916666666665,-0.05811689832240809,0.0033775738706171205,120.11487827045046,113.1449441442848,0.8733606599099955,0.8586102882409875,0.8906885318774764,1.1627749214042429,0.8626725034640638,0.12074971196522372
2022-05-07,79713.75,201.4283333333333,0.6205789339811009,0.38511821330111956,120.25787917112274,113.1449441442848,0.8733606599099955,0.8586102882409875,0.8906885318774764,1.1627749214042429,0.8583218479385778,0.12074971196522372
2022-05-08,121213.25,171.8175,0.4191092982188784,0.17565260385352074,120.4140703445035,113.1449441442848,0.8733606599099955,0.8586102882409875,0.8906885318774764,1.1627749214042429,0.8543024847344549,0.12074971196522372
2022-05-09,93337.0,216.81041666666667,-0.26133479164842427,0.06829587332592532,120.39801218872138,113.1449441442848,0.8733606599099955,0.8586102882409875,0.8906885318774764,1.1627749214042429,0.8511773262723412,0.12074971196522372
2022-05-10,246199.5,183.31875,0.9699255834353168,0.9407556374023396,121.31144314194707,113.1449441442848,0.8733606599099955,0.8586102882409875,0.8906885318774764,1.1627749214042429,0.848284321635499,0.12074971196522372
2022-05-11,349985.0,159.09166666666667,0.3517481135431297,0.12372673538115045,120.98490227825805,113.1449441442848,0.8733606599099955,0.8586102882409875,0.8906885318774764,1.1627749214042429,0.8520598107213601,0.12074971196522372
2022-05-12,368766.25,169.11958333333334,0.052272678057474285,0.002732432871300354,120.89521261760504,113.1449441442848,0.8733606599099955,0.8586102882409875,0.8906885318774764,1.1627749214042429,0.8475408044765532,0.12074971196522372
2022-05-13,327398.0,168.78791666666666,-0.11898641829679858,0.014157767739100725,120.7913500759071,113.1449441442848,0.8733606599099955,0.8586102882409875,0.8906885318774764,1.1627749214042429,0.8447709813393846,0.12074971196522372
2022-05-14,228681.25,152.96875,-0.35884744364847615,0.12877148781304626,120.42744981426905,113.1449441442848,0.8733606599099955,0.8586102882409875,0.8906885318774764,1.1627749214042429,0.8444841520016091,0.12074971196522372
2022-05-15,86369.75,149.025,-0.9736916137699645,0.9480753587259577,121.08028477167339,113.1449441442848,0.8733606599099955,0.8586102882409875,0.8906885318774764,1.1627749214042429,0.8400463899233018,0.12074971196522372
2022-05-16,233165.25,211.58249999999998,0.993109930886119,0.986267334824632,120.88149055584447,113.1449441442848,0.8733606599099955,0.8586102882409875,0.8906885318774764,1.1627749214042429,0.8658455087255429,0.12074971196522372
2022-05-17,94824.0,225.74916666666664,-0.8997248878733634,0.8095048738587363,121.59126061136001,113.1449441442848,0.8733606599099955,0.8586102882409875,0.8906885318774764,1.1627749214042429,0.8784618888013573,0.12074971196522372
2022-05-18,168538.0,206.9695833333333,0.5751387018773989,0.33078452639721956,119.63648374038287,113.1449441442848,0.8733606599099955,0.8586102882409875,0.8906885318774764,1.1627749214042429,0.876097042286768,0.12074971196522372
2022-05-19,206169.75,210.80916666666667,0.20153861493559266,0.0406178133101571,119.65584289497667,113.1449441442848,0.8733606599099955,0.8586102882409875,0.8906885318774764,1.1627749214042429,0.8709090339769356,0.12074971196522372
2022-05-20,216120.0,209.23458333333335,0.04713395038567418,0.0022216092789591954,119.54923623554495,113.1449441442848,0.8733606599099955,0.8586102882409875,0.8906885318774764,1.1627749214042429,0.8758563642104232,0.12074971196522372
2022-05-21,490238.75,103.36208333333333,0.8190587083615157,0.6708571677428344,120.12032839306671,113.1449441442848,0.8733606599099955,0.8586102882409875,0.8906885318774764,1.1627749214042429,0.8707817810931141,0.12074971196522372
2022-05-22,58510.5,166.03208333333333,-2.1256862920259794,4.518542212107157,124.63651319051961,113.1449441442848,0.8733606599099955,0.8586102882409875,0.8906885318774764,1.1627749214042429,0.8825884272005908,0.12074971196522372
2022-05-23,352766.75,188.13791666666665,1.7966008483480527,3.2277746082849426,127.3131949574519,113.1449441442848,0.8733606599099955,0.8586102882409875,0.8906885318774764,1.1627749214042429,0.8993469280429357,0.12074971196522372
2022-05-24,340866.0,162.945,-0.034317635482521175,0.0011777001051111963,127.15545616870958,113.1449441442848,0.8733606599099955,0.8586102882409875,0.8906885318774764,1.1627749214042429,0.9054953177190539,0.12074971196522372
2022-05-25,241382.75,177.49625,-0.3451055902274867,0.11909786840626198,126.81679902566779,113.1449441442848,0.8733606599099955,0.8586102882409875,0.8906885318774764,1.1627749214042429,0.9039455669216305,0.12074971196522372
2022-05-26,472019.0,67.93249999999999,0.6706353910632173,0.44975182774651445,127.10605358782334,113.1449441442848,0.8733606599099955,0.8586102882409875,0.8906885318774764,1.1627749214042429,0.899400526688575,0.12074971196522372
2022-05-27,580425.0,46.76541666666666,0.2067413548119691,0.0427419877894885,126.87892610195081,113.1449441442848,0.8733606599099955,0.8586102882409875,0.8906885318774764,1.1627749214042429,0.9054406502228965,0.12074971196522372
2022-05-28,487598.0,36.84916666666667,-0.17426929794865165,0.030369788207515923,126.58239220565562,113.1449441442848,0.8733606599099955,0.8586102882409875,0.8906885318774764,1.1627749214042429,0.9091741202179132,0.12074971196522372
2022-05-29,154238.5,156.335,-1.150991190164769,1.3247807198369113,127.72398645017702,113.1449441442848,0.8733606599099955,0.8586102882409875,0.8906885318774764,1.1627749214042429,0.9153541175737457,0.12074971196522372
2022-05-30,47380.75,225.99291666666667,-1.1802840776419483,1.3930705039351048,128.31116954584323,113.1449441442848,0.8733606599099955,0.8586102882409875,0.8906885318774764,1.1627749214042429,0.9137146738573518,0.12074971196522372
2022-05-31,54269.75,210.17,0.135750953398793,0.01842832134868127,127.62124432077289,113.1449441442848,0.8733606599099955,0.8586102882409875,0.8906885318774764,1.1627749214042429,0.9201922995652572,0.12074971196522372
2022-06-01,126949.25,215.28916666666666,0.8498204188274481,0.7221947442560592,128.29919464698153,113.1449441442848,0.8733606599099955,0.8586102882409875,0.8906885318774764,1.1627749214042429,0.9206619737964019,0.12074971196522372
2022-06-02,133035.5,188.8708333333333,0.04682860960339889,0.0021929186773875426,126.45682291099396,113.1449441442848,0.8733606599099955,0.8586102882409875,0.8906885318774764,1.1627749214042429,0.9177443958484167,0.12074971196522372
2022-06-03,116468.75,184.54541666666668,-0.1329930132193718,0.017687141565168,126.33362508180545,113.1449441442848,0.8733606599099955,0.8586102882409875,0.8906885318774764,1.1627749214042429,0.9264551065262004,0.12074971196522372
2022-06-04,116085.25,162.49333333333334,-0.0032981616969697232,1.0877870579358204e-05,125.16408009817613,113.1449441442848,0.8733606599099955,0.8586102882409875,0.8906885318774764,1.1627749214042429,0.9309154233183864,0.12074971196522372
2022-06-05,253439.5,141.57791666666665,0.7808003007880174,0.6096491097106584,125.71180967739684,113.1449441442848,0.8733606599099955,0.8586102882409875,0.8906885318774764,1.1627749214042429,0.9263017199152476,0.12074971196522372
2022-06-06,344423.25,91.32875,0.3067461432151871,0.09409319637739208,125.58908764853436,113.1449441442848,0.8733606599099955,0.8586102882409875,0.8906885318774764,1.1627749214042429,0.9200559032205914,0.12074971196522372
2022-06-07,256272.75,183.88166666666666,-0.29562897198609817,0.08739648907755722,125.32819839498852,113.1449441442848,0.8733606599099955,0.8586102882409875,0.8906885318774764,1.1627749214042429,0.9346551088065929,0.12074971196522372
2022-06-08,101596.75,190.3479166666667,-0.9252307605558964,0.8560519602788424,124.36760865073646,113.1449441442848,0.8733606599099955,0.8586102882409875,0.8906885318774764,1.1627749214042429,0.9341614661282489,0.12074971196522372
2022-06-09,178180.5,185.49166666666667,0.5617855349958716,0.31560298733059766,124.55817593279832,113.1449441442848,0.8733606599099955,0.8586102882409875,0.8906885318774764,1.1627749214042429,0.9387542439131416,0.12074971196522372
2022-06-10,107181.75,185.75458333333333,-0.5082710898331612,0.25833950076018936,124.79605428738098,113.1449441442848,0.8733606599099955,0.8586102882409875,0.8906885318774764,1.1627749214042429,0.9322599346800549,0.12074971196522372
2022-06-11,115202.75,134.70083333333335,0.07216762789816565,0.005208166516448097,124.72494258971888,113.1449441442848,0.8733606599099955,0.8586102882409875,0.8906885318774764,1.1627749214042429,0.9260567672883988,0.12074971196522372
2022-06-12,127495.5,116.95583333333333,0.10138745035333353,0.010279415089149672,124.33243874850196,113.1449441442848,0.8733606599099955,0.8586102882409875,0.8906885318774764,1.1627749214042429,0.9197410011683752,0.12074971196522372
2022-06-13,258338.75,165.56416666666667,0.706190638349371,0.49870521769229215,123.7189088015206,113.1449441442848,0.8733606599099955,0.8586102882409875,0.8906885318774764,1.1627749214042429,0.9147155460925459,0.12074971196522372
2022-06-14,99144.5,194.98083333333332,-0.9576933262879652,0.917176507216507,124.62952336443705,113.1449441442848,0.8733606599099955,0.8586102882409875,0.8906885318774764,1.1627749214042429,0.9101948063837761,0.12074971196522372
2022-06-15,66200.5,211.82958333333332,-0.4038903661348572,0.163127427856549,124.7091907501596,113.1449441442848,0.8733606599099955,0.8586102882409875,0.8906885318774764,1.1627749214042429,0.9041980537179756,0.12074971196522372
2022-06-16,134561.25,201.9725,0.7093314699332264,0.5031511342376316,119.55250215100043,113.1449441442848,0.8733606599099955,0.8586102882409875,0.8906885318774764,1.1627749214042429,0.9071254590418175,0.12074971196522372
2022-06-17,71418.5,255.43125,-0.6334625462923129,0.40127479755514067,117.34483867609505,113.1449441442848,0.8733606599099955,0.8586102882409875,0.8906885318774764,1.1627749214042429,0.901241578530518,0.12074971196522372
2022-06-18,212273.75,195.39499999999998,1.0893197758547288,1.1866175740681966,118.35579084948488,113.1449441442848,0.8733606599099955,0.8586102882409875,0.8906885318774764,1.1627749214042429,0.8954474888154933,0.12074971196522372
2022-06-19,243757.25,154.65208333333334,0.1382961377451957,0.01912582171523814,117.8501858769482,113.1449441442848,0.8733606599099955,0.8586102882409875,0.8906885318774764,1.1627749214042429,0.8903244640866825,0.12074971196522372
2022-06-20,190269.25,267.37166666666667,-0.24773267874779056,0.061371480119556,117.3192864012523,113.1449441442848,0.8733606599099955,0.8586102882409875,0.8906885318774764,1.1627749214042429,0.8942483731901576,0.12074971196522372
2022-06-21,115503.0,288.59375,-0.4991436706270747,0.24914440392706966,117.53796300332958,113.1449441442848,0.8733606599099955,0.8586102882409875,0.8906885318774764,1.1627749214042429,0.8900972569250963,0.12074971196522372
2022-06-22,49466.0,323.34083333333336,-0.8480109387650984,0.7191225522652634,117.88788502504812,113.1449441442848,0.8733606599099955,0.8586102882409875,0.8906885318774764,1.1627749214042429,0.8850218998035881,0.12074971196522372
2022-06-23,104066.75,295.0804166666667,0.7437469552962346,0.5531595335124192,117.86279691303457,113.1449441442848,0.8733606599099955,0.8586102882409875,0.8906885318774764,1.1627749214042429,0.8811440154237099,0.12074971196522372
2022-06-24,244091.25,274.3,0.8525096106100245,0.7267726361824556,118.49869198756616,113.1449441442848,0.8733606599099955,0.8586102882409875,0.8906885318774764,1.1627749214042429,0.8819885793866604,0.12074971196522372
2022-06-25,69971.0,240.39291666666668,-1.2494612602966262,1.5611534409820333,118.53089712776524,113.1449441442848,0.8733606599099955,0.8586102882409875,0.8906885318774764,1.1627749214042429,0.8837928843576639,0.12074971196522372
2022-06-26,76783.25,201.67083333333335,0.09290564691321887,0.008631459228363695,118.53119571608663,113.1449441442848,0.8733606599099955,0.8586102882409875,0.8906885318774764,1.1627749214042429,0.910819722821359,0.12074971196522372
2022-06-27,140198.5,316.6475,0.6020727581335718,0.3624916060865664,118.86016117147027,113.1449441442848,0.8733606599099955,0.8586102882409875,0.8906885318774764,1.1627749214042429,0.9110749345061415,0.12074971196522372
2022-06-28,81573.0,331.5154166666667,-0.5415609506783524,0.29328826329964086,118.36244166500488,113.1449441442848,0.8733606599099955,0.8586102882409875,0.8906885318774764,1.1627749214042429,0.9093562696539165,0.12074971196522372
2022-06-29,147808.25,315.54291666666666,0.5944175007667047,0.3533321652177354,118.2758510501406,113.1449441442848,0.8733606599099955,0.8586102882409875,0.8906885318774764,1.1627749214042429,0.9098878153102593,0.12074971196522372
2022-06-30,118689.0,325.4775,-0.21940919890689017,0.04814039656496329,118.32177109157942,113.1449441442848,0.8733606599099955,0.8586102882409875,0.8906885318774764,1.1627749214042429,0.909737295673127,0.12074971196522372
2022-07-01,215025.0,314.3845833333333,0.5942476737142526,0.3531302977148008,118.66708457212071,113.1449441442848,0.8733606599099955,0.8586102882409875,0.8906885318774764,1.1627749214042429,0.9037540574497923,0.12074971196522372
2022-07-02,105329.5,218.9225,-0.7136607685860237,0.509311692618794,118.27213743003475,113.1449441442848,0.8733606599099955,0.8586102882409875,0.8906885318774764,1.1627749214042429,0.8994301170245282,0.12074971196522372
2022-07-03,151225.0,200.10541666666666,0.3616752621414585,0.13080899524509274,118.38931660752533,113.1449441442848,0.8733606599099955,0.8586102882409875,0.8906885318774764,1.1627749214042429,0.8937104672821149,0.12074971196522372
2022-07-04,142665.75,293.89,-0.05826431233357762,0.0033947300917046854,118.39233261786961,113.1449441442848,0.8733606599099955,0.8586102882409875,0.8906885318774764,1.1627749214042429,0.8906962515234232,0.12074971196522372
2022-07-05,144844.0,318.37208333333336,0.015152819537181596,0.00022960793992639228,118.34478954854495,113.1449441442848,0.8733606599099955,0.8586102882409875,0.8906885318774764,1.1627749214042429,0.8922576472647731,0.12074971196522372
2022-07-06,187902.25,303.53541666666666,0.2602645796056415,0.06773765139730129,118.37517515542643,113.1449441442848,0.8733606599099955,0.8586102882409875,0.8906885318774764,1.1627749214042429,0.8874465361488142,0.12074971196522372
2022-07-07,424182.5,213.21875,0.8142419063519712,0.6629898820596923,118.88541796981507,113.1449441442848,0.8733606599099955,0.8586102882409875,0.8906885318774764,1.1627749214042429,0.8831117604763944,0.12074971196522372
2022-07-08,269659.25,295.91541666666666,-0.4530046622322645,0.20521322400416803,118.9294665316607,113.1449441442848,0.8733606599099955,0.8586102882409875,0.8906885318774764,1.1627749214042429,0.888246899912603,0.12074971196522372
2022-07-09,283377.0,148.13750000000002,0.04961904166647648,0.0024620492958995293,118.92954294509686,113.1449441442848,0.8733606599099955,0.8586102882409875,0.8906885318774764,1.1627749214042429,0.8840562759223853,0.12074971196522372
2022-07-10,324403.5,115.16375,0.13520994474384707,0.018281729157634177,118.94610903756248,113.1449441442848,0.8733606599099955,0.8586102882409875,0.8906885318774764,1.1627749214042429,0.8837287102225851,0.12074971196522372
2022-07-11,89695.75,372.595,-1.2855647235460543,1.652676658426043,120.59356399362719,113.1449441442848,0.8733606599099955,0.8586102882409875,0.8906885318774764,1.1627749214042429,0.881638210381558,0.12074971196522372
2022-07-12,62035.75,377.66125000000005,-0.36871255601522535,0.1359489489632807,119.33616090447315,113.1449441442848,0.8733606599099955,0.8586102882409875,0.8906885318774764,1.1627749214042429,0.8840690233061547,0.12074971196522372
2022-07-13,221668.5,352.15875,1.2734721908592601,1.6217314208918838,120.79052426728752,113.1449441442848,0.8733606599099955,0.8586102882409875,0.8906885318774764,1.1627749214042429,0.8798574033225854,0.12074971196522372
2022-07-14,202570.0,367.37791666666664,-0.09009751680451934,0.008117562534340645,118.90134854600038,113.1449441442848,0.8733606599099955,0.8586102882409875,0.8906885318774764,1.1627749214042429,0.8785858393264993,0.12074971196522372
2022-07-15,210230.0,329.92333333333335,0.037116663651319465,0.0013776467206051796,118.90255358661507,113.1449441442848,0.8733606599099955,0.8586102882409875,0.8906885318774764,1.1627749214042429,0.875156317884138,0.12074971196522372
2022-07-16,306525.25,174.81208333333333,0.377097964235244,0.14220287463036535,118.85224700129118,113.1449441442848,0.8733606599099955,0.8586102882409875,0.8906885318774764,1.1627749214042429,0.8734862542501292,0.12074971196522372
2022-07-17,80214.5,221.85666666666665,-1.3405958371768119,1.797197198655797,120.53338748813535,113.1449441442848,0.8733606599099955,0.8586102882409875,0.8906885318774764,1.1627749214042429,0.8729925576183347,0.12074971196522372
2022-07-18,40962.0,396.06541666666664,-0.6720594888712685,0.4516639565819107,119.85082359894663,113.1449441442848,0.8733606599099955,0.8586102882409875,0.8906885318774764,1.1627749214042429,0.8695326585302144,0.12074971196522372
2022-07-19,96056.0,397.0854166666666,0.8522865470642187,0.7263923583066486,120.54239709421365,113.1449441442848,0.8733606599099955,0.8586102882409875,0.8906885318774764,1.1627749214042429,0.864792315248466,0.12074971196522372
2022-07-20,248348.25,332.70458333333335,0.94990064029317,0.9023112264293743,121.12410195154582,113.1449441442848,0.8733606599099955,0.8586102882409875,0.8906885318774764,1.1627749214042429,0.8696313654745635,0.12074971196522372
2022-07-21,197546.5,396.73375000000004,-0.22885799535479806,0.05237598203781677,120.67169121867563,113.1449441442848,0.8733606599099955,0.8586102882409875,0.8906885318774764,1.1627749214042429,0.8782417919302308,0.12074971196522372
2022-07-22,101110.0,377.45125,-0.6697649665634812,0.44858511043578103,120.03563038458522,113.1449441442848,0.8733606599099955,0.8586102882409875,0.8906885318774764,1.1627749214042429,0.8784636992825533,0.12074971196522372
2022-07-23,101687.5,324.98541666666665,0.005695351875948892,3.243703299087456e-05,120.03058311873433,113.1449441442848,0.8733606599099955,0.8586102882409875,0.8906885318774764,1.1627749214042429,0.8811478544885627,0.12074971196522372
2022-07-24,74824.5,260.62833333333333,-0.30675901352142376,0.09410109237663705,120.01365698836469,113.1449441442848,0.8733606599099955,0.8586102882409875,0.8906885318774764,1.1627749214042429,0.8764376494779691,0.12074971196522372
2022-07-25,334033.75,309.81125000000003,1.4960966643180635,2.2383052289836365,122.17904742178312,113.1449441442848,0.8733606599099955,0.8586102882409875,0.8906885318774764,1.1627749214042429,0.8713237312949753,0.12074971196522372
2022-07-26,263763.5,316.5729166666667,-0.2361891674613959,0.05578532282610731,119.39831271733158,113.1449441442848,0.8733606599099955,0.8586102882409875,0.8906885318774764,1.1627749214042429,0.8685244239532268,0.12074971196522372
2022-07-27,175701.5,424.4916666666666,-0.4062663358784378,0.16505233566809163,114.03697822508838,113.1449441442848,0.8733606599099955,0.8586102882409875,0.8906885318774764,1.1627749214042429,0.87074048249253,0.12074971196522372
2022-07-28,109640.5,473.25333333333333,-0.47157970063245264,0.22238741404859366,113.66893530680338,113.1449441442848,0.8733606599099955,0.8586102882409875,0.8906885318774764,1.1627749214042429,0.8687686827728495,0.12074971196522372
2022-07-29,149145.25,438.65000000000003,0.3077138315162588,0.09468780210641652,113.76358500852511,113.1449441442848,0.8733606599099955,0.8586102882409875,0.8906885318774764,1.1627749214042429,0.8822348925642524,0.12074971196522372
2022-07-30,83029.75,380.77416666666664,-0.5857216860103567,0.34306989346281486,113.94062706555974,113.1449441442848,0.8733606599099955,0.8586102882409875,0.8906885318774764,1.1627749214042429,0.8776022925308429,0.12074971196522372
2022-07-31,92185.75,317.79291666666666,0.10460658599359884,0.01094253783323619,113.63381115709927,113.1449441442848,0.8733606599099955,0.8586102882409875,0.8906885318774764,1.1627749214042429,0.8749001078793722,0.12074971196522372
2022-08-01,140164.75,424.62166666666667,0.41901295315090525,0.17557185490824273,113.80861534182208,113.1449441442848,0.8733606599099955,0.8586102882409875,0.8906885318774764,1.1627749214042429,0.8715221574006853,0.12074971196522372
2022-08-02,57930.5,380.5125,-0.8835745002762234,0.780703897538378,114.58794906029343,113.1449441442848,0.8733606599099955,0.8586102882409875,0.8906885318774764,1.1627749214042429,0.8698622835723695,0.12074971196522372
2022-08-03,74020.0,384.82666666666665,0.24509131078021712,0.06006975061996497,114.33674188999645,113.1449441442848,0.8733606599099955,0.8586102882409875,0.8906885318774764,1.1627749214042429,0.8650897156792718,0.12074971196522372
2022-08-04,118005.75,414.15958333333333,0.4663980251340041,0.2175271178488991,114.39839481468734,113.1449441442848,0.8733606599099955,0.8586102882409875,0.8906885318774764,1.1627749214042429,0.8611883570758787,0.12074971196522372
2022-08-05,192932.5,380.31125,0.49160703470660544,0.24167747657302158,114.31627004709381,113.1449441442848,0.8733606599099955,0.8586102882409875,0.8906885318774764,1.1627749214042429,0.8569102352383898,0.12074971196522372
2022-08-06,137181.5,273.80916666666667,-0.3410355202486632,0.11630522607127636,114.18476793202441,113.1449441442848,0.8733606599099955,0.8586102882409875,0.8906885318774764,1.1627749214042429,0.8529850907813442,0.12074971196522372
2022-08-07,81561.75,214.92499999999998,-0.5199444644775205,0.2703422461408156,113.39938486667762,113.1449441442848,0.8733606599099955,0.8586102882409875,0.8906885318774764,1.1627749214042429,0.8496826784172267,0.12074971196522372
2022-08-08,80000.5,359.54791666666665,-0.019327517418085277,0.00037355292954638976,112.35400596258148,113.1449441442848,0.8733606599099955,0.8586102882409875,0.8906885318774764,1.1627749214042429,0.8469193050991349,0.12074971196522372
2022-08-09,119778.75,344.87208333333336,0.40361340632854786,0.16290378176813347,110.5979186973958,113.1449441442848,0.8733606599099955,0.8586102882409875,0.8906885318774764,1.1627749214042429,0.8464019152427746,0.12074971196522372
2022-08-10,127054.0,335.08,0.05896590195552178,0.003476977593428207,110.58936570523697,113.1449441442848,0.8733606599099955,0.8586102882409875,0.8906885318774764,1.1627749214042429,0.8460509783932882,0.12074971196522372
2022-08-11,130995.75,368.1458333333333,0.03055268698836245,0.0009334666822088521,110.04690759474762,113.1449441442848,0.8733606599099955,0.8586102882409875,0.8906885318774764,1.1627749214042429,0.8545313333204542,0.12074971196522372
2022-08-12,156418.0,436.79833333333335,0.17736703107620452,0.031459063712787304,109.89689175473883,113.1449441442848,0.8733606599099955,0.8586102882409875,0.8906885318774764,1.1627749214042429,0.8543058365083297,0.12074971196522372
2022-08-13,122472.25,377.74499999999995,-0.24464743729238508,0.05985236857373149,109.04095467882952,113.1449441442848,0.8733606599099955,0.8586102882409875,0.8906885318774764,1.1627749214042429,0.8496681095548876,0.12074971196522372
2022-08-14,137869.25,330.4558333333333,0.11842129855098034,0.014023603950500419,108.9680463114738,113.1449441442848,0.8733606599099955,0.8586102882409875,0.8906885318774764,1.1627749214042429,0.8525008966474366,0.12074971196522372
2022-08-15,131480.0,426.6045833333333,-0.047451023465563735,0.00225159962792948,108.94760834573246,113.1449441442848,0.8733606599099955,0.8586102882409875,0.8906885318774764,1.1627749214042429,0.8559030102982679,0.12074971196522372
2022-08-16,60972.0,490.7929166666666,-0.7684400063964234,0.5905000434305352,108.74527564085977,113.1449441442848,0.8733606599099955,0.8586102882409875,0.8906885318774764,1.1627749214042429,0.8541115270357117,0.12074971196522372
2022-08-17,62830.0,551.9525,0.030017924015260426,0.0009010757621859487,108.73067431710382,113.1449441442848,0.8733606599099955,0.8586102882409875,0.8906885318774764,1.1627749214042429,0.8497724484919361,0.12074971196522372
2022-08-18,94111.75,563.76,0.404050239543816,0.16325659607541512,107.6304701396539,113.1449441442848,0.8733606599099955,0.8586102882409875,0.8906885318774764,1.1627749214042429,0.8635291100404607,0.12074971196522372
2022-08-19,91507.25,515.0970833333333,-0.02806470184344316,0.0007876274895613619,107.6283811840494,113.1449441442848,0.8733606599099955,0.8586102882409875,0.8906885318774764,1.1627749214042429,0.8596557579778304,0.12074971196522372
2022-08-20,79746.5,457.97375000000005,-0.13756535056067903,0.018924225674882514,107.64678775617465,113.1449441442848,0.8733606599099955,0.8586102882409875,0.8906885318774764,1.1627749214042429,0.8704364184460868,0.12074971196522372
2022-08-21,65737.5,364.13208333333336,-0.19318331463908697,0.037319793054944476,106.65881479615818,113.1449441442848,0.8733606599099955,0.8586102882409875,0.8906885318774764,1.1627749214042429,0.8656465721438211,0.12074971196522372
2022-08-22,58574.0,563.81375,-0.11537862679708194,0.013312227521580315,106.24281079131588,113.1449441442848,0.8733606599099955,0.8586102882409875,0.8906885318774764,1.1627749214042429,0.8613059131314724,0.12074971196522372
2022-08-23,117539.0,605.1279166666667,0.6964792812878873,0.48508338926329203,106.72596275226358,113.1449441442848,0.8733606599099955,0.8586102882409875,0.8906885318774764,1.1627749214042429,0.8928080113409032,0.12074971196522372
2022-08-24,114077.0,624.3416666666667,-0.029896534421266593,0.0008938027704019783,106.56488958382009,113.1449441442848,0.8733606599099955,0.8586102882409875,0.8906885318774764,1.1627749214042429,0.9068668523387126,0.12074971196522372
2022-08-25,142796.5,599.8304166666667,0.22454688081619076,0.05042130168428058,106.43137740026194,113.1449441442848,0.8733606599099955,0.8586102882409875,0.8906885318774764,1.1627749214042429,0.9009502261612501,0.12074971196522372
2022-08-26,108960.5,699.4416666666666,-0.27043510857057745,0.07313514794758001,106.41812122058205,113.1449441442848,0.8733606599099955,0.8586102882409875,0.8906885318774764,1.1627749214042429,0.8959210577486787,0.12074971196522372
2022-08-27,137235.75,607.8391666666666,0.23071481863221055,0.05322932753649381,106.14946323837366,113.1449441442848,0.8733606599099955,0.8586102882409875,0.8906885318774764,1.1627749214042429,0.8930860649852511,0.12074971196522372
2022-08-28,186143.5,401.0329166666667,0.30481763176943044,0.09291378863752409,105.67231881818695,113.1449441442848,0.8733606599099955,0.8586102882409875,0.8906885318774764,1.1627749214042429,0.8910258503362922,0.12074971196522372
2022-08-29,102437.75,658.4104166666667,-0.5972625846186779,0.35672259498538333,104.5720337762443,113.1449441442848,0.8733606599099955,0.8586102882409875,0.8906885318774764,1.1627749214042429,0.8861324455492399,0.12074971196522372
2022-08-30,117001.25,660.23625,0.1329293214877909,0.01767020451120447,103.31350427588934,113.1449441442848,0.8733606599099955,0.8586102882409875,0.8906885318774764,1.1627749214042429,0.8828973519497924,0.12074971196522372
2022-08-31,164899.5,604.4908333333334,0.343151578918896,0.11775300611453132,102.5400205263757,113.1449441442848,0.8733606599099955,0.8586102882409875,0.8906885318774764,1.1627749214042429,0.8782965957577505,0.12074971196522372
2022-09-01,162212.5,571.1979166666666,-0.016428993356916027,0.00026991182272159095,101.50063194008548,113.1449441442848,0.8733606599099955,0.8586102882409875,0.8906885318774764,1.1627749214042429,0.8735086933806279,0.12074971196522372
2022-09-02,254745.0,422.2525,0.4513558407614937,0.20372209498951488,101.61908830613409,113.1449441442848,0.8733606599099955,0.8586102882409875,0.8906885318774764,1.1627749214042429,0.869872779039786,0.12074971196522372
2022-09-03,312955.25,287.75124999999997,0.20579716424794134,0.042352472812494144,100.68421545956052,113.1449441442848,0.8733606599099955,0.8586102882409875,0.8906885318774764,1.1627749214042429,0.8669640586409951,0.12074971196522372
2022-09-04,174420.75,242.71208333333334,-0.584589725317589,0.3417451469468942,100.88797956115478,113.1449441442848,0.8733606599099955,0.8586102882409875,0.8906885318774764,1.1627749214042429,0.8655536933619034,0.12074971196522372
2022-09-05,236568.75,357.45374999999996,0.304768379606829,0.09288376520817222,100.92201091364505,113.1449441442848,0.8733606599099955,0.8586102882409875,0.8906885318774764,1.1627749214042429,0.8607699865452682,0.12074971196522372
2022-09-06,262253.75,417.26875,0.10307368314484595,0.010624184157044102,100.79903916207539,113.1449441442848,0.8733606599099955,0.8586102882409875,0.8906885318774764,1.1627749214042429,0.8609389790506384,0.12074971196522372
2022-09-07,127509.25,462.47166666666664,-0.7211236355203341,0.5200192977060637,101.14730998456976,113.1449441442848,0.8733606599099955,0.8586102882409875,0.8906885318774764,1.1627749214042429,0.8602086052171111,0.12074971196522372
2022-09-08,212697.75,443.51708333333335,0.5116832328844386,0.26181973081507065,100.78772834254796,113.1449441442848,0.8733606599099955,0.8586102882409875,0.8906885318774764,1.1627749214042429,0.857087402590333,0.12074971196522372
2022-09-09,210336.25,345.7,-0.011164703216043846,0.0001246505979023398,100.78785295187615,113.1449441442848,0.8733606599099955,0.8586102882409875,0.8906885318774764,1.1627749214042429,0.8545893414847089,0.12074971196522372
2022-09-10,146009.25,404.31791666666663,-0.36503746478912774,0.13325235069967367,100.65159198499748,113.1449441442848,0.8733606599099955,0.8586102882409875,0.8906885318774764,1.1627749214042429,0.8602502578444269,0.12074971196522372
2022-09-11,64522.0,391.4891666666667,-0.8166637249491157,0.6669396396477648,101.09033736799861,113.1449441442848,0.8733606599099955,0.8586102882409875,0.8906885318774764,1.1627749214042429,0.8565520692033686,0.12074971196522372
2022-09-12,59602.75,408.0308333333333,-0.07930453697024634,0.006289209584065168,101.06837694010905,113.1449441442848,0.8733606599099955,0.8586102882409875,0.8906885318774764,1.1627749214042429,0.8583752504518005,0.12074971196522372
2022-09-13,218427.5,392.36999999999995,1.298752437748502,1.6867578945576767,102.20719544182705,113.1449441442848,0.8733606599099955,0.8586102882409875,0.8906885318774764,1.1627749214042429,0.8545735252017257,0.12074971196522372
2022-09-14,109086.25,455.81375,-0.694315297962582,0.48207373298486894,102.20755747598581,113.1449441442848,0.8733606599099955,0.8586102882409875,0.8906885318774764,1.1627749214042429,0.8613171733959332,0.12074971196522372
2022-09-15,297663.0,369.36583333333334,1.0038231203710455,1.0076608569914625,102.39219704026235,113.1449441442848,0.8733606599099955,0.8586102882409875,0.8906885318774764,1.1627749214042429,0.8565978071261963,0.12074971196522372
2022-09-16,497211.25,201.1966666666667,0.513053011986743,0.2632233931086691,102.32880675474917,113.1449441442848,0.8733606599099955,0.8586102882409875,0.8906885318774764,1.1627749214042429,0.8616445047371489,0.12074971196522372
2022-09-17,518584.5,68.76666666666667,0.04208799840732254,0.0017713996099347844,102.31673765731112,113.1449441442848,0.8733606599099955,0.8586102882409875,0.8906885318774764,1.1627749214042429,0.8603159509570525,0.12074971196522372
2022-09-18,537210.0,77.93208333333332,0.0352860950193058,0.001245108501711478,102.31773767631373,113.1449441442848,0.8733606599099955,0.8586102882409875,0.8906885318774764,1.1627749214042429,0.8576299797401115,0.12074971196522372
2022-09-19,352892.0,261.68375,-0.4202270184039259,0.17659074699665347,98.2367916820763,113.1449441442848,0.8733606599099955,0.8586102882409875,0.8906885318774764,1.1627749214042429,0.8554436064394806,0.12074971196522372
2022-09-20,122895.5,363.425,-1.0548276603454687,1.1126613930298954,99.07600352591366,113.1449441442848,0.8733606599099955,0.8586102882409875,0.8906885318774764,1.1627749214042429,0.8534045946548611,0.12074971196522372
2022-09-21,30973.75,379.94041666666664,-1.378194329191568,1.899419609015796,100.83610123205531,113.1449441442848,0.8733606599099955,0.8586102882409875,0.8906885318774764,1.1627749214042429,0.856244150340332,0.12074971196522372
2022-09-22,34696.5,387.8904166666666,0.11349874573651304,0.012881965283761638,99.65052707808844,113.1449441442848,0.8733606599099955,0.8586102882409875,0.8906885318774764,1.1627749214042429,0.87476370756554,0.12074971196522372
2022-09-23,80010.0,368.3316666666667,0.8355128095497044,0.6980816549216406,100.33152860055063,113.1449441442848,0.8733606599099955,0.8586102882409875,0.8906885318774764,1.1627749214042429,0.8696003811689387,0.12074971196522372
2022-09-24,44084.5,351.1145833333333,-0.5960433801135708,0.35526771097721066,97.86904086098306,113.1449441442848,0.8733606599099955,0.8586102882409875,0.8906885318774764,1.1627749214042429,0.8645602601970493,0.12074971196522372
2022-09-25,69289.0,276.50416666666666,0.45217791668970075,0.20446486834183797,94.91647006200402,113.1449441442848,0.8733606599099955,0.8586102882409875,0.8906885318774764,1.1627749214042429,0.8699570618894061,0.12074971196522372
2022-09-26,426458.0,245.92499999999998,1.8172277226773201,3.302316596066999,98.00116177331311,113.1449441442848,0.8733606599099955,0.8586102882409875,0.8906885318774764,1.1627749214042429,0.8649152348330386,0.12074971196522372
2022-09-27,321689.5,310.2083333333333,-0.2819270915079252,0.07948288492611805,96.18478395281379,113.1449441442848,0.8733606599099955,0.8586102882409875,0.8906885318774764,1.1627749214042429,0.8764114618794496,0.12074971196522372
2022-09-28,101643.0,386.1991666666667,-1.152120120652574,1.3273807724125015,96.30557723527484,113.1449441442848,0.8733606599099955,0.8586102882409875,0.8906885318774764,1.1627749214042429,0.8988634731151219,0.12074971196522372
2022-09-29,48400.0,417.13708333333335,-0.7419668602323974,0.550514821683122,96.72187853994937,113.1449441442848,0.8733606599099955,0.8586102882409875,0.8906885318774764,1.1627749214042429,0.9088951247952962,0.12074971196522372
2022-09-30,136701.25,315.48625,1.0382980740767032,1.078062890631391,97.66428675403507,113.1449441442848,0.8733606599099955,0.8586102882409875,0.8906885318774764,1.1627749214042429,0.9037009117392314,0.12074971196522372
2022-10-01,626082.5,82.82041666666667,1.5216842637547643,2.315522998558879,99.74700069007754,113.1449441442848,0.8733606599099955,0.8586102882409875,0.8906885318774764,1.1627749214042429,0.8984107377667048,0.12074971196522372
2022-10-02,463676.75,114.74583333333334,-0.3002945015905373,0.0901767876855092,98.98067418653943,113.1449441442848,0.8733606599099955,0.8586102882409875,0.8906885318774764,1.1627749214042429,0.909724547978384,0.12074971196522372
2022-10-03,299135.75,209.34916666666666,-0.4382901662277925,0.19209826981198597,99.00494790366717,113.1449441442848,0.8733606599099955,0.8586102882409875,0.8906885318774764,1.1627749214042429,0.9037415145955163,0.12074971196522372
2022-10-04,186477.0,246.30624999999998,-0.4725895766537148,0.2233409079617374,99.19723710871011,113.1449441442848,0.8733606599099955,0.8586102882409875,0.8906885318774764,1.1627749214042429,0.8982424138189755,0.12074971196522372
2022-10-05,507524.5,103.19,1.0012370785307607,1.0024756874248126,98.52609680029238,113.1449441442848,0.8733606599099955,0.8586102882409875,0.8906885318774764,1.1627749214042429,0.8925368880464718,0.12074971196522372
2022-10-06,438344.0,100.79875,-0.14654099536433537,0.021474263322370162,97.95716213395701,113.1449441442848,0.8733606599099955,0.8586102882409875,0.8906885318774764,1.1627749214042429,0.905332181656988,0.12074971196522372
2022-10-07,272476.5,163.89000000000001,-0.47545161839600136,0.2260542414353769,98.11241589100786,113.1449441442848,0.8733606599099955,0.8586102882409875,0.8906885318774764,1.1627749214042429,0.90495763265132,0.12074971196522372
2022-10-08,354368.75,145.33791666666667,0.2627856657897524,0.06905630614456343,98.00818712579593,113.1449441442848,0.8733606599099955,0.8586102882409875,0.8906885318774764,1.1627749214042429,0.9034015693646704,0.12074971196522372
2022-10-09,204578.5,146.72458333333333,-0.5493862727352276,0.30182527666990583,98.27319168441554,113.1449441442848,0.8733606599099955,0.8586102882409875,0.8906885318774764,1.1627749214042429,0.8977315799568718,0.12074971196522372
2022-10-10,322996.75,162.09,0.45669049634557307,0.2085662094523659,98.20937862181101,113.1449441442848,0.8733606599099955,0.8586102882409875,0.8906885318774764,1.1627749214042429,0.8942501338220719,0.12074971196522372
2022-10-11,131544.0,259.87375000000003,-0.8983008648406055,0.8069444437733797,98.67510247329312,113.1449441442848,0.8733606599099955,0.8586102882409875,0.8906885318774764,1.1627749214042429,0.894016168269663,0.12074971196522372
2022-10-12,58898.25,282.5358333333333,-0.8035300175709877,0.6456604891376319,99.31467709673726,113.1449441442848,0.8733606599099955,0.8586102882409875,0.8906885318774764,1.1627749214042429,0.8895866417282068,0.12074971196522372
2022-10-13,143364.75,257.4558333333334,0.8895807032073209,0.7913538275188314,99.6375340950971,113.1449441442848,0.8733606599099955,0.8586102882409875,0.8906885318774764,1.1627749214042429,0.8865715183269212,0.12074971196522372
2022-10-14,128034.75,260.6458333333333,-0.11309037059885542,0.012789431922186463,99.26008331531904,113.1449441442848,0.8733606599099955,0.8586102882409875,0.8906885318774764,1.1627749214042429,0.88126611796633,0.12074971196522372
2022-10-15,261123.0,156.63458333333332,0.71268984923093,0.5079268211968058,99.72385809453374,113.1449441442848,0.8733606599099955,0.8586102882409875,0.8906885318774764,1.1627749214042429,0.8770526421126664,0.12074971196522372
2022-10-16,297456.0,95.86083333333333,0.1302747542075286,0.01697151158383199,99.73242514637718,113.1449441442848,0.8733606599099955,0.8586102882409875,0.8906885318774764,1.1627749214042429,0.872978030664271,0.12074971196522372
2022-10-17,294559.0,152.60625000000002,-0.00978699230293557,9.57852183377201e-05,99.71334444519339,113.1449441442848,0.8733606599099955,0.8586102882409875,0.8906885318774764,1.1627749214042429,0.8757937927597892,0.12074971196522372
2022-10-18,131897.5,183.17541666666668,-0.8034542167941245,0.64553867848426,100.35295588956517,113.1449441442848,0.8733606599099955,0.8586102882409875,0.8906885318774764,1.1627749214042429,0.8709279757000516,0.12074971196522372
2022-10-19,152365.0,168.45374999999999,0.14425385229347487,0.020809173901507664,100.26067408076433,113.1449441442848,0.8733606599099955,0.8586102882409875,0.8906885318774764,1.1627749214042429,0.866115779640074,0.12074971196522372
2022-10-20,429139.0,140.21791666666667,1.0355019176880649,1.07226422153566,101.07396335059256,113.1449441442848,0.8733606599099955,0.8586102882409875,0.8906885318774764,1.1627749214042429,0.8680349306088079,0.12074971196522372
2022-10-21,240240.0,163.45000000000002,-0.580142452097266,0.3365652647254286,101.34137497395304,113.1449441442848,0.8733606599099955,0.8586102882409875,0.8906885318774764,1.1627749214042429,0.8701920346244953,0.12074971196522372
2022-10-22,210217.25,139.86708333333334,-0.13349690389906196,0.017821423350635385,101.30650277127792,113.1449441442848,0.8733606599099955,0.8586102882409875,0.8906885318774764,1.1627749214042429,0.8723755072665722,0.12074971196522372
2022-10-23,260710.25,95.75041666666668,0.21526811761340287,0.04634036246081785,100.95058438082278,113.1449441442848,0.8733606599099955,0.8586102882409875,0.8906885318774764,1.1627749214042429,0.8674037989457207,0.12074971196522372
2022-10-24,607372.75,80.61541666666666,0.8457330508638502,0.7152643933234758,101.65282286711124,113.1449441442848,0.8733606599099955,0.8586102882409875,0.8906885318774764,1.1627749214042429,0.8624473204445761,0.12074971196522372
2022-10-25,346169.25,105.39708333333334,-0.5622148709464874,0.31608556111337544,101.92299135277506,113.1449441442848,0.8733606599099955,0.8586102882409875,0.8906885318774764,1.1627749214042429,0.8688866811987533,0.12074971196522372
2022-10-26,191277.0,121.39583333333333,-0.5932051780940054,0.3518923833175407,102.02547195536489,113.1449441442848,0.8733606599099955,0.8586102882409875,0.8906885318774764,1.1627749214042429,0.8638884241380608,0.12074971196522372
2022-10-27,253040.5,124.68625000000002,0.2798269157548462,0.07830310278086978,102.10173644447205,113.1449441442848,0.8733606599099955,0.8586102882409875,0.8906885318774764,1.1627749214042429,0.8602704037185386,0.12074971196522372
2022-10-28,353132.5,105.5175,0.33329378564559603,0.11108474754997251,102.16133620755184,113.1449441442848,0.8733606599099955,0.8586102882409875,0.8906885318774764,1.1627749214042429,0.8569433402506641,0.12074971196522372
2022-10-29,148808.25,101.06291666666668,-0.8641847762027736,0.7468153274206378,102.90522266014327,113.1449441442848,0.8733606599099955,0.8586102882409875,0.8906885318774764,1.1627749214042429,0.852849868839239,0.12074971196522372
2022-10-30,134860.75,117.23750000000001,-0.09841579979661672,0.009685669649607744,102.91327443082709,113.1449441442848,0.8733606599099955,0.8586102882409875,0.8906885318774764,1.1627749214042429,0.8508813472895684,0.12074971196522372
2022-10-31,136652.25,145.2225,0.013196613047310913,0.00017415059592045662,102.90409402347079,113.1449441442848,0.8733606599099955,0.8586102882409875,0.8906885318774764,1.1627749214042429,0.8479295488243143,0.12074971196522372
2022-11-01,471303.75,68.855,1.2380634129523627,1.5328010144912525,104.39797731077923,113.1449441442848,0.8733606599099955,0.8586102882409875,0.8906885318774764,1.1627749214042429,0.8444460919988,0.12074971196522372
2022-11-02,556430.5,71.97166666666666,0.1660394846120586,0.02756911045023805,104.32995539445491,113.1449441442848,0.8733606599099955,0.8586102882409875,0.8906885318774764,1.1627749214042429,0.8565948777777929,0.12074971196522372
2022-11-03,485934.75,103.00625000000001,-0.13546791959790375,0.018351557240184113,104.29536856895865,113.1449441442848,0.8733606599099955,0.8586102882409875,0.8906885318774764,1.1627749214042429,0.8534073124334881,0.12074971196522372
2022-11-04,261058.75,178.53708333333336,-0.6213288778497745,0.38604957445006005,104.68022812460644,113.1449441442848,0.8733606599099955,0.8586102882409875,0.8906885318774764,1.1627749214042429,0.8509054082870223,0.12074971196522372
2022-11-05,264794.75,132.28708333333333,0.014209519804443127,0.00020191045307286145,102.63304018766482,113.1449441442848,0.8733606599099955,0.8586102882409875,0.8906885318774764,1.1627749214042429,0.8464044372414143,0.12074971196522372
2022-11-06,506451.75,51.09375,0.6484740599695317,0.42051860645336775,102.83370750739124,113.1449441442848,0.8733606599099955,0.8586102882409875,0.8906885318774764,1.1627749214042429,0.8419851226189863,0.12074971196522372
2022-11-07,589195.5,76.09541666666667,0.15132898953291435,0.0229004630730529,102.85035979191363,113.1449441442848,0.8733606599099955,0.8586102882409875,0.8906885318774764,1.1627749214042429,0.8450860117703224,0.12074971196522372
2022-11-08,529766.0,95.15458333333333,-0.10632264746655005,0.011304505364296284,102.76023942427844,113.1449441442848,0.8733606599099955,0.8586102882409875,0.8906885318774764,1.1627749214042429,0.84567151503423,0.12074971196522372
2022-11-09,551441.5,126.71875,0.040100359106356655,0.0016080388004587611,100.97423384165207,113.1449441442848,0.8733606599099955,0.8586102882409875,0.8906885318774764,1.1627749214042429,0.8417142668133447,0.12074971196522372
2022-11-10,457779.0,137.25083333333333,-0.18614922381787333,0.0346515335279967,100.4354387073494,113.1449441442848,0.8733606599099955,0.8586102882409875,0.8906885318774764,1.1627749214042429,0.8403354037531359,0.12074971196522372
2022-11-11,364241.0,125.37583333333333,-0.22857079844137787,0.05224460990012899,100.42799173392758,113.1449441442848,0.8733606599099955,0.8586102882409875,0.8906885318774764,1.1627749214042429,0.8368126364068372,0.12074971196522372
2022-11-12,95677.5,162.25416666666666,-1.3368325753669057,1.7871213345621135,102.2150093642927,113.1449441442848,0.8733606599099955,0.8586102882409875,0.8906885318774764,1.1627749214042429,0.8374326717629701,0.12074971196522372
2022-11-13,234703.0,144.88333333333333,0.8973377239521125,0.8052149908275578,102.95911514468442,113.1449441442848,0.8733606599099955,0.8586102882409875,0.8906885318774764,1.1627749214042429,0.8421518149574577,0.12074971196522372
2022-11-14,351360.25,160.79666666666665,0.40349116535127494,0.1628051205165299,103.03571967719188,113.1449441442848,0.8733606599099955,0.8586102882409875,0.8906885318774764,1.1627749214042429,0.8393417491604128,0.12074971196522372
2022-11-15,288379.0,177.28875000000002,-0.19753646317617143,0.039020654284150934,102.95524535269125,113.1449441442848,0.8733606599099955,0.8586102882409875,0.8906885318774764,1.1627749214042429,0.8362827068573393,0.12074971196522372
2022-11-16,433659.0,143.75666666666666,0.407982923753806,0.1664500660747039,102.99322652707308,113.1449441442848,0.8733606599099955,0.8586102882409875,0.8906885318774764,1.1627749214042429,0.8320424148294475,0.12074971196522372
2022-11-17,683082.5,99.89708333333334,0.454357131926325,0.2064404033323159,102.21748506960465,113.1449441442848,0.8733606599099955,0.8586102882409875,0.8906885318774764,1.1627749214042429,0.8378264682697655,0.12074971196522372
2022-11-18,326325.0,171.03333333333333,-0.7387218256309113,0.5457099356634665,102.43575978384708,113.1449441442848,0.8733606599099955,0.8586102882409875,0.8906885318774764,1.1627749214042429,0.8444282652699661,0.12074971196522372
2022-11-19,143426.25,198.6208333333333,-0.8220728514684391,0.6758037731214503,102.90870116402176,113.1449441442848,0.8733606599099955,0.8586102882409875,0.8906885318774764,1.1627749214042429,0.8400762946421918,0.12074971196522372
2022-11-20,144836.0,210.28291666666667,0.00978110202920354,9.566995690568962e-05,102.88678737992521,113.1449441442848,0.8733606599099955,0.8586102882409875,0.8906885318774764,1.1627749214042429,0.8445978147769138,0.12074971196522372
2022-11-21,214934.0,253.81916666666666,0.3947289364208532,0.155810933247938,102.8667660093529,113.1449441442848,0.8733606599099955,0.8586102882409875,0.8906885318774764,1.1627749214042429,0.8439971686425025,0.12074971196522372
2022-11-22,367240.0,203.87875,0.5356845810190282,0.28695797034153175,101.8792695674613,113.1449441442848,0.8733606599099955,0.8586102882409875,0.8906885318774764,1.1627749214042429,0.8417886959279876,0.12074971196522372
2022-11-23,349709.25,177.98041666666666,-0.04891349031207377,0.0023925295345093344,100.55920546606848,113.1449441442848,0.8733606599099955,0.8586102882409875,0.8906885318774764,1.1627749214042429,0.842658134904076,0.12074971196522372
2022-11-24,271962.5,237.4625,-0.25143790581910463,0.06322102048269693,100.49010331237221,113.1449441442848,0.8733606599099955,0.8586102882409875,0.8906885318774764,1.1627749214042429,0.838261316458132,0.12074971196522372
2022-11-25,237329.0,257.9266666666667,-0.1362168249941082,0.0185550234114755,100.36468652466723,113.1449441442848,0.8733606599099955,0.8586102882409875,0.8906885318774764,1.1627749214042429,0.8342570909255763,0.12074971196522372
2022-11-26,154520.5,239.17333333333332,-0.42912059053029006,0.18414448121706486,100.01657232931038,113.1449441442848,0.8733606599099955,0.8586102882409875,0.8906885318774764,1.1627749214042429,0.8302008838675098,0.12074971196522372
2022-11-27,311367.0,146.64916666666667,0.7006455071393893,0.4909041266746121,100.49039013303513,113.1449441442848,0.8733606599099955,0.8586102882409875,0.8906885318774764,1.1627749214042429,0.8278736378166424,0.12074971196522372
2022-11-28,299498.75,291.63666666666666,-0.038862036835222075,0.0015102579069821574,99.72665747407308,113.1449441442848,0.8733606599099955,0.8586102882409875,0.8906885318774764,1.1627749214042429,0.8251427462740328,0.12074971196522372
2022-11-29,74419.25,371.6425,-1.392395598992435,1.938765504093502,100.71890720967518,113.1449441442848,0.8733606599099955,0.8586102882409875,0.8906885318774764,1.1627749214042429,0.8214249851580424,0.12074971196522372
2022-11-30,62044.25,393.70208333333335,-0.18186680477877717,0.033075534680441845,100.4907555940411,113.1449441442848,0.8733606599099955,0.8586102882409875,0.8906885318774764,1.1627749214042429,0.821699513669859,0.12074971196522372
2022-12-01,66338.5,394.355,0.06692258231751565,0.004478632024044658,100.43275415631435,113.1449441442848,0.8733606599099955,0.8586102882409875,0.8906885318774764,1.1627749214042429,0.8200840332716792,0.12074971196522372
2022-12-02,193953.25,339.20166666666665,1.0728467281712948,1.151000102147852,100.8615541980958,113.1449441442848,0.8733606599099955,0.8586102882409875,0.8906885318774764,1.1627749214042429,0.8200585422638329,0.12074971196522372
2022-12-03,157724.25,281.92041666666665,-0.20676889550786576,0.04275337614954271,100.2178894695326,113.1449441442848,0.8733606599099955,0.8586102882409875,0.8906885318774764,1.1627749214042429,0.8162448544289823,0.12074971196522372
2022-12-04,183220.25,268.505,0.14984072593216954,0.022452243147879546,98.82314669014065,113.1449441442848,0.8733606599099955,0.8586102882409875,0.8906885318774764,1.1627749214042429,0.8131102855021309,0.12074971196522372
2022-12-05,127794.75,341.25916666666666,-0.36026351977856264,0.12978980368323878,98.46901322082476,113.1449441442848,0.8733606599099955,0.8586102882409875,0.8906885318774764,1.1627749214042429,0.8094952421201258,0.12074971196522372
2022-12-06,101139.25,386.44416666666666,-0.2339271811268006,0.05472192606993098,98.52130726280814,113.1449441442848,0.8733606599099955,0.8586102882409875,0.8906885318774764,1.1627749214042429,0.8060618723124215,0.12074971196522372
2022-12-07,297882.0,324.8254166666667,1.0801991547723424,1.166830213970883,99.34076220699993,113.1449441442848,0.8733606599099955,0.8586102882409875,0.8906885318774764,1.1627749214042429,0.8210612045591072,0.12074971196522372
2022-12-08,161336.75,387.5275,-0.6132036394227425,0.3760187034012968,96.99956995507752,113.1449441442848,0.8733606599099955,0.8586102882409875,0.8906885318774764,1.1627749214042429,0.817269737819142,0.12074971196522372
2022-12-09,55260.75,411.0420833333333,-1.0714309039029335,1.147964181838257,98.02329798846876,113.1449441442848,0.8733606599099955,0.8586102882409875,0.8906885318774764,1.1627749214042429,0.8262295014081119,0.12074971196522372
2022-12-10,35812.0,354.6425,-0.4337798588353853,0.1881649659312468,98.06190812485804,113.1449441442848,0.8733606599099955,0.8586102882409875,0.8906885318774764,1.1627749214042429,0.8255741353187623,0.12074971196522372
2022-12-11,32991.25,326.7654166666667,-0.08204065797945893,0.0067306695617025585,97.71868990790695,113.1449441442848,0.8733606599099955,0.8586102882409875,0.8906885318774764,1.1627749214042429,0.8258426720707913,0.12074971196522372
2022-12-12,72580.25,433.93333333333334,0.7884504714616034,0.6216541459480247,96.65106321243033,113.1449441442848,0.8733606599099955,0.8586102882409875,0.8906885318774764,1.1627749214042429,0.8240328447600153,0.12074971196522372
2022-12-13,148397.5,444.4766666666667,0.7152016379761386,0.5115133829637516,97.01232993989845,113.1449441442848,0.8733606599099955,0.8586102882409875,0.8906885318774764,1.1627749214042429,0.8269390209133376,0.12074971196522372
2022-12-14,157727.0,443.87583333333333,0.06097120624427326,0.0037174879908817068,96.93012660529438,113.1449441442848,0.8733606599099955,0.8586102882409875,0.8906885318774764,1.1627749214042429,0.8233225364499295,0.12074971196522372
2022-12-15,163520.75,396.96250000000003,0.036074203125267344,0.0013013481311230483,96.87926286477743,113.1449441442848,0.8733606599099955,0.8586102882409875,0.8906885318774764,1.1627749214042429,0.8193866149595197,0.12074971196522372
2022-12-16,73165.5,411.31375,-0.804215895210041,0.6467632061084877,97.28510252826896,113.1449441442848,0.8733606599099955,0.8586102882409875,0.8906885318774764,1.1627749214042429,0.82230938874472,0.12074971196522372
2022-12-17,77106.25,268.9691666666667,0.05246034244794566,0.002752087529755729,97.28773719073986,113.1449441442848,0.8733606599099955,0.8586102882409875,0.8906885318774764,1.1627749214042429,0.8191682839133099,0.12074971196522372
2022-12-18,324871.75,189.75958333333335,1.438246148226344,2.068551982887915,99.26022988635087,113.1449441442848,0.8733606599099955,0.8586102882409875,0.8906885318774764,1.1627749214042429,0.8164752847942135,0.12074971196522372
2022-12-19,589548.0,191.9275,0.5959256525350004,0.355127383349266,98.37556723062033,113.1449441442848,0.8733606599099955,0.8586102882409875,0.8906885318774764,1.1627749214042429,0.8132349649421374,0.12074971196522372
2022-12-20,597710.5,185.8216666666667,0.013750381418398027,0.00018907298915142573,97.54600616952082,113.1449441442848,0.8733606599099955,0.8586102882409875,0.8906885318774764,1.1627749214042429,0.81228545622767,0.12074971196522372
2022-12-21,366842.5,214.60041666666666,-0.4881739223896579,0.23831377850130372,97.24484377348472,113.1449441442848,0.8733606599099955,0.8586102882409875,0.8906885318774764,1.1627749214042429,0.8098037797935381,0.12074971196522372
2022-12-22,425638.5,192.63708333333332,0.14865779383472147,0.022099139667806553,97.22558994050868,113.1449441442848,0.8733606599099955,0.8586102882409875,0.8906885318774764,1.1627749214042429,0.8083740953334255,0.12074971196522372
2022-12-23,288247.25,185.88875,-0.3897717756883596,0.1519220371232569,97.29848928062225,113.1449441442848,0.8733606599099955,0.8586102882409875,0.8906885318774764,1.1627749214042429,0.8049979318556949,0.12074971196522372
2022-12-24,387944.75,111.86666666666667,0.2970443138025706,0.08823532436244005,97.34192359385906,113.1449441442848,0.8733606599099955,0.8586102882409875,0.8906885318774764,1.1627749214042429,0.8123841032358762,0.12074971196522372
2022-12-25,298098.0,106.01125,-0.26344064107313625,0.069400971369025,97.29886110349831,113.1449441442848,0.8733606599099955,0.8586102882409875,0.8906885318774764,1.1627749214042429,0.808708429448747,0.12074971196522372
2022-12-26,603012.75,40.5325,0.7045160492787368,0.49634286369131947,97.6574692523229,113.1449441442848,0.8733606599099955,0.8586102882409875,0.8906885318774764,1.1627749214042429,0.8051620022596502,0.12074971196522372
2022-12-27,571027.5,91.73416666666667,-0.05450097116511403,0.002970355857940591,97.30401377372247,113.1449441442848,0.8733606599099955,0.8586102882409875,0.8906885318774764,1.1627749214042429,0.8026913793617105,0.12074971196522372
2022-12-28,709156.25,45.897083333333335,0.21663851345275453,0.04693224551101931,97.35094453389317,113.1449441442848,0.8733606599099955,0.8586102882409875,0.8906885318774764,1.1627749214042429,0.799878090273757,0.12074971196522372
2022-12-29,749820.75,13.57875,0.05575829489540895,0.0031089874496433877,97.34507161937002,113.1449441442848,0.8733606599099955,0.8586102882409875,0.8906885318774764,1.1627749214042429,0.8016085394205276,0.12074971196522372
2022-12-30,668891.0,14.625416666666666,-0.1142130608574586,0.013044623270429542,96.97862125831088,113.1449441442848,0.8733606599099955,0.8586102882409875,0.8906885318774764,1.1627749214042429,0.8034418534682009,0.12074971196522372
2022-12-31,686188.75,-0.7920833333333333,0.025531618544977718,0.0006518635455262502,96.9667463422805,113.1449441442848,0.8733606599099955,0.8586102882409875,0.8906885318774764,1.1627749214042429,0.8017828834140623,0.12074971196522372
2023-01-01,566387.75,14.913333333333334,-0.19187382133205727,0.03681556331256623,96.99916781050322,113.1449441442848,0.8733606599099955,0.8586102882409875,0.8906885318774764,1.1627749214042429,0.7985990577704977,0.12074971196522372
2023-01-02,581304.0,123.82,0.025994941491368665,0.0006757369831396801,95.346829288978,113.1449441442848,0.8733606599099955,0.8586102882409875,0.8906885318774764,1.1627749214042429,0.8042635241521653,0.12074971196522372
2023-01-03,329554.5,145.95458333333332,-0.5675321134225655,0.3220926997658837,95.57479896807574,113.1449441442848,0.8733606599099955,0.8586102882409875,0.8906885318774764,1.1627749214042429,0.8098180304688809,0.12074971196522372
2023-01-04,962063.75,58.94166666666666,1.0713389742717654,1.1477671977936783,96.6856197526079,113.1449441442848,0.8733606599099955,0.8586102882409875,0.8906885318774764,1.1627749214042429,0.8063382059844376,0.12074971196522372
2023-01-05,637492.5,107.45541666666666,-0.41153820440384087,0.1693636936839375,96.8167312857782,113.1449441442848,0.8733606599099955,0.8586102882409875,0.8906885318774764,1.1627749214042429,0.8181620645135264,0.12074971196522372
2023-01-06,516810.75,117.47333333333334,-0.20986575892185033,0.0440436367678442,96.86012513286937,113.1449441442848,0.8733606599099955,0.8586102882409875,0.8906885318774764,1.1627749214042429,0.8177689103703086,0.12074971196522372
2023-01-07,445605.25,88.80874999999999,-0.14824328292482988,0.02197607093233116,96.80931111724449,113.1449441442848,0.8733606599099955,0.8586102882409875,0.8906885318774764,1.1627749214042429,0.8170106996963006,0.12074971196522372
2023-01-08,474627.25,68.94166666666668,0.06309628871458788,0.003981141649554629,96.28506362055352,113.1449441442848,0.8733606599099955,0.8586102882409875,0.8906885318774764,1.1627749214042429,0.8132250530122176,0.12074971196522372
2023-01-09,446041.5,129.29166666666666,-0.06211776210680383,0.0038586163691574737,96.24037251886337,113.1449441442848,0.8733606599099955,0.8586102882409875,0.8906885318774764,1.1627749214042429,0.8096573362640722,0.12074971196522372
2023-01-10,510837.0,123.13041666666668,0.13563855991192753,0.018397818934981554,96.15278568842602,113.1449441442848,0.8733606599099955,0.8586102882409875,0.8906885318774764,1.1627749214042429,0.8067768587858178,0.12074971196522372
2023-01-11,694999.75,84.08083333333333,0.3078609289219714,0.09477835155669914,95.68810096251171,113.1449441442848,0.8733606599099955,0.8586102882409875,0.8906885318774764,1.1627749214042429,0.8038626718700029,0.12074971196522372
2023-01-12,954111.75,70.74291666666666,0.3168693171004067,0.1004061641196781,95.78267900441232,113.1449441442848,0.8733606599099955,0.8586102882409875,0.8906885318774764,1.1627749214042429,0.8057416997048468,0.12074971196522372
2023-01-13,935310.25,66.64208333333333,-0.019902510521876495,0.0003961099250734046,95.77969754046676,113.1449441442848,0.8733606599099955,0.8586102882409875,0.8906885318774764,1.1627749214042429,0.8024756796694458,0.12074971196522372
2023-01-14,847623.25,29.344166666666666,-0.09844203602139551,0.00969083445603773,95.40427016162168,113.1449441442848,0.8733606599099955,0.8586102882409875,0.8906885318774764,1.1627749214042429,0.8093494048056126,0.12074971196522372
2023-01-15,890098.5,9.259166666666667,0.04889587434992427,0.002390806528443582,95.23100836429661,113.1449441442848,0.8733606599099955,0.8586102882409875,0.8906885318774764,1.1627749214042429,0.8058606297698999,0.12074971196522372
2023-01-16,607532.75,128.74875,-0.3819260475328951,0.14586750578409927,95.30857999675477,113.1449441442848,0.8733606599099955,0.8586102882409875,0.8906885318774764,1.1627749214042429,0.8183373410385321,0.12074971196522372
2023-01-17,434913.25,133.56666666666666,-0.33425949731320015,0.11172941154407326,94.47955377089652,113.1449441442848,0.8733606599099955,0.8586102882409875,0.8906885318774764,1.1627749214042429,0.8202443781040873,0.12074971196522372
2023-01-18,256158.25,143.75625,-0.5293511683561002,0.2802126594399683,94.63603969495533,113.1449441442848,0.8733606599099955,0.8586102882409875,0.8906885318774764,1.1627749214042429,0.8165819607080121,0.12074971196522372
2023-01-19,414230.0,148.21375,0.48062595755965354,0.2310013110801339,94.86430857316417,113.1449441442848,0.8733606599099955,0.8586102882409875,0.8906885318774764,1.1627749214042429,0.8128274047349883,0.12074971196522372
2023-01-20,87588.0,180.65958333333333,-1.5537773728595188,2.4142241244102283,97.26437492983528,113.1449441442848,0.8733606599099955,0.8586102882409875,0.8906885318774764,1.1627749214042429,0.809139330836387,0.12074971196522372
2023-01-21,305315.25,144.39166666666668,1.2487008471038323,1.5592538055578284,98.69485724758007,113.1449441442848,0.8733606599099955,0.8586102882409875,0.8906885318774764,1.1627749214042429,0.8210176290304895,0.12074971196522372
2023-01-22,224778.75,151.15083333333334,-0.30622826427964006,0.09377574984372107,97.84055763869783,113.1449441442848,0.8733606599099955,0.8586102882409875,0.8906885318774764,1.1627749214042429,0.8179393690298931,0.12074971196522372
2023-01-23,118188.25,202.73416666666665,-0.6428378928343891,0.4132405564637575,97.26753086033696,113.1449441442848,0.8733606599099955,0.8586102882409875,0.8906885318774764,1.1627749214042429,0.8145109951158747,0.12074971196522372
2023-01-24,82611.25,202.69291666666666,-0.3581328224473309,0.12825911851409144,96.58628510499233,113.1449441442848,0.8733606599099955,0.8586102882409875,0.8906885318774764,1.1627749214042429,0.8212936232250752,0.12074971196522372
2023-01-25,40610.25,181.7420833333333,-0.7101253720015278,0.5042780439603083,96.7597786225554,113.1449441442848,0.8733606599099955,0.8586102882409875,0.8906885318774764,1.1627749214042429,0.8246193099351004,0.12074971196522372
2023-01-26,56816.5,167.66875000000002,0.33580627870150215,0.11276585681535094,96.8319266660606,113.1449441442848,0.8733606599099955,0.8586102882409875,0.8906885318774764,1.1627749214042429,0.8215910844384093,0.12074971196522372
2023-01-27,173262.5,168.76125,1.1149810090395291,1.2431826505188066,98.07288770730044,113.1449441442848,0.8733606599099955,0.8586102882409875,0.8906885318774764,1.1627749214042429,0.8189151040037606,0.12074971196522372
2023-01-28,83149.25,144.69875,-0.7341705997848698,0.5390064695884754,97.94103700914609,113.1449441442848,0.8733606599099955,0.8586102882409875,0.8906885318774764,1.1627749214042429,0.8204995952415901,0.12074971196522372
2023-01-29,411609.25,123.58791666666667,1.599437291227797,2.558199648570113,95.98069444560905,113.1449441442848,0.8733606599099955,0.8586102882409875,0.8906885318774764,1.1627749214042429,0.8192478978298735,0.12074971196522372
2023-01-30,775428.25,74.21375,0.6333409803996443,0.4011207974535826,93.15404063477767,113.1449441442848,0.8733606599099955,0.8586102882409875,0.8906885318774764,1.1627749214042429,0.8225309719547291,0.12074971196522372
2023-01-31,777985.75,117.32166666666667,0.0032927504332323537,1.0842205415551853e-05,93.152873776878,113.1449441442848,0.8733606599099955,0.8586102882409875,0.8906885318774764,1.1627749214042429,0.8307605781250431,0.12074971196522372
2023-02-01,916869.75,93.07791666666667,0.1642572150942073,0.02698043271050468,93.06075634118224,113.1449441442848,0.8733606599099955,0.8586102882409875,0.8906885318774764,1.1627749214042429,0.8279615846931375,0.12074971196522372
2023-02-02,581029.5,136.14666666666668,-0.45616389281987585,0.20808549711258317,92.8190900105483,113.1449441442848,0.8733606599099955,0.8586102882409875,0.8906885318774764,1.1627749214042429,0.8328457061858292,0.12074971196522372
2023-02-03,912682.25,102.61083333333333,0.4515862614518495,0.20393015153205818,92.98027817429087,113.1449441442848,0.8733606599099955,0.8586102882409875,0.8906885318774764,1.1627749214042429,0.8343805912865239,0.12074971196522372
2023-02-04,167648.75,146.01125,-1.6945167746665584,2.871387099626356,95.8212954857097,113.1449441442848,0.8733606599099955,0.8586102882409875,0.8906885318774764,1.1627749214042429,0.8498131920083278,0.12074971196522372
2023-02-05,180825.5,131.36666666666667,0.07566146096100645,0.005724656674753904,94.50223942254755,113.1449441442848,0.8733606599099955,0.8586102882409875,0.8906885318774764,1.1627749214042429,0.8758533804321975,0.12074971196522372
2023-02-06,108397.75,172.96333333333334,-0.5117251455033412,0.26186262454041576,93.37103154315285,113.1449441442848,0.8733606599099955,0.8586102882409875,0.8906885318774764,1.1627749214042429,0.8716592821737016,0.12074971196522372
2023-02-07,100627.25,172.9225,-0.074384236595375,0.005533014653876726,93.35813623645805,113.1449441442848,0.8733606599099955,0.8586102882409875,0.8906885318774764,1.1627749214042429,0.8785426263647997,0.12074971196522372
2023-02-08,217199.25,152.10458333333335,0.7693920392779566,0.5919641101042927,93.2279056023063,113.1449441442848,0.8733606599099955,0.8586102882409875,0.8906885318774764,1.1627749214042429,0.8732905915876836,0.12074971196522372
2023-02-09,339808.25,132.54458333333335,0.44756635291559693,0.20031564026216866,93.42602832389107,113.1449441442848,0.8733606599099955,0.8586102882409875,0.8906885318774764,1.1627749214042429,0.8685951195549841,0.12074971196522372
2023-02-10,419289.5,125.92291666666667,0.2101801241961989,0.04417568460712959,93.45251686693304,113.1449441442848,0.8733606599099955,0.8586102882409875,0.8906885318774764,1.1627749214042429,0.8673123835260095,0.12074971196522372
2023-02-11,533720.75,106.26791666666666,0.24131114997749964,0.058231071103463324,93.51073706016592,113.1449441442848,0.8733606599099955,0.8586102882409875,0.8906885318774764,1.1627749214042429,0.8629649386558667,0.12074971196522372
2023-02-12,96908.25,136.30875,-1.70610810751298,2.910804874521522,95.81189282497678,113.1449441442848,0.8733606599099955,0.8586102882409875,0.8906885318774764,1.1627749214042429,0.859123067133462,0.12074971196522372
2023-02-13,79737.25,163.49625,-0.19502780031596392,0.0380358428960835,95.75583547149547,113.1449441442848,0.8733606599099955,0.8586102882409875,0.8906885318774764,1.1627749214042429,0.8613748404930525,0.12074971196522372
2023-02-14,60268.0,154.49291666666667,-0.2799355713364541,0.07836392409946698,95.74680290651739,113.1449441442848,0.8733606599099955,0.8586102882409875,0.8906885318774764,1.1627749214042429,0.8595613871898325,0.12074971196522372
2023-02-15,114508.75,143.52125,0.6418499563494268,0.41197136646576105,95.3027223127043,113.1449441442848,0.8733606599099955,0.8586102882409875,0.8906885318774764,1.1627749214042429,0.861197343618563,0.12074971196522372
2023-02-16,369982.75,136.73125000000002,1.1728051436413582,1.3754719049516269,96.36259123032534,113.1449441442848,0.8733606599099955,0.8586102882409875,0.8906885318774764,1.1627749214042429,0.8593919903409711,0.12074971196522372
2023-02-17,906551.0,81.14916666666666,0.8961909060244997,0.8031581400410136,96.90740986960616,113.1449441442848,0.8733606599099955,0.8586102882409875,0.8906885318774764,1.1627749214042429,0.8562572608149535,0.12074971196522372
2023-02-18,704446.75,94.67291666666667,-0.2522345459939678,0.06362226619278305,96.96582396928248,113.1449441442848,0.8733606599099955,0.8586102882409875,0.8906885318774764,1.1627749214042429,0.8766338705051323,0.12074971196522372
2023-02-19,386436.25,114.05416666666667,-0.6004458303225267,0.36053519515170857,97.31607974934505,113.1449441442848,0.8733606599099955,0.8586102882409875,0.8906885318774764,1.1627749214042429,0.8768019756241928,0.12074971196522372
2023-02-20,821170.75,61.41708333333333,0.753764153265672,0.5681603987483155,97.38553493040108,113.1449441442848,0.8733606599099955,0.8586102882409875,0.8906885318774764,1.1627749214042429,0.872642656753297,0.12074971196522372
2023-02-21,369666.0,122.44583333333333,-0.7981311706493833,0.637013365562155,97.10537178874672,113.1449441442848,0.8733606599099955,0.8586102882409875,0.8906885318774764,1.1627749214042429,0.8946288765637227,0.12074971196522372
2023-02-22,115995.25,148.64791666666667,-1.1590506532620217,1.3433984168271194,98.28564277771729,113.1449441442848,0.8733606599099955,0.8586102882409875,0.8906885318774764,1.1627749214042429,0.8971229860547009,0.12074971196522372
2023-02-23,126878.0,146.12041666666667,0.08967675284460368,0.008041920000752134,97.79053356348041,113.1449441442848,0.8733606599099955,0.8586102882409875,0.8906885318774764,1.1627749214042429,0.894937920210908,0.12074971196522372
2023-02-24,508185.5,118.3025,1.387620543568327,1.9254907729328596,99.31474953885812,113.1449441442848,0.8733606599099955,0.8586102882409875,0.8906885318774764,1.1627749214042429,0.8899633500067415,0.12074971196522372
2023-02-25,585942.5,89.29041666666667,0.14237512349072523,0.02027067578899926,98.14840264057894,113.1449441442848,0.8733606599099955,0.8586102882409875,0.8906885318774764,1.1627749214042429,0.8930609977506853,0.12074971196522372
2023-02-26,333164.5,109.82208333333334,-0.5645852998961819,0.31875656085886167,98.44803337972256,113.1449441442848,0.8733606599099955,0.8586102882409875,0.8906885318774764,1.1627749214042429,0.8876478750095977,0.12074971196522372
2023-02-27,190701.5,152.27458333333334,-0.5579269836663999,0.3112825191030873,98.69794441870609,113.1449441442848,0.8733606599099955,0.8586102882409875,0.8906885318774764,1.1627749214042429,0.8861571241285207,0.12074971196522372
2023-02-28,157966.0,148.045,-0.18832955833628695,0.03546802254314091,98.48426803732217,113.1449441442848,0.8733606599099955,0.8586102882409875,0.8906885318774764,1.1627749214042429,0.8848633867388691,0.12074971196522372
2023-03-01,172587.25,142.96833333333333,0.08852308570374007,0.00783633670251171,97.77298182175942,113.1449441442848,0.8733606599099955,0.8586102882409875,0.8906885318774764,1.1627749214042429,0.8956310535434723,0.12074971196522372
2023-03-02,148571.5,144.30666666666667,-0.14983658185140605,0.022451001260913105,97.2422732895079,113.1449441442848,0.8733606599099955,0.8586102882409875,0.8906885318774764,1.1627749214042429,0.8987333225081523,0.12074971196522372
2023-03-03,144425.5,136.76375,-0.028302520183383122,0.000801032648730809,96.51630168597418,113.1449441442848,0.8733606599099955,0.8586102882409875,0.8906885318774764,1.1627749214042429,0.8944700080061759,0.12074971196522372
2023-03-04,409156.5,107.47166666666668,1.0413339197755216,1.0843763324750524,96.0395245774672,113.1449441442848,0.8733606599099955,0.8586102882409875,0.8906885318774764,1.1627749214042429,0.8891927166864481,0.12074971196522372
2023-03-05,256687.0,121.78666666666668,-0.4662402796203183,0.21737999834043256,96.24827311657926,113.1449441442848,0.8733606599099955,0.8586102882409875,0.8906885318774764,1.1627749214042429,0.8909747230602483,0.12074971196522372
2023-03-06,202386.25,150.67291666666668,-0.23767944349801054,0.05649151786152398,95.94227302835422,113.1449441442848,0.8733606599099955,0.8586102882409875,0.8906885318774764,1.1627749214042429,0.887950808478422,0.12074971196522372
2023-03-07,624304.75,106.86791666666666,1.126460630237268,1.2689135514745429,96.91789831652912,113.1449441442848,0.8733606599099955,0.8586102882409875,0.8906885318774764,1.1627749214042429,0.8829004804851044,0.12074971196522372
2023-03-08,198475.25,138.89041666666665,-1.14597422334543,1.3132569205721614,97.87782307188354,113.1449441442848,0.8733606599099955,0.8586102882409875,0.8906885318774764,1.1627749214042429,0.8943843398504598,0.12074971196522372
2023-03-09,264731.0,127.19916666666667,0.2880498088745502,0.08297269239266489,97.91265536771125,113.1449441442848,0.8733606599099955,0.8586102882409875,0.8906885318774764,1.1627749214042429,0.9409822399019463,0.12074971196522372
2023-03-10,506707.25,115.61375,0.6492192045592765,0.42148557556857974,97.98101064556504,113.1449441442848,0.8733606599099955,0.8586102882409875,0.8906885318774764,1.1627749214042429,0.9388158586368691,0.12074971196522372
2023-03-11,383882.75,98.605,-0.27759625322793813,0.07705967980618955,97.54875863275242,113.1449441442848,0.8733606599099955,0.8586102882409875,0.8906885318774764,1.1627749214042429,0.932170094282879,0.12074971196522372
2023-03-12,394573.0,95.53250000000001,0.027467000106525953,0.0007544360948518967,97.41870407360219,113.1449441442848,0.8733606599099955,0.8586102882409875,0.8906885318774764,1.1627749214042429,0.9266691767723259,0.12074971196522372
2023-03-13,838786.75,37.13916666666667,0.7541523349999434,0.5687457443858668,97.98405508789635,113.1449441442848,0.8733606599099955,0.8586102882409875,0.8906885318774764,1.1627749214042429,0.9204826892242715,0.12074971196522372
2023-03-14,759930.75,71.47958333333334,-0.09872919181943723,0.009747453317319231,97.99357293327374,113.1449441442848,0.8733606599099955,0.8586102882409875,0.8906885318774764,1.1627749214042429,0.9524526503615202,0.12074971196522372
2023-03-15,307769.0,127.72458333333333,-0.9038778091249182,0.8169950938284621,98.7428303757049,113.1449441442848,0.8733606599099955,0.8586102882409875,0.8906885318774764,1.1627749214042429,0.9456161670474463,0.12074971196522372
2023-03-16,421479.25,105.57458333333334,0.31442104570300883,0.09886059398097356,98.17870108762618,113.1449441442848,0.8733606599099955,0.8586102882409875,0.8906885318774764,1.1627749214042429,0.9387656267811035,0.12074971196522372
2023-03-17,393892.5,92.34750000000001,-0.06769251785586401,0.004582276973666468,97.97807014059568,113.1449441442848,0.8733606599099955,0.8586102882409875,0.8906885318774764,1.1627749214042429,0.9331730859843249,0.12074971196522372
2023-03-18,184358.0,109.33749999999999,-0.7591985099767552,0.5763823775509253,98.5519904688507,113.1449441442848,0.8733606599099955,0.8586102882409875,0.8906885318774764,1.1627749214042429,0.9271527912586056,0.12074971196522372
2023-03-19,119353.75,111.99208333333333,-0.4347877469693142,0.18904038491465242,98.72274912460772,113.1449441442848,0.8733606599099955,0.8586102882409875,0.8906885318774764,1.1627749214042429,0.9401320126795221,0.12074971196522372
2023-03-20,209936.5,125.17291666666667,0.5647133315548037,0.3189011468357257,97.3889736130174,113.1449441442848,0.8733606599099955,0.8586102882409875,0.8906885318774764,1.1627749214042429,0.9338856575001679,0.12074971196522372
2023-03-21,193508.5,115.05250000000001,-0.08148366488512504,0.00663958764311136,97.25966425169725,113.1449441442848,0.8733606599099955,0.8586102882409875,0.8906885318774764,1.1627749214042429,0.9273140131706636,0.12074971196522372
2023-03-22,545406.0,80.17791666666666,1.036209032297462,1.0737291586148425,96.71166198942021,113.1449441442848,0.8733606599099955,0.8586102882409875,0.8906885318774764,1.1627749214042429,0.9215863925944968,0.12074971196522372
2023-03-23,616998.0,74.70958333333333,0.12333531095796171,0.015211598929097112,96.71875602581495,113.1449441442848,0.8733606599099955,0.8586102882409875,0.8906885318774764,1.1627749214042429,0.9321222039116179,0.12074971196522372
2023-03-24,679330.75,53.115833333333335,0.0962423399504897,0.009262587999145625,96.7266409670935,113.1449441442848,0.8733606599099955,0.8586102882409875,0.8906885318774764,1.1627749214042429,0.9263673428030332,0.12074971196522372
2023-03-25,693326.25,14.66625,0.020392545269374947,0.00041585590256350654,96.58485394836569,113.1449441442848,0.8733606599099955,0.8586102882409875,0.8906885318774764,1.1627749214042429,0.9260373621275846,0.12074971196522372
2023-03-26,356498.0,70.62391304347825,-0.6651720378884757,0.44245383998870774,95.2301105896986,113.1449441442848,0.8733606599099955,0.8586102882409875,0.8906885318774764,1.1627749214042429,0.9197540348706947,0.12074971196522372
2023-03-27,493491.75,92.31833333333333,0.325177511668135,0.10574041409468009,94.88418704721137,113.1449441442848,0.8733606599099955,0.8586102882409875,0.8906885318774764,1.1627749214042429,0.9135356154293783,0.12074971196522372
2023-03-28,277735.25,113.15125,-0.5748378196095009,0.3304385188534051,94.48823320775813,113.1449441442848,0.8733606599099955,0.8586102882409875,0.8906885318774764,1.1627749214042429,0.9107549077301756,0.12074971196522372
2023-03-29,234953.5,116.53916666666667,-0.16728069957465241,0.027982832450185118,93.61390481377894,113.1449441442848,0.8733606599099955,0.8586102882409875,0.8906885318774764,1.1627749214042429,0.9114896963240424,0.12074971196522372
2023-03-30,624191.5,81.44083333333333,0.9770695900892312,0.9546649838771383,94.51619381561827,113.1449441442848,0.8733606599099955,0.8586102882409875,0.8906885318774764,1.1627749214042429,0.9069051898899,0.12074971196522372
2023-03-31,422201.75,97.59375,-0.3909739319530227,0.15286061546680685,94.22046932064929,113.1449441442848,0.8733606599099955,0.8586102882409875,0.8906885318774764,1.1627749214042429,0.9068751615547473,0.12074971196522372
2023-04-01,572597.0,55.76583333333334,0.30469887303014415,0.0928414032258399,94.31327828684213,113.1449441442848,0.8733606599099955,0.8586102882409875,0.8906885318774764,1.1627749214042429,0.9097286730153457,0.12074971196522372
2023-04-02,440546.75,67.33083333333333,-0.2621655842474528,0.06873079356380826,94.2879079880293,113.1449441442848,0.8733606599099955,0.8586102882409875,0.8906885318774764,1.1627749214042429,0.9207390848809027,0.12074971196522372
2023-04-03,270957.25,114.79791666666667,-0.48605550978480316,0.23624995859216488,92.28585271763784,113.1449441442848,0.8733606599099955,0.8586102882409875,0.8906885318774764,1.1627749214042429,0.9199633641396316,0.12074971196522372
2023-04-04,85449.5,132.06958333333333,-1.1540355011891084,1.3317979380047966,93.56186533281652,113.1449441442848,0.8733606599099955,0.8586102882409875,0.8906885318774764,1.1627749214042429,0.9272161646081133,0.12074971196522372
2023-04-05,34424.75,140.97166666666666,-0.9091497757451834,0.8265533147375173,94.22336631188594,113.1449441442848,0.8733606599099955,0.8586102882409875,0.8906885318774764,1.1627749214042429,0.9374423155033459,0.12074971196522372
2023-04-06,156462.75,124.28458333333333,1.5140421800555968,2.292323722987504,96.29330262082486,113.1449441442848,0.8733606599099955,0.8586102882409875,0.8906885318774764,1.1627749214042429,0.9355458681040997,0.12074971196522372
2023-04-07,206156.75,108.63041666666668,0.27581883928523615,0.07607603210465493,96.2746908508231,113.1449441442848,0.8733606599099955,0.8586102882409875,0.8906885318774764,1.1627749214042429,0.9301400245111036,0.12074971196522372
2023-04-08,83304.5,116.89416666666666,-0.906134232442731,0.8210792472045771,96.75270020456486,113.1449441442848,0.8733606599099955,0.8586102882409875,0.8906885318774764,1.1627749214042429,0.9260122381487335,0.12074971196522372
2023-04-09,61734.75,105.0475,-0.2996555878775148,0.08979347134621898,96.83155113807784,113.1449441442848,0.8733606599099955,0.8586102882409875,0.8906885318774764,1.1627749214042429,0.9268154937029405,0.12074971196522372
2023-04-10,394887.25,39.974583333333335,1.855753299671718,3.4438203092424695,100.09979959241207,113.1449441442848,0.8733606599099955,0.8586102882409875,0.8906885318774764,1.1627749214042429,0.9231325905848567,0.12074971196522372
2023-04-11,511330.25,59.98541666666667,0.25841538213742,0.06677850972522881,99.38587420459892,113.1449441442848,0.8733606599099955,0.8586102882409875,0.8906885318774764,1.1627749214042429,0.9331355570025164,0.12074971196522372
2023-04-12,426391.25,107.6925,-0.18165831125076418,0.03299974204647951,99.35880419602545,113.1449441442848,0.8733606599099955,0.8586102882409875,0.8906885318774764,1.1627749214042429,0.9266315142080102,0.12074971196522372
2023-04-13,369553.25,108.41375,-0.14306250833118764,0.020466881290011132,99.16174395946655,113.1449441442848,0.8733606599099955,0.8586102882409875,0.8906885318774764,1.1627749214042429,0.9204151361650985,0.12074971196522372
2023-04-14,98228.0,128.79583333333332,-1.3250035365711974,1.7556343719261804,100.6757008548197,113.1449441442848,0.8733606599099955,0.8586102882409875,0.8906885318774764,1.1627749214042429,0.9143112110249785,0.12074971196522372
2023-04-15,245640.25,106.79708333333333,0.916576760109433,0.8401129571727051,101.39950858592113,113.1449441442848,0.8733606599099955,0.8586102882409875,0.8906885318774764,1.1627749214042429,0.9142611051524313,0.12074971196522372
2023-04-16,158410.5,110.09958333333333,-0.43867830214806375,0.19243865277550792,101.32160499255582,113.1449441442848,0.8733606599099955,0.8586102882409875,0.8906885318774764,1.1627749214042429,0.9082045369283757,0.12074971196522372
2023-04-17,195388.25,124.23583333333333,0.20979883967805937,0.04401555313026006,101.36524699275654,113.1449441442848,0.8733606599099955,0.8586102882409875,0.8906885318774764,1.1627749214042429,0.9145836275451451,0.12074971196522372
2023-04-18,367461.0,108.22541666666666,0.6316285858322979,0.3989546704405085,101.6012978814289,113.1449441442848,0.8733606599099955,0.8586102882409875,0.8906885318774764,1.1627749214042429,0.9084716895155494,0.12074971196522372
2023-04-19,477019.25,87.51583333333333,0.26093965589564755,0.06808950401893896,101.66591040785443,113.1449441442848,0.8733606599099955,0.8586102882409875,0.8906885318774764,1.1627749214042429,0.9030208469283133,0.12074971196522372
2023-04-20,362562.75,111.70625,-0.27435928370584156,0.07527301655558245,101.7402499577278,113.1449441442848,0.8733606599099955,0.8586102882409875,0.8906885318774764,1.1627749214042429,0.8972014488664505,0.12074971196522372
2023-04-21,427295.25,89.47500000000001,0.16427766351413559,0.026987150729663553,101.73577804474468,113.1449441442848,0.8733606599099955,0.8586102882409875,0.8906885318774764,1.1627749214042429,0.8986909553928651,0.12074971196522372
2023-04-22,331474.75,84.46708333333333,-0.25392358848066093,0.06447718878689604,101.74040286495784,113.1449441442848,0.8733606599099955,0.8586102882409875,0.8906885318774764,1.1627749214042429,0.8952829654264384,0.12074971196522372
2023-04-23,204182.75,85.80083333333333,-0.4845362116374581,0.23477534038797956,101.96115460139534,113.1449441442848,0.8733606599099955,0.8586102882409875,0.8906885318774764,1.1627749214042429,0.8896510075650971,0.12074971196522372
2023-04-24,549809.0,104.60333333333334,0.9905555190277576,0.9812002362763503,102.94010323804373,113.1449441442848,0.8733606599099955,0.8586102882409875,0.8906885318774764,1.1627749214042429,0.889385425294852,0.12074971196522372
2023-04-25,416981.75,100.99624999999999,-0.2765284893330297,0.07646800541280752,102.42607120002602,113.1449441442848,0.8733606599099955,0.8586102882409875,0.8906885318774764,1.1627749214042429,0.888629949369082,0.12074971196522372
2023-04-26,259293.0,110.72083333333335,-0.4750837594306597,0.22570457847476896,102.65087470273859,113.1449441442848,0.8733606599099955,0.8586102882409875,0.8906885318774764,1.1627749214042429,0.8968433464968436,0.12074971196522372
2023-04-27,93218.5,112.08583333333333,-1.0230124965748868,1.0465545681483828,103.53417267481156,113.1449441442848,0.8733606599099955,0.8586102882409875,0.8906885318774764,1.1627749214042429,0.8912040919533863,0.12074971196522372
2023-04-28,211597.0,106.00333333333333,0.8197373223423478,0.6719692776410021,104.20535432496301,113.1449441442848,0.8733606599099955,0.8586102882409875,0.8906885318774764,1.1627749214042429,0.8874952650426082,0.12074971196522372
2023-04-29,230351.75,100.64625000000001,0.08492396629798468,0.007212080051781238,104.1936421793399,113.1449441442848,0.8733606599099955,0.8586102882409875,0.8906885318774764,1.1627749214042429,0.8829107854956187,0.12074971196522372
2023-04-30,104096.5,68.28666666666666,-0.7942891349499268,0.6308952298995031,104.78721761618446,113.1449441442848,0.8733606599099955,0.8586102882409875,0.8906885318774764,1.1627749214042429,0.8779439406659441,0.12074971196522372
2023-05-01,125128.75,87.54916666666666,0.18402485367832636,0.03386514677132942,104.80777053543422,113.1449441442848,0.8733606599099955,0.8586102882409875,0.8906885318774764,1.1627749214042429,0.88366118534996,0.12074971196522372
2023-05-02,260490.25,106.10125,0.7332222252536809,0.5376148316059595,104.86030197777687,113.1449441442848,0.8733606599099955,0.8586102882409875,0.8906885318774764,1.1627749214042429,0.8786693227614952,0.12074971196522372
2023-05-03,98396.0,107.79875,-0.9735652796444896,0.9478293537292531,105.80723752873574,113.1449441442848,0.8733606599099955,0.8586102882409875,0.8906885318774764,1.1627749214042429,0.877688289096828,0.12074971196522372
2023-05-04,187027.5,97.49958333333332,0.6422555120405737,0.41249214274649953,106.16930836979796,113.1449441442848,0.8733606599099955,0.8586102882409875,0.8906885318774764,1.1627749214042429,0.8798310904912731,0.12074971196522372
2023-05-05,343267.75,96.05,0.6072550900255361,0.36875874436192196,106.46493196621229,113.1449441442848,0.8733606599099955,0.8586102882409875,0.8906885318774764,1.1627749214042429,0.8751532372071416,0.12074971196522372
2023-05-06,161545.5,89.52458333333334,-0.7537239181622215,0.5680997448098112,106.9798023834856,113.1449441442848,0.8733606599099955,0.8586102882409875,0.8906885318774764,1.1627749214042429,0.9085295997324285,0.12074971196522372
2023-05-07,282885.0,66.9825,0.5602536179030962,0.31388411637350855,107.2007727112216,113.1449441442848,0.8733606599099955,0.8586102882409875,0.8906885318774764,1.1627749214042429,0.902659503101375,0.12074971196522372
2023-05-08,272001.0,96.3725,-0.039234711872610815,0.001539362615726788,106.84558947885193,113.1449441442848,0.8733606599099955,0.8586102882409875,0.8906885318774764,1.1627749214042429,0.8980128600577426,0.12074971196522372
2023-05-09,359232.25,94.63791666666667,0.2781633724887578,0.0773748617943194,106.90529413613505,113.1449441442848,0.8733606599099955,0.8586102882409875,0.8906885318774764,1.1627749214042429,0.8924532712234673,0.12074971196522372
2023-05-10,212760.0,107.89375,-0.5238043453744682,0.2743709922331751,107.0619121222537,113.1449441442848,0.8733606599099955,0.8586102882409875,0.8906885318774764,1.1627749214042429,0.890348271510104,0.12074971196522372
2023-05-11,89028.75,116.13541666666667,-0.8712054185982665,0.7589988813949807,107.82064109182596,113.1449441442848,0.8733606599099955,0.8586102882409875,0.8906885318774764,1.1627749214042429,0.890992984699105,0.12074971196522372
2023-05-12,229320.5,100.50625000000001,0.946161237121278,0.8952210866308672,108.5121400834673,113.1449441442848,0.8733606599099955,0.8586102882409875,0.8906885318774764,1.1627749214042429,0.8970778489036487,0.12074971196522372
2023-05-13,197055.75,78.35333333333334,-0.15163390477079228,0.0229928410760377,108.49278045173085,113.1449441442848,0.8733606599099955,0.8586102882409875,0.8906885318774764,1.1627749214042429,0.8948234658234596,0.12074971196522372
2023-05-14,82060.5,72.0025,-0.876029903528251,0.7674283918757169,108.91846369665967,113.1449441442848,0.8733606599099955,0.8586102882409875,0.8906885318774764,1.1627749214042429,0.8916701389020255,0.12074971196522372
2023-05-15,151985.0,113.84041666666667,0.6163250516680581,0.37985656931363443,109.20543650076513,113.1449441442848,0.8733606599099955,0.8586102882409875,0.8906885318774764,1.1627749214042429,0.8955401561061471,0.12074971196522372
2023-05-16,451440.0,79.29541666666667,1.0886606418947418,1.185181993210671,110.37999430981876,113.1449441442848,0.8733606599099955,0.8586102882409875,0.8906885318774764,1.1627749214042429,0.8898979375060974,0.12074971196522372
2023-05-17,329277.75,78.58375,-0.3155408541289245,0.09956603062441122,109.95954104273711,113.1449441442848,0.8733606599099955,0.8586102882409875,0.8906885318774764,1.1627749214042429,0.9089032768391065,0.12074971196522372
2023-05-18,132618.0,86.73416666666667,-0.9094288043866,0.8270607502480408,110.52478206217008,113.1449441442848,0.8733606599099955,0.8586102882409875,0.8906885318774764,1.1627749214042429,0.9039298364643829,0.12074971196522372
2023-05-19,217396.25,87.28458333333333,0.4942489100829502,0.2442819851181842,110.76893939669036,113.1449441442848,0.8733606599099955,0.8586102882409875,0.8906885318774764,1.1627749214042429,0.9115138751249964,0.12074971196522372
2023-05-20,325722.75,46.80916666666667,0.40432483416931586,0.16347857152604478,110.79916561751673,113.1449441442848,0.8733606599099955,0.8586102882409875,0.8906885318774764,1.1627749214042429,0.9079388101814386,0.12074971196522372
2023-05-21,241287.25,28.464166666666667,-0.3000584269525463,0.09003505958523657,110.2222610374542,113.1449441442848,0.8733606599099955,0.8586102882409875,0.8906885318774764,1.1627749214042429,0.9061435359514599,0.12074971196522372
2023-05-22,204796.5,97.33125,-0.16397132926951025,0.02688659682241015,110.24285842469256,113.1449441442848,0.8733606599099955,0.8586102882409875,0.8906885318774764,1.1627749214042429,0.9010447092326906,0.12074971196522372
2023-05-23,427498.5,72.78541666666666,0.7359339764231596,0.5415988176540036,109.09769934778888,113.1449441442848,0.8733606599099955,0.8586102882409875,0.8906885318774764,1.1627749214042429,0.8952560230410961,0.12074971196522372
2023-05-24,149383.5,102.27333333333333,-1.0514339547662217,1.1055133612353372,109.72113897603936,113.1449441442848,0.8733606599099955,0.8586102882409875,0.8906885318774764,1.1627749214042429,0.9024143898817991,0.12074971196522372
2023-05-25,179737.0,81.64999999999999,0.18497784648286245,0.03421680368943743,108.74769492273732,113.1449441442848,0.8733606599099955,0.8586102882409875,0.8906885318774764,1.1627749214042429,0.898514683756409,0.12074971196522372
2023-05-26,223913.0,69.98416666666667,0.21976291223848585,0.048295737595540435,108.53276726722419,113.1449441442848,0.8733606599099955,0.8586102882409875,0.8906885318774764,1.1627749214042429,0.8955294203330773,0.12074971196522372
2023-05-27,113050.5,62.67166666666666,-0.6834229620178975,0.46706694501331664,108.99806281262757,113.1449441442848,0.8733606599099955,0.8586102882409875,0.8906885318774764,1.1627749214042429,0.8901186324019151,0.12074971196522372
2023-05-28,119408.75,26.55333333333333,0.054717859819546404,0.0029940441832315306,108.9998117483091,113.1449441442848,0.8733606599099955,0.8586102882409875,0.8906885318774764,1.1627749214042429,0.9025395069410974,0.12074971196522372
2023-05-29,207969.25,21.4525,0.5548377508784533,0.3078449297998606,109.1310659311123,113.1449441442848,0.8733606599099955,0.8586102882409875,0.8906885318774764,1.1627749214042429,0.8971618724559718,0.12074971196522372
2023-05-30,167837.75,87.73875,-0.21439249330023158,0.04596414118348984,108.0643686792659,113.1449441442848,0.8733606599099955,0.8586102882409875,0.8906885318774764,1.1627749214042429,0.8951328901217617,0.12074971196522372
2023-05-31,198251.5,72.31750000000001,0.16653868775689462,0.027735134519788443,106.19268420476989,113.1449441442848,0.8733606599099955,0.8586102882409875,0.8906885318774764,1.1627749214042429,0.9002683341088893,0.12074971196522372
2023-06-01,247969.5,72.90041666666666,0.22376932804025682,0.05007271217158806,106.22987495165772,113.1449441442848,0.8733606599099955,0.8586102882409875,0.8906885318774764,1.1627749214042429,0.8995008420646936,0.12074971196522372
2023-06-02,200103.0,81.01666666666667,-0.21447352074982867,0.04599889110282719,105.57779218783891,113.1449441442848,0.8733606599099955,0.8586102882409875,0.8906885318774764,1.1627749214042429,0.8978303699476836,0.12074971196522372
2023-06-03,192924.5,56.36708333333333,-0.03653331332144602,0.0013346829822429452,105.22385915984393,113.1449441442848,0.8733606599099955,0.8586102882409875,0.8906885318774764,1.1627749214042429,0.9011834842415339,0.12074971196522372
2023-06-04,118115.75,49.67291666666667,-0.49063384479014716,0.2407215696535622,105.26011586115567,113.1449441442848,0.8733606599099955,0.8586102882409875,0.8906885318774764,1.1627749214042429,0.8980421602844881,0.12074971196522372
2023-06-05,123051.5,90.75708333333334,0.040937891059908124,0.0016759109244329055,101.9594751760131,113.1449441442848,0.8733606599099955,0.8586102882409875,0.8906885318774764,1.1627749214042429,0.8934411391256771,0.12074971196522372
2023-06-06,102796.5,98.13916666666667,-0.1798516611805084,0.032346620029388394,101.91233891111636,113.1449441442848,0.8733606599099955,0.8586102882409875,0.8906885318774764,1.1627749214042429,0.8930497405704093,0.12074971196522372
2023-06-07,76065.5,100.93083333333334,-0.30115649452992277,0.0906952341975514,100.67565337290142,113.1449441442848,0.8733606599099955,0.8586102882409875,0.8906885318774764,1.1627749214042429,0.8874853012891585,0.12074971196522372
2023-06-08,109873.25,84.51791666666666,0.36773261746958014,0.13522727795102854,100.26036582916932,113.1449441442848,0.8733606599099955,0.8586102882409875,0.8906885318774764,1.1627749214042429,0.8854133010350682,0.12074971196522372
2023-06-09,199074.5,86.68374999999999,0.5943516978356159,0.3532539407200793,99.535556879258,113.1449441442848,0.8733606599099955,0.8586102882409875,0.8906885318774764,1.1627749214042429,0.8800993922691221,0.12074971196522372
2023-06-10,267229.25,55.1275,0.2944277777099897,0.0866877162872431,97.30672159698636,113.1449441442848,0.8733606599099955,0.8586102882409875,0.8906885318774764,1.1627749214042429,0.8791227438175188,0.12074971196522372
2023-06-11,254638.25,40.74666666666666,-0.04826299373127367,0.0023293165639049615,97.21887412586476,113.1449441442848,0.8733606599099955,0.8586102882409875,0.8906885318774764,1.1627749214042429,0.8926085568275407,0.12074971196522372
2023-06-12,245202.0,96.39875,-0.03776154986720233,0.0014259346483732082,97.02820179070116,113.1449441442848,0.8733606599099955,0.8586102882409875,0.8906885318774764,1.1627749214042429,0.8888651724650201,0.12074971196522372
2023-06-13,267000.75,90.02708333333334,0.0851691067494255,0.007253776744495037,96.81211465948391,113.1449441442848,0.8733606599099955,0.8586102882409875,0.8906885318774764,1.1627749214042429,0.883584595354947,0.12074971196522372
2023-06-14,208018.0,102.93958333333335,-0.24962685296644863,0.06231356572193296,95.87195253778103,113.1449441442848,0.8733606599099955,0.8586102882409875,0.8906885318774764,1.1627749214042429,0.8791887777715507,0.12074971196522372
2023-06-15,101306.0,120.30833333333334,-0.7194789749081382,0.5176499953348653,96.36812826979353,113.1449441442848,0.8733606599099955,0.8586102882409875,0.8906885318774764,1.1627749214042429,0.8812308123971984,0.12074971196522372
2023-06-16,107835.75,127.52,0.06246359663952274,0.003901700905144996,96.1459757292633,113.1449441442848,0.8733606599099955,0.8586102882409875,0.8906885318774764,1.1627749214042429,0.876998626823812,0.12074971196522372
2023-06-17,48080.5,104.53833333333334,-0.8077325466426823,0.652431866905873,96.72935129002461,113.1449441442848,0.8733606599099955,0.8586102882409875,0.8906885318774764,1.1627749214042429,0.8719999435897409,0.12074971196522372
2023-06-18,36804.0,93.02458333333334,-0.26727015458720726,0.07143333553306967,96.49895934888777,113.1449441442848,0.8733606599099955,0.8586102882409875,0.8906885318774764,1.1627749214042429,0.8963224182241751,0.12074971196522372
2023-06-19,166574.5,116.97291666666666,1.5098361218730731,2.279605114912721,98.56999825434812,113.1449441442848,0.8733606599099955,0.8586102882409875,0.8906885318774764,1.1627749214042429,0.8929862348248755,0.12074971196522372
2023-06-20,99782.75,121.1475,-0.5124473341066904,0.262602270233054,98.02565608080779,113.1449441442848,0.8733606599099955,0.8586102882409875,0.8906885318774764,1.1627749214042429,0.8989186298099896,0.12074971196522372
2023-06-21,148532.0,123.46916666666668,0.39780510055749435,0.1582488980295582,97.53824448969972,113.1449441442848,0.8733606599099955,0.8586102882409875,0.8906885318774764,1.1627749214042429,0.9104113884315945,0.12074971196522372
2023-06-22,185807.25,125.71125,0.22390942282656723,0.05013542963052647,96.79702609181142,113.1449441442848,0.8733606599099955,0.8586102882409875,0.8906885318774764,1.1627749214042429,0.9097313511803341,0.12074971196522372
2023-06-23,325463.75,106.40625,0.5605412422487897,0.3142064842618163,97.09844314415105,113.1449441442848,0.8733606599099955,0.8586102882409875,0.8906885318774764,1.1627749214042429,0.9142772608124854,0.12074971196522372
2023-06-24,58447.25,81.81708333333334,-1.7171264502677226,2.9485232462090294,99.53903956916328,113.1449441442848,0.8733606599099955,0.8586102882409875,0.8906885318774764,1.1627749214042429,0.9098260464875401,0.12074971196522372
2023-06-25,30610.25,75.48333333333333,-0.6467897178620575,0.41833693913208,99.94040499671152,113.1449441442848,0.8733606599099955,0.8586102882409875,0.8906885318774764,1.1627749214042429,0.9088803130527687,0.12074971196522372
2023-06-26,357056.5,97.48958333333333,2.456559112373077,6.0346826725832,105.97499188407639,113.1449441442848,0.8733606599099955,0.8586102882409875,0.8906885318774764,1.1627749214042429,0.9260753007959202,0.12074971196522372
2023-06-27,323313.75,101.94625,-0.09927081857789136,0.00985469542112462,105.33930790101326,113.1449441442848,0.8733606599099955,0.8586102882409875,0.8906885318774764,1.1627749214042429,0.9568352966904297,0.12074971196522372
2023-06-28,131705.0,112.51583333333333,-0.8980586408840402,0.8065093224664894,106.12500804957823,113.1449441442848,0.8733606599099955,0.8586102882409875,0.8906885318774764,1.1627749214042429,0.9510521424822084,0.12074971196522372
2023-06-29,44582.5,118.08083333333333,-1.0832231677561825,1.1733724311637388,106.22611625920631,113.1449441442848,0.8733606599099955,0.8586102882409875,0.8906885318774764,1.1627749214042429,0.9453641271996429,0.12074971196522372
2023-06-30,73695.5,110.02666666666666,0.5026003336419825,0.25260709537703213,106.14215808985792,113.1449441442848,0.8733606599099955,0.8586102882409875,0.8906885318774764,1.1627749214042429,0.9386174309451266,0.12074971196522372
2023-07-01,376689.25,66.41458333333334,1.6314788380067007,2.6617231988636942,108.78605986537097,113.1449441442848,0.8733606599099955,0.8586102882409875,0.8906885318774764,1.1627749214042429,0.9323826529677446,0.12074971196522372
2023-07-02,459865.0,-53.87083333333334,0.199512391155884,0.039805194224738466,108.77952469713489,113.1449441442848,0.8733606599099955,0.8586102882409875,0.8906885318774764,1.1627749214042429,0.9428553387388081,0.12074971196522372
2023-07-03,496709.75,53.22083333333333,0.07707288332661234,0.005940229344277599,108.0702005331557,113.1449441442848,0.8733606599099955,0.8586102882409875,0.8906885318774764,1.1627749214042429,0.9528406312486261,0.12074971196522372
2023-07-04,396805.25,85.12333333333333,-0.22456024530574606,0.050427303771776844,107.80454227581409,113.1449441442848,0.8733606599099955,0.8586102882409875,0.8906885318774764,1.1627749214042429,0.9526608122341708,0.12074971196522372
2023-07-05,603700.5,69.79916666666666,0.41963260785801254,0.17609152557771654,107.62874141807427,113.1449441442848,0.8733606599099955,0.8586102882409875,0.8906885318774764,1.1627749214042429,0.9513746945695352,0.12074971196522372
2023-07-06,176497.25,107.20458333333333,-1.229772918512551,1.5123414311068775,109.06277974640028,113.1449441442848,0.8733606599099955,0.8586102882409875,0.8906885318774764,1.1627749214042429,0.9458453857383772,0.12074971196522372
2023-07-07,67209.75,102.96791666666667,-0.965486969225041,0.9321650877433552,109.88386008659366,113.1449441442848,0.8733606599099955,0.8586102882409875,0.8906885318774764,1.1627749214042429,0.9397754192463825,0.12074971196522372
2023-07-08,153794.25,82.19166666666666,0.8277973438664111,0.6852484425122853,109.82229320168531,113.1449441442848,0.8733606599099955,0.8586102882409875,0.8906885318774764,1.1627749214042429,0.9552332435390796,0.12074971196522372
2023-07-09,122834.5,89.33208333333333,-0.22477774927589875,0.0505250365695388,109.86313256860524,113.1449441442848,0.8733606599099955,0.8586102882409875,0.8906885318774764,1.1627749214042429,0.9483956625652464,0.12074971196522372
2023-07-10,161771.5,113.98625,0.2753469248415275,0.0758159290196858,109.938774347029,113.1449441442848,0.8733606599099955,0.8586102882409875,0.8906885318774764,1.1627749214042429,0.942282440362898,0.12074971196522372
2023-07-11,146557.75,105.95791666666668,-0.0987652969886855,0.009754583889263249,108.415727916427,113.1449441442848,0.8733606599099955,0.8586102882409875,0.8906885318774764,1.1627749214042429,0.936438198100669,0.12074971196522372
2023-07-12,377958.25,87.5075,0.9473641910503767,0.8974989104845347,109.28565771646132,113.1449441442848,0.8733606599099955,0.8586102882409875,0.8906885318774764,1.1627749214042429,0.9305551632493131,0.12074971196522372
2023-07-13,244465.75,97.71,-0.4357085224811527,0.18984191656270916,109.45714807578385,113.1449441442848,0.8733606599099955,0.8586102882409875,0.8906885318774764,1.1627749214042429,0.924116512424903,0.12074971196522372
2023-07-14,91985.25,96.96708333333333,-0.9774469791944812,0.9554025971364166,110.02650109847019,113.1449441442848,0.8733606599099955,0.8586102882409875,0.8906885318774764,1.1627749214042429,0.9216589870082357,0.12074971196522372
2023-07-15,368909.0,33.32375,1.388921763052065,1.9291036638796564,111.95540285189678,113.1449441442848,0.8733606599099955,0.8586102882409875,0.8906885318774764,1.1627749214042429,0.9218017384417893,0.12074971196522372
2023-07-16,365849.0,14.529583333333333,-0.008329321194911492,6.93775915680018e-05,111.53495362303497,113.1449441442848,0.8733606599099955,0.8586102882409875,0.8906885318774764,1.1627749214042429,0.9184082269738448,0.12074971196522372
2023-07-17,328035.0,81.91875,-0.1091003699572403,0.011902890724806702,111.52395605068673,113.1449441442848,0.8733606599099955,0.8586102882409875,0.8906885318774764,1.1627749214042429,0.9419657976556113,0.12074971196522372
2023-07-18,110621.75,106.46458333333334,-1.0870035856429334,1.181576795200594,112.69422834052304,113.1449441442848,0.8733606599099955,0.8586102882409875,0.8906885318774764,1.1627749214042429,0.9362311394652802,0.12074971196522372
2023-07-19,113561.25,97.31708333333334,0.02622561457569757,0.0006877828598730409,112.69330808458244,113.1449441442848,0.8733606599099955,0.8586102882409875,0.8906885318774764,1.1627749214042429,0.9302446284101376,0.12074971196522372
2023-07-20,144777.0,96.50875,0.24285228861507657,0.05897723408558045,112.71763378514002,113.1449441442848,0.8733606599099955,0.8586102882409875,0.8906885318774764,1.1627749214042429,0.9390741372638177,0.12074971196522372
2023-07-21,79852.25,104.39999999999999,-0.5950165754587653,0.3540447250706765,113.01943390031057,113.1449441442848,0.8733606599099955,0.8586102882409875,0.8906885318774764,1.1627749214042429,0.9447369281513107,0.12074971196522372
2023-07-22,200621.25,76.73416666666667,0.9212407500233339,0.8486845195035548,112.08099708525201,113.1449441442848,0.8733606599099955,0.8586102882409875,0.8906885318774764,1.1627749214042429,0.9446990014841967,0.12074971196522372
2023-07-23,412672.5,30.923333333333332,0.7212354980584645,0.5201806436596415,111.7959627380841,113.1449441442848,0.8733606599099955,0.8586102882409875,0.8906885318774764,1.1627749214042429,0.9387115491064077,0.12074971196522372
2023-07-24,348609.75,90.52999999999999,-0.1687011984655423,0.02846009436371029,111.66161771193127,113.1449441442848,0.8733606599099955,0.8586102882409875,0.8906885318774764,1.1627749214042429,0.9493479897211421,0.12074971196522372
2023-07-25,196757.5,104.15458333333333,-0.5719810957018276,0.3271623738402633,111.9497594314874,113.1449441442848,0.8733606599099955,0.8586102882409875,0.8906885318774764,1.1627749214042429,0.9424449587549563,0.12074971196522372
2023-07-26,238572.25,95.24458333333332,0.19270019345143247,0.037133364556219496,111.82044272996892,113.1449441442848,0.8733606599099955,0.8586102882409875,0.8906885318774764,1.1627749214042429,0.93754925065661,0.12074971196522372
2023-07-27,310280.75,93.91125,0.26280533332800393,0.06906664322564325,111.68306896986223,113.1449441442848,0.8733606599099955,0.8586102882409875,0.8906885318774764,1.1627749214042429,0.931977603130143,0.12074971196522372
2023-07-28,235264.5,95.91916666666667,-0.27676711966844747,0.07660003852956872,111.21395907272833,113.1449441442848,0.8733606599099955,0.8586102882409875,0.8906885318774764,1.1627749214042429,0.9291356897973108,0.12074971196522372
2023-07-29,205709.0,76.67541666666666,-0.1342478643827082,0.01802248909131801,110.55617778869821,113.1449441442848,0.8733606599099955,0.8586102882409875,0.8906885318774764,1.1627749214042429,0.9393922099495771,0.12074971196522372
2023-07-30,324619.75,31.754583333333333,0.4561919486052169,0.20811109397222485,110.76419321271352,113.1449441442848,0.8733606599099955,0.8586102882409875,0.8906885318774764,1.1627749214042429,0.9376862881734265,0.12074971196522372
2023-07-31,497154.0,70.96916666666667,0.4262453399097273,0.18168508979475895,110.79006736926034,113.1449441442848,0.8733606599099955,0.8586102882409875,0.8906885318774764,1.1627749214042429,0.9338917462724249,0.12074971196522372
2023-08-01,475508.5,79.42791666666666,-0.04451507950936809,0.0019815923037253625,110.50509099122254,113.1449441442848,0.8733606599099955,0.8586102882409875,0.8906885318774764,1.1627749214042429,0.9280085043007598,0.12074971196522372
2023-08-02,447864.0,68.28791666666667,-0.05989514284647659,0.0035874281365998358,110.50628588982462,113.1449441442848,0.8733606599099955,0.8586102882409875,0.8906885318774764,1.1627749214042429,0.9217694462515968,0.12074971196522372
2023-08-03,643161.25,45.41458333333333,0.36190585550386833,0.13097584824798683,110.57404071758991,113.1449441442848,0.8733606599099955,0.8586102882409875,0.8906885318774764,1.1627749214042429,0.917324714897517,0.12074971196522372
2023-08-04,146022.25,98.59458333333333,-1.4826364630458209,2.1982108815530217,112.75369657573147,113.1449441442848,0.8733606599099955,0.8586102882409875,0.8906885318774764,1.1627749214042429,0.9114815875100766,0.12074971196522372
2023-08-05,78091.5,90.30708333333332,-0.6258777912617716,0.3917230095947137,112.9612751041091,113.1449441442848,0.8733606599099955,0.8586102882409875,0.8906885318774764,1.1627749214042429,0.9072484939681744,0.12074971196522372
2023-08-06,238738.5,57.90958333333333,1.1174875945659235,1.248778524008734,113.71914950144324,113.1449441442848,0.8733606599099955,0.8586102882409875,0.8906885318774764,1.1627749214042429,0.9078822902800847,0.12074971196522372
2023-08-07,651701.75,19.435416666666665,1.00421820795789,1.0084542091941562,114.72609345273041,113.1449441442848,0.8733606599099955,0.8586102882409875,0.8906885318774764,1.1627749214042429,0.9020001433330453,0.12074971196522372
2023-08-08,565531.75,12.057083333333333,-0.1418205796348452,0.02011307680796347,112.80744102544487,113.1449441442848,0.8733606599099955,0.8586102882409875,0.8906885318774764,1.1627749214042429,0.9486920863836757,0.12074971196522372
2023-08-09,253705.25,88.34875,-0.8015932788606451,0.64255178471456,113.41691727547898,113.1449441442848,0.8733606599099955,0.8586102882409875,0.8906885318774764,1.1627749214042429,0.9509591520851505,0.12074971196522372
2023-08-10,62412.75,102.1725,-1.4024035786973228,1.966735797543058,115.37917444099801,113.1449441442848,0.8733606599099955,0.8586102882409875,0.8906885318774764,1.1627749214042429,0.9490909075428495,0.12074971196522372
2023-08-11,53146.0,100.44416666666666,-0.16072673817246488,0.02583308436356008,114.25400742321371,113.1449441442848,0.8733606599099955,0.8586102882409875,0.8906885318774764,1.1627749214042429,0.9454523663662472,0.12074971196522372
2023-08-12,151831.5,80.135,1.0497285100616638,1.1019299448362805,115.31318399190046,113.1449441442848,0.8733606599099955,0.8586102882409875,0.8906885318774764,1.1627749214042429,0.9389011900121575,0.12074971196522372
2023-08-13,97598.25,65.20875,-0.44191179038532735,0.1952860304815655,115.48601777923413,113.1449441442848,0.8733606599099955,0.8586102882409875,0.8906885318774764,1.1627749214042429,0.9356271994871459,0.12074971196522372
2023-08-14,56009.75,103.37166666666667,-0.5553337802073108,0.3083956074393418,115.66462358299025,113.1449441442848,0.8733606599099955,0.8586102882409875,0.8906885318774764,1.1627749214042429,0.9338456038601268,0.12074971196522372
2023-08-15,112338.0,93.55666666666667,0.6959864011249538,0.4843970705508651,116.09429872747117,113.1449441442848,0.8733606599099955,0.8586102882409875,0.8906885318774764,1.1627749214042429,0.9378599436159464,0.12074971196522372
2023-08-16,65992.75,110.80708333333332,-0.5319672963402803,0.28298920437558756,115.21045771787588,113.1449441442848,0.8733606599099955,0.8586102882409875,0.8906885318774764,1.1627749214042429,0.9327337963078254,0.12074971196522372
2023-08-17,143264.5,111.3625,0.7751476846049826,0.6008539329484656,115.43529294742305,113.1449441442848,0.8733606599099955,0.8586102882409875,0.8906885318774764,1.1627749214042429,0.9266903214547724,0.12074971196522372
2023-08-18,85410.5,108.99000000000001,-0.5172235280564093,0.2675201779751192,114.5548489435599,113.1449441442848,0.8733606599099955,0.8586102882409875,0.8906885318774764,1.1627749214042429,0.9224843481392483,0.12074971196522372
2023-08-19,135104.5,84.79208333333334,0.4585795090153199,0.21029516608873186,114.57697914371738,113.1449441442848,0.8733606599099955,0.8586102882409875,0.8906885318774764,1.1627749214042429,0.9189896578367076,0.12074971196522372
2023-08-20,50140.0,90.12208333333332,-0.9912294603415365,0.9825358430489737,115.55278431720467,113.1449441442848,0.8733606599099955,0.8586102882409875,0.8906885318774764,1.1627749214042429,0.9137693252387751,0.12074971196522372
2023-08-21,35665.5,121.10708333333332,-0.3406352577517176,0.11603237882357909,115.04716255008022,113.1449441442848,0.8733606599099955,0.8586102882409875,0.8906885318774764,1.1627749214042429,0.9129593199648542,0.12074971196522372
2023-08-22,51798.75,123.15208333333334,0.37318218272171244,0.13926494150094157,114.6749141086174,113.1449441442848,0.8733606599099955,0.8586102882409875,0.8906885318774764,1.1627749214042429,0.9083983122078183,0.12074971196522372
2023-08-23,38897.25,146.5525,-0.28644246366209,0.08204928498880773,114.75324590561533,113.1449441442848,0.8733606599099955,0.8586102882409875,0.8906885318774764,1.1627749214042429,0.9036153245067434,0.12074971196522372
2023-08-24,65259.25,146.94583333333333,0.517444244569511,0.2677485462381119,115.01969310372232,113.1449441442848,0.8733606599099955,0.8586102882409875,0.8906885318774764,1.1627749214042429,0.8980577205134923,0.12074971196522372
2023-08-25,171932.75,116.26083333333334,0.9687356133779137,0.9384486886266826,115.31137858624051,113.1449441442848,0.8733606599099955,0.8586102882409875,0.8906885318774764,1.1627749214042429,0.9005390527131919,0.12074971196522372
2023-08-26,188368.5,96.51541666666667,0.09129673872550437,0.008335094501913009,115.31696159321267,113.1449441442848,0.8733606599099955,0.8586102882409875,0.8906885318774764,1.1627749214042429,0.8948236551711347,0.12074971196522372
2023-08-27,112300.75,101.89916666666666,-0.5172196104492591,0.26751612543328335,113.51592573575805,113.1449441442848,0.8733606599099955,0.8586102882409875,0.8906885318774764,1.1627749214042429,0.8898081258722659,0.12074971196522372
2023-08-28,125565.25,118.67208333333333,0.11164500351710206,0.012464606810333732,113.1732629592191,113.1449441442848,0.8733606599099955,0.8586102882409875,0.8906885318774764,1.1627749214042429,0.8843840328201709,0.12074971196522372
2023-08-29,51318.75,122.90375,-0.8947693613038624,0.8006122099281219,113.97368609615809,113.1449441442848,0.8733606599099955,0.8586102882409875,0.8906885318774764,1.1627749214042429,0.8790510552812255,0.12074971196522372
2023-08-30,108791.5,114.92750000000001,0.7513770238949636,0.5645674320372528,114.29993974969403,113.1449441442848,0.8733606599099955,0.8586102882409875,0.8906885318774764,1.1627749214042429,0.8888338660401557,0.12074971196522372
2023-08-31,289076.75,104.29666666666667,0.9772590174190443,0.955035187126836,115.23287579715306,113.1449441442848,0.8733606599099955,0.8586102882409875,0.8906885318774764,1.1627749214042429,0.8847286172287381,0.12074971196522372
2023-09-01,142789.75,108.57166666666667,-0.7053189551711854,0.4974748285237726,115.57842858855358,113.1449441442848,0.8733606599099955,0.8586102882409875,0.8906885318774764,1.1627749214042429,0.879706946235764,0.12074971196522372
2023-09-02,31865.75,95.13333333333333,-1.4998415033326555,2.24952453511916,117.7397177993103,113.1449441442848,0.8733606599099955,0.8586102882409875,0.8906885318774764,1.1627749214042429,0.8758522080951923,0.12074971196522372
2023-09-03,75390.5,82.6475,0.8611495070958228,0.7415784735713786,118.41189530151266,113.1449441442848,0.8733606599099955,0.8586102882409875,0.8906885318774764,1.1627749214042429,0.8717310597369592,0.12074971196522372
2023-09-04,112575.5,108.44541666666667,0.40094283528027563,0.16075515716258623,118.07630759498392,113.1449441442848,0.8733606599099955,0.8586102882409875,0.8906885318774764,1.1627749214042429,0.868689735903706,0.12074971196522372
2023-09-05,175171.5,103.54208333333334,0.4421413863757869,0.1954890055463029,118.26882624467228,113.1449441442848,0.8733606599099955,0.8586102882409875,0.8906885318774764,1.1627749214042429,0.8721619756481329,0.12074971196522372
2023-09-06,113394.75,105.61791666666666,-0.4348904001113655,0.18912966010902355,118.41102365927028,113.1449441442848,0.8733606599099955,0.8586102882409875,0.8906885318774764,1.1627749214042429,0.8749342914293532,0.12074971196522372
2023-09-07,239123.0,100.98583333333333,0.7461029699733406,0.5566696418030396,118.96458431362367,113.1449441442848,0.8733606599099955,0.8586102882409875,0.8906885318774764,1.1627749214042429,0.8711982593924371,0.12074971196522372
2023-09-08,142087.0,108.22708333333333,-0.5205385178507405,0.2709603485662456,119.22250003891949,113.1449441442848,0.8733606599099955,0.8586102882409875,0.8906885318774764,1.1627749214042429,0.8664892889680811,0.12074971196522372
2023-09-09,43392.25,91.51291666666667,-1.1861586923162373,1.406972443357366,120.62882061873134,113.1449441442848,0.8733606599099955,0.8586102882409875,0.8906885318774764,1.1627749214042429,0.861742666698415,0.12074971196522372
2023-09-10,14018.75,85.29791666666667,-1.1298851344456304,1.2766404170412204,121.86864547245999,113.1449441442848,0.8733606599099955,0.8586102882409875,0.8906885318774764,1.1627749214042429,0.8645396585021029,0.12074971196522372
2023-09-11,38947.0,152.865,1.0218060282411932,1.044087559350042,122.9120572948269,113.1449441442848,0.8733606599099955,0.8586102882409875,0.8906885318774764,1.1627749214042429,0.8748793141446379,0.12074971196522372
2023-09-12,52482.5,131.45416666666668,0.2982780331687659,0.0889697850710274,122.67893438013203,113.1449441442848,0.8733606599099955,0.8586102882409875,0.8906885318774764,1.1627749214042429,0.872349767835121,0.12074971196522372
2023-09-13,192701.75,109.93666666666667,1.3006638761565374,1.6917265187385486,123.22289370107691,113.1449441442848,0.8733606599099955,0.8586102882409875,0.8906885318774764,1.1627749214042429,0.8690644602473915,0.12074971196522372
2023-09-14,42148.25,120.46541666666667,-1.5199504916536395,2.31024949707814,125.36377950447111,113.1449441442848,0.8733606599099955,0.8586102882409875,0.8906885318774764,1.1627749214042429,0.866715921338991,0.12074971196522372
2023-09-15,134715.5,108.18583333333333,1.161971982124072,1.3501788872413445,126.66991475494459,113.1449441442848,0.8733606599099955,0.8586102882409875,0.8906885318774764,1.1627749214042429,0.8750753429202056,0.12074971196522372
2023-09-16,112484.25,95.20041666666667,-0.18035193547975023,0.03252682063129199,126.68046550464359,113.1449441442848,0.8733606599099955,0.8586102882409875,0.8906885318774764,1.1627749214042429,0.870404679948154,0.12074971196522372
2023-09-17,113272.0,87.61541666666666,0.0069787941391097385,4.8703567636072435e-05,126.67653306656166,113.1449441442848,0.8733606599099955,0.8586102882409875,0.8906885318774764,1.1627749214042429,0.8693855177685876,0.12074971196522372
2023-09-18,436834.0,95.30250000000001,1.34976125424658,1.8218554434653007,128.49452989365778,113.1449441442848,0.8733606599099955,0.8586102882409875,0.8906885318774764,1.1627749214042429,0.8644082729036638,0.12074971196522372
2023-09-19,594858.5,37.5225,0.3087703019078285,0.09533909934025156,128.57147117406308,113.1449441442848,0.8733606599099955,0.8586102882409875,0.8906885318774764,1.1627749214042429,0.8683468470410874,0.12074971196522372
2023-09-20,454148.75,49.45791666666667,-0.2698987745872267,0.07284534852368663,128.54953817103006,113.1449441442848,0.8733606599099955,0.8586102882409875,0.8906885318774764,1.1627749214042429,0.8907133146360645,0.12074971196522372
2023-09-21,346989.5,103.0575,-0.26913026742681034,0.07243110084522646,128.5215631077556,113.1449441442848,0.8733606599099955,0.8586102882409875,0.8906885318774764,1.1627749214042429,0.8901324176639209,0.12074971196522372
2023-09-22,283370.0,103.97833333333334,-0.2025410559150628,0.041022879331188596,128.56218987716173,113.1449441442848,0.8733606599099955,0.8586102882409875,0.8906885318774764,1.1627749214042429,0.8857356255787505,0.12074971196522372
2023-09-23,285830.25,99.51958333333333,0.00864463893381341,7.472978229600264e-05,128.55257377248796,113.1449441442848,0.8733606599099955,0.8586102882409875,0.8906885318774764,1.1627749214042429,0.8814836181800098,0.12074971196522372
2023-09-24,120025.0,68.815,-0.8676980487247876,0.752899903760804,129.30308286972033,113.1449441442848,0.8733606599099955,0.8586102882409875,0.8906885318774764,1.1627749214042429,0.8763113100475595,0.12074971196522372
2023-09-25,228657.5,105.80375,0.6445251963736908,0.41541272876054464,129.57262809269676,113.1449441442848,0.8733606599099955,0.8586102882409875,0.8906885318774764,1.1627749214042429,0.8718835219310683,0.12074971196522372
2023-09-26,36450.5,128.76500000000001,-1.8362700750089858,3.371887788373506,132.8327864695262,113.1449441442848,0.8733606599099955,0.8586102882409875,0.8906885318774764,1.1627749214042429,0.869943732109046,0.12074971196522372
2023-09-27,78169.75,124.48125,0.7629275682875548,0.5820584744531616,133.1346322845394,113.1449441442848,0.8733606599099955,0.8586102882409875,0.8906885318774764,1.1627749214042429,0.8731969481289568,0.12074971196522372
2023-09-28,169004.75,112.51958333333333,0.7710440769677047,0.5945089686269798,133.49813994208625,113.1449441442848,0.8733606599099955,0.8586102882409875,0.8906885318774764,1.1627749214042429,0.868101910291598,0.12074971196522372
2023-09-29,304698.25,105.27416666666666,0.5893951215840827,0.3473866093471156,131.43130242702313,113.1449441442848,0.8733606599099955,0.8586102882409875,0.8906885318774764,1.1627749214042429,0.8670591471956529,0.12074971196522372
2023-09-30,199850.75,91.50291666666668,-0.4217511046561498,0.1778739942786826,130.04992261574398,113.1449441442848,0.8733606599099955,0.8586102882409875,0.8906885318774764,1.1627749214042429,0.8624067152318254,0.12074971196522372
2023-10-01,141078.5,74.04416666666667,-0.3482543649189547,0.12128110268510445,130.07742796858537,113.1449441442848,0.8733606599099955,0.8586102882409875,0.8906885318774764,1.1627749214042429,0.8588296603214249,0.12074971196522372
2023-10-02,136696.25,118.15041666666667,-0.03155516202589358,0.000995728250480396,129.6651831403721,113.1449441442848,0.8733606599099955,0.8586102882409875,0.8906885318774764,1.1627749214042429,0.8554835642742615,0.12074971196522372
2023-10-03,657241.0,22.955,1.5702894590766305,2.4658089852871767,132.00273300714517,113.1449441442848,0.8733606599099955,0.8586102882409875,0.8906885318774764,1.1627749214042429,0.8507795640434023,0.12074971196522372
2023-10-04,511100.0,69.49208333333333,-0.2514855043224498,0.06324495888431693,131.56169992206918,113.1449441442848,0.8733606599099955,0.8586102882409875,0.8906885318774764,1.1627749214042429,0.8554005809483352,0.12074971196522372
2023-10-05,390692.75,101.60916666666667,-0.2686438203225459,0.07216950219749234,131.52110356745135,113.1449441442848,0.8733606599099955,0.8586102882409875,0.8906885318774764,1.1627749214042429,0.857245158128718,0.12074971196522372
2023-10-06,504566.5,71.60125000000001,0.255778199332224,0.06542248725363492,130.34334340418616,113.1449441442848,0.8733606599099955,0.8586102882409875,0.8906885318774764,1.1627749214042429,0.85256259545052,0.12074971196522372
2023-10-07,603178.5,44.95416666666667,0.17851352803852463,0.03186707969276112,129.83620401429044,113.1449441442848,0.8733606599099955,0.8586102882409875,0.8906885318774764,1.1627749214042429,0.8680880049917046,0.12074971196522372
2023-10-08,136717.75,90.6425,-1.4842945911429124,2.2031304332961055,129.48113479901644,113.1449441442848,0.8733606599099955,0.8586102882409875,0.8906885318774764,1.1627749214042429,0.8663202240952758,0.12074971196522372
2023-10-09,235904.75,116.01083333333332,0.5455095401820849,0.29758065842966963,129.37759465999252,113.1449441442848,0.8733606599099955,0.8586102882409875,0.8906885318774764,1.1627749214042429,0.8750552602806465,0.12074971196522372
2023-10-10,199081.0,112.38541666666667,-0.16971634477758268,0.028803637684663316,129.4063874554718,113.1449441442848,0.8733606599099955,0.8586102882409875,0.8906885318774764,1.1627749214042429,0.8701892600605886,0.12074971196522372
2023-10-11,637656.75,59.794999999999995,1.1640883520773844,1.3551016914422405,130.7345087142035,113.1449441442848,0.8733606599099955,0.8586102882409875,0.8906885318774764,1.1627749214042429,0.8656338357978762,0.12074971196522372
2023-10-12,301700.5,122.70916666666666,-0.7483653257223296,0.5600506607434885,131.0864738778344,113.1449441442848,0.8733606599099955,0.8586102882409875,0.8906885318774764,1.1627749214042429,0.8760190062686793,0.12074971196522372
2023-10-13,626998.75,68.40625,0.7315097435714375,0.5351065049399503,131.4176502312423,113.1449441442848,0.8733606599099955,0.8586102882409875,0.8906885318774764,1.1627749214042429,0.8755511646955488,0.12074971196522372
2023-10-14,654955.5,26.528333333333336,0.04362274738548162,0.0019029440894575437,128.5481660757054,113.1449441442848,0.8733606599099955,0.8586102882409875,0.8906885318774764,1.1627749214042429,0.8820862565149069,0.12074971196522372
2023-10-15,509724.0,39.61708333333333,-0.25069789163705664,0.06284943287126539,128.6052908519019,113.1449441442848,0.8733606599099955,0.8586102882409875,0.8906885318774764,1.1627749214042429,0.882862002791229,0.12074971196522372
2023-10-16,174938.5,133.69875,-1.0694349191723498,1.1436910463451704,129.48711927370667,113.1449441442848,0.8733606599099955,0.8586102882409875,0.8906885318774764,1.1627749214042429,0.8783831892311762,0.12074971196522372
2023-10-17,118103.25,130.12416666666667,-0.39287524171026833,0.15435095554890177,129.6359372146017,113.1449441442848,0.8733606599099955,0.8586102882409875,0.8906885318774764,1.1627749214042429,0.8788294757747567,0.12074971196522372
2023-10-18,360781.5,98.44458333333334,1.1167132700529705,1.2470485275123986,130.2910216320098,113.1449441442848,0.8733606599099955,0.8586102882409875,0.8906885318774764,1.1627749214042429,0.8873154253464275,0.12074971196522372
2023-10-19,458641.0,93.40875,0.23999525702777755,0.057597723395829005,130.14830371514347,113.1449441442848,0.8733606599099955,0.8586102882409875,0.8906885318774764,1.1627749214042429,0.8827678820473565,0.12074971196522372
2023-10-20,689208.0,87.23666666666666,0.40727534329038895,0.16587320525230417,130.27000123578864,113.1449441442848,0.8733606599099955,0.8586102882409875,0.8906885318774764,1.1627749214042429,0.9007019796105344,0.12074971196522372
2023-10-21,424338.5,54.319583333333334,-0.48501162646999835,0.2352362778110732,130.44700644249627,113.1449441442848,0.8733606599099955,0.8586102882409875,0.8906885318774764,1.1627749214042429,0.9151213560544743,0.12074971196522372
2023-10-22,406348.25,63.947916666666664,-0.043320935219737594,0.001876703428312701,127.53807827140304,113.1449441442848,0.8733606599099955,0.8586102882409875,0.8906885318774764,1.1627749214042429,0.9113362494817416,0.12074971196522372
2023-10-23,156783.75,125.02416666666666,-0.9523430832159997,0.9069573481493566,128.4069997766563,113.1449441442848,0.8733606599099955,0.8586102882409875,0.8906885318774764,1.1627749214042429,0.9059294356433591,0.12074971196522372
2023-10-24,251863.75,117.98583333333333,0.47402079934930214,0.22469571821575135,128.5533315707726,113.1449441442848,0.8733606599099955,0.8586102882409875,0.8906885318774764,1.1627749214042429,0.911636920912728,0.12074971196522372
2023-10-25,264139.75,124.30583333333334,0.04759005245639909,0.002264813092802817,128.14362501739964,113.1449441442848,0.8733606599099955,0.8586102882409875,0.8906885318774764,1.1627749214042429,0.9099215719017841,0.12074971196522372
2023-10-26,201824.75,121.34541666666667,-0.269078572564007,0.0724032782130836,126.84055639066109,113.1449441442848,0.8733606599099955,0.8586102882409875,0.8906885318774764,1.1627749214042429,0.9039288768994598,0.12074971196522372
2023-10-27,181567.75,118.35000000000001,-0.10577088429258995,0.011187479964036452,126.04858573058411,113.1449441442848,0.8733606599099955,0.8586102882409875,0.8906885318774764,1.1627749214042429,0.8982745060601893,0.12074971196522372
2023-10-28,311057.75,83.36583333333333,0.538349723968232,0.28982042529667157,126.27478388968802,113.1449441442848,0.8733606599099955,0.8586102882409875,0.8906885318774764,1.1627749214042429,0.8928001384408653,0.12074971196522372
2023-10-29,672662.75,23.989583333333332,0.7712655033727996,0.594850476692898,126.5090991712292,113.1449441442848,0.8733606599099955,0.8586102882409875,0.8906885318774764,1.1627749214042429,0.8873812820138486,0.12074971196522372
2023-10-30,409790.0,92.88625,-0.49559925627218976,0.24561862281754762,126.18655739529841,113.1449441442848,0.8733606599099955,0.8586102882409875,0.8906885318774764,1.1627749214042429,0.888387080638177,0.12074971196522372
2023-10-31,480516.0,104.95,0.15921569314352882,0.02534963694317433,125.57489366667944,113.1449441442848,0.8733606599099955,0.8586102882409875,0.8906885318774764,1.1627749214042429,0.8836976490724939,0.12074971196522372
2023-11-01,424836.25,62.88833333333333,-0.12315672594128206,0.015167579144576058,124.2466628289969,113.1449441442848,0.8733606599099955,0.8586102882409875,0.8906885318774764,1.1627749214042429,0.8862262287051368,0.12074971196522372
2023-11-02,770723.25,59.774166666666666,0.595625559147305,0.35476980670953967,124.5933907157057,113.1449441442848,0.8733606599099955,0.8586102882409875,0.8906885318774764,1.1627749214042429,0.8834781883644033,0.12074971196522372
2023-11-03,550118.5,56.572916666666664,-0.33719565014425107,0.11370090647620416,122.78160084924905,113.1449441442848,0.8733606599099955,0.8586102882409875,0.8906885318774764,1.1627749214042429,0.8862353546499565,0.12074971196522372
2023-11-04,660718.75,24.815833333333334,0.18319454806016838,0.033560242438969344,122.794890415899,113.1449441442848,0.8733606599099955,0.8586102882409875,0.8906885318774764,1.1627749214042429,0.8844863828661331,0.12074971196522372
2023-11-05,645281.5,29.91125,-0.023641601930507305,0.0005589253418405668,122.47669278038198,113.1449441442848,0.8733606599099955,0.8586102882409875,0.8906885318774764,1.1627749214042429,0.879398278125332,0.12074971196522372
2023-11-06,793705.25,72.04166666666667,0.207025514970214,0.042859563848682294,122.20826982512759,113.1449441442848,0.8733606599099955,0.8586102882409875,0.8906885318774764,1.1627749214042429,0.878516437470535,0.12074971196522372
2023-11-07,597536.5,99.74583333333334,-0.2838968008588622,0.08059739353789647,122.25339919612233,113.1449441442848,0.8733606599099955,0.8586102882409875,0.8906885318774764,1.1627749214042429,0.8788701318089832,0.12074971196522372
2023-11-08,672153.25,89.72375,0.11767099531281656,0.013846463137908898,122.25940932255773,113.1449441442848,0.8733606599099955,0.8586102882409875,0.8906885318774764,1.1627749214042429,0.8747718698718221,0.12074971196522372
2023-11-09,603448.75,97.21791666666667,-0.10782524947969493,0.011626284425358452,122.24858460572217,113.1449441442848,0.8733606599099955,0.8586102882409875,0.8906885318774764,1.1627749214042429,0.8712573945539295,0.12074971196522372
2023-11-10,461580.25,94.04875,-0.2680051873224357,0.07182678043173386,122.31961035350518,113.1449441442848,0.8733606599099955,0.8586102882409875,0.8906885318774764,1.1627749214042429,0.8676482705691592,0.12074971196522372
2023-11-11,312756.25,96.79333333333334,-0.38923179515654005,0.15150139036078275,121.3867354113909,113.1449441442848,0.8733606599099955,0.8586102882409875,0.8906885318774764,1.1627749214042429,0.8635189677906148,0.12074971196522372
2023-11-12,143880.25,97.99208333333333,-0.776442776775142,0.6028633856062929,121.77221879865678,113.1449441442848,0.8733606599099955,0.8586102882409875,0.8906885318774764,1.1627749214042429,0.8788273435132834,0.12074971196522372
2023-11-13,498870.25,94.89416666666666,1.2433646855153762,1.5459557411867502,123.261683021982,113.1449441442848,0.8733606599099955,0.8586102882409875,0.8906885318774764,1.1627749214042429,0.8802776401008438,0.12074971196522372
2023-11-14,832520.0,65.50791666666667,0.5121112036896839,0.26225788494449687,122.25502735545196,113.1449441442848,0.8733606599099955,0.8586102882409875,0.8906885318774764,1.1627749214042429,0.8761861228206469,0.12074971196522372
2023-11-15,479897.5,102.40791666666667,-0.5508847061580489,0.3034739594788398,121.24524439435864,113.1449441442848,0.8733606599099955,0.8586102882409875,0.8906885318774764,1.1627749214042429,0.875117105280172,0.12074971196522372
2023-11-16,379598.0,117.63416666666666,-0.23445974141400763,0.054971370343923326,121.21724307230988,113.1449441442848,0.8733606599099955,0.8586102882409875,0.8906885318774764,1.1627749214042429,0.8861547709949096,0.12074971196522372
2023-11-17,228306.75,121.34083333333332,-0.508422678559268,0.2584936200733808,121.05425111681468,113.1449441442848,0.8733606599099955,0.8586102882409875,0.8906885318774764,1.1627749214042429,0.8824240419814479,0.12074971196522372
2023-11-18,288222.0,91.39666666666666,0.2330408970711233,0.054308059707713886,121.03149949671622,113.1449441442848,0.8733606599099955,0.8586102882409875,0.8906885318774764,1.1627749214042429,0.885490338211266,0.12074971196522372
2023-11-19,699475.75,38.19583333333333,0.8866001093550222,0.7860597539083374,121.8168048145297,113.1449441442848,0.8733606599099955,0.8586102882409875,0.8906885318774764,1.1627749214042429,0.8802837040211556,0.12074971196522372
2023-11-20,417596.5,106.08458333333334,-0.515815470577619,0.26606559968721055,121.51412466983105,113.1449441442848,0.8733606599099955,0.8586102882409875,0.8906885318774764,1.1627749214042429,0.8765000664626835,0.12074971196522372
2023-11-21,173519.0,123.29833333333333,-0.8782285518296752,0.7712853892488485,122.27566260576258,113.1449441442848,0.8733606599099955,0.8586102882409875,0.8906885318774764,1.1627749214042429,0.8966685881385629,0.12074971196522372
2023-11-22,268347.0,109.68791666666665,0.435993815652921,0.19009060728759325,121.64875811922171,113.1449441442848,0.8733606599099955,0.8586102882409875,0.8906885318774764,1.1627749214042429,0.8914200914500999,0.12074971196522372
2023-11-23,932900.0,61.64291666666667,1.2460170948364169,1.5525586006245842,123.10245612586532,113.1449441442848,0.8733606599099955,0.8586102882409875,0.8906885318774764,1.1627749214042429,0.8892703047694684,0.12074971196522372
2023-11-24,854937.75,63.87125,-0.08726935469825856,0.007615940269450463,123.10548978916111,113.1449441442848,0.8733606599099955,0.8586102882409875,0.8906885318774764,1.1627749214042429,0.9076628440531544,0.12074971196522372
2023-11-25,457461.75,94.59666666666668,-0.6253353846056809,0.3910443432399349,122.92015175485011,113.1449441442848,0.8733606599099955,0.8586102882409875,0.8906885318774764,1.1627749214042429,0.9024698688043874,0.12074971196522372
2023-11-26,185754.5,116.35083333333334,-0.9012673652481915,0.812282863661417,123.54339423359689,113.1449441442848,0.8733606599099955,0.8586102882409875,0.8906885318774764,1.1627749214042429,0.9015697849343306,0.12074971196522372
2023-11-27,328121.5,114.51041666666667,0.5689580572075478,0.3237132708613872,123.54820635762255,113.1449441442848,0.8733606599099955,0.8586102882409875,0.8906885318774764,1.1627749214042429,0.911692159434428,0.12074971196522372
2023-11-28,304955.0,121.94125000000001,-0.07321974188376879,0.005361130601525725,123.54692790058094,113.1449441442848,0.8733606599099955,0.8586102882409875,0.8906885318774764,1.1627749214042429,0.912028333187165,0.12074971196522372
2023-11-29,405476.75,140.02291666666667,0.28489931055164225,0.08116761715280109,122.5543663591189,113.1449441442848,0.8733606599099955,0.8586102882409875,0.8906885318774764,1.1627749214042429,0.9106100743423912,0.12074971196522372
2023-11-30,38871.75,168.75791666666666,-2.3447957695717636,5.498067201001639,128.03722196119145,113.1449441442848,0.8733606599099955,0.8586102882409875,0.8906885318774764,1.1627749214042429,0.9046333507908564,0.12074971196522372
2023-12-01,49484.25,156.39625,0.24138667140744574,0.05826752513316618,128.0862268983255,113.1449441442848,0.8733606599099955,0.8586102882409875,0.8906885318774764,1.1627749214042429,0.9402805051907696,0.12074971196522372
2023-12-02,69324.5,116.40499999999999,0.3371439419446071,0.11366603758994862,128.19947708001288,113.1449441442848,0.8733606599099955,0.8586102882409875,0.8906885318774764,1.1627749214042429,0.9356302547414889,0.12074971196522372
2023-12-03,157720.5,104.71833333333332,0.8220261001089,0.6757269092602473,128.4327501492844,113.1449441442848,0.8733606599099955,0.8586102882409875,0.8906885318774764,1.1627749214042429,0.9395964942007632,0.12074971196522372
2023-12-04,370586.0,111.75791666666667,0.8542610573797902,0.7297619541556372,129.05677168934534,113.1449441442848,0.8733606599099955,0.8586102882409875,0.8906885318774764,1.1627749214042429,0.9329228522879831,0.12074971196522372
2023-12-05,395319.0,114.3925,0.06460749734932213,0.004174128713742666,128.7305072992057,113.1449441442848,0.8733606599099955,0.8586102882409875,0.8906885318774764,1.1627749214042429,0.926572994465532,0.12074971196522372
2023-12-06,155898.25,129.54041666666666,-0.9304894830521021,0.8658106780705682,129.56833514482608,113.1449441442848,0.8733606599099955,0.8586102882409875,0.8906885318774764,1.1627749214042429,0.9205283155656436,0.12074971196522372
2023-12-07,122176.25,116.60208333333333,-0.24373887652682444,0.05940863993055857,128.6730788008795,113.1449441442848,0.8733606599099955,0.8586102882409875,0.8906885318774764,1.1627749214042429,0.9239573109176344,0.12074971196522372
2023-12-08,288497.0,103.67958333333333,0.8592200129509893,0.7382590306554981,129.2584772160682,113.1449441442848,0.8733606599099955,0.8586102882409875,0.8906885318774764,1.1627749214042429,0.9306144725928956,0.12074971196522372
2023-12-09,514008.5,78.41458333333334,0.5775551150028415,0.3335699108659455,129.49920572370831,113.1449441442848,0.8733606599099955,0.8586102882409875,0.8906885318774764,1.1627749214042429,0.9287681180892308,0.12074971196522372
2023-12-10,754705.0,55.8725,0.3840871421345309,0.14752293275307132,129.57799786289755,113.1449441442848,0.8733606599099955,0.8586102882409875,0.8906885318774764,1.1627749214042429,0.9225028359485001,0.12074971196522372
2023-12-11,645858.75,79.05291666666666,-0.1557461177942217,0.024256853207971583,129.36600475751337,113.1449441442848,0.8733606599099955,0.8586102882409875,0.8906885318774764,1.1627749214042429,0.9170433957284525,0.12074971196522372
2023-12-12,207957.0,106.06208333333335,-1.1332494990633846,1.2842544271274121,129.31846124663596,113.1449441442848,0.8733606599099955,0.8586102882409875,0.8906885318774764,1.1627749214042429,0.9207979777939886,0.12074971196522372
2023-12-13,282653.25,93.04083333333334,0.30688955381433486,0.09418119824036153,128.58608913013882,113.1449441442848,0.8733606599099955,0.8586102882409875,0.8906885318774764,1.1627749214042429,0.9147598443572591,0.12074971196522372
2023-12-14,112445.75,107.12374999999999,-0.9217499982589461,0.8496230592903672,127.14338846644169,113.1449441442848,0.8733606599099955,0.8586102882409875,0.8906885318774764,1.1627749214042429,0.916146681950108,0.12074971196522372
2023-12-15,259008.5,93.23541666666667,0.8343899965781151,0.6962066663896269,127.76351910072665,113.1449441442848,0.8733606599099955,0.8586102882409875,0.8906885318774764,1.1627749214042429,0.9323865908146707,0.12074971196522372
2023-12-16,551206.0,70.69500000000001,0.7552477252874379,0.5703991265518492,127.51283898007394,113.1449441442848,0.8733606599099955,0.8586102882409875,0.8906885318774764,1.1627749214042429,0.927556966164977,0.12074971196522372
2023-12-17,607935.25,50.717083333333335,0.09795977460318546,0.009596117440306898,127.43264162616804,113.1449441442848,0.8733606599099955,0.8586102882409875,0.8906885318774764,1.1627749214042429,0.9253370339023157,0.12074971196522372
2023-12-18,628288.0,77.97416666666668,0.032930280485592864,0.0010844033728598182,123.98990572029841,113.1449441442848,0.8733606599099955,0.8586102882409875,0.8906885318774764,1.1627749214042429,0.923382468113555,0.12074971196522372
2023-12-19,626656.25,76.28958333333334,-0.0026005153927491777,6.76268030792541e-06,123.92313397325348,113.1449441442848,0.8733606599099955,0.8586102882409875,0.8906885318774764,1.1627749214042429,0.9185623094002303,0.12074971196522372
2023-12-20,815759.75,62.005,0.2637217429159311,0.06954915768661644,123.95968338889362,113.1449441442848,0.8733606599099955,0.8586102882409875,0.8906885318774764,1.1627749214042429,0.9125454566930111,0.12074971196522372
2023-12-21,1044918.25,25.280416666666667,0.2475740440805015,0.06129290730237409,124.00050941490599,113.1449441442848,0.8733606599099955,0.8586102882409875,0.8906885318774764,1.1627749214042429,0.9083633757205557,0.12074971196522372
2023-12-22,995239.25,22.655833333333334,-0.0487107711578522,0.0023727392267926463,122.2472477822066,113.1449441442848,0.8733606599099955,0.8586102882409875,0.8906885318774764,1.1627749214042429,0.9151846475941752,0.12074971196522372
2023-12-23,716101.0,30.743333333333336,-0.32916194205095917,0.108347584094759,121.51548240912865,113.1449441442848,0.8733606599099955,0.8586102882409875,0.8906885318774764,1.1627749214042429,0.9149793129635536,0.12074971196522372
2023-12-24,851255.75,-3.3708333333333336,0.17289139374837392,0.02989143403225527,121.35293519038541,113.1449441442848,0.8733606599099955,0.8586102882409875,0.8906885318774764,1.1627749214042429,0.9121451741159405,0.12074971196522372
2023-12-25,739584.75,0.4070833333333333,-0.14062373216656282,0.019775034048453193,121.3286946713036,113.1449441442848,0.8733606599099955,0.8586102882409875,0.8906885318774764,1.1627749214042429,0.9125040868820403,0.12074971196522372
2023-12-26,783633.0,16.622083333333332,0.057851918460029135,0.00334684446950586,120.9330868453326,113.1449441442848,0.8733606599099955,0.8586102882409875,0.8906885318774764,1.1627749214042429,0.9095962176511604,0.12074971196522372
2023-12-27,411669.25,60.79833333333334,-0.6437205628288466,0.414376163008687,121.27937350432234,113.1449441442848,0.8733606599099955,0.8586102882409875,0.8906885318774764,1.1627749214042429,0.904798469597896,0.12074971196522372
2023-12-28,895990.0,16.669999999999998,0.7777090165204414,0.6048313143771923,121.80893180214395,113.1449441442848,0.8733606599099955,0.8586102882409875,0.8906885318774764,1.1627749214042429,0.902186979532103,0.12074971196522372
2023-12-29,932315.25,6.359583333333333,0.03974175636619182,0.0015794071990697482,121.78352405861335,113.1449441442848,0.8733606599099955,0.8586102882409875,0.8906885318774764,1.1627749214042429,0.9231590973234104,0.12074971196522372
2023-12-30,638871.25,34.055416666666666,-0.3779680611861577,0.14285985527682307,121.86190672510328,113.1449441442848,0.8733606599099955,0.8586102882409875,0.8906885318774764,1.1627749214042429,0.919993422739338,0.12074971196522372
2023-12-31,642169.25,9.902916666666666,0.005148950850959531,2.6511694865596883e-05,121.62715789641017,113.1449441442848,0.8733606599099955,0.8586102882409875,0.8906885318774764,1.1627749214042429,0.915264494700452,0.12074971196522372
2024-01-01,675507.75,16.18166666666667,0.050612732088058034,0.0025616486494175394,120.64851930878324,113.1449441442848,0.8733606599099955,0.8586102882409875,0.8906885318774764,1.1627749214042429,0.9095802294815538,0.12074971196522372
2024-01-02,692631.0,53.07333333333333,0.025032759528841937,0.0006266390496288268,120.57267794242006,113.1449441442848,0.8733606599099955,0.8586102882409875,0.8906885318774764,1.1627749214042429,0.9036012482808251,0.12074971196522372
2024-01-03,903231.0,45.215,0.2654809448094066,0.07048013205689518,120.41745349600218,113.1449441442848,0.8733606599099955,0.8586102882409875,0.8906885318774764,1.1627749214042429,0.8988040145287327,0.12074971196522372
2024-01-04,532893.25,85.41000000000001,-0.5276572119747134,0.2784221333489276,119.64932106120273,113.1449441442848,0.8733606599099955,0.8586102882409875,0.8906885318774764,1.1627749214042429,0.89556851470282,0.12074971196522372
2024-01-05,434751.5,91.37041666666666,-0.20354651919374062,0.04143118547588782,119.0187829690376,113.1449441442848,0.8733606599099955,0.8586102882409875,0.8906885318774764,1.1627749214042429,0.8901863698432394,0.12074971196522372
2024-01-06,253361.0,88.72458333333333,-0.5399592543116623,0.29155599631680634,119.30312688530265,113.1449441442848,0.8733606599099955,0.8586102882409875,0.8906885318774764,1.1627749214042429,0.8878502901038079,0.12074971196522372
2024-01-07,326788.25,86.32666666666667,0.2544970584515519,0.06476875276049263,118.73700040816362,113.1449441442848,0.8733606599099955,0.8586102882409875,0.8906885318774764,1.1627749214042429,0.8823875961400339,0.12074971196522372
2024-01-08,408766.75,102.22958333333332,0.22383229233803634,0.05010089509330016,118.7532361564856,113.1449441442848,0.8733606599099955,0.8586102882409875,0.8906885318774764,1.1627749214042429,0.8795285288420052,0.12074971196522372
2024-01-09,264538.75,109.39458333333334,-0.43515695656173525,0.18936157684407195,118.40498290172371,113.1449441442848,0.8733606599099955,0.8586102882409875,0.8906885318774764,1.1627749214042429,0.874254428669153,0.12074971196522372
2024-01-10,140196.5,111.83916666666666,-0.6349427334511869,0.40315227476246496,117.86030582275691,113.1449441442848,0.8733606599099955,0.8586102882409875,0.8906885318774764,1.1627749214042429,0.9044870880863767,0.12074971196522372
2024-01-11,102113.25,109.64791666666667,-0.3169625184709494,0.10046523811544696,117.54827891812586,113.1449441442848,0.8733606599099955,0.8586102882409875,0.8906885318774764,1.1627749214042429,0.9184393267810068,0.12074971196522372
2024-01-12,133805.75,106.04458333333334,0.27030662987842147,0.07306567415622993,117.25258584792019,113.1449441442848,0.8733606599099955,0.8586102882409875,0.8906885318774764,1.1627749214042429,0.9122371662976521,0.12074971196522372
2024-01-13,509679.25,74.56791666666666,1.3373924849359278,1.788618658763096,118.47310476187346,113.1449441442848,0.8733606599099955,0.8586102882409875,0.8906885318774764,1.1627749214042429,0.9065890040704396,0.12074971196522372
2024-01-14,557681.25,76.15416666666667,0.09000595630879422,0.008101072171060575,118.16732171767102,113.1449441442848,0.8733606599099955,0.8586102882409875,0.8906885318774764,1.1627749214042429,0.9061718367814999,0.12074971196522372
2024-01-15,588047.5,86.49666666666667,0.053020164344429126,0.0028111378271102735,118.16859349288241,113.1449441442848,0.8733606599099955,0.8586102882409875,0.8906885318774764,1.1627749214042429,0.9004996169764221,0.12074971196522372
2024-01-16,333509.75,101.13791666666667,-0.5671356266381951,0.3216428190022982,118.41286145009038,113.1449441442848,0.8733606599099955,0.8586102882409875,0.8906885318774764,1.1627749214042429,0.8969654270869758,0.12074971196522372
2024-01-17,277128.75,99.60666666666667,-0.1851899006659909,0.034295299308679576,118.17278575716588,113.1449441442848,0.8733606599099955,0.8586102882409875,0.8906885318774764,1.1627749214042429,0.9031536922987848,0.12074971196522372
2024-01-18,177454.75,92.73625,-0.44576655280671357,0.19870781960118056,117.61249469537208,113.1449441442848,0.8733606599099955,0.8586102882409875,0.8906885318774764,1.1627749214042429,0.9028426974414819,0.12074971196522372
2024-01-19,594041.25,78.50958333333334,1.2082331145579983,1.4598272591145212,118.17710086785574,113.1449441442848,0.8733606599099955,0.8586102882409875,0.8906885318774764,1.1627749214042429,0.901767151727487,0.12074971196522372
2024-01-20,599107.0,73.66208333333334,0.008491451818640139,7.210475398828693e-05,118.15418013153368,113.1449441442848,0.8733606599099955,0.8586102882409875,0.8906885318774764,1.1627749214042429,0.9074139177780477,0.12074971196522372
2024-01-21,773557.25,50.25875,0.2555594682807008,0.06531064182791452,117.45206238148589,113.1449441442848,0.8733606599099955,0.8586102882409875,0.8906885318774764,1.1627749214042429,0.9042589896545614,0.12074971196522372
2024-01-22,986958.0,49.83708333333333,0.24362780384130292,0.059354506804536376,117.1315603189768,113.1449441442848,0.8733606599099955,0.8586102882409875,0.8906885318774764,1.1627749214042429,0.9029520413094697,0.12074971196522372
2024-01-23,896238.75,52.28458333333333,-0.09642064580278539,0.009296940937026196,115.95567526670314,113.1449441442848,0.8733606599099955,0.8586102882409875,0.8906885318774764,1.1627749214042429,0.9110705731461362,0.12074971196522372
2024-01-24,1029204.5,33.12291666666667,0.13833461319225812,0.019136465207051676,115.87524570128578,113.1449441442848,0.8733606599099955,0.8586102882409875,0.8906885318774764,1.1627749214042429,0.9055066879214795,0.12074971196522372
2024-01-25,552569.5,78.01625,-0.6219622353900728,0.3868370222514163,115.43502197328915,113.1449441442848,0.8733606599099955,0.8586102882409875,0.8906885318774764,1.1627749214042429,0.923484354163794,0.12074971196522372
2024-01-26,719793.75,59.22541666666667,0.2643854953037627,0.06989969012701593,115.26063967829799,113.1449441442848,0.8733606599099955,0.8586102882409875,0.8906885318774764,1.1627749214042429,0.9200430856677981,0.12074971196522372
2024-01-27,433004.0,68.34875000000001,-0.5082177468046326,0.25828527816717767,115.35544638493911,113.1449441442848,0.8733606599099955,0.8586102882409875,0.8906885318774764,1.1627749214042429,0.9198276132108282,0.12074971196522372
2024-01-28,363615.75,59.278333333333336,-0.17464928763824952,0.030502373672548017,115.29591369902643,113.1449441442848,0.8733606599099955,0.8586102882409875,0.8906885318774764,1.1627749214042429,0.9143501090166694,0.12074971196522372
2024-01-29,361101.5,81.03291666666667,-0.006938595948107258,4.814411373109046e-05,115.26907524631775,113.1449441442848,0.8733606599099955,0.8586102882409875,0.8906885318774764,1.1627749214042429,0.9083446974597557,0.12074971196522372
2024-01-30,424770.25,77.96708333333333,0.16238935226986886,0.026370301730627564,114.75384673039437,113.1449441442848,0.8733606599099955,0.8586102882409875,0.8906885318774764,1.1627749214042429,0.9033839267447726,0.12074971196522372
2024-01-31,492575.5,76.00458333333333,0.14809931383674144,0.021933406758913632,113.67026677591795,113.1449441442848,0.8733606599099955,0.8586102882409875,0.8906885318774764,1.1627749214042429,0.8979487052037983,0.12074971196522372
2024-02-01,670442.75,72.03583333333333,0.30829056667918564,0.0950430735033734,113.7310930457319,113.1449441442848,0.8733606599099955,0.8586102882409875,0.8906885318774764,1.1627749214042429,0.8973559930304381,0.12074971196522372
2024-02-02,747270.25,61.661249999999995,0.10848858512665338,0.011769773102783118,113.69456708123914,113.1449441442848,0.8733606599099955,0.8586102882409875,0.8906885318774764,1.1627749214042429,0.8946802744140449,0.12074971196522372
2024-02-03,832640.0,35.970416666666665,0.1081744757228838,0.011701717197920777,113.23920185342375,113.1449441442848,0.8733606599099955,0.8586102882409875,0.8906885318774764,1.1627749214042429,0.8905915205845274,0.12074971196522372
2024-02-04,910004.75,14.777499999999998,0.08884844339340668,0.007894045893431392,113.24410185513393,113.1449441442848,0.8733606599099955,0.8586102882409875,0.8906885318774764,1.1627749214042429,0.8885241613379781,0.12074971196522372
2024-02-05,1005739.5,35.84083333333333,0.10002855152773668,0.010005711120737072,112.94626263645482,113.1449441442848,0.8733606599099955,0.8586102882409875,0.8906885318774764,1.1627749214042429,0.8864133848243273,0.12074971196522372
2024-02-06,1060473.5,45.29291666666666,0.05299241467419034,0.0028081960130013433,112.90310669128434,113.1449441442848,0.8733606599099955,0.8586102882409875,0.8906885318774764,1.1627749214042429,0.8848529215088631,0.12074971196522372
2024-02-07,521538.25,79.15958333333333,-0.709688167611317,0.5036572952475088,113.37902885201206,113.1449441442848,0.8733606599099955,0.8586102882409875,0.8906885318774764,1.1627749214042429,0.8884166103041512,0.12074971196522372
2024-02-08,230076.25,88.69583333333333,-0.818371842146966,0.6697324720190186,113.99868861185946,113.1449441442848,0.8733606599099955,0.8586102882409875,0.8906885318774764,1.1627749214042429,0.8837499943438966,0.12074971196522372
2024-02-09,511694.75,70.51791666666666,0.7993174801193556,0.6389084340243564,114.591598154781,113.1449441442848,0.8733606599099955,0.8586102882409875,0.8906885318774764,1.1627749214042429,0.8903430805427897,0.12074971196522372
2024-02-10,214524.5,72.1275,-0.8693043048807078,0.7556899744841306,115.3459534462829,113.1449441442848,0.8733606599099955,0.8586102882409875,0.8906885318774764,1.1627749214042429,0.9026422245164684,0.12074971196522372
2024-02-11,315569.75,61.961666666666666,0.38595578424193655,0.14896186738980827,115.25419374401913,113.1449441442848,0.8733606599099955,0.8586102882409875,0.8906885318774764,1.1627749214042429,0.8975798358595484,0.12074971196522372
2024-02-12,284175.75,74.75166666666667,-0.10478685041363829,0.010980284019610207,115.26349811711431,113.1449441442848,0.8733606599099955,0.8586102882409875,0.8906885318774764,1.1627749214042429,0.8931625555003683,0.12074971196522372
2024-02-13,376243.5,72.22791666666667,0.2806436553782671,0.07876086130407553,115.309912358389,113.1449441442848,0.8733606599099955,0.8586102882409875,0.8906885318774764,1.1627749214042429,0.8975612108726326,0.12074971196522372
2024-02-14,450853.75,68.16416666666667,0.1809064673672438,0.03272714993529565,115.25194427412674,113.1449441442848,0.8733606599099955,0.8586102882409875,0.8906885318774764,1.1627749214042429,0.8942772759519023,0.12074971196522372
2024-02-15,295791.5,70.50125,-0.42148819330195425,0.17765229709294555,115.29436929326867,113.1449441442848,0.8733606599099955,0.8586102882409875,0.8906885318774764,1.1627749214042429,0.8954642612208539,0.12074971196522372
2024-02-16,466619.75,61.06041666666667,0.45585987193526156,0.20780822284083308,115.14892357538942,113.1449441442848,0.8733606599099955,0.8586102882409875,0.8906885318774764,1.1627749214042429,0.8900428387439518,0.12074971196522372
2024-02-17,270768.25,66.65375,-0.5442513972019458,0.2962095833562702,115.35844544245845,113.1449441442848,0.8733606599099955,0.8586102882409875,0.8906885318774764,1.1627749214042429,0.8865263056792274,0.12074971196522372
2024-02-18,408276.25,53.184583333333336,0.4106807396550351,0.16865866992360673,115.52477479581816,113.1449441442848,0.8733606599099955,0.8586102882409875,0.8906885318774764,1.1627749214042429,0.8844705123143591,0.12074971196522372
2024-02-19,581311.0,65.28875000000001,0.3533418690116639,0.12485047639665586,115.64819933756642,113.1449441442848,0.8733606599099955,0.8586102882409875,0.8906885318774764,1.1627749214042429,0.8811460533756249,0.12074971196522372
2024-02-20,458189.75,63.223333333333336,-0.23800249800651635,0.05664518905734182,115.69759074987928,113.1449441442848,0.8733606599099955,0.8586102882409875,0.8906885318774764,1.1627749214042429,0.8758357327651882,0.12074971196522372
2024-02-21,567027.75,57.565416666666664,0.2131248447039452,0.04542219943008075,115.68069938358742,113.1449441442848,0.8733606599099955,0.8586102882409875,0.8906885318774764,1.1627749214042429,0.8712320948883867,0.12074971196522372
2024-02-22,688992.25,50.91833333333333,0.1948217784355376,0.03795552535278571,115.20100491360535,113.1449441442848,0.8733606599099955,0.8586102882409875,0.8906885318774764,1.1627749214042429,0.8680016225781548,0.12074971196522372
2024-02-23,700258.5,43.73708333333334,0.016219529823882237,0.00026307314770780536,115.1973662858479,113.1449441442848,0.8733606599099955,0.8586102882409875,0.8906885318774764,1.1627749214042429,0.8629999063088819,0.12074971196522372
2024-02-24,351347.75,57.19833333333333,-0.6896730788415854,0.4756489556788316,115.02058337462087,113.1449441442848,0.8733606599099955,0.8586102882409875,0.8906885318774764,1.1627749214042429,0.8753057478333868,0.12074971196522372
2024-02-25,302670.75,61.09375,-0.14913089271531207,0.02224002316206592,114.97139006224987,113.1449441442848,0.8733606599099955,0.8586102882409875,0.8906885318774764,1.1627749214042429,0.8823811066204643,0.12074971196522372
2024-02-26,261548.75,66.26833333333333,-0.14602489042732353,0.02132326862431184,112.71310821596144,113.1449441442848,0.8733606599099955,0.8586102882409875,0.8906885318774764,1.1627749214042429,0.878060041217642,0.12074971196522372
2024-02-27,141909.75,73.83624999999999,-0.6114293984393256,0.37384590927587563,112.82435185500428,113.1449441442848,0.8733606599099955,0.8586102882409875,0.8906885318774764,1.1627749214042429,0.8794664528304155,0.12074971196522372
2024-02-28,84430.75,71.82125,-0.5192596204245775,0.2696305534034763,112.9357335103782,113.1449441442848,0.8733606599099955,0.8586102882409875,0.8906885318774764,1.1627749214042429,0.8837133412591726,0.12074971196522372
2024-02-29,378032.75,63.20375000000001,1.4990491603378027,2.247148385109471,115.13274646585714,113.1449441442848,0.8733606599099955,0.8586102882409875,0.8906885318774764,1.1627749214042429,0.8814647639665405,0.12074971196522372
2024-03-01,279929.75,71.01333333333334,-0.30044215324495294,0.09026548744646379,114.90880546904178,113.1449441442848,0.8733606599099955,0.8586102882409875,0.8906885318774764,1.1627749214042429,0.8799537562250038,0.12074971196522372
2024-03-02,284312.75,64.21875,0.015536185810742667,0.00024137306954592178,111.9605235959023,113.1449441442848,0.8733606599099955,0.8586102882409875,0.8906885318774764,1.1627749214042429,0.8755723852226318,0.12074971196522372
2024-03-03,258227.25,60.47208333333333,-0.09623485345783794,0.009261147020051543,111.55144780379027,113.1449441442848,0.8733606599099955,0.8586102882409875,0.8906885318774764,1.1627749214042429,0.8707617922087708,0.12074971196522372
2024-03-04,142168.0,75.88791666666667,-0.5968305543029482,0.3562067105495644,105.87297184175664,113.1449441442848,0.8733606599099955,0.8586102882409875,0.8906885318774764,1.1627749214042429,0.8659592601752573,0.12074971196522372
2024-03-05,194964.5,74.60125000000001,0.31580803382516426,0.0997347142285161,105.96285186056403,113.1449441442848,0.8733606599099955,0.8586102882409875,0.8906885318774764,1.1627749214042429,0.861005886530966,0.12074971196522372
2024-03-06,89675.25,82.835,-0.7766226794488933,0.6031427862343784,105.75948532433192,113.1449441442848,0.8733606599099955,0.8586102882409875,0.8906885318774764,1.1627749214042429,0.8585648323232337,0.12074971196522372
2024-03-07,252899.75,76.32416666666667,1.036798353882958,1.0749508266144112,105.66106371978259,113.1449441442848,0.8733606599099955,0.8586102882409875,0.8906885318774764,1.1627749214042429,0.8642332283183988,0.12074971196522372
2024-03-08,482141.25,62.32916666666667,0.6452439557700141,0.41633976245773596,105.8247963868633,113.1449441442848,0.8733606599099955,0.8586102882409875,0.8906885318774764,1.1627749214042429,0.8593700911610276,0.12074971196522372
2024-03-09,471859.0,45.61083333333334,-0.02155690876877199,0.00046470031566515875,103.16353788831526,113.1449441442848,0.8733606599099955,0.8586102882409875,0.8906885318774764,1.1627749214042429,0.854858843496771,0.12074971196522372
2024-03-10,558337.5,33.99666666666666,0.16828340610612263,0.02831930477067819,103.1520519988612,113.1449441442848,0.8733606599099955,0.8586102882409875,0.8906885318774764,1.1627749214042429,0.8547253059889012,0.12074971196522372
2024-03-11,321828.0,71.67375,-0.5509463769111268,0.3035419102314974,103.44965367974842,113.1449441442848,0.8733606599099955,0.8586102882409875,0.8906885318774764,1.1627749214042429,0.8525615834843683,0.12074971196522372
2024-03-12,130675.0,86.47083333333335,-0.9013039167396664,0.8123487503302634,104.21157512630691,113.1449441442848,0.8733606599099955,0.8586102882409875,0.8906885318774764,1.1627749214042429,0.8490385539588756,0.12074971196522372
2024-03-13,176302.75,72.45625,0.2994893630949831,0.08969387860703862,104.12517747933624,113.1449441442848,0.8733606599099955,0.8586102882409875,0.8906885318774764,1.1627749214042429,0.8597393982432477,0.12074971196522372
2024-03-14,265166.75,67.06166666666667,0.40815618568346995,0.1665914719116792,102.77942752014103,113.1449441442848,0.8733606599099955,0.8586102882409875,0.8906885318774764,1.1627749214042429,0.8574962468431333,0.12074971196522372
2024-03-15,486067.25,55.9,0.6059881154357858,0.36722159604941523,102.2144840284471,113.1449441442848,0.8733606599099955,0.8586102882409875,0.8906885318774764,1.1627749214042429,0.8550868245112184,0.12074971196522372
2024-03-16,550088.75,50.361250000000005,0.12373264003194454,0.015309766209274763,101.54454535214408,113.1449441442848,0.8733606599099955,0.8586102882409875,0.8906885318774764,1.1627749214042429,0.8517127468253067,0.12074971196522372
2024-03-17,145665.5,61.81458333333333,-1.32876673160308,1.7656210270151316,103.25964134258967,113.1449441442848,0.8733606599099955,0.8586102882409875,0.8906885318774764,1.1627749214042429,0.8505921420206258,0.12074971196522372
2024-03-18,181126.0,81.25041666666667,0.21788002443251595,0.04747170504671375,103.23129711861671,113.1449441442848,0.8733606599099955,0.8586102882409875,0.8906885318774764,1.1627749214042429,0.8581960693097044,0.12074971196522372
2024-03-19,110431.25,81.56791666666666,-0.4947997662917816,0.24482680872240167,103.46636934344986,113.1449441442848,0.8733606599099955,0.8586102882409875,0.8906885318774764,1.1627749214042429,0.8592073869726287,0.12074971196522372
2024-03-20,37091.0,91.34291666666667,-1.0910188027996435,1.1903220280623674,103.75919246102768,113.1449441442848,0.8733606599099955,0.8586102882409875,0.8906885318774764,1.1627749214042429,0.8552398560599159,0.12074971196522372
2024-03-21,240716.25,81.39,1.8702445013520632,3.4978144948376277,107.0671650393026,113.1449441442848,0.8733606599099955,0.8586102882409875,0.8906885318774764,1.1627749214042429,0.8684464924264561,0.12074971196522372
2024-03-22,369207.5,68.54083333333334,0.4277399626799731,0.1829614756734648,106.29472391783965,113.1449441442848,0.8733606599099955,0.8586102882409875,0.8906885318774764,1.1627749214042429,0.8690922167599557,0.12074971196522372
2024-03-23,455206.0,37.57791666666667,0.2093912471293684,0.043844694374392236,104.40946494833437,113.1449441442848,0.8733606599099955,0.8586102882409875,0.8906885318774764,1.1627749214042429,0.8659633458223592,0.12074971196522372
2024-03-24,677388.25,25.874166666666667,0.3974945307549602,0.15800190198010602,104.56739747272292,113.1449441442848,0.8733606599099955,0.8586102882409875,0.8906885318774764,1.1627749214042429,0.8616084557603755,0.12074971196522372
2024-03-25,259583.75,84.55708333333332,-0.9591652079308431,0.9199978961050176,105.47549247810312,113.1449441442848,0.8733606599099955,0.8586102882409875,0.8906885318774764,1.1627749214042429,0.8567724696096866,0.12074971196522372
2024-03-26,370882.25,66.14458333333333,0.3568052402165697,0.127309979446004,104.42122566234853,113.1449441442848,0.8733606599099955,0.8586102882409875,0.8906885318774764,1.1627749214042429,0.8573810701443682,0.12074971196522372
2024-03-27,218874.25,76.29666666666667,-0.5273872627984901,0.2781373249620837,104.69867520445075,113.1449441442848,0.8733606599099955,0.8586102882409875,0.8906885318774764,1.1627749214042429,0.8527976544019075,0.12074971196522372
2024-03-28,544685.5,51.34916666666666,0.9117111998906398,0.8312173120060301,105.47091528237121,113.1449441442848,0.8733606599099955,0.8586102882409875,0.8906885318774764,1.1627749214042429,0.8494483148523966,0.12074971196522372
2024-03-29,460904.75,37.762499999999996,-0.16701715828087035,0.0278947311602173,105.14476528846075,113.1449441442848,0.8733606599099955,0.8586102882409875,0.8906885318774764,1.1627749214042429,0.845537842091432,0.12074971196522372
2024-03-30,221022.5,53.24916666666667,-0.7349268993063284,0.5401175473240142,104.8361983162812,113.1449441442848,0.8733606599099955,0.8586102882409875,0.8906885318774764,1.1627749214042429,0.8443266588266677,0.12074971196522372
2024-03-31,110360.75,55.44521739130435,-0.694509961023671,0.482344085961101,104.79836175858266,113.1449441442848,0.8733606599099955,0.8586102882409875,0.8906885318774764,1.1627749214042429,0.8406647648361238,0.12074971196522372
2024-04-01,338949.75,35.88375,1.1220973210382381,1.2591023978811908,106.02900406210014,113.1449441442848,0.8733606599099955,0.8586102882409875,0.8906885318774764,1.1627749214042429,0.8452667986639023,0.12074971196522372
2024-04-02,739921.75,33.35458333333333,0.7806925710589719,0.609480890506668,106.31132257876655,113.1449441442848,0.8733606599099955,0.8586102882409875,0.8906885318774764,1.1627749214042429,0.8408068960261111,0.12074971196522372
2024-04-03,315459.5,87.37291666666665,-0.8525141312926925,0.7267803440537342,107.00096955826406,113.1449441442848,0.8733606599099955,0.8586102882409875,0.8906885318774764,1.1627749214042429,0.8390936047840952,0.12074971196522372
2024-04-04,600910.75,64.52625,0.6444161149407112,0.41527212919527984,107.3471750442337,113.1449441442848,0.8733606599099955,0.8586102882409875,0.8906885318774764,1.1627749214042429,0.837602627497567,0.12074971196522372
2024-04-05,579830.75,46.58916666666667,-0.03571017040106586,0.0012752162700731603,107.2718502219742,113.1449441442848,0.8733606599099955,0.8586102882409875,0.8906885318774764,1.1627749214042429,0.8359916218729238,0.12074971196522372
2024-04-06,351377.5,29.74083333333333,-0.5008751065036013,0.250875872314994,107.50470360519788,113.1449441442848,0.8733606599099955,0.8586102882409875,0.8906885318774764,1.1627749214042429,0.8356110558612365,0.12074971196522372
2024-04-07,340737.0,20.762083333333333,-0.030750225395441082,0.0009455763618704296,107.29753808758753,113.1449441442848,0.8733606599099955,0.8586102882409875,0.8906885318774764,1.1627749214042429,0.8317639708946498,0.12074971196522372
2024-04-08,128604.25,84.87458333333333,-0.9743710592427239,0.9493989610897878,108.06525195888254,113.1449441442848,0.8733606599099955,0.8586102882409875,0.8906885318774764,1.1627749214042429,0.828016562842904,0.12074971196522372
2024-04-09,489031.25,57.9925,1.3356865338944979,1.7840585168270977,109.84732888340592,113.1449441442848,0.8733606599099955,0.8586102882409875,0.8906885318774764,1.1627749214042429,0.8394347547775929,0.12074971196522372
2024-04-10,315160.75,69.91041666666666,-0.4393435672451674,0.19302277007970892,110.03676422534903,113.1449441442848,0.8733606599099955,0.8586102882409875,0.8906885318774764,1.1627749214042429,0.8450051935435291,0.12074971196522372
2024-04-11,332974.0,58.80875,0.054981582735835866,0.0030229744401375643,109.90881135154119,113.1449441442848,0.8733606599099955,0.8586102882409875,0.8906885318774764,1.1627749214042429,0.846502893360375,0.12074971196522372
2024-04-12,282044.75,60.95083333333333,-0.16599866256233778,0.027555555972484883,107.73815602596065,113.1449441442848,0.8733606599099955,0.8586102882409875,0.8906885318774764,1.1627749214042429,0.845465756938962,0.12074971196522372
2024-04-13,363385.75,13.819583333333334,0.25339919591300286,0.06421115248935641,107.41064416885528,113.1449441442848,0.8733606599099955,0.8586102882409875,0.8906885318774764,1.1627749214042429,0.8416280493000683,0.12074971196522372
2024-04-14,419718.0,16.74833333333333,0.14411811499209531,0.020770031068874806,106.18263567591542,113.1449441442848,0.8733606599099955,0.8586102882409875,0.8906885318774764,1.1627749214042429,0.8373601162387819,0.12074971196522372
2024-04-15,391592.75,70.19250000000001,-0.06936066050148251,0.004810901225201916,105.17899236794646,113.1449441442848,0.8733606599099955,0.8586102882409875,0.8906885318774764,1.1627749214042429,0.8420980335544554,0.12074971196522372
2024-04-16,529004.75,56.25791666666667,0.30077501432864395,0.09046560924439598,105.24934490038291,113.1449441442848,0.8733606599099955,0.8586102882409875,0.8906885318774764,1.1627749214042429,0.8404009463522106,0.12074971196522372
2024-04-17,116983.0,102.00875,-1.5089687859285221,2.276986796906598,106.88377991257495,113.1449441442848,0.8733606599099955,0.8586102882409875,0.8906885318774764,1.1627749214042429,0.8369964694117659,0.12074971196522372
2024-04-18,156271.5,95.82208333333334,0.2895662540549856,0.08384861548743647,105.00089273051931,113.1449441442848,0.8733606599099955,0.8586102882409875,0.8906885318774764,1.1627749214042429,0.8346980914122875,0.12074971196522372
2024-04-19,636237.5,58.81791666666666,1.4039770421558184,1.9711515349006008,106.94621118105637,113.1449441442848,0.8733606599099955,0.8586102882409875,0.8906885318774764,1.1627749214042429,0.8305196718674623,0.12074971196522372
2024-04-20,293747.5,58.23875,-0.7728513665224626,0.5972992347356377,106.44158047095571,113.1449441442848,0.8733606599099955,0.8586102882409875,0.8906885318774764,1.1627749214042429,0.8322682011574698,0.12074971196522372
2024-04-21,240087.25,55.15083333333333,-0.20171815584045769,0.040690214395675176,106.28698465486984,113.1449441442848,0.8733606599099955,0.8586102882409875,0.8906885318774764,1.1627749214042429,0.8347303161020823,0.12074971196522372
2024-04-22,109300.5,98.53000000000002,-0.7869014292059515,0.6192138592863692,106.59780290671685,113.1449441442848,0.8733606599099955,0.8586102882409875,0.8906885318774764,1.1627749214042429,0.8323654921942932,0.12074971196522372
2024-04-23,117366.0,97.75833333333333,0.07119628753483155,0.0050689113587424105,106.11847474752474,113.1449441442848,0.8733606599099955,0.8586102882409875,0.8906885318774764,1.1627749214042429,0.8289010608286645,0.12074971196522372
2024-04-24,206045.0,94.30416666666666,0.5627973342632606,0.3167408394538323,106.15222638260298,113.1449441442848,0.8733606599099955,0.8586102882409875,0.8906885318774764,1.1627749214042429,0.8250722464178414,0.12074971196522372
2024-04-25,171140.75,90.62708333333335,-0.1856082741782305,0.034450431443421185,105.58582288109793,113.1449441442848,0.8733606599099955,0.8586102882409875,0.8906885318774764,1.1627749214042429,0.8298098956278869,0.12074971196522372
2024-04-26,201564.75,86.44416666666666,0.16362435236117837,0.026772928685615056,105.34507563180843,113.1449441442848,0.8733606599099955,0.8586102882409875,0.8906885318774764,1.1627749214042429,0.8360087469387175,0.12074971196522372
2024-04-27,178810.0,62.168749999999996,-0.11978688013137419,0.014348896651608208,105.14912936237131,113.1449441442848,0.8733606599099955,0.8586102882409875,0.8906885318774764,1.1627749214042429,0.8319243531268276,0.12074971196522372
2024-04-28,403142.25,12.987916666666669,0.8129656877451039,0.6609132094508698,104.8275067287732,113.1449441442848,0.8733606599099955,0.8586102882409875,0.8906885318774764,1.1627749214042429,0.831013035343482,0.12074971196522372
2024-04-29,129279.5,80.79916666666666,-1.1373127501411668,1.2934802916336643,106.0049546415833,113.1449441442848,0.8733606599099955,0.8586102882409875,0.8906885318774764,1.1627749214042429,0.8368312415126901,0.12074971196522372
2024-04-30,195705.0,69.38166666666667,0.41463169619477236,0.171919443489354,106.0376091435717,113.1449441442848,0.8733606599099955,0.8586102882409875,0.8906885318774764,1.1627749214042429,0.8351651356137781,0.12074971196522372
2024-05-01,346888.5,4.385416666666667,0.5723949792764753,0.3276360123009166,106.28319587088382,113.1449441442848,0.8733606599099955,0.8586102882409875,0.8906885318774764,1.1627749214042429,0.8363267570456823,0.12074971196522372
2024-05-02,473196.5,36.41916666666666,0.31050733296487726,0.09641480382496115,106.11186212847066,113.1449441442848,0.8733606599099955,0.8586102882409875,0.8906885318774764,1.1627749214042429,0.8354290298971849,0.12074971196522372
2024-05-03,307962.75,77.80958333333334,-0.4295319015260608,0.1844976544285936,105.35791109427258,113.1449441442848,0.8733606599099955,0.8586102882409875,0.8906885318774764,1.1627749214042429,0.8380740702856506,0.12074971196522372
2024-05-04,71634.5,75.14708333333333,-1.4584020326084326,2.1269364887164075,107.47651248848707,113.1449441442848,0.8733606599099955,0.8586102882409875,0.8906885318774764,1.1627749214042429,0.8339480142323991,0.12074971196522372
2024-05-05,311532.0,54.15625,1.4699252601905348,2.1606802705462114,109.3696766336,113.1449441442848,0.8733606599099955,0.8586102882409875,0.8906885318774764,1.1627749214042429,0.8468653375484634,0.12074971196522372
2024-05-06,118778.25,93.17750000000001,-0.9642437523240883,0.9297660138960377,110.2869780406857,113.1449441442848,0.8733606599099955,0.8586102882409875,0.8906885318774764,1.1627749214042429,0.8468369791793074,0.12074971196522372
2024-05-07,129763.75,93.03750000000001,0.08845718009717503,0.007824672710744059,109.49419050346832,113.1449441442848,0.8733606599099955,0.8586102882409875,0.8906885318774764,1.1627749214042429,0.8449536004913845,0.12074971196522372
2024-05-08,76276.75,91.82333333333334,-0.5313473158194824,0.28232997002856874,109.21195304145964,113.1449441442848,0.8733606599099955,0.8586102882409875,0.8906885318774764,1.1627749214042429,0.8427484620914404,0.12074971196522372
2024-05-09,36718.75,61.86208333333334,-0.7310806498582867,0.5344789165972148,108.79139677093002,113.1449441442848,0.8733606599099955,0.8586102882409875,0.8906885318774764,1.1627749214042429,0.8449727415683614,0.12074971196522372
2024-05-10,41457.75,75.99,0.12138731258136724,0.014734879655726557,108.30865682206196,113.1449441442848,0.8733606599099955,0.8586102882409875,0.8906885318774764,1.1627749214042429,0.8430540082668644,0.12074971196522372
2024-05-11,89673.75,53.65083333333334,0.7715032477363152,0.5952172612676822,106.65434954821049,113.1449441442848,0.8733606599099955,0.8586102882409875,0.8906885318774764,1.1627749214042429,0.8386475983755817,0.12074971196522372
2024-05-12,227310.75,1.7812500000000007,0.930139939968622,0.8651603079248317,106.77793138256393,113.1449441442848,0.8733606599099955,0.8586102882409875,0.8906885318774764,1.1627749214042429,0.8446588691899471,0.12074971196522372
2024-05-13,312580.25,46.41458333333333,0.3185432121441428,0.10146977800310834,106.71864600340446,113.1449441442848,0.8733606599099955,0.8586102882409875,0.8906885318774764,1.1627749214042429,0.8473790964770876,0.12074971196522372
2024-05-14,416008.0,27.682916666666667,0.285843254636605,0.081706366221247,106.6048633640794,113.1449441442848,0.8733606599099955,0.8586102882409875,0.8906885318774764,1.1627749214042429,0.8493932320357506,0.12074971196522372
2024-05-15,442873.5,42.93208333333334,0.06257968537411183,0.0039162170215228265,106.41964992099192,113.1449441442848,0.8733606599099955,0.8586102882409875,0.8906885318774764,1.1627749214042429,0.8484531203113695,0.12074971196522372
2024-05-16,411954.0,49.55875,-0.07237248358898703,0.0052377763808381965,105.86821805556971,113.1449441442848,0.8733606599099955,0.8586102882409875,0.8906885318774764,1.1627749214042429,0.848391232099517,0.12074971196522372
2024-05-17,412782.25,69.01291666666667,0.0020085215811503766,4.034158941946809e-06,105.5972617411624,113.1449441442848,0.8733606599099955,0.8586102882409875,0.8906885318774764,1.1627749214042429,0.8513704642541761,0.12074971196522372
2024-05-18,140967.75,55.80375,-1.0743890733991344,1.1543118810394506,105.34460117884448,113.1449441442848,0.8733606599099955,0.8586102882409875,0.8906885318774764,1.1627749214042429,0.847430801634059,0.12074971196522372
2024-05-19,73727.0,52.502916666666664,-0.6481620586393935,0.42011405425965653,104.48807481606292,113.1449441442848,0.8733606599099955,0.8586102882409875,0.8906885318774764,1.1627749214042429,0.8436730017054395,0.12074971196522372
2024-05-20,70168.25,64.97916666666667,-0.04947315265293399,0.0024475928334205094,103.44643484954629,113.1449441442848,0.8733606599099955,0.8586102882409875,0.8906885318774764,1.1627749214042429,0.8411190552919176,0.12074971196522372
2024-05-21,340262.75,79.81333333333333,1.5788221837558327,2.4926794879195366,105.85014455239481,113.1449441442848,0.8733606599099955,0.8586102882409875,0.8906885318774764,1.1627749214042429,0.8370932470848685,0.12074971196522372
2024-05-22,289746.25,85.84458333333333,-0.16071257333166544,0.025828531226885942,104.18424656488314,113.1449441442848,0.8733606599099955,0.8586102882409875,0.8906885318774764,1.1627749214042429,0.8482122362648848,0.12074971196522372
2024-05-23,123468.25,93.86791666666666,-0.8530215019487956,0.727645682786979,102.60164275059199,113.1449441442848,0.8733606599099955,0.8586102882409875,0.8906885318774764,1.1627749214042429,0.8447657838705744,0.12074971196522372
2024-05-24,94511.25,102.19416666666666,-0.26726516296263103,0.07143066733344172,101.3228945306841,113.1449441442848,0.8733606599099955,0.8586102882409875,0.8906885318774764,1.1627749214042429,0.8445591708601712,0.12074971196522372
2024-05-25,57988.75,72.25625000000001,-0.4884698488177051,0.2386027932039917,101.52897050325679,113.1449441442848,0.8733606599099955,0.8586102882409875,0.8906885318774764,1.1627749214042429,0.8537573485008051,0.12074971196522372
2024-05-26,97002.0,57.93,0.5144825706320901,0.26469231548420363,101.79361411517336,113.1449441442848,0.8733606599099955,0.8586102882409875,0.8906885318774764,1.1627749214042429,0.8498102382617806,0.12074971196522372
2024-05-27,95574.5,106.88166666666666,-0.014825548772323534,0.00021979689640054385,99.97197846860446,113.1449441442848,0.8733606599099955,0.8586102882409875,0.8906885318774764,1.1627749214042429,0.8479926311532716,0.12074971196522372
2024-05-28,155778.0,90.75166666666667,0.48852586871562126,0.23865752440435242,100.11529689366854,113.1449441442848,0.8733606599099955,0.8586102882409875,0.8906885318774764,1.1627749214042429,0.843466851880861,0.12074971196522372
2024-05-29,296028.75,79.17666666666666,0.6420246611949613,0.4121956655825048,100.45464721072737,113.1449441442848,0.8733606599099955,0.8586102882409875,0.8906885318774764,1.1627749214042429,0.8402539539416709,0.12074971196522372
2024-05-30,70634.0,97.45,-1.4329449630098348,2.0533312670152566,102.4355473768974,113.1449441442848,0.8733606599099955,0.8586102882409875,0.8906885318774764,1.1627749214042429,0.8460756053922658,0.12074971196522372
2024-05-31,115564.25,89.21708333333333,0.4923150373774501,0.24237409602796006,102.63689859359417,113.1449441442848,0.8733606599099955,0.8586102882409875,0.8906885318774764,1.1627749214042429,0.860570905160077,0.12074971196522372
2024-06-01,228643.75,58.94583333333333,0.6823384630232595,0.4655857781209441,103.10240964193282,113.1449441442848,0.8733606599099955,0.8586102882409875,0.8906885318774764,1.1627749214042429,0.8562018292356722,0.12074971196522372
2024-06-02,315805.5,23.237916666666667,0.3229614023793559,0.10430406742684023,102.45381380559886,113.1449441442848,0.8733606599099955,0.8586102882409875,0.8906885318774764,1.1627749214042429,0.8514876420856209,0.12074971196522372
2024-06-03,138417.5,117.14166666666667,-0.8248520374792457,0.680380883733663,102.71878196057197,113.1449441442848,0.8733606599099955,0.8586102882409875,0.8906885318774764,1.1627749214042429,0.8533195391044216,0.12074971196522372
2024-06-04,72944.25,107.23166666666667,-0.6405790295248702,0.41034149306702455,99.7572356652655,113.1449441442848,0.8733606599099955,0.8586102882409875,0.8906885318774764,1.1627749214042429,0.8487387523205714,0.12074971196522372
2024-06-05,299512.25,81.72416666666666,1.4124598674696665,1.9950428772124278,101.17022006802476,113.1449441442848,0.8733606599099955,0.8586102882409875,0.8906885318774764,1.1627749214042429,0.8458875035381422,0.12074971196522372
2024-06-06,117177.25,86.3675,-0.9384675725489332,0.8807213847258872,101.45643248412367,113.1449441442848,0.8733606599099955,0.8586102882409875,0.8906885318774764,1.1627749214042429,0.8546048829007715,0.12074971196522372
2024-06-07,82960.0,83.14541666666666,-0.3453291817513594,0.11925224376906342,101.22829811854561,113.1449441442848,0.8733606599099955,0.8586102882409875,0.8906885318774764,1.1627749214042429,0.8499915217664806,0.12074971196522372
2024-06-08,219327.0,45.96875,0.9722052029390946,0.9451829566218461,101.99560708088877,113.1449441442848,0.8733606599099955,0.8586102882409875,0.8906885318774764,1.1627749214042429,0.8455163519098794,0.12074971196522372
2024-06-09,227817.25,27.255416666666665,0.03798000560535231,0.0014424808257825926,101.87576845902946,113.1449441442848,0.8733606599099955,0.8586102882409875,0.8906885318774764,1.1627749214042429,0.8492137899037668,0.12074971196522372
2024-06-10,228444.0,92.64625000000001,0.0027473312459331957,7.547828974880845e-06,101.87478027860796,113.1449441442848,0.8733606599099955,0.8586102882409875,0.8906885318774764,1.1627749214042429,0.8506963906264389,0.12074971196522372
2024-06-11,439746.75,61.632083333333334,0.6549078893158855,0.4289043434881881,99.83787563680896,113.1449441442848,0.8733606599099955,0.8586102882409875,0.8906885318774764,1.1627749214042429,0.8482612680030711,0.12074971196522372
2024-06-12,217134.75,91.19125000000001,-0.7056808644658326,0.49798548247324476,100.2726161603979,113.1449441442848,0.8733606599099955,0.8586102882409875,0.8906885318774764,1.1627749214042429,0.8491701751644052,0.12074971196522372
2024-06-13,102753.5,94.77958333333333,-0.7481852125051599,0.5597811122113913,100.76022777041179,113.1449441442848,0.8733606599099955,0.8586102882409875,0.8906885318774764,1.1627749214042429,0.8449638664389301,0.12074971196522372
2024-06-14,289692.25,78.395,1.0364862365487042,1.0743037185548965,101.76910900171305,113.1449441442848,0.8733606599099955,0.8586102882409875,0.8906885318774764,1.1627749214042429,0.8414225036586733,0.12074971196522372
2024-06-15,422371.75,7.64375,0.37706669781540497,0.14217929460141393,101.8794212166217,113.1449441442848,0.8733606599099955,0.8586102882409875,0.8906885318774764,1.1627749214042429,0.838189033051777,0.12074971196522372
2024-06-16,255687.75,21.404583333333335,-0.5019288769754648,0.2519325975418513,99.92822338086745,113.1449441442848,0.8733606599099955,0.8586102882409875,0.8906885318774764,1.1627749214042429,0.840637056222075,0.12074971196522372
2024-06-17,127377.75,94.33749999999999,-0.6967998923414409,0.48553008996704367,100.11617281240481,113.1449441442848,0.8733606599099955,0.8586102882409875,0.8906885318774764,1.1627749214042429,0.8363616716483051,0.12074971196522372
2024-06-18,65513.25,96.19833333333334,-0.6649046688440846,0.44209821865066184,100.52946739337082,113.1449441442848,0.8733606599099955,0.8586102882409875,0.8906885318774764,1.1627749214042429,0.8338468868350418,0.12074971196522372
2024-06-19,129505.25,84.31375,0.681469008598724,0.4644000096805277,99.63876571160911,113.1449441442848,0.8733606599099955,0.8586102882409875,0.8906885318774764,1.1627749214042429,0.8312052358749228,0.12074971196522372
2024-06-20,82824.75,93.79875,-0.44699449108929845,0.1998040750641809,99.2785191259298,113.1449441442848,0.8733606599099955,0.8586102882409875,0.8906885318774764,1.1627749214042429,0.8294341634159963,0.12074971196522372
2024-06-21,154611.25,97.13833333333334,0.6241869721714086,0.38960937622851083,99.13302199721836,113.1449441442848,0.8733606599099955,0.8586102882409875,0.8906885318774764,1.1627749214042429,0.8393992535322881,0.12074971196522372
2024-06-22,317830.0,52.22208333333333,0.7206027466998908,0.519268318551427,99.65038737168034,113.1449441442848,0.8733606599099955,0.8586102882409875,0.8906885318774764,1.1627749214042429,0.8350989547654266,0.12074971196522372
2024-06-23,107319.0,50.04750000000001,-1.0857109410540702,1.1787682475245147,100.76630618633358,113.1449441442848,0.8733606599099955,0.8586102882409875,0.8906885318774764,1.1627749214042429,0.8320315199006322,0.12074971196522372
2024-06-24,57843.0,92.08541666666667,-0.6180732638609497,0.3820145594997272,100.00462969948813,113.1449441442848,0.8733606599099955,0.8586102882409875,0.8906885318774764,1.1627749214042429,0.8292412872138907,0.12074971196522372
2024-06-25,154850.5,75.59833333333333,0.9847276916198541,0.9696886266429664,100.8199673705822,113.1449441442848,0.8733606599099955,0.8586102882409875,0.8906885318774764,1.1627749214042429,0.8341634748533618,0.12074971196522372
2024-06-26,128612.5,103.01416666666667,-0.18565612764329395,0.03446819773150306,99.60738704080131,113.1449441442848,0.8733606599099955,0.8586102882409875,0.8906885318774764,1.1627749214042429,0.83176469123034,0.12074971196522372
2024-06-27,103949.75,91.79041666666667,-0.21289639840320376,0.04532487645305566,99.59511419385854,113.1449441442848,0.8733606599099955,0.8586102882409875,0.8906885318774764,1.1627749214042429,0.8276980940640668,0.12074971196522372
2024-06-28,238175.0,63.05041666666667,0.8290980882941181,0.6874036400129613,100.11664462861918,113.1449441442848,0.8733606599099955,0.8586102882409875,0.8906885318774764,1.1627749214042429,0.8236693378157871,0.12074971196522372
2024-06-29,82752.75,70.55333333333333,-1.0571484512594636,1.1175628480002824,100.9989711988084,113.1449441442848,0.8733606599099955,0.8586102882409875,0.8906885318774764,1.1627749214042429,0.8235516083402407,0.12074971196522372
2024-06-30,261332.5,43.7725,1.1499362965683244,1.3223534861652733,102.31944798154537,113.1449441442848,0.8733606599099955,0.8586102882409875,0.8906885318774764,1.1627749214042429,0.825706363908603,0.12074971196522372
2024-07-01,184430.75,91.89083333333333,-0.3485194886317301,0.12146583395612265,101.53395646735213,113.1449441442848,0.8733606599099955,0.8586102882409875,0.8906885318774764,1.1627749214042429,0.8222037291158275,0.12074971196522372
2024-07-02,261026.5,85.67666666666666,0.34734788046568726,0.12065055006400537,101.42991129920037,113.1449441442848,0.8733606599099955,0.8586102882409875,0.8906885318774764,1.1627749214042429,0.8182937989920273,0.12074971196522372
2024-07-03,161265.0,87.6225,-0.4815729601303599,0.2319125159287172,101.6595590020363,113.1449441442848,0.8733606599099955,0.8586102882409875,0.8906885318774764,1.1627749214042429,0.8171561898955174,0.12074971196522372
2024-07-04,452509.0,28.09875,1.0317586778396486,1.0645259692974198,102.65168169312064,113.1449441442848,0.8733606599099955,0.8586102882409875,0.8906885318774764,1.1627749214042429,0.8134397011384613,0.12074971196522372
2024-07-05,386609.0,36.99125,-0.1573938060658506,0.024772810187894588,102.66526702334448,113.1449441442848,0.8733606599099955,0.8586102882409875,0.8906885318774764,1.1627749214042429,0.8253146954827743,0.12074971196522372
2024-07-06,462203.25,7.357083333333333,0.17859088302451684,0.03189470349947666,102.4073413015473,113.1449441442848,0.8733606599099955,0.8586102882409875,0.8906885318774764,1.1627749214042429,0.824844889826852,0.12074971196522372
2024-07-07,239661.75,21.64625,-0.6567761751647224,0.43135494426400217,102.24384576911841,113.1449441442848,0.8733606599099955,0.8586102882409875,0.8906885318774764,1.1627749214042429,0.8240482534819378,0.12074971196522372
2024-07-08,80288.75,88.42333333333333,-1.0935990427274478,1.19595886625439,103.19418601255525,113.1449441442848,0.8733606599099955,0.8586102882409875,0.8906885318774764,1.1627749214042429,0.8229116682301737,0.12074971196522372
2024-07-09,178665.25,77.6925,0.7998844317553336,0.639815104164553,103.80865147977663,113.1449441442848,0.8733606599099955,0.8586102882409875,0.8906885318774764,1.1627749214042429,0.823321640735424,0.12074971196522372
2024-07-10,160694.25,79.01166666666667,-0.10601045212177344,0.01123821595906282,103.80472211659111,113.1449441442848,0.8733606599099955,0.8586102882409875,0.8906885318774764,1.1627749214042429,0.8212902668981902,0.12074971196522372
2024-07-11,67046.5,91.27208333333334,-0.8741170826306355,0.7640806741466932,104.21403298402826,113.1449441442848,0.8733606599099955,0.8586102882409875,0.8906885318774764,1.1627749214042429,0.8174520360133672,0.12074971196522372
2024-07-12,253278.0,90.59583333333335,1.329101291187913,1.7665102422373775,105.86684231978943,113.1449441442848,0.8733606599099955,0.8586102882409875,0.8906885318774764,1.1627749214042429,0.8145570069445041,0.12074971196522372
2024-07-13,279756.75,28.69,0.09943277588498624,0.009886876920193901,105.84316895427067,113.1449441442848,0.8733606599099955,0.8586102882409875,0.8906885318774764,1.1627749214042429,0.8117672570176954,0.12074971196522372
2024-07-14,138462.0,24.383333333333336,-0.7033245558367726,0.4946654308429934,106.33727545977182,113.1449441442848,0.8733606599099955,0.8586102882409875,0.8906885318774764,1.1627749214042429,0.8184599977413138,0.12074971196522372
2024-07-15,111484.5,77.67125,-0.21671035196650404,0.04696337664944606,106.34137927257257,113.1449441442848,0.8733606599099955,0.8586102882409875,0.8906885318774764,1.1627749214042429,0.8173754733283911,0.12074971196522372
2024-07-16,336263.75,50.30125,1.1040102544893013,1.218838642017532,107.47962052105221,113.1449441442848,0.8733606599099955,0.8586102882409875,0.8906885318774764,1.1627749214042429,0.8135821661633299,0.12074971196522372
2024-07-17,273386.75,76.37666666666667,-0.2070083629471724,0.04285246233006826,107.50862652024438,113.1449441442848,0.8733606599099955,0.8586102882409875,0.8906885318774764,1.1627749214042429,0.8100786136880239,0.12074971196522372
2024-07-18,36644.25,90.74166666666667,-2.009630932797131,4.0386164860550675,111.53561672187408,113.1449441442848,0.8733606599099955,0.8586102882409875,0.8906885318774764,1.1627749214042429,0.8067380747292663,0.12074971196522372
2024-07-19,50967.0,85.90125,0.32992183793889623,0.10884841914897932,111.57263836059133,113.1449441442848,0.8733606599099955,0.8586102882409875,0.8906885318774764,1.1627749214042429,0.8122055417781541,0.12074971196522372
2024-07-20,108924.25,61.99375,0.7594743220402587,0.5768012458385106,111.99793821606906,113.1449441442848,0.8733606599099955,0.8586102882409875,0.8906885318774764,1.1627749214042429,0.8358380602422547,0.12074971196522372
2024-07-21,128225.75,54.33083333333334,0.1631396958434707,0.026614560359900136,111.42168939082266,113.1449441442848,0.8733606599099955,0.8586102882409875,0.8906885318774764,1.1627749214042429,0.8430870946143681,0.12074971196522372
2024-07-22,218111.75,91.22625,0.5312151637743501,0.2821895502238096,110.15792319985972,113.1449441442848,0.8733606599099955,0.8586102882409875,0.8906885318774764,1.1627749214042429,0.8406521090126718,0.12074971196522372
2024-07-23,182412.0,79.50708333333334,-0.17873968117608413,0.031947873626928205,109.92761318854215,113.1449441442848,0.8733606599099955,0.8586102882409875,0.8906885318774764,1.1627749214042429,0.8373926786278844,0.12074971196522372
2024-07-24,190974.25,65.8625,0.04587073725422499,0.0021041245362461445,109.62624335359956,113.1449441442848,0.8733606599099955,0.8586102882409875,0.8906885318774764,1.1627749214042429,0.8332901698312181,0.12074971196522372
2024-07-25,43563.75,79.2775,-1.4779132196904505,2.184227484935794,111.75549946819143,113.1449441442848,0.8733606599099955,0.8586102882409875,0.8906885318774764,1.1627749214042429,0.8333520370310454,0.12074971196522372
2024-07-26,137505.25,90.94541666666667,1.1494367156822436,1.321204763358383,112.81821061147643,113.1449441442848,0.8733606599099955,0.8586102882409875,0.8906885318774764,1.1627749214042429,0.8317472522035659,0.12074971196522372
2024-07-27,33875.0,80.8325,-1.4009848189960357,1.962758463057355,114.72666101482606,113.1449441442848,0.8733606599099955,0.8586102882409875,0.8906885318774764,1.1627749214042429,0.8310586290220668,0.12074971196522372
2024-07-28,185151.5,46.02125,1.698497129666232,2.8848924994844287,116.82549376040217,113.1449441442848,0.8733606599099955,0.8586102882409875,0.8906885318774764,1.1627749214042429,0.8473343507350295,0.12074971196522372
2024-07-29,86337.0,71.61999999999999,-0.762916165694067,0.582041075877337,117.14146923659229,113.1449441442848,0.8733606599099955,0.8586102882409875,0.8906885318774764,1.1627749214042429,0.8496797820534779,0.12074971196522372
2024-07-30,50579.0,77.24208333333333,-0.5347217727859931,0.2859273742913952,116.65611122163484,113.1449441442848,0.8733606599099955,0.8586102882409875,0.8906885318774764,1.1627749214042429,0.8571542040067717,0.12074971196522372
2024-07-31,47735.75,79.40458333333333,-0.05785587731756013,0.003347302540184569,116.46936791688742,113.1449441442848,0.8733606599099955,0.8586102882409875,0.8906885318774764,1.1627749214042429,0.858904197740758,0.12074971196522372
2024-08-01,76051.25,94.86625,0.46572686205664443,0.2169015100411287,115.13371082630397,113.1449441442848,0.8733606599099955,0.8586102882409875,0.8906885318774764,1.1627749214042429,0.8541394002697799,0.12074971196522372
2024-08-02,70964.25,93.81208333333332,-0.06923122601989816,0.004792962656218224,115.13088784869073,113.1449441442848,0.8733606599099955,0.8586102882409875,0.8906885318774764,1.1627749214042429,0.8511832040549263,0.12074971196522372
2024-08-03,51527.75,75.28916666666667,-0.32005573160350087,0.10243567133225219,114.84227917678307,113.1449441442848,0.8733606599099955,0.8586102882409875,0.8906885318774764,1.1627749214042429,0.8477311085388611,0.12074971196522372
2024-08-04,193179.5,62.09166666666667,1.321499310986424,1.7463604289375931,115.77635674205924,113.1449441442848,0.8733606599099955,0.8586102882409875,0.8906885318774764,1.1627749214042429,0.8461745111896404,0.12074971196522372
2024-08-05,46304.25,99.85625,-1.4283860589520583,2.040286733408593,117.49293020460644,113.1449441442848,0.8733606599099955,0.8586102882409875,0.8906885318774764,1.1627749214042429,0.8438978453514047,0.12074971196522372
2024-08-06,56061.75,86.98,0.1912200122670205,0.03656509309139948,117.52413416709632,113.1449441442848,0.8733606599099955,0.8586102882409875,0.8906885318774764,1.1627749214042429,0.8536354580298018,0.12074971196522372
2024-08-07,102678.0,92.90958333333333,0.6051441160202614,0.3661994011539436,117.80916595109746,113.1449441442848,0.8733606599099955,0.8586102882409875,0.8906885318774764,1.1627749214042429,0.8490411513126612,0.12074971196522372
2024-08-08,82775.25,93.15458333333333,-0.2154687741590423,0.04642679263760038,112.35752554273341,113.1449441442848,0.8733606599099955,0.8586102882409875,0.8906885318774764,1.1627749214042429,0.8448088989018808,0.12074971196522372
2024-08-09,407165.25,53.31708333333333,1.593090019030611,2.5379358087349524,114.83719382633521,113.1449441442848,0.8733606599099955,0.8586102882409875,0.8906885318774764,1.1627749214042429,0.8403692991280323,0.12074971196522372
2024-08-10,192748.5,49.84708333333333,-0.7478328923829475,0.5592540349298452,115.2827818236751,113.1449441442848,0.8733606599099955,0.8586102882409875,0.8906885318774764,1.1627749214042429,0.860518389293673,0.12074971196522372
2024-08-11,88996.75,54.7175,-0.7727863781005401,0.5971987861777509,115.2042537005926,113.1449441442848,0.8733606599099955,0.8586102882409875,0.8906885318774764,1.1627749214042429,0.8564328320211828,0.12074971196522372
2024-08-12,113158.25,92.05833333333334,0.24018742927377262,0.05769000118114353,114.53218174761811,113.1449441442848,0.8733606599099955,0.8586102882409875,0.8906885318774764,1.1627749214042429,0.8531094023786501,0.12074971196522372
2024-08-13,224974.0,99.73833333333333,0.6871975584865836,0.4722404843899215,115.0002481032943,113.1449441442848,0.8733606599099955,0.8586102882409875,0.8906885318774764,1.1627749214042429,0.8583122546598075,0.12074971196522372
2024-08-14,119844.0,108.0125,-0.629793942922809,0.3966404105422584,114.53107783576597,113.1449441442848,0.8733606599099955,0.8586102882409875,0.8906885318774764,1.1627749214042429,0.8699972118766478,0.12074971196522372
2024-08-15,81890.5,85.52875,-0.380807908033923,0.14501466282117276,114.6166838586566,113.1449441442848,0.8733606599099955,0.8586102882409875,0.8906885318774764,1.1627749214042429,0.8795594786015846,0.12074971196522372
2024-08-16,155382.0,108.03875,0.6405036120938162,0.41024487710522584,114.28866970510633,113.1449441442848,0.8733606599099955,0.8586102882409875,0.8906885318774764,1.1627749214042429,0.8744152001070212,0.12074971196522372
2024-08-17,44399.75,93.23583333333333,-1.2526527623171948,1.5691389429408986,115.52423873718128,113.1449441442848,0.8733606599099955,0.8586102882409875,0.8906885318774764,1.1627749214042429,0.8692770116623927,0.12074971196522372
2024-08-18,79262.75,88.23666666666666,0.5795344443061236,0.3358601721372074,115.7125759765654,113.1449441442848,0.8733606599099955,0.8586102882409875,0.8906885318774764,1.1627749214042429,0.8804954252733646,0.12074971196522372
2024-08-19,73331.25,108.19625,-0.0777814349080231,0.006049951616351034,115.69436907497378,113.1449441442848,0.8733606599099955,0.8586102882409875,0.8906885318774764,1.1627749214042429,0.8752902068850295,0.12074971196522372
2024-08-20,146165.75,92.11208333333333,0.6897544035549624,0.47576113722346197,114.88587578506984,113.1449441442848,0.8733606599099955,0.8586102882409875,0.8906885318774764,1.1627749214042429,0.871584537645256,0.12074971196522372
2024-08-21,423861.5,52.623333333333335,1.064665499181762,1.1335126251479501,115.92520721197742,113.1449441442848,0.8733606599099955,0.8586102882409875,0.8906885318774764,1.1627749214042429,0.870462907044418,0.12074971196522372
2024-08-22,290670.5,63.04208333333333,-0.3772164276992187,0.1422922333261599,115.21787638601322,113.1449441442848,0.8733606599099955,0.8586102882409875,0.8906885318774764,1.1627749214042429,0.8723304711658014,0.12074971196522372
2024-08-23,521447.75,39.125,0.5844187544394412,0.34154528054054795,114.86321500016413,113.1449441442848,0.8733606599099955,0.8586102882409875,0.8906885318774764,1.1627749214042429,0.873749969873298,0.12074971196522372
2024-08-24,323673.5,49.80916666666667,-0.4768737860109823,0.22740860778444813,114.52022448139674,113.1449441442848,0.8733606599099955,0.8586102882409875,0.8906885318774764,1.1627749214042429,0.8858823166436868,0.12074971196522372
2024-08-25,339814.0,21.86375,0.04866311743964224,0.0023680989989444123,114.51299646295537,113.1449441442848,0.8733606599099955,0.8586102882409875,0.8906885318774764,1.1627749214042429,0.8824871003521928,0.12074971196522372
2024-08-26,128265.25,99.58541666666667,-0.9742980237314998,0.9492566390471061,115.46116869862962,113.1449441442848,0.8733606599099955,0.8586102882409875,0.8906885318774764,1.1627749214042429,0.882123424362937,0.12074971196522372
2024-08-27,102189.75,90.89791666666667,-0.22726900616610782,0.051651201163730356,115.51281313711306,113.1449441442848,0.8733606599099955,0.8586102882409875,0.8906885318774764,1.1627749214042429,0.8782389833435901,0.12074971196522372
2024-08-28,183481.5,95.9225,0.5852824657757172,0.34255556474450355,115.78581954417093,113.1449441442848,0.8733606599099955,0.8586102882409875,0.8906885318774764,1.1627749214042429,0.8764025424659274,0.12074971196522372
2024-08-29,134777.25,112.91083333333334,-0.3084904292843143,0.09516634496002052,115.81969298182858,113.1449441442848,0.8733606599099955,0.8586102882409875,0.8906885318774764,1.1627749214042429,0.8720252599464341,0.12074971196522372
2024-08-30,121136.0,106.6375,-0.1067095343282482,0.011386924716551582,115.82870716731834,113.1449441442848,0.8733606599099955,0.8586102882409875,0.8906885318774764,1.1627749214042429,0.86698300012381,0.12074971196522372
2024-08-31,208270.75,79.04625,0.5419250345782229,0.2936827431026081,116.01404232632619,113.1449441442848,0.8733606599099955,0.8586102882409875,0.8906885318774764,1.1627749214042429,0.865595684616592,0.12074971196522372
2024-09-01,249530.75,61.64791666666667,0.18074323815116047,0.032668118137367114,116.01681901043129,113.1449441442848,0.8733606599099955,0.8586102882409875,0.8906885318774764,1.1627749214042429,0.8662063508529323,0.12074971196522372
2024-09-02,163901.75,115.07375,-0.4203149911553307,0.17666469178990574,116.17370866817275,113.1449441442848,0.8733606599099955,0.8586102882409875,0.8906885318774764,1.1627749214042429,0.8666485160493212,0.12074971196522372
2024-09-03,61612.75,158.39208333333332,-0.9783983332935613,0.9572632985916186,117.12762512229486,113.1449441442848,0.8733606599099955,0.8586102882409875,0.8906885318774764,1.1627749214042429,0.8622779943615871,0.12074971196522372
2024-09-04,101448.75,125.83666666666666,0.49868491521391134,0.24868664466190593,116.96193560394809,113.1449441442848,0.8733606599099955,0.8586102882409875,0.8906885318774764,1.1627749214042429,0.8678099033372284,0.12074971196522372
2024-09-05,448572.5,64.42291666666667,1.4865165735238115,2.2097315233609733,118.56683581293187,113.1449441442848,0.8733606599099955,0.8586102882409875,0.8906885318774764,1.1627749214042429,0.8687994785884622,0.12074971196522372
2024-09-06,356993.5,76.12708333333333,-0.2283527440481937,0.05214497571433986,118.61740138144714,113.1449441442848,0.8733606599099955,0.8586102882409875,0.8906885318774764,1.1627749214042429,0.8898264086545253,0.12074971196522372
2024-09-07,121623.25,79.41666666666667,-1.0767894224175263,1.15947546023027,119.63401698640058,113.1449441442848,0.8733606599099955,0.8586102882409875,0.8906885318774764,1.1627749214042429,0.887886491822886,0.12074971196522372
2024-09-08,155958.0,68.99791666666667,0.24865858831775114,0.061831093544176846,119.69582156824988,113.1449441442848,0.8733606599099955,0.8586102882409875,0.8906885318774764,1.1627749214042429,0.8857603645232537,0.12074971196522372
2024-09-09,235384.5,99.73083333333334,0.41163360705749485,0.16944222645916407,119.86270214605965,113.1449441442848,0.8733606599099955,0.8586102882409875,0.8906885318774764,1.1627749214042429,0.8812508628197914,0.12074971196522372
2024-09-10,484484.5,59.03875,0.7218650917863171,0.521089210739668,120.38316471774966,113.1449441442848,0.8733606599099955,0.8586102882409875,0.8906885318774764,1.1627749214042429,0.8768973366053953,0.12074971196522372
2024-09-11,403398.5,80.93958333333333,-0.18316053195546395,0.03354778046620853,120.346232366159,113.1449441442848,0.8733606599099955,0.8586102882409875,0.8906885318774764,1.1627749214042429,0.8922976515249694,0.12074971196522372
2024-09-12,118674.5,112.33833333333332,-1.2235404558783143,1.4970512471709132,121.56486147998098,113.1449441442848,0.8733606599099955,0.8586102882409875,0.8906885318774764,1.1627749214042429,0.8915076814820873,0.12074971196522372
2024-09-13,272539.0,90.81291666666665,0.8313972718875386,0.6912214237020419,122.21465171820714,113.1449441442848,0.8733606599099955,0.8586102882409875,0.8906885318774764,1.1627749214042429,0.887737746175096,0.12074971196522372
2024-09-14,407995.75,53.83375,0.4034750345544724,0.16279210350873272,122.08588782539906,113.1449441442848,0.8733606599099955,0.8586102882409875,0.8906885318774764,1.1627749214042429,0.8823552146343908,0.12074971196522372
2024-09-15,227982.75,62.12625,-0.5819867894857402,0.3387086231359193,122.35982769577448,113.1449441442848,0.8733606599099955,0.8586102882409875,0.8906885318774764,1.1627749214042429,0.8778574058203854,0.12074971196522372
2024-09-16,252238.75,97.47333333333334,0.101106091429182,0.010222441724086111,122.31994924240526,113.1449441442848,0.8733606599099955,0.8586102882409875,0.8906885318774764,1.1627749214042429,0.8944695820070361,0.12074971196522372
2024-09-17,288696.0,88.89416666666666,0.13499817173319803,0.01822450637130603,122.1488121719325,113.1449441442848,0.8733606599099955,0.8586102882409875,0.8906885318774764,1.1627749214042429,0.8888808799538288,0.12074971196522372
2024-09-18,304874.0,77.97708333333334,0.05452434513802352,0.002972904212730309,121.74863280138277,113.1449441442848,0.8733606599099955,0.8586102882409875,0.8906885318774764,1.1627749214042429,0.8834575098918485,0.12074971196522372
2024-09-19,348754.75,77.86874999999999,0.13447037661660288,0.01808228218741102,121.66624984545474,113.1449441442848,0.8733606599099955,0.8586102882409875,0.8906885318774764,1.1627749214042429,0.8781925199182804,0.12074971196522372
2024-09-20,355135.5,73.36666666666666,0.018130453676601883,0.00032871335051940675,121.59351288464902,113.1449441442848,0.8733606599099955,0.8586102882409875,0.8906885318774764,1.1627749214042429,0.8738607019214565,0.12074971196522372
2024-09-21,179026.5,70.02416666666666,-0.6849655672151511,0.4691778282703737,120.2740720541563,113.1449441442848,0.8733606599099955,0.8586102882409875,0.8906885318774764,1.1627749214042429,0.8695056507359218,0.12074971196522372
2024-09-22,61510.75,76.18166666666667,-1.0683218832906902,1.141311646317767,121.40728262830301,113.1449441442848,0.8733606599099955,0.8586102882409875,0.8906885318774764,1.1627749214042429,0.8644913020135384,0.12074971196522372
2024-09-23,57865.0,121.3625,-0.06109924498522708,0.003733117737764796,121.40820460821365,113.1449441442848,0.8733606599099955,0.8586102882409875,0.8906885318774764,1.1627749214042429,0.8605889063708015,0.12074971196522372
2024-09-24,253287.75,91.7725,1.4764134829115976,2.1797967725231544,123.26635856173452,113.1449441442848,0.8733606599099955,0.8586102882409875,0.8906885318774764,1.1627749214042429,0.8599221438848628,0.12074971196522372
2024-09-25,401764.25,75.1425,0.4613392795964838,0.21283393089860264,123.44489719332444,113.1449441442848,0.8733606599099955,0.8586102882409875,0.8906885318774764,1.1627749214042429,0.856326665886839,0.12074971196522372
2024-09-26,644532.5,55.002916666666664,0.47265977398709164,0.22340726194552854,123.4695966356688,113.1449441442848,0.8733606599099955,0.8586102882409875,0.8906885318774764,1.1627749214042429,0.854764576588173,0.12074971196522372
2024-09-27,830542.0,14.7575,0.2535532519240296,0.06428925156125043,122.07405862811552,113.1449441442848,0.8733606599099955,0.8586102882409875,0.8906885318774764,1.1627749214042429,0.8502938528970757,0.12074971196522372
2024-09-28,425493.25,29.070833333333336,-0.6688294155214212,0.44733278706672586,122.52131931042827,113.1449441442848,0.8733606599099955,0.8586102882409875,0.8906885318774764,1.1627749214042429,0.8576521782346668,0.12074971196522372
2024-09-29,171043.0,58.34625,-0.911334097318125,0.8305298369346417,123.28653850553498,113.1449441442848,0.8733606599099955,0.8586102882409875,0.8906885318774764,1.1627749214042429,0.8533859549911519,0.12074971196522372
2024-09-30,558316.5,33.322916666666664,1.1830110190031304,1.399515071082825,124.62669906981327,113.1449441442848,0.8733606599099955,0.8586102882409875,0.8906885318774764,1.1627749214042429,0.8553756127566261,0.12074971196522372
2024-10-01,401332.75,67.835,-0.33013512217159957,0.10898919889125698,124.7263913277675,113.1449441442848,0.8733606599099955,0.8586102882409875,0.8906885318774764,1.1627749214042429,0.8692370127203123,0.12074971196522372
2024-10-02,225568.75,95.86208333333333,-0.576165893185583,0.3319671364703406,125.03922199903079,113.1449441442848,0.8733606599099955,0.8586102882409875,0.8906885318774764,1.1627749214042429,0.8680826038568676,0.12074971196522372
2024-10-03,268444.0,72.65583333333333,0.17401733556233137,0.03028203307621304,124.68266700985559,113.1449441442848,0.8733606599099955,0.8586102882409875,0.8906885318774764,1.1627749214042429,0.8631018043482581,0.12074971196522372
2024-10-04,174093.25,96.12958333333334,-0.43305125088680796,0.1875333858946291,124.8003007056232,113.1449441442848,0.8733606599099955,0.8586102882409875,0.8906885318774764,1.1627749214042429,0.8591363881473684,0.12074971196522372
2024-10-05,73331.25,85.93374999999999,-0.8646042270113717,0.7475404693659317,125.28955589682195,113.1449441442848,0.8733606599099955,0.8586102882409875,0.8906885318774764,1.1627749214042429,0.8750808238154716,0.12074971196522372
2024-10-06,218869.75,54.89791666666667,1.0934899558349969,1.1957202835120233,126.45477380666142,113.1449441442848,0.8733606599099955,0.8586102882409875,0.8906885318774764,1.1627749214042429,0.8769861627821337,0.12074971196522372
2024-10-07,265564.75,83.72,0.19338188639612852,0.03739655398612516,126.49212221653383,113.1449441442848,0.8733606599099955,0.8586102882409875,0.8906885318774764,1.1627749214042429,0.8770466636943918,0.12074971196522372
2024-10-08,268606.5,91.31666666666666,0.011388792928649588,0.00012970460437165886,126.46588161940757,113.1449441442848,0.8733606599099955,0.8586102882409875,0.8906885318774764,1.1627749214042429,0.8728070821713609,0.12074971196522372
2024-10-09,392696.0,83.0675,0.3797882922899768,0.14423914696053686,126.5881873596092,113.1449441442848,0.8733606599099955,0.8586102882409875,0.8906885318774764,1.1627749214042429,0.8676937181173816,0.12074971196522372
2024-10-10,614503.0,59.732499999999995,0.44777803537252464,0.20050516896207793,126.69364945506791,113.1449441442848,0.8733606599099955,0.8586102882409875,0.8906885318774764,1.1627749214042429,0.8627787631353107,0.12074971196522372
2024-10-11,217319.75,95.20208333333333,-1.0394440397067364,1.0804439116818594,127.76232359364697,113.1449441442848,0.8733606599099955,0.8586102882409875,0.8906885318774764,1.1627749214042429,0.8598582348359594,0.12074971196522372
2024-10-12,330812.75,56.3725,0.42018273402767925,0.17655352997497545,127.92717540642401,113.1449441442848,0.8733606599099955,0.8586102882409875,0.8906885318774764,1.1627749214042429,0.8555359560618514,0.12074971196522372
2024-10-13,751826.75,8.106250000000001,0.8209534064356778,0.6739644955383433,128.59324585606893,113.1449441442848,0.8733606599099955,0.8586102882409875,0.8906885318774764,1.1627749214042429,0.8513816946311844,0.12074971196522372
2024-10-14,187006.75,105.58625,-1.391361199308877,1.9358859869422367,130.51912613189046,113.1449441442848,0.8733606599099955,0.8586102882409875,0.8906885318774764,1.1627749214042429,0.8520470519220062,0.12074971196522372
2024-10-15,191627.25,94.99708333333332,0.024407366346202847,0.0005957195319577554,130.5169136554094,113.1449441442848,0.8733606599099955,0.8586102882409875,0.8906885318774764,1.1627749214042429,0.8514243285274674,0.12074971196522372
2024-10-16,606823.0,35.07625,1.1526850717074442,1.3286828745371957,131.34193923469908,113.1449441442848,0.8733606599099955,0.8586102882409875,0.8906885318774764,1.1627749214042429,0.8591135754454883,0.12074971196522372
2024-10-17,351051.5,71.5175,-0.5473042141637359,0.29954190284138443,130.97174866552143,113.1449441442848,0.8733606599099955,0.8586102882409875,0.8906885318774764,1.1627749214042429,0.8828852552510931,0.12074971196522372
2024-10-18,104799.25,102.27375,-1.2088863209769436,1.4614061370451699,131.79424636854225,113.1449441442848,0.8733606599099955,0.8586102882409875,0.8906885318774764,1.1627749214042429,0.8784221567203586,0.12074971196522372
2024-10-19,191993.25,85.51625,0.6054135997870017,0.36652562680705586,131.4050820208652,113.1449441442848,0.8733606599099955,0.8586102882409875,0.8906885318774764,1.1627749214042429,0.8835651505611135,0.12074971196522372
2024-10-20,336835.75,35.51416666666667,0.562135207656049,0.31599599168650927,131.57211614516189,113.1449441442848,0.8733606599099955,0.8586102882409875,0.8906885318774764,1.1627749214042429,0.8782176492762076,0.12074971196522372
2024-10-21,320803.0,83.03958333333334,-0.04876819524625424,0.0023783368675767747,131.56351419800984,113.1449441442848,0.8733606599099955,0.8586102882409875,0.8906885318774764,1.1627749214042429,0.8801191616542928,0.12074971196522372
2024-10-22,294816.5,103.01458333333333,-0.08447409867141598,0.007135873346348122,131.49188921005214,113.1449441442848,0.8733606599099955,0.8586102882409875,0.8906885318774764,1.1627749214042429,0.8777838150171079,0.12074971196522372
2024-10-23,101855.5,111.99666666666667,-1.0627979867015147,1.129539560536793,132.58870162065364,113.1449441442848,0.8733606599099955,0.8586102882409875,0.8906885318774764,1.1627749214042429,0.8745637220400427,0.12074971196522372
2024-10-24,210903.75,101.67916666666667,0.7278467260688333,0.5297608566491192,132.9408101802098,113.1449441442848,0.8733606599099955,0.8586102882409875,0.8906885318774764,1.1627749214042429,0.8701725806907751,0.12074971196522372
2024-10-25,156590.0,112.71583333333332,-0.2977709437081319,0.08866753491683145,132.8216694922858,113.1449441442848,0.8733606599099955,0.8586102882409875,0.8906885318774764,1.1627749214042429,0.8651330675884559,0.12074971196522372
2024-10-26,120884.5,101.71875,-0.2587953802837896,0.06697504885623129,132.59243495778577,113.1449441442848,0.8733606599099955,0.8586102882409875,0.8906885318774764,1.1627749214042429,0.8624527346243185,0.12074971196522372
2024-10-27,192419.0,90.74666666666667,0.4648397416810799,0.21607598544613307,132.63985227330826,113.1449441442848,0.8733606599099955,0.8586102882409875,0.8906885318774764,1.1627749214042429,0.8610564365784633,0.12074971196522372
2024-10-28,270038.0,111.34708333333333,0.3388874038814248,0.11484467250949193,132.6298464694211,113.1449441442848,0.8733606599099955,0.8586102882409875,0.8906885318774764,1.1627749214042429,0.856487656307137,0.12074971196522372
2024-10-29,141634.0,141.17791666666668,-0.6453164244046083,0.4164332876063486,132.98963456797014,113.1449441442848,0.8733606599099955,0.8586102882409875,0.8906885318774764,1.1627749214042429,0.8528451377617212,0.12074971196522372
2024-10-30,114952.75,124.69041666666668,-0.20872509106345272,0.04356616363944663,132.9877785321795,113.1449441442848,0.8733606599099955,0.8586102882409875,0.8906885318774764,1.1627749214042429,0.8546514281809132,0.12074971196522372
2024-10-31,258292.75,105.78958333333333,0.8095724572020475,0.655407563460161,133.60523057028686,113.1449441442848,0.8733606599099955,0.8586102882409875,0.8906885318774764,1.1627749214042429,0.8503010524151987,0.12074971196522372
2024-11-01,398941.5,75.06,0.43472115802920125,0.18898248523824976,133.7939499823774,113.1449441442848,0.8733606599099955,0.8586102882409875,0.8906885318774764,1.1627749214042429,0.8493668543887961,0.12074971196522372
2024-11-02,113937.0,106.75875,-1.2531691255408188,1.5704328572087405,134.88873388390732,113.1449441442848,0.8733606599099955,0.8586102882409875,0.8906885318774764,1.1627749214042429,0.8470321514110294,0.12074971196522372
2024-11-03,109960.5,93.43416666666667,-0.035524453663689386,0.0012619868081036143,134.86775584755335,113.1449441442848,0.8733606599099955,0.8586102882409875,0.8906885318774764,1.1627749214042429,0.8673737704429857,0.12074971196522372
2024-11-04,99468.0,125.86833333333334,-0.10028522599735672,0.01005712655334091,134.8564897054824,113.1449441442848,0.8733606599099955,0.8586102882409875,0.8906885318774764,1.1627749214042429,0.8641006504101464,0.12074971196522372
2024-11-05,91821.75,164.785,-0.07998678672940038,0.006397886051294581,134.4890416822578,113.1449441442848,0.8733606599099955,0.8586102882409875,0.8906885318774764,1.1627749214042429,0.8868190216368904,0.12074971196522372
2024-11-06,7213.75,231.09124999999997,-2.54386027062495,6.4712250764640435,140.69063620531836,113.1449441442848,0.8733606599099955,0.8586102882409875,0.8906885318774764,1.1627749214042429,0.8831470340616527,0.12074971196522372
2024-11-07,30061.0,159.62208333333334,1.4272397235281955,2.03701322841684,140.48050104862574,113.1449441442848,0.8733606599099955,0.8586102882409875,0.8906885318774764,1.1627749214042429,0.9123690922486659,0.12074971196522372
2024-11-08,178953.75,113.38916666666667,1.783898741995418,3.182294721692835,143.5725302828721,113.1449441442848,0.8733606599099955,0.8586102882409875,0.8906885318774764,1.1627749214042429,0.9098965918472784,0.12074971196522372
2024-11-09,75846.5,114.47416666666668,-0.8584158315414452,0.7368777398409908,144.30916664964354,113.1449441442848,0.8733606599099955,0.8586102882409875,0.8906885318774764,1.1627749214042429,0.9040049888316883,0.12074971196522372
2024-11-10,28114.5,114.16916666666667,-0.9924261035401951,0.984909570987974,145.28481507361147,113.1449441442848,0.8733606599099955,0.8586102882409875,0.8906885318774764,1.1627749214042429,0.9014051728295642,0.12074971196522372
2024-11-11,145661.0,121.76541666666667,1.6449965465839504,2.7060136382731232,147.63462200133506,113.1449441442848,0.8733606599099955,0.8586102882409875,0.8906885318774764,1.1627749214042429,0.8966788228062693,0.12074971196522372
2024-11-12,114863.25,166.12291666666667,-0.23753971371708046,0.05642511559279254,147.59131240269932,113.1449441442848,0.8733606599099955,0.8586102882409875,0.8906885318774764,1.1627749214042429,0.8909942179466771,0.12074971196522372
2024-11-13,95919.75,150.0925,-0.18023038597463567,0.03248299202856615,147.0206526084935,113.1449441442848,0.8733606599099955,0.8586102882409875,0.8906885318774764,1.1627749214042429,0.8933532513382225,0.12074971196522372
2024-11-14,266426.0,122.01666666666667,1.0215846271242492,1.0436351503765913,146.9893369322557,113.1449441442848,0.8733606599099955,0.8586102882409875,0.8906885318774764,1.1627749214042429,0.8880818525697168,0.12074971196522372
2024-11-15,202215.75,124.17,-0.2757613347735666,0.07604431375609909,146.64904148355404,113.1449441442848,0.8733606599099955,0.8586102882409875,0.8906885318774764,1.1627749214042429,0.8852175134792692,0.12074971196522372
2024-11-16,480478.0,94.35625,0.865446244994265,0.7489972029746734,147.39757398621305,113.1449441442848,0.8733606599099955,0.8586102882409875,0.8906885318774764,1.1627749214042429,0.8798465166285749,0.12074971196522372
2024-11-17,688726.75,63.48166666666666,0.3600631613693484,0.12964548017528943,147.49890016161766,113.1449441442848,0.8733606599099955,0.8586102882409875,0.8906885318774764,1.1627749214042429,0.8771280283027112,0.12074971196522372
2024-11-18,563670.0,104.59041666666667,-0.20037562921800192,0.040150392784510186,147.23550864417066,113.1449441442848,0.8733606599099955,0.8586102882409875,0.8906885318774764,1.1627749214042429,0.8719558817317401,0.12074971196522372
2024-11-19,501643.5,123.9925,-0.11657926582696929,0.013590725220755169,146.43675061906117,113.1449441442848,0.8733606599099955,0.8586102882409875,0.8906885318774764,1.1627749214042429,0.8675126066553952,0.12074971196522372
2024-11-20,511810.25,115.03083333333332,0.02006424283300744,0.00040257384046189044,146.34745931429458,113.1449441442848,0.8733606599099955,0.8586102882409875,0.8906885318774764,1.1627749214042429,0.8877173171422937,0.12074971196522372
2024-11-21,433304.25,123.31791666666668,-0.16651381373501414,0.027726850164578983,146.20859469254748,113.1449441442848,0.8733606599099955,0.8586102882409875,0.8906885318774764,1.1627749214042429,0.8827995909474815,0.12074971196522372
2024-11-22,623788.75,111.30416666666667,0.36437163224002933,0.13276668638126318,145.97413978287935,113.1449441442848,0.8733606599099955,0.8586102882409875,0.8906885318774764,1.1627749214042429,0.8789882526485919,0.12074971196522372
2024-11-23,656640.0,76.02125,0.0513241537177012,0.002634168754838222,145.96146418542492,113.1449441442848,0.8733606599099955,0.8586102882409875,0.8906885318774764,1.1627749214042429,0.8737393053453403,0.12074971196522372
2024-11-24,862319.75,3.9675,0.27249021845545907,0.0742509191539038,144.27009407756367,113.1449441442848,0.8733606599099955,0.8586102882409875,0.8906885318774764,1.1627749214042429,0.8695289525188913,0.12074971196522372
2024-11-25,764856.25,55.01458333333333,-0.11993823388496411,0.014385179947444352,144.2370075524644,113.1449441442848,0.8733606599099955,0.8586102882409875,0.8906885318774764,1.1627749214042429,0.8816594337729357,0.12074971196522372
2024-11-26,428137.0,112.74958333333332,-0.5802446698520308,0.33668387689169227,144.3288646206337,113.1449441442848,0.8733606599099955,0.8586102882409875,0.8906885318774764,1.1627749214042429,0.8798629606994526,0.12074971196522372
2024-11-27,543569.25,119.98541666666667,0.23871387552731918,0.05698431436927243,143.1955269069406,113.1449441442848,0.8733606599099955,0.8586102882409875,0.8906885318774764,1.1627749214042429,0.8746215414836479,0.12074971196522372
2024-11-28,735383.5,96.07333333333334,0.3022350184982796,0.09134600640665541,139.78905841850963,113.1449441442848,0.8733606599099955,0.8586102882409875,0.8906885318774764,1.1627749214042429,0.8705411191630763,0.12074971196522372
2024-11-29,155148.0,130.24791666666667,-1.5560126317859417,2.4211753102774125,142.02727225311358,113.1449441442848,0.8733606599099955,0.8586102882409875,0.8906885318774764,1.1627749214042429,0.8694089557106586,0.12074971196522372
2024-11-30,350587.75,104.24041666666666,0.8152315317136168,0.6646024503001299,142.64803000903933,113.1449441442848,0.8733606599099955,0.8586102882409875,0.8906885318774764,1.1627749214042429,0.880329750347234,0.12074971196522372
2024-12-01,318086.75,94.59291666666667,-0.09728688745452929,0.00946473847059025,142.4994928455298,113.1449441442848,0.8733606599099955,0.8586102882409875,0.8906885318774764,1.1627749214042429,0.8788557563606696,0.12074971196522372
2024-12-02,446115.5,109.14791666666667,0.3382537427838431,0.11441559450727831,141.69391054393208,113.1449441442848,0.8733606599099955,0.8586102882409875,0.8906885318774764,1.1627749214042429,0.8745892337213669,0.12074971196522372
2024-12-03,303756.75,144.07208333333332,-0.38435067047327665,0.1477254378932573,141.71432600237932,113.1449441442848,0.8733606599099955,0.8586102882409875,0.8906885318774764,1.1627749214042429,0.871585711082857,0.12074971196522372
2024-12-04,135297.25,182.46916666666667,-0.8087530068631399,0.65408142611017,142.09027010352742,113.1449441442848,0.8733606599099955,0.8586102882409875,0.8906885318774764,1.1627749214042429,0.8706366546863987,0.12074971196522372
2024-12-05,538355.0,106.20083333333334,1.3810439840898192,1.9072824859906807,143.16633527751205,113.1449441442848,0.8733606599099955,0.8586102882409875,0.8906885318774764,1.1627749214042429,0.8787822636700346,0.12074971196522372
2024-12-06,686607.0,86.37458333333332,0.2432438822794506,0.05916758626637922,143.19760813261823,113.1449441442848,0.8733606599099955,0.8586102882409875,0.8906885318774764,1.1627749214042429,0.8860161047558361,0.12074971196522372
2024-12-07,548063.5,71.50833333333334,-0.22537091998887113,0.05079205157663015,142.70828263687082,113.1449441442848,0.8733606599099955,0.8586102882409875,0.8906885318774764,1.1627749214042429,0.8855287723654104,0.12074971196522372
2024-12-08,308970.25,99.06833333333333,-0.5731461622017907,0.32849652324664136,142.55443507415637,113.1449441442848,0.8733606599099955,0.8586102882409875,0.8906885318774764,1.1627749214042429,0.8802465103362338,0.12074971196522372
2024-12-09,599982.0,99.59125,0.6636546608205988,0.440437508828904,141.7357701851041,113.1449441442848,0.8733606599099955,0.8586102882409875,0.8906885318774764,1.1627749214042429,0.8749721372786314,0.12074971196522372
2024-12-10,352366.75,149.92875,-0.5322271181635836,0.28326570530871314,141.40955499990613,113.1449441442848,0.8733606599099955,0.8586102882409875,0.8906885318774764,1.1627749214042429,0.8720180950570309,0.12074971196522372
2024-12-11,38671.75,266.5441666666667,-2.209563177287891,4.882169434426561,145.56494409027897,113.1449441442848,0.8733606599099955,0.8586102882409875,0.8906885318774764,1.1627749214042429,0.8762484580792576,0.12074971196522372
2024-12-12,15052.5,395.33874999999995,-0.9435652689581967,0.890315416784154,146.03998737786782,113.1449441442848,0.8733606599099955,0.8586102882409875,0.8906885318774764,1.1627749214042429,0.8816443339353528,0.12074971196522372
2024-12-13,120411.0,178.46624999999997,2.079366800471236,4.323766290901984,150.36247845249972,113.1449441442848,0.8733606599099955,0.8586102882409875,0.8906885318774764,1.1627749214042429,0.8815453011827209,0.12074971196522372
2024-12-14,410271.0,101.22666666666667,1.2259070261322396,1.5028480367203916,151.61445061690512,113.1449441442848,0.8733606599099955,0.8586102882409875,0.8906885318774764,1.1627749214042429,0.8785256650724035,0.12074971196522372
2024-12-15,826461.0,46.84833333333333,0.7003348122549501,0.4904688492561762,152.10397388979945,113.1449441442848,0.8733606599099955,0.8586102882409875,0.8906885318774764,1.1627749214042429,0.8752550464300944,0.12074971196522372
2024-12-16,976938.25,48.67083333333333,0.16727071714570532,0.027979492814438556,151.1825544215241,113.1449441442848,0.8733606599099955,0.8586102882409875,0.8906885318774764,1.1627749214042429,0.8727477384789636,0.12074971196522372
2024-12-17,537609.5,86.30083333333333,-0.5972909861768368,0.3567565221680983,149.7552524268651,113.1449441442848,0.8733606599099955,0.8586102882409875,0.8906885318774764,1.1627749214042429,0.8811968177500159,0.12074971196522372
2024-12-18,819207.25,54.97208333333333,0.42120464415997816,0.17741335226193383,149.7396430090473,113.1449441442848,0.8733606599099955,0.8586102882409875,0.8906885318774764,1.1627749214042429,0.875914234864006,0.12074971196522372
2024-12-19,900563.75,52.03208333333333,0.09468385176982741,0.00896503178597065,149.74558506639318,113.1449441442848,0.8733606599099955,0.8586102882409875,0.8906885318774764,1.1627749214042429,0.8772314820216068,0.12074971196522372
2024-12-20,735492.0,76.37333333333333,-0.20248129308568016,0.04099867404964911,149.7590281844703,113.1449441442848,0.8733606599099955,0.8586102882409875,0.8906885318774764,1.1627749214042429,0.8720093507215639,0.12074971196522372
2024-12-21,885489.5,22.135833333333334,0.18560093641719014,0.03444770759893786,149.7292647395799,113.1449441442848,0.8733606599099955,0.8586102882409875,0.8906885318774764,1.1627749214042429,0.869328420268659,0.12074971196522372
2024-12-22,687032.0,22.934583333333336,-0.253759728977087,0.06439400005052463,149.77288870856154,113.1449441442848,0.8733606599099955,0.8586102882409875,0.8906885318774764,1.1627749214042429,0.8671119273664041,0.12074971196522372
2024-12-23,650691.75,59.098749999999995,-0.05434484270118212,0.0029533619282162272,149.77103116926457,113.1449441442848,0.8733606599099955,0.8586102882409875,0.8906885318774764,1.1627749214042429,0.8630632907324948,0.12074971196522372
2024-12-24,240549.25,102.48625,-0.9951111774811197,0.9902462555478604,150.67081181556802,113.1449441442848,0.8733606599099955,0.8586102882409875,0.8906885318774764,1.1627749214042429,0.8627738457476848,0.12074971196522372
2024-12-25,151024.75,98.625,-0.46548111961732525,0.21667267272019866,148.61049769138162,113.1449441442848,0.8733606599099955,0.8586102882409875,0.8906885318774764,1.1627749214042429,0.8667283220038106,0.12074971196522372
2024-12-26,76459.0,112.89208333333333,-0.6806890812196003,0.46333762529158357,148.98998670118576,113.1449441442848,0.8733606599099955,0.8586102882409875,0.8906885318774764,1.1627749214042429,0.8617667835539708,0.12074971196522372
2024-12-27,46422.0,121.70625,-0.49898116465338843,0.24898220267885193,147.26781736896402,113.1449441442848,0.8733606599099955,0.8586102882409875,0.8906885318774764,1.1627749214042429,0.8630420611686409,0.12074971196522372
2024-12-28,31442.25,122.63833333333334,-0.38962095490951476,0.15180448850460213,146.822322622733,113.1449441442848,0.8733606599099955,0.8586102882409875,0.8906885318774764,1.1627749214042429,0.8697287990318221,0.12074971196522372
2024-12-29,257394.5,105.28041666666667,2.1024573975265124,4.4203271084139555,151.20195951675126,113.1449441442848,0.8733606599099955,0.8586102882409875,0.8906885318774764,1.1627749214042429,0.8659231294580052,0.12074971196522372
2024-12-30,534347.25,78.15583333333333,0.7304359811056932,0.5335367224938365,151.11628237995873,113.1449441442848,0.8733606599099955,0.8586102882409875,0.8906885318774764,1.1627749214042429,0.8684437184188651,0.12074971196522372
2024-12-31,529023.25,62.1025,-0.010013526774912566,0.00010027071847189087,151.1113137393185,113.1449441442848,0.8733606599099955,0.8586102882409875,0.8906885318774764,1.1627749214042429,0.8733606599099955,0.12074971196522372
