date,0
2015-01-01,1.0405677388396133
2015-01-02,1.660031099115844
2015-01-03,0.3918158380068162
2015-01-04,-0.18889830176664874
2015-01-05,-0.5965955005175294
2015-01-06,-0.09195173675396442
2015-01-07,0.28661212327788
2015-01-08,0.8880777682804281
2015-01-09,1.5177098216528844
2015-01-10,1.159948505813816
2015-01-11,0.9254178700977316
2015-01-12,0.860591673710132
2015-01-13,-0.6724083724396754
2015-01-14,0.3805221394963777
2015-01-15,1.1754822376518068
2015-01-16,0.6276435140666863
2015-01-17,-0.299771622580883
2015-01-18,-0.17613632826956246
2015-01-19,-2.2951920603282514
2015-01-20,-1.271957420215661
2015-01-21,-0.4433417899979213
2015-01-22,-1.3287171445208181
2015-01-23,-0.5205034221777831
2015-01-24,0.9971609113090061
2015-01-25,-0.8287650742197004
2015-01-26,0.6362969611527385
2015-01-27,0.16103980027960185
2015-01-28,0.9545949023169008
2015-01-29,0.3248678830034214
2015-01-30,-2.341843656041587
2015-01-31,-1.4454559588173386
2015-02-01,0.06914239081864815
2015-02-02,-0.03505434436699145
2015-02-03,-0.6807611421336116
2015-02-04,-0.41657368070033574
2015-02-05,-0.590717746934972
2015-02-06,-1.099088343498837
2015-02-07,1.630468152893278
2015-02-08,0.10849418119379994
2015-02-09,0.8655122685348434
2015-02-10,-0.12453139355840193
2015-02-11,-1.9464063946765036
2015-02-12,-0.9754746643987459
2015-02-13,0.24958175460984133
2015-02-14,-0.02547676177673963
2015-02-15,0.674357323807075
2015-02-16,-0.21890110092991488
2015-02-17,-0.8064411905664309
2015-02-18,1.1018773361946603
2015-02-19,0.6636656362811966
2015-02-20,0.14937811984968985
2015-02-21,-1.261250398918142
2015-02-22,0.8549834779628724
2015-02-23,0.9125396154746761
2015-02-24,0.4620184827854754
2015-02-25,-0.630335211855518
2015-02-26,0.2941371526919174
2015-02-27,-0.5909943046687005
2015-02-28,0.5853303441640848
2015-03-01,1.2318122152607225
2015-03-02,0.32953256517007845
2015-03-03,0.03425370157024327
2015-03-04,0.3155752937477006
2015-03-05,-0.26315638010869985
2015-03-06,0.28229971064409976
2015-03-07,1.0610851883064971
2015-03-08,0.20027479181181196
2015-03-09,-1.0397033242871392
2015-03-10,0.9052094656249837
2015-03-11,-0.5545683272607514
2015-03-12,-1.3686116579809198
2015-03-13,0.8763054070930563
2015-03-14,-0.0013752839047481702
2015-03-15,0.4280475562404054
2015-03-16,0.6135216422295262
2015-03-17,-0.5088109754636803
2015-03-18,-0.970858519812226
2015-03-19,-0.8703881025159271
2015-03-20,-0.07034307896853731
2015-03-21,0.6764140566704648
2015-03-22,-1.6441225053522677
2015-03-23,0.9074601874781251
2015-03-24,-1.2355645038132874
2015-03-25,0.21835531780694228
2015-03-26,-0.4945453598697502
2015-03-27,-0.371307489418383
2015-03-28,0.6545368546660952
2015-03-29,0.4701850334742076
2015-03-30,1.2572548435173017
2015-03-31,1.1764597384044344
2015-04-01,0.8310546207096258
2015-04-02,-0.04683570152196448
2015-04-03,0.016565134752476285
2015-04-04,-1.0464451180938874
2015-04-05,-0.5966219471057699
2015-04-06,-1.420081842912404
2015-04-07,0.7744588196793811
2015-04-08,0.0037004579829453647
2015-04-09,-1.816374559379313
2015-04-10,-1.586973968096299
2015-04-11,1.826696419707701
2015-04-12,0.8999244728367621
2015-04-13,0.7463636610639366
2015-04-14,0.10897022127211609
2015-04-15,0.5798401107623133
2015-04-16,0.2072966286120584
2015-04-17,-0.09110390175586186
2015-04-18,-0.6469898298242621
2015-04-19,-1.233601562512998
2015-04-20,0.30430975756508566
2015-04-21,1.0146220704030493
2015-04-22,-0.37723172456166876
2015-04-23,-0.23619206743419138
2015-04-24,-0.6773441397400172
2015-04-25,0.910513160699008
2015-04-26,-1.3621853146053766
2015-04-27,-0.06256743751843308
2015-04-28,-0.08166108264572403
2015-04-29,0.9311682541541022
2015-04-30,-0.6361168469428319
2015-05-01,-0.7990046882445452
2015-05-02,-0.22738398835814722
2015-05-03,0.5863292994524627
2015-05-04,0.40475001841035474
2015-05-05,1.353703420871867
2015-05-06,0.45336419675558504
2015-05-07,0.974821288736348
2015-05-08,-2.275133026994787
2015-05-09,2.215461316468149
2015-05-10,0.1997086205596864
2015-05-11,0.4992133674597584
2015-05-12,-0.08573040471292953
2015-05-13,1.556254947830244
2015-05-14,-0.6103784342425811
2015-05-15,-0.9328043726516753
2015-05-16,1.3291502375101008
2015-05-17,1.0106749608646521
2015-05-18,-0.15700450851565895
2015-05-19,0.9355723738407861
2015-05-20,-0.395723679851952
2015-05-21,-0.2796969200470288
2015-05-22,0.24089911795407482
2015-05-23,-0.049072829138083175
2015-05-24,-0.7139088908937673
2015-05-25,0.21333542876062253
2015-05-26,0.6683027529590139
2015-05-27,0.11515234928064155
2015-05-28,1.0463525910469231
2015-05-29,-0.07634577714563873
2015-05-30,1.177416305861304
2015-05-31,0.6566264451298054
2015-06-01,0.2603052006476628
2015-06-02,2.2768772368332684
2015-06-03,0.32279922839884345
2015-06-04,-1.760549828992335
2015-06-05,0.9444489480934957
2015-06-06,0.733459494286473
2015-06-07,0.4514990962648818
2015-06-08,0.0018707004929615634
2015-06-09,-1.0136127401753057
2015-06-10,-0.4258283128789032
2015-06-11,-0.38190410201555774
2015-06-12,-0.7968287905303875
2015-06-13,0.5084290482520163
2015-06-14,0.41839500581532657
2015-06-15,0.33235390834295697
2015-06-16,0.21528973268357215
2015-06-17,0.7778300735295327
2015-06-18,0.8141794185639721
2015-06-19,0.7373660851378215
2015-06-20,0.053733652699412326
2015-06-21,-0.999167309147466
2015-06-22,-0.0568027403116072
2015-06-23,0.08022121680168937
2015-06-24,1.1997363976311521
2015-06-25,-1.3082718160288216
2015-06-26,-2.0306861000774044
2015-06-27,1.3129449114625462
2015-06-28,-0.18873603113292986
2015-06-29,-0.03821129493004319
2015-06-30,-0.9622301677724481
2015-07-01,0.7189401917389902
2015-07-02,1.302020377952259
2015-07-03,-1.3422560121890101
2015-07-04,0.009699528819578529
2015-07-05,-0.7030109886689849
2015-07-06,2.162371678676832
2015-07-07,-1.0893153091498615
2015-07-08,2.365505175576519
2015-07-09,1.4941111941447314
2015-07-10,0.3683570986116038
2015-07-11,-2.698738050262793
2015-07-12,1.1714821173495673
2015-07-13,-0.9200968745772279
2015-07-14,-0.5546036668952798
2015-07-15,-0.12025718314527911
2015-07-16,-0.6566462958634011
2015-07-17,1.0957851197429982
2015-07-18,0.6801380480743414
2015-07-19,-0.508258723856815
2015-07-20,0.0956769262047151
2015-07-21,1.2151038431460015
2015-07-22,-0.45285670757598057
2015-07-23,0.19258005097757902
2015-07-24,-1.110718169385011
2015-07-25,0.9875041167914642
2015-07-26,1.1264925613983445
2015-07-27,-0.343392670085111
2015-07-28,0.9056435763796091
2015-07-29,0.8380742708186715
2015-07-30,1.6425365840770254
2015-07-31,-0.140176532485641
2015-08-01,-1.8822927228806487
2015-08-02,-0.8918173916357912
2015-08-03,1.2621283294613566
2015-08-04,-0.7032630076522022
2015-08-05,-0.04074703676869007
2015-08-06,-0.16396660924430934
2015-08-07,-1.0432610903325448
2015-08-08,0.4210536339682205
2015-08-09,-1.493845017631963
2015-08-10,-0.2978992420849792
2015-08-11,-0.46512847690800313
2015-08-12,-0.03472449418971646
2015-08-13,0.37515896811182625
2015-08-14,1.061788879744983
2015-08-15,-2.1728701082713937
2015-08-16,0.9620913419594915
2015-08-17,0.814498525184707
2015-08-18,0.3751583306545959
2015-08-19,-2.714404713714756
2015-08-20,-1.5503401489708202
2015-08-21,0.7593937075380476
2015-08-22,0.20602115016767653
2015-08-23,1.1995696806257823
2015-08-24,0.19251899365781855
2015-08-25,1.2629872271149765
2015-08-26,0.5392859332468163
2015-08-27,0.8224790077548644
2015-08-28,-0.41122384003250184
2015-08-29,-0.3611526843408338
2015-08-30,-1.3958523397834575
2015-08-31,0.4586334743734991
2015-09-01,0.8758881299845548
2015-09-02,1.3108863976571719
2015-09-03,0.05716798310381532
2015-09-04,0.45868485422189725
2015-09-05,1.3458403206408882
2015-09-06,0.7182538852273532
2015-09-07,-1.0800745553996058
2015-09-08,-0.7201038632440915
2015-09-09,-0.7429636380131344
2015-09-10,0.2033405677491511
2015-09-11,0.6443939104153449
2015-09-12,-0.13543763183047985
2015-09-13,-0.42014817017786427
2015-09-14,0.27893342792814124
2015-09-15,1.360613558969732
2015-09-16,0.12131808270590838
2015-09-17,1.745660650156192
2015-09-18,-0.15838370695275772
2015-09-19,-0.9340288370294705
2015-09-20,0.9528960658872292
2015-09-21,-1.2243516312751903
2015-09-22,0.5015784949960335
2015-09-23,-2.223254539564271
2015-09-24,2.084516619727314
2015-09-25,-0.5761238179409145
2015-09-26,-0.5394484009512058
2015-09-27,-0.17109322347310535
2015-09-28,-1.3504979774782773
2015-09-29,-1.137830052706783
2015-09-30,-0.9639845205319406
2015-10-01,-0.17899383078281028
2015-10-02,-0.42320155579041563
2015-10-03,-0.9655356643260348
2015-10-04,-0.444606865302953
2015-10-05,0.16771498612680896
2015-10-06,1.6698326148646694
2015-10-07,-0.03031533263764652
2015-10-08,-1.9231036011017513
2015-10-09,-0.7911362044821014
2015-10-10,0.5178695611287645
2015-10-11,0.12380180009614158
2015-10-12,-0.23553679530765947
2015-10-13,-0.1194926211591486
2015-10-14,0.403998653634986
2015-10-15,0.2687499468297158
2015-10-16,0.05708022625476111
2015-10-17,-0.8528139996252119
2015-10-18,-0.02750100739864836
2015-10-19,-1.748690060890666
2015-10-20,-1.104032164132818
2015-10-21,1.1495316106009992
2015-10-22,0.74330988090624
2015-10-23,-0.054916657656934376
2015-10-24,0.059503670658270225
2015-10-25,-0.2551307518030733
2015-10-26,-0.6078761542560227
2015-10-27,0.340720369332187
2015-10-28,0.2984086373203959
2015-10-29,-1.373485775776154
2015-10-30,-0.256315478170311
2015-10-31,0.28198964827942974
2015-11-01,-1.290672234585923
2015-11-02,-1.3191276807148125
2015-11-03,-0.8714235531927317
2015-11-04,-0.3859934353275377
2015-11-05,0.20968060957644064
2015-11-06,0.06608469541133635
2015-11-07,1.0607069955259014
2015-11-08,0.18072745556650305
2015-11-09,1.308257158313542
2015-11-10,1.1123107042783422
2015-11-11,0.29107099988382235
2015-11-12,0.26944139912390075
2015-11-13,1.0576655156457746
2015-11-14,0.7629634437309493
2015-11-15,-1.867013719374571
2015-11-16,1.5650436719945051
2015-11-17,-0.24021229765253432
2015-11-18,1.7331765752187795
2015-11-19,1.0048100595785692
2015-11-20,-1.559081273965892
2015-11-21,0.3145965588124349
2015-11-22,0.8339757724505048
2015-11-23,-0.7981842122831179
2015-11-24,1.663985105424658
2015-11-25,-1.5323071045377208
2015-11-26,-0.013400144733338393
2015-11-27,0.9214578333626816
2015-11-28,0.5928107669744928
2015-11-29,1.5529399840295959
2015-11-30,0.39437668363969136
2015-12-01,-0.3901391978206159
2015-12-02,0.7649158313933507
2015-12-03,0.16300045416806191
2015-12-04,1.2241550797284497
2015-12-05,1.5468870905369663
2015-12-06,1.0061931291564001
2015-12-07,-1.9282677716592476
2015-12-08,0.8184279084716023
2015-12-09,0.32468656616696223
2015-12-10,1.4765718550544844
2015-12-11,-0.06402825850537486
2015-12-12,0.03234107190366625
2015-12-13,-0.5036860415286625
2015-12-14,-0.6043757099095681
2015-12-15,-1.0655472202142962
2015-12-16,0.6777629190415917
2015-12-17,0.46955761690695447
2015-12-18,0.40409377039326355
2015-12-19,0.4932970286784802
2015-12-20,0.5041520777099278
2015-12-21,0.9686970645268529
2015-12-22,1.0284227972009141
2015-12-23,0.6667104057311376
2015-12-24,0.25699151080682314
2015-12-25,0.5549478150506983
2015-12-26,0.8420844483211076
2015-12-27,0.4013595626934051
2015-12-28,-0.9645980640545798
2015-12-29,0.8567816309833645
2015-12-30,0.14670322085026516
2015-12-31,0.2791160552862531
2016-01-01,-1.2923503256499753
2016-01-02,1.303774507534344
2016-01-03,0.6862975620000056
2016-01-04,0.30647221853946593
2016-01-05,0.3176957763847532
2016-01-06,-0.1904910840325439
2016-01-07,0.7326624361771851
2016-01-08,-0.5924805066350594
2016-01-09,-0.07361634467638462
2016-01-10,0.3064325724398968
2016-01-11,-0.4714087102227228
2016-01-12,-0.5574522264641326
2016-01-13,-0.7546472291689998
2016-01-14,-0.013541588191689158
2016-01-15,-0.5638549628365728
2016-01-16,-1.6919257361274742
2016-01-17,-0.0588442944817682
2016-01-18,-0.4611050994883439
2016-01-19,0.2246834403847737
2016-01-20,-1.4370213778009178
2016-01-21,-0.8231707991211371
2016-01-22,0.49166910678601927
2016-01-23,-0.27763677539633314
2016-01-24,0.32126044726784053
2016-01-25,0.20107348251056167
2016-01-26,0.991940380673733
2016-01-27,1.5130229439886285
2016-01-28,0.08331497293652235
2016-01-29,1.4183234980758235
2016-01-30,0.2697235115777341
2016-01-31,0.47008282734939133
2016-02-01,0.3129674925417906
2016-02-02,2.0125099005282756
2016-02-03,0.07430925815999068
2016-02-04,-0.22318236266503177
2016-02-05,-0.1552468804367239
2016-02-06,0.8063536714228751
2016-02-07,0.739489796130091
2016-02-08,1.2073502765155522
2016-02-09,-0.28602537116353666
2016-02-10,-0.7783078644881107
2016-02-11,-1.2905906023595861
2016-02-12,-1.7626235738887193
2016-02-13,-0.05061140435503275
2016-02-14,1.1048761309800645
2016-02-15,-0.47642651736442637
2016-02-16,-1.4196860203468156
2016-02-17,0.7154051974237541
2016-02-18,-1.0029321022237083
2016-02-19,-0.15467557284425104
2016-02-20,1.6922661691267562
2016-02-21,-0.05133177297984215
2016-02-22,0.5701196252300146
2016-02-23,0.16021725678778842
2016-02-24,-0.07011452431524312
2016-02-25,-0.6232838198178862
2016-02-26,-1.0244033465914633
2016-02-27,-2.264651580503166
2016-02-28,-0.5121830553255207
2016-02-29,-0.9803961467390957
2016-03-01,0.8907515189668739
2016-03-02,0.05963974517126383
2016-03-03,-1.7209656271270581
2016-03-04,0.5873304500589036
2016-03-05,-1.1578695516557262
2016-03-06,-0.8158262005245868
2016-03-07,-0.49847745347271366
2016-03-08,-0.7901719132803773
2016-03-09,0.5573249309491942
2016-03-10,-0.5540649830389579
2016-03-11,-0.8589885865834449
2016-03-12,-1.1154166223193758
2016-03-13,-1.3203801205712304
2016-03-14,-0.5848441917871514
2016-03-15,-0.01914361665021569
2016-03-16,-0.9072649276296699
2016-03-17,-0.42011959524522025
2016-03-18,-0.1564222811369529
2016-03-19,-0.30602774645510966
2016-03-20,1.3048219517027104
2016-03-21,0.5315087525893666
2016-03-22,-0.0489566438877207
2016-03-23,-0.2639297957965421
2016-03-24,-1.0720579111544615
2016-03-25,0.5130477895401433
2016-03-26,0.2042251999584931
2016-03-27,0.720644120131709
2016-03-28,1.289827339198798
2016-03-29,-0.09782738451757089
2016-03-30,0.2868325647489305
2016-03-31,-0.6004284130761514
2016-04-01,-1.164337803743874
2016-04-02,0.13137921108497164
2016-04-03,-0.6952957202997426
2016-04-04,0.5142628070858444
2016-04-05,-1.6516453306862997
2016-04-06,1.8392873411827315
2016-04-07,1.046368336171581
2016-04-08,-1.0595863206745757
2016-04-09,-1.0106528078762935
2016-04-10,0.9822957961475174
2016-04-11,0.3270192126059498
2016-04-12,-0.055800970272185946
2016-04-13,-1.3272124377479773
2016-04-14,-1.8660522017202608
2016-04-15,0.2363183472365482
2016-04-16,0.6690194667027026
2016-04-17,0.9790958389478603
2016-04-18,0.7068405846290173
2016-04-19,1.2995372107885443
2016-04-20,-0.2004650178873486
2016-04-21,-0.3096983977286555
2016-04-22,0.6583672545421557
2016-04-23,0.09705450438414354
2016-04-24,-0.8746202084385575
2016-04-25,0.14989163884208614
2016-04-26,-1.2174293863256291
2016-04-27,1.0049630452684764
2016-04-28,-0.21803678885815014
2016-04-29,0.8190838193728226
2016-04-30,-0.36383943386570794
2016-05-01,-1.1848258035708963
2016-05-02,-0.39835328041263096
2016-05-03,0.4788823324439978
2016-05-04,-1.473415373093712
2016-05-05,-0.25653508990031626
2016-05-06,1.0227783445253833
2016-05-07,0.47206086647542345
2016-05-08,0.7404749954975502
2016-05-09,0.3831065810599028
2016-05-10,0.19971490341771048
2016-05-11,0.70833213060597
2016-05-12,0.501642918558338
2016-05-13,-0.42229863887177765
2016-05-14,1.117996293409532
2016-05-15,0.5518184752417802
2016-05-16,0.536919439919563
2016-05-17,0.39945662389703174
2016-05-18,-1.3956299795255538
2016-05-19,-0.8376206147370631
2016-05-20,1.114074020915476
2016-05-21,-0.1518373810353518
2016-05-22,0.2444167674872519
2016-05-23,-0.5321302261123612
2016-05-24,-0.37456472310469713
2016-05-25,-1.520035968508091
2016-05-26,-0.9980459313067122
2016-05-27,-0.5434510267336083
2016-05-28,-0.03244791731631169
2016-05-29,0.6698198185152042
2016-05-30,0.9880535050993946
2016-05-31,0.09387245154415136
2016-06-01,0.30808078648499126
2016-06-02,-0.20954398875441904
2016-06-03,-0.08423368549117165
2016-06-04,-0.8593830544752655
2016-06-05,-0.3554118370399378
2016-06-06,-1.9175866585424561
2016-06-07,0.7485867195597449
2016-06-08,0.8862096029715224
2016-06-09,-0.9546241594568939
2016-06-10,1.0580874040983468
2016-06-11,-1.8620312479659265
2016-06-12,0.5363008492243477
2016-06-13,0.6642612783337046
2016-06-14,-0.9384626212912666
2016-06-15,-1.5823552565391021
2016-06-16,-1.100863271317647
2016-06-17,0.18611338263589006
2016-06-18,0.942426945301603
2016-06-19,0.15467888093040721
2016-06-20,1.2670444338527889
2016-06-21,-1.3907326128634077
2016-06-22,0.16972833407274113
2016-06-23,-0.666569543525247
2016-06-24,0.20626803399079965
2016-06-25,-0.5209376777699707
2016-06-26,1.194289726247545
2016-06-27,0.6055068847176438
2016-06-28,-1.1129552701685603
2016-06-29,0.8868448600214658
2016-06-30,0.1892075203749578
2016-07-01,0.8405963911198099
2016-07-02,0.6580884009481216
2016-07-03,0.4204978684195493
2016-07-04,-0.6229333785238549
2016-07-05,0.6725200548913006
2016-07-06,1.906428306250479
2016-07-07,-0.2502012854755139
2016-07-08,0.43316828638926985
2016-07-09,0.4850720383426237
2016-07-10,0.3781811671051551
2016-07-11,1.3699413957768687
2016-07-12,0.12257704938512348
2016-07-13,-1.2019743710384483
2016-07-14,1.6337464154966663
2016-07-15,1.0766865779515316
2016-07-16,0.08376287887147005
2016-07-17,-0.2777300839901859
2016-07-18,0.5675428096439958
2016-07-19,-0.8852863358529905
2016-07-20,0.22895952275021245
2016-07-21,-0.6037625731516214
2016-07-22,-1.8443584847180141
2016-07-23,-1.102232715214717
2016-07-24,-0.7565031464343084
2016-07-25,-0.441197371864801
2016-07-26,-0.1469355904787697
2016-07-27,-0.18517455743624228
2016-07-28,-1.0890847724141415
2016-07-29,-0.08879753211754293
2016-07-30,0.06932043827046619
2016-07-31,-0.98673488737637
2016-08-01,0.6221446476697833
2016-08-02,-1.5083142216781293
2016-08-03,1.7237598819438198
2016-08-04,0.824341921561735
2016-08-05,-0.34088142358546136
2016-08-06,0.31913621783964796
2016-08-07,0.8601492445848742
2016-08-08,1.3788428362471472
2016-08-09,0.227463138349146
2016-08-10,0.3538422862330327
2016-08-11,-0.5808417347886156
2016-08-12,0.2366088232047391
2016-08-13,0.9895233004404442
2016-08-14,-0.27681423252233667
2016-08-15,-0.4397346243731919
2016-08-16,-1.2268957972690209
2016-08-17,-0.7340077819991536
2016-08-18,-0.11281005282751588
2016-08-19,-1.7467532416697722
2016-08-20,1.3958515981732627
2016-08-21,0.25665172825779414
2016-08-22,0.3420376863938009
2016-08-23,-1.1979704261203863
2016-08-24,0.2057384608176503
2016-08-25,0.244769964193978
2016-08-26,0.12440647559593368
2016-08-27,-1.815846128288241
2016-08-28,1.5094779910308729
2016-08-29,0.5794954960792883
2016-08-30,-0.35021170462569695
2016-08-31,-0.6697111496832934
2016-09-01,0.05126597970312374
2016-09-02,0.6467836917114541
2016-09-03,-0.4336570161312234
2016-09-04,-0.4786221053294752
2016-09-05,-0.8140749834618053
2016-09-06,0.3471233961952341
2016-09-07,-1.0621034079601384
2016-09-08,0.3186715234432859
2016-09-09,-0.6374120254200015
2016-09-10,-0.2921667272347799
2016-09-11,-0.4269659219091253
2016-09-12,-0.20420638397102453
2016-09-13,0.4161330292969937
2016-09-14,0.4115947688216563
2016-09-15,0.36642832476154164
2016-09-16,-0.85379059669322
2016-09-17,0.2622557701981587
2016-09-18,-0.1335207934983657
2016-09-19,-0.9045495291751193
2016-09-20,-1.285139504051481
2016-09-21,-0.2196066010118196
2016-09-22,-0.20830698958361898
2016-09-23,-0.11017240836708797
2016-09-24,-0.303465298124171
2016-09-25,0.6238875956738597
2016-09-26,-1.5930598061070704
2016-09-27,-0.10378416420614467
2016-09-28,2.1298312105947717
2016-09-29,1.2530956698740043
2016-09-30,0.13538640616203645
2016-10-01,-1.2689837101063823
2016-10-02,-0.6187558409255061
2016-10-03,0.7610890550665126
2016-10-04,-0.01812667294870085
2016-10-05,0.3530994964959773
2016-10-06,0.34088287202582856
2016-10-07,-0.2202310471344442
2016-10-08,-0.1868952722670449
2016-10-09,-0.4385034307082183
2016-10-10,-0.4769396908412597
2016-10-11,1.0980838778026538
2016-10-12,0.24452965515558683
2016-10-13,0.0821492084647309
2016-10-14,0.9480757972550511
2016-10-15,0.31156305148979213
2016-10-16,-0.9226760954981075
2016-10-17,0.1762750337255343
2016-10-18,-0.09622615089592401
2016-10-19,-1.4530122033028845
2016-10-20,0.7683504986283555
2016-10-21,0.03802117443882341
2016-10-22,-0.529828181199514
2016-10-23,-0.8369613513209062
2016-10-24,0.005910659191345369
2016-10-25,-1.26624622129239
2016-10-26,0.1366925644855076
2016-10-27,0.5565098100748083
2016-10-28,0.8136847937914491
2016-10-29,0.07353176105704767
2016-10-30,-1.5727465562319642
2016-10-31,-0.8718126327301775
2016-11-01,1.189679333545958
2016-11-02,0.13699585795900965
2016-11-03,-1.4875249580899876
2016-11-04,0.919265482949781
2016-11-05,-0.35922587944073814
2016-11-06,0.152380364443827
2016-11-07,0.0463169384069392
2016-11-08,-0.952759416565859
2016-11-09,-1.587003240488634
2016-11-10,0.27786280997707646
2016-11-11,-0.29187610024904476
2016-11-12,-0.09581245485205475
2016-11-13,0.020045074430278725
2016-11-14,0.48250412695791667
2016-11-15,0.23012776024797105
2016-11-16,0.00304138593885081
2016-11-17,0.5113309366840735
2016-11-18,0.9485834107312336
2016-11-19,0.27732521461830395
2016-11-20,1.0186302024985154
2016-11-21,-0.46214297014773364
2016-11-22,0.20807229697660048
2016-11-23,-1.10531094885015
2016-11-24,-0.4562932457286757
2016-11-25,-1.706480137143903
2016-11-26,1.0781485620240236
2016-11-27,-0.267794404422256
2016-11-28,-0.7582478484276848
2016-11-29,0.389526221831293
2016-11-30,0.6989488305378789
2016-12-01,1.084843885106969
2016-12-02,-1.1427621508646442
2016-12-03,-1.7081685568995768
2016-12-04,-0.3894809803888828
2016-12-05,-0.17162880278093795
2016-12-06,-0.5921927770468924
2016-12-07,1.0868097756697352
2016-12-08,0.591938398179753
2016-12-09,-0.2279507656596199
2016-12-10,0.3414250340124486
2016-12-11,-0.17394160372693865
2016-12-12,-1.146183014857077
2016-12-13,-0.6106527259429904
2016-12-14,-0.7180833663590156
2016-12-15,0.15087801285736924
2016-12-16,-0.9164370588432957
2016-12-17,-0.6030814533401054
2016-12-18,-0.21854493763295113
2016-12-19,-1.2337972938422288
2016-12-20,-0.1188408086671825
2016-12-21,0.8759656088064605
2016-12-22,0.18260123531461508
2016-12-23,0.647235318363145
2016-12-24,1.0576324746217716
2016-12-25,0.4120011567906573
2016-12-26,1.285817632471245
2016-12-27,0.770043319011343
2016-12-28,-1.2550669737435478
2016-12-29,0.1611134264582762
2016-12-30,0.13974487357530002
2016-12-31,0.5697796949864138
2017-01-01,-0.3366858696128623
2017-01-02,-0.24501297473479
2017-01-03,1.2237739243119563
2017-01-04,0.778264909826368
2017-01-05,-1.2778870042034267
2017-01-06,-0.6704377322823019
2017-01-07,0.682119639386136
2017-01-08,-1.971395886781031
2017-01-09,0.9433572069107943
2017-01-10,0.10072221616749394
2017-01-11,1.311247988595748
2017-01-12,0.3458967938703472
2017-01-13,-1.3688096958779212
2017-01-14,0.6867394775436357
2017-01-15,-1.127346839790131
2017-01-16,-0.827056158076268
2017-01-17,-1.1274272277677606
2017-01-18,0.6288532525184387
2017-01-19,-0.4090485831469953
2017-01-20,-0.6790456334578368
2017-01-21,-1.2159713786913615
2017-01-22,-1.2690830509923596
2017-01-23,-0.7228917198098941
2017-01-24,-0.327878240894947
2017-01-25,-0.7208397512150637
2017-01-26,0.007135195712043685
2017-01-27,0.03559963396801194
2017-01-28,-0.38893345377719735
2017-01-29,0.37913783555168157
2017-01-30,-0.2937009543748458
2017-01-31,-0.03627195033811889
2017-02-01,-0.3493449109560401
2017-02-02,0.17662665885193646
2017-02-03,-0.5875351451617623
2017-02-04,-0.9978774634776842
2017-02-05,0.05562899872850857
2017-02-06,0.1724083091007256
2017-02-07,0.23485388381036207
2017-02-08,-0.3736793212448051
2017-02-09,-0.5309425542770959
2017-02-10,0.46290448925639793
2017-02-11,0.3311846890356488
2017-02-12,0.1985738615555401
2017-02-13,-0.339830268885477
2017-02-14,-0.24313340269387146
2017-02-15,-1.0301709977779545
2017-02-16,1.156536487889909
2017-02-17,-0.7007797229364576
2017-02-18,0.0663958096518654
2017-02-19,0.38764043685802346
2017-02-20,1.0970540930187613
2017-02-21,0.16019571630889107
2017-02-22,1.3983783776654768
2017-02-23,-0.1862318847812101
2017-02-24,0.03725942864146531
2017-02-25,0.5477698257218971
2017-02-26,0.8007565643383645
2017-02-27,0.5172404178196375
2017-02-28,0.8624968553068033
2017-03-01,0.053876885614563386
2017-03-02,-0.1832262812381096
2017-03-03,0.35978564002681523
2017-03-04,-0.6240594174692096
2017-03-05,-0.0341629298165706
2017-03-06,0.4221031633947394
2017-03-07,-1.6954052983590233
2017-03-08,0.6452346563180342
2017-03-09,-0.05327205557155117
2017-03-10,0.3877730336535451
2017-03-11,-1.3302748609579311
2017-03-12,0.9033615656767822
2017-03-13,-0.8205907110898483
2017-03-14,0.7678466433323154
2017-03-15,0.41358639492907723
2017-03-16,0.16608926337582108
2017-03-17,0.8834957798668671
2017-03-18,0.7408512704380997
2017-03-19,-0.5083616035458357
2017-03-20,0.5253311513089782
2017-03-21,1.0254607708096706
2017-03-22,-0.8657782455815588
2017-03-23,0.0014893571801326277
2017-03-24,-1.5744017305196865
2017-03-25,0.4588092481910643
2017-03-26,-1.9712646022378122
2017-03-27,-0.8560302761424019
2017-03-28,-1.3632087654346834
2017-03-29,0.7694329176981582
2017-03-30,0.16594136058678344
2017-03-31,0.008111472595846235
2017-04-01,-1.144836897445939
2017-04-02,-0.18121700676084196
2017-04-03,-1.390428942784466
2017-04-04,-0.1805363565209296
2017-04-05,1.2462402232329484
2017-04-06,0.4283281618426749
2017-04-07,0.7021561204772521
2017-04-08,-1.1294978126175752
2017-04-09,-0.1406374514138417
2017-04-10,1.749229969914002
2017-04-11,0.28103259665048097
2017-04-12,0.9244120530487011
2017-04-13,0.835213423339451
2017-04-14,-0.07737235017464128
2017-04-15,1.033857952914198
2017-04-16,-0.8213798333537792
2017-04-17,-0.041622600809043786
2017-04-18,-0.004168959542825076
2017-04-19,-1.1121973325445396
2017-04-20,0.2766306042022947
2017-04-21,1.276039524987341
2017-04-22,1.1201003049617144
2017-04-23,0.35488180527611546
2017-04-24,0.7040479321334723
2017-04-25,-1.756450606989281
2017-04-26,-0.95303621099662
2017-04-27,0.8743984243247802
2017-04-28,-0.6419115821495737
2017-04-29,-0.6156735398298263
2017-04-30,1.0839112202367178
2017-05-01,1.3080127941914954
2017-05-02,0.6940023237571211
2017-05-03,0.5967092579682579
2017-05-04,0.5049856866763918
2017-05-05,-0.1772810873584736
2017-05-06,-2.0029957212208225
2017-05-07,-0.0038677038928399687
2017-05-08,0.5403679067778305
2017-05-09,-0.6774346400153772
2017-05-10,0.5278948025775988
2017-05-11,-0.7007029311258617
2017-05-12,1.3960074070009925
2017-05-13,-1.770162427383959
2017-05-14,-0.24794910266140102
2017-05-15,-0.4386719681743062
2017-05-16,1.1269081928232259
2017-05-17,-0.8372401934263336
2017-05-18,0.8471444270775357
2017-05-19,-0.8381311886678223
2017-05-20,-0.12513143414215305
2017-05-21,-0.7261103484304545
2017-05-22,-1.9300067426862455
2017-05-23,1.626065824640361
2017-05-24,0.3497119626584628
2017-05-25,0.27740607045635085
2017-05-26,-0.7893939306140088
2017-05-27,0.051760735076652714
2017-05-28,0.6558751529694866
2017-05-29,-1.3199385099079735
2017-05-30,0.07474196571395986
2017-05-31,1.6433265072966512
2017-06-01,-0.6579849566905447
2017-06-02,-2.356948360256711
2017-06-03,0.6962190786314097
2017-06-04,-0.08291959171005289
2017-06-05,0.3917513025183511
2017-06-06,1.130097479035273
2017-06-07,1.9455442914798051
2017-06-08,0.11724171628486957
2017-06-09,-0.5764174757636737
2017-06-10,-0.46916120658604177
2017-06-11,0.8628041080477804
2017-06-12,1.4529488270809527
2017-06-13,0.5243625063620866
2017-06-14,-1.1297632490406657
2017-06-15,-0.122620482073725
2017-06-16,1.7833662436404978
2017-06-17,-0.07675271737019496
2017-06-18,-0.94041395008579
2017-06-19,-1.186614690465504
2017-06-20,1.160403237875174
2017-06-21,-1.0340522355665338
2017-06-22,0.3222000964104661
2017-06-23,1.3186005610508114
2017-06-24,0.9440303878770804
2017-06-25,0.6764385399656339
2017-06-26,0.44868371559642883
2017-06-27,-1.6194951250716645
2017-06-28,1.9627472866578264
2017-06-29,-1.7229303253245543
2017-06-30,-0.14956876448634127
2017-07-01,0.737061840887163
2017-07-02,0.9948280498677018
2017-07-03,0.8893318449065387
2017-07-04,0.1783868037423333
2017-07-05,-0.9344192554226733
2017-07-06,-1.8767560877046627
2017-07-07,-0.16199069102267338
2017-07-08,0.8107561441684406
2017-07-09,-1.3856532286645429
2017-07-10,-1.40266507403341
2017-07-11,1.3005476395752371
2017-07-12,0.30641076588427374
2017-07-13,0.7663892907581948
2017-07-14,-1.1692272914770347
2017-07-15,-0.9508842225330361
2017-07-16,1.4441820524075517
2017-07-17,-0.26753093413255036
2017-07-18,-1.1199302958206214
2017-07-19,0.9851151649368111
2017-07-20,-0.6958573581846136
2017-07-21,-0.3843039953790821
2017-07-22,0.7190571672968873
2017-07-23,-0.015191137403661098
2017-07-24,-1.464481802805303
2017-07-25,0.7652812719168127
2017-07-26,-1.0091986145912628
2017-07-27,0.7987434657714894
2017-07-28,0.48304724429773993
2017-07-29,0.967272591011783
2017-07-30,-0.21283343996513487
2017-07-31,0.062110721509832906
2017-08-01,-1.6648083695490659
2017-08-02,0.8558573398440036
2017-08-03,1.22390915372068
2017-08-04,1.4085322401357718
2017-08-05,0.0026014496003261556
2017-08-06,0.06197172798143408
2017-08-07,-0.39525509081353216
2017-08-08,-0.1471811875566634
2017-08-09,1.398156195466539
2017-08-10,-1.041968572550983
2017-08-11,-0.795119078285886
2017-08-12,0.8604100729092575
2017-08-13,-0.16887411896412102
2017-08-14,-0.7807136117841824
2017-08-15,0.5634882674192281
2017-08-16,-1.1066509093218326
2017-08-17,1.1093388088257208
2017-08-18,0.2325198324661351
2017-08-19,0.5372794317619318
2017-08-20,0.5724759510746016
2017-08-21,0.6094290740160003
2017-08-22,-0.3700121406982317
2017-08-23,-1.6307207666591204
2017-08-24,1.5987050590198741
2017-08-25,-0.48292942879031703
2017-08-26,-2.3389010434262216
2017-08-27,0.9850443648595681
2017-08-28,-1.3165390505088792
2017-08-29,0.9592007600136998
2017-08-30,-0.7977805816140597
2017-08-31,0.523457272420748
2017-09-01,-1.494933950871831
2017-09-02,-0.8460809212248442
2017-09-03,-1.2473959025220651
2017-09-04,-1.5849986798114446
2017-09-05,0.9403847412274848
2017-09-06,0.27013060218903634
2017-09-07,0.4721261939828073
2017-09-08,0.9014078621638661
2017-09-09,-1.894484616942768
2017-09-10,1.6751684147052288
2017-09-11,1.491895401172502
2017-09-12,0.047830974996150966
2017-09-13,2.1802649856386136
2017-09-14,-0.32062083997522195
2017-09-15,0.5260995406446951
2017-09-16,-1.6294462850141538
2017-09-17,-0.8914565140785957
2017-09-18,-1.7935635209691516
2017-09-19,0.6436225264320928
2017-09-20,0.07361484568437246
2017-09-21,-0.9248694902635652
2017-09-22,-0.959177777917
2017-09-23,-0.9775305081148202
2017-09-24,-0.2534773192773433
2017-09-25,0.6873563978876943
2017-09-26,-0.0013933644675080958
2017-09-27,0.17266425821725817
2017-09-28,-0.21562746342522943
2017-09-29,0.23809343985840112
2017-09-30,-0.16584819324360872
2017-10-01,0.23706373290478344
2017-10-02,1.706779442076705
2017-10-03,0.1371827354828885
2017-10-04,1.350109213771704
2017-10-05,0.06062626014345962
2017-10-06,0.929536610288256
2017-10-07,0.3430848363283211
2017-10-08,-0.9097522466874897
2017-10-09,-1.0501026112443679
2017-10-10,0.5604841636436605
2017-10-11,1.2453788381932025
2017-10-12,1.4093271496436472
2017-10-13,-0.3380270697197024
2017-10-14,0.9137669268916321
2017-10-15,-0.3564191348711036
2017-10-16,-0.04732245554382869
2017-10-17,1.385920395521291
2017-10-18,-1.736383783265115
2017-10-19,0.4672577631744005
2017-10-20,0.33768884612049294
2017-10-21,-0.23258319359107005
2017-10-22,0.20081084554530715
2017-10-23,-0.8586043082473254
2017-10-24,0.7670837516638307
2017-10-25,0.8687854946998317
2017-10-26,0.12715856670777603
2017-10-27,0.6871110207447508
2017-10-28,1.4781470012401585
2017-10-29,1.2528290133750575
2017-10-30,-0.8610097613406735
2017-10-31,-0.27655562438161535
2017-11-01,0.8841090801687931
2017-11-02,-0.052895018416571626
2017-11-03,-0.7821965656395272
2017-11-04,0.450554285173577
2017-11-05,-0.44814378829028345
2017-11-06,-0.9746577420772206
2017-11-07,-0.04354865184817336
2017-11-08,-0.9685428593255656
2017-11-09,0.5395708934737338
2017-11-10,0.8358889866112615
2017-11-11,-0.014103915878829809
2017-11-12,-0.750629294894487
2017-11-13,-0.812680323231578
2017-11-14,0.6310976777863319
2017-11-15,-1.3797451289598934
2017-11-16,0.7649868459746484
2017-11-17,-0.06611467970044209
2017-11-18,1.177467477032339
2017-11-19,0.36542758051240676
2017-11-20,-0.9609224551237086
2017-11-21,-0.9419602939650059
2017-11-22,1.786591825544154
2017-11-23,0.9516897940973672
2017-11-24,-0.8925730002226155
2017-11-25,-0.5866201354545741
2017-11-26,0.7710886949733501
2017-11-27,0.45084816012048523
2017-11-28,-0.37154734023743385
2017-11-29,-2.3730012941343643
2017-11-30,-0.15813638629504467
2017-12-01,-0.5183596013756409
2017-12-02,0.060870945927610776
2017-12-03,0.1272218740555761
2017-12-04,0.32362513297378315
2017-12-05,0.6227260530347134
2017-12-06,0.8211522351686387
2017-12-07,1.0668188672927401
2017-12-08,-0.573884771611398
2017-12-09,0.4368883636535395
2017-12-10,-0.19000971417685697
2017-12-11,-0.38285725942116544
2017-12-12,0.260685931240136
2017-12-13,1.0338424641350246
2017-12-14,-0.30947662585551033
2017-12-15,-0.7422561780329107
2017-12-16,-0.10028670958054542
2017-12-17,-0.6547988776429281
2017-12-18,-0.29132654259109286
2017-12-19,-1.0119427757114479
2017-12-20,-0.42456949427156776
2017-12-21,-0.06992918589142194
2017-12-22,-0.09126819841244371
2017-12-23,1.3968531037250553
2017-12-24,0.7962255220953154
2017-12-25,0.763506275093927
2017-12-26,0.8513336388783309
2017-12-27,-0.7155506796075918
2017-12-28,-0.217008976025858
2017-12-29,0.4296362460696107
2017-12-30,-0.284715735431124
2017-12-31,0.38036853316928787
2018-01-01,0.8244590801507347
2018-01-02,-0.8436563159221103
2018-01-03,0.7474498506288476
2018-01-04,-0.859266732994485
2018-01-05,-1.6919952171255106
2018-01-06,-0.4662065128997208
2018-01-07,-0.7936371666073322
2018-01-08,0.18970241722588344
2018-01-09,0.9665594265878833
2018-01-10,-1.2499993578107593
2018-01-11,-0.7686976270759134
2018-01-12,0.11957572138427947
2018-01-13,-0.14273715565024492
2018-01-14,0.14025444859184596
2018-01-15,1.0779106534930958
2018-01-16,-0.1877696005224047
2018-01-17,-0.33522727007808073
2018-01-18,-0.20341541353413556
2018-01-19,-0.7827933834208156
2018-01-20,-0.11583824368220907
2018-01-21,-0.9304913520362905
2018-01-22,0.07253022214309823
2018-01-23,0.08519911619953495
2018-01-24,1.6112760025636572
2018-01-25,-0.26022381366299285
2018-01-26,-1.5385902477574471
2018-01-27,0.8551503728349048
2018-01-28,1.0369012846019126
2018-01-29,0.7864904467567478
2018-01-30,0.07219059421294449
2018-01-31,0.5366516087469131
2018-02-01,0.5711428270733638
2018-02-02,-1.0197232074372153
2018-02-03,-0.9248480151525518
2018-02-04,0.7946403438093366
2018-02-05,-1.29063878724848
2018-02-06,-0.9643051751341086
2018-02-07,-0.8155587759512014
2018-02-08,0.1449900972019017
2018-02-09,0.1938012300517954
2018-02-10,-0.6628583890205371
2018-02-11,1.9784452510069803
2018-02-12,0.21003948251771887
2018-02-13,-0.5552764380686677
2018-02-14,0.25159865302005496
2018-02-15,0.8551876777351257
2018-02-16,-0.3094404341904363
2018-02-17,-1.8436126218548403
2018-02-18,0.3289816668699844
2018-02-19,-1.5702260349477235
2018-02-20,-0.5506962827622639
2018-02-21,-1.3364145723603384
2018-02-22,-0.5664310623641964
2018-02-23,-0.3167770952977841
2018-02-24,0.1228903963113056
2018-02-25,-0.5085354785424996
2018-02-26,0.3612198783214173
2018-02-27,0.061181981757177456
2018-02-28,0.344420654988033
2018-03-01,0.5218111902618006
2018-03-02,0.1311843739382923
2018-03-03,0.34533818296358765
2018-03-04,0.16811435370714994
2018-03-05,0.22201627906211896
2018-03-06,-0.8535893924638596
2018-03-07,-0.8741918429395477
2018-03-08,-0.10586180397113021
2018-03-09,-0.429765748542691
2018-03-10,0.4384637412993546
2018-03-11,-0.4670222432548524
2018-03-12,-1.7841987449657402
2018-03-13,0.4498120492530536
2018-03-14,-1.2926419306358465
2018-03-15,2.004698242419121
2018-03-16,1.301854615674713
2018-03-17,1.2085940803211543
2018-03-18,0.46075910200658665
2018-03-19,-1.4960077250879278
2018-03-20,0.7594453160731006
2018-03-21,-0.40044268657129223
2018-03-22,0.5787045343954295
2018-03-23,-1.3408195475885112
2018-03-24,-1.1473687380005149
2018-03-25,-1.5654478395948224
2018-03-26,0.16137953059031562
2018-03-27,-1.2168173594699943
2018-03-28,2.0095565126156476
2018-03-29,-1.083660428052903
2018-03-30,0.33418289765154197
2018-03-31,0.6703141955593395
2018-04-01,-0.6004338422218408
2018-04-02,-0.7041619347779466
2018-04-03,0.5642399142388728
2018-04-04,0.036436206892937806
2018-04-05,0.9183467877837415
2018-04-06,-0.7993513683509818
2018-04-07,0.7491675780821778
2018-04-08,-1.862912666450654
2018-04-09,0.23845493130227102
2018-04-10,1.871533835169036
2018-04-11,0.9816756389729152
2018-04-12,0.8584682406729464
2018-04-13,-0.1679751583695407
2018-04-14,-1.415860952290549
2018-04-15,-0.7236978251106378
2018-04-16,-0.2395732508197106
2018-04-17,-0.23176108320419364
2018-04-18,-0.46880002388031716
2018-04-19,0.045828395689251955
2018-04-20,0.30925237977017883
2018-04-21,-1.0461868348962848
2018-04-22,-0.3816361789070367
2018-04-23,1.077484484032051
2018-04-24,0.7725349670046395
2018-04-25,-0.5383419758850336
2018-04-26,0.7781961597585654
2018-04-27,-0.7664390993613953
2018-04-28,-0.71454540357094
2018-04-29,-0.9433703029042815
2018-04-30,1.8783782248272982
2018-05-01,0.3314275843009169
2018-05-02,-0.10995596621218057
2018-05-03,-0.3251728609103716
2018-05-04,-1.9200248298413627
2018-05-05,-0.9144541625921263
2018-05-06,0.06787153479767871
2018-05-07,0.14082503155241194
2018-05-08,0.5995099174412938
2018-05-09,0.35632947922315683
2018-05-10,0.06774577790000202
2018-05-11,-1.2616375406750615
2018-05-12,0.2276799086770901
2018-05-13,0.9507298796706254
2018-05-14,0.08654890403239623
2018-05-15,-1.0258489571621157
2018-05-16,0.9862539007368576
2018-05-17,0.4141114552842943
2018-05-18,-0.9835434917872179
2018-05-19,-1.714270645519483
2018-05-20,1.064704156663422
2018-05-21,0.5502688433542189
2018-05-22,-0.40465671590964747
2018-05-23,-0.7314121955574248
2018-05-24,1.2376412052414654
2018-05-25,0.38131162234495514
2018-05-26,-0.6076043889787388
2018-05-27,0.33653837186982455
2018-05-28,-0.16602073191466896
2018-05-29,0.5236933591596061
2018-05-30,0.2668923113097591
2018-05-31,0.12473065634446487
2018-06-01,0.06568619920282584
2018-06-02,-0.88614513340719
2018-06-03,-0.35957704527557777
2018-06-04,0.3220189179522924
2018-06-05,-1.4663892259461468
2018-06-06,0.6853381516115091
2018-06-07,-0.9040886776396297
2018-06-08,-0.5251425532762102
2018-06-09,-1.4556263741173434
2018-06-10,0.5060462578188125
2018-06-11,0.9840970834316813
2018-06-12,0.4787280044674966
2018-06-13,0.49919386156506484
2018-06-14,0.8200319810639941
2018-06-15,-1.534946789055104
2018-06-16,-0.3733073984942533
2018-06-17,0.9572241559595145
2018-06-18,0.5021202888538792
2018-06-19,0.41357763863245584
2018-06-20,0.9798410762062264
2018-06-21,0.537243368165215
2018-06-22,1.5076386348237523
2018-06-23,1.1202765632085059
2018-06-24,0.013012404358365925
2018-06-25,0.45699905367562454
2018-06-26,-1.5014338160648268
2018-06-27,-1.401026154228612
2018-06-28,0.2236466120701407
2018-06-29,0.22751009998721766
2018-06-30,-0.7040674784982295
2018-07-01,-0.6962217081139668
2018-07-02,-0.38077769096637526
2018-07-03,0.1791530758979033
2018-07-04,-0.7169574956219361
2018-07-05,0.6590787154868586
2018-07-06,1.225838241478965
2018-07-07,0.9108982160238623
2018-07-08,-0.14725470268850105
2018-07-09,1.3023743762209703
2018-07-10,-0.9759130972374852
2018-07-11,-0.11103462361020888
2018-07-12,-0.8070939993457809
2018-07-13,0.7097329567849504
2018-07-14,-0.42323133368935806
2018-07-15,-0.824592631391899
2018-07-16,-0.9135034643557153
2018-07-17,-0.737817661970817
2018-07-18,1.0014045588403457
2018-07-19,-0.6468087757554222
2018-07-20,-0.7918733447323515
2018-07-21,-0.6157727315547996
2018-07-22,-0.25925665798157516
2018-07-23,-0.6796671279014316
2018-07-24,-1.483939334357507
2018-07-25,-0.06469567087677519
2018-07-26,0.10476702771895285
2018-07-27,0.9278931454968723
2018-07-28,0.4657106281081595
2018-07-29,-0.6283765879938827
2018-07-30,-1.0370485711086292
2018-07-31,-0.01940808155600937
2018-08-01,-1.5361832690504742
2018-08-02,-1.3299229103261425
2018-08-03,-0.6116743476511783
2018-08-04,0.3436173963211473
2018-08-05,0.8034561992445878
2018-08-06,-1.1838601951358347
2018-08-07,-0.7218831032104989
2018-08-08,0.8764380608172757
2018-08-09,-0.8202431312838604
2018-08-10,2.3453210820283146
2018-08-11,-0.03396522937840141
2018-08-12,-0.23981663593609384
2018-08-13,-0.6487236002470058
2018-08-14,-0.20583492633417433
2018-08-15,0.16658760518360413
2018-08-16,0.697980848297759
2018-08-17,-0.804002924121008
2018-08-18,1.3269583424960734
2018-08-19,0.3258026115107706
2018-08-20,0.1092331689556244
2018-08-21,-2.23980859382577
2018-08-22,1.1637999392008498
2018-08-23,-0.2590018560978465
2018-08-24,0.9942086315065831
2018-08-25,-0.6574780767681263
2018-08-26,0.2655256534431012
2018-08-27,1.4721593225836136
2018-08-28,-1.1214356568702095
2018-08-29,-0.18875435775454646
2018-08-30,0.7839768867383226
2018-08-31,-0.04765125706844442
2018-09-01,-1.5996901808042154
2018-09-02,-0.5594777716513973
2018-09-03,1.1159041503377531
2018-09-04,-0.6271017979825425
2018-09-05,-0.8524940236955003
2018-09-06,0.47196824193324916
2018-09-07,-0.5171515345268809
2018-09-08,1.4370540149651694
2018-09-09,0.1450614275194313
2018-09-10,0.0990302657705468
2018-09-11,1.1634546792169196
2018-09-12,-0.1777013702920036
2018-09-13,-0.5238174491296841
2018-09-14,0.714183326218812
2018-09-15,0.009099152016690926
2018-09-16,0.4549744075517962
2018-09-17,-0.028569145173232946
2018-09-18,0.8074836699784228
2018-09-19,0.7671488155905233
2018-09-20,0.21974802286703654
2018-09-21,1.8736388726578475
2018-09-22,0.22300628949500045
2018-09-23,-0.29419073360826653
2018-09-24,1.639812125241925
2018-09-25,-1.1921369967521598
2018-09-26,2.3249456372772253
2018-09-27,0.1040185042206041
2018-09-28,0.35406591202286586
2018-09-29,-0.34672618769193136
2018-09-30,0.45834881059092186
2018-10-01,0.020595711412128015
2018-10-02,1.4888805665257063
2018-10-03,0.8493561112247134
2018-10-04,-0.841197441454473
2018-10-05,0.4479284100161095
2018-10-06,-1.9619784643495088
2018-10-07,0.7055270174971486
2018-10-08,0.6838316220442868
2018-10-09,0.3025382363963267
2018-10-10,-0.7835003739630272
2018-10-11,0.758774749444215
2018-10-12,0.09020301040855722
2018-10-13,0.6563070475624264
2018-10-14,0.3277060884354773
2018-10-15,-1.2963700645802725
2018-10-16,-0.9219332314224064
2018-10-17,-0.08523837836065351
2018-10-18,-0.255037528333728
2018-10-19,-1.7520020160482506
2018-10-20,0.4575124662069028
2018-10-21,0.04862557497130418
2018-10-22,0.7053934694483532
2018-10-23,2.1854918681006614
2018-10-24,-0.09968245019531174
2018-10-25,0.8996769002966852
2018-10-26,-0.4320607659745392
2018-10-27,-0.0777505895082492
2018-10-28,-0.24252203849848158
2018-10-29,1.049771447188692
2018-10-30,0.21291104283168016
2018-10-31,0.2309968514454212
2018-11-01,-0.2425775574733021
2018-11-02,0.1894835000061843
2018-11-03,-0.6675000288557724
2018-11-04,0.040236614708717755
2018-11-05,-0.49570097488241294
2018-11-06,-0.4443934111846766
2018-11-07,0.23612625878483778
2018-11-08,-0.4324178004213953
2018-11-09,-0.31045309244673575
2018-11-10,0.8583135371865165
2018-11-11,0.24448228512580145
2018-11-12,-1.0402816986008987
2018-11-13,1.0280945149800234
2018-11-14,-0.42110098091521886
2018-11-15,-0.4394238071989243
2018-11-16,-0.011360631640104701
2018-11-17,-0.12292847269894985
2018-11-18,-0.4863468865756925
2018-11-19,0.973458212023879
2018-11-20,0.5117854264635515
2018-11-21,0.2933119045869478
2018-11-22,-0.6071344418627087
2018-11-23,-1.014331094448695
2018-11-24,-1.569193545972609
2018-11-25,0.5538825077452585
2018-11-26,-0.33141028106522075
2018-11-27,-0.8507176858658002
2018-11-28,1.3583180020267964
2018-11-29,0.7227626500554802
2018-11-30,0.07510795889668376
2018-12-01,-0.018612780508303783
2018-12-02,0.22808996194022926
2018-12-03,0.4050223078258789
2018-12-04,0.4824862562278077
2018-12-05,-0.6404049240126827
2018-12-06,0.3641708816417571
2018-12-07,0.5954865839634962
2018-12-08,1.236588706055814
2018-12-09,0.15841093842325638
2018-12-10,1.1053169351239656
2018-12-11,-0.8498145683078524
2018-12-12,-0.9045296552361485
2018-12-13,-0.057560617717321794
2018-12-14,-0.6750601022663314
2018-12-15,-0.09392350305427183
2018-12-16,0.4532641200339105
2018-12-17,-1.25483209756843
2018-12-18,-0.17307116679313728
2018-12-19,0.5278828014029978
2018-12-20,-0.4925559699635912
2018-12-21,-0.13324274363657213
2018-12-22,-1.575913658127833
2018-12-23,0.47190008846166076
2018-12-24,-0.44270143022492736
2018-12-25,0.8416907607972719
2018-12-26,-0.2000973839956754
2018-12-27,-0.06067346236238216
2018-12-28,-0.3495701380088288
2018-12-29,0.4809556470927624
2018-12-30,0.15860943478356423
2018-12-31,-0.6356422690192628
2019-01-01,2.0652512735253414
2019-01-02,-0.566054456765388
2019-01-03,-1.2224382992793779
2019-01-04,1.214131969207096
2019-01-05,-0.1752483153222352
2019-01-06,-0.9963668548684267
2019-01-07,0.6900877117036142
2019-01-08,1.3902110694054357
2019-01-09,-0.13724813440638983
2019-01-10,-1.443215840891682
2019-01-11,1.1785446280570322
2019-01-12,0.3542437399817951
2019-01-13,1.016197897928965
2019-01-14,0.8097853470542448
2019-01-15,0.3227882881239693
2019-01-16,0.7349402161322119
2019-01-17,-0.28332777621264255
2019-01-18,-1.1639264607735915
2019-01-19,-0.6838939777608295
2019-01-20,-1.0762791260884854
2019-01-21,0.3081643799856669
2019-01-22,0.032535092253279635
2019-01-23,-0.820197446589322
2019-01-24,-1.2449549388454066
2019-01-25,-0.4850468023902429
2019-01-26,-0.04283806228149456
2019-01-27,0.2616741810094223
2019-01-28,-0.7545759751154368
2019-01-29,0.03917542586660755
2019-01-30,0.12916374777195583
2019-01-31,-0.3080247990707679
2019-02-01,0.20524226905611193
2019-02-02,-1.020597500291285
2019-02-03,-0.165141328742475
2019-02-04,1.2822240704229317
2019-02-05,-0.08574606784703953
2019-02-06,-0.08747145309248396
2019-02-07,0.8218370212746721
2019-02-08,0.8637207679936503
2019-02-09,1.3847117124175905
2019-02-10,-0.7383860495793484
2019-02-11,0.9536042879175364
2019-02-12,-0.48503584345895046
2019-02-13,0.4737912631698493
2019-02-14,-0.532701069236758
2019-02-15,-0.3664828831280048
2019-02-16,0.49212358171279225
2019-02-17,-0.5589430513658932
2019-02-18,-0.04568979031343717
2019-02-19,0.727783809231712
2019-02-20,-0.1044169277962673
2019-02-21,0.18218114649792366
2019-02-22,-0.7386347080495799
2019-02-23,-0.3888007450346107
2019-02-24,-0.9844520483711321
2019-02-25,-1.027273652467934
2019-02-26,-0.4276292648252804
2019-02-27,0.1670808436867346
2019-02-28,-0.15355172930942038
2019-03-01,-1.0276460414655955
2019-03-02,0.013407935796087123
2019-03-03,1.26850281537107
2019-03-04,1.4181300085979813
2019-03-05,0.18168780638768978
2019-03-06,0.08741415144598907
2019-03-07,0.9101158191449942
2019-03-08,0.7754978654096222
2019-03-09,1.0401234848036753
2019-03-10,-0.40312859181516314
2019-03-11,-1.183834286953353
2019-03-12,1.5941365580795064
2019-03-13,1.3713901252169827
2019-03-14,0.1845034348638207
2019-03-15,1.2442698091894262
2019-03-16,0.2826793613578428
2019-03-17,1.5885869058863118
2019-03-18,0.9091594358563868
2019-03-19,-1.0530696071510826
2019-03-20,0.3403365966922164
2019-03-21,0.33708234919942764
2019-03-22,-1.3506740492697218
2019-03-23,0.30318199593074663
2019-03-24,-0.2630792865940879
2019-03-25,0.952236822786933
2019-03-26,0.514909923409001
2019-03-27,-0.10691495743235019
2019-03-28,-0.6026864699243757
2019-03-29,0.24518176130768252
2019-03-30,-0.36519861939411125
2019-03-31,0.25699883433589643
2019-04-01,-0.9375490946618699
2019-04-02,1.1497226642655776
2019-04-03,-0.763173414918175
2019-04-04,-1.5135480672553174
2019-04-05,-0.41904540972618887
2019-04-06,-0.11669606438047786
2019-04-07,-0.4888682184944854
2019-04-08,0.6136405322490269
2019-04-09,-0.42606586371887506
2019-04-10,-0.022702657694464723
2019-04-11,-0.7922655812390921
2019-04-12,-0.6685118637861096
2019-04-13,0.6732421850819728
2019-04-14,0.29949396206513623
2019-04-15,0.3596587979044905
2019-04-16,0.5302016257478307
2019-04-17,0.4705698346310262
2019-04-18,0.25320013109332307
2019-04-19,0.07505341982777652
2019-04-20,-1.098849246972051
2019-04-21,-0.946102238566853
2019-04-22,1.6420573860526337
2019-04-23,1.4151590183167657
2019-04-24,0.327920574794218
2019-04-25,-0.4381587836415711
2019-04-26,-0.5905369566199767
2019-04-27,-0.6352113670337918
2019-04-28,-0.7712697316060316
2019-04-29,0.002828793951990649
2019-04-30,-0.3369762916755369
2019-05-01,1.032979700268292
2019-05-02,1.23270767781203
2019-05-03,0.6561428199982775
2019-05-04,-0.11888872785863291
2019-05-05,0.05153443636799182
2019-05-06,1.0425117415637943
2019-05-07,-0.4801071515714641
2019-05-08,-0.6581888483122464
2019-05-09,0.23133132452452296
2019-05-10,-0.20441450919660664
2019-05-11,-0.13144436713430066
2019-05-12,1.1256608066024665
2019-05-13,-0.020180543116078087
2019-05-14,-1.167694087290381
2019-05-15,-1.4622520108847383
2019-05-16,1.296919626378429
2019-05-17,0.0669885693246613
2019-05-18,0.011740799148479586
2019-05-19,0.17342662223412839
2019-05-20,-0.5478027985860869
2019-05-21,0.7245742744372965
2019-05-22,0.5383978847963231
2019-05-23,-0.3803522187760415
2019-05-24,0.6336028144445577
2019-05-25,0.12060579408348354
2019-05-26,0.9355097846912988
2019-05-27,0.8964222395647914
2019-05-28,-0.7009204050601886
2019-05-29,-0.6429286581454933
2019-05-30,2.0172075974620154
2019-05-31,-0.852420666851894
2019-06-01,0.521703643028596
2019-06-02,-0.9030416777639247
2019-06-03,0.1437730228472351
2019-06-04,-0.8238822344223923
2019-06-05,0.6476071647114704
2019-06-06,0.4160409893915323
2019-06-07,-1.372896496683031
2019-06-08,2.909383281750848
2019-06-09,-0.4511753421707311
2019-06-10,0.4251542530888047
2019-06-11,-0.47004598378622
2019-06-12,-0.5385110444423374
2019-06-13,0.5775592308310661
2019-06-14,-1.0142177447707237
2019-06-15,0.4016156242640423
2019-06-16,-0.47715226123193777
2019-06-17,-0.3000613127637791
2019-06-18,-0.14592499408118903
2019-06-19,-0.6321191461404889
2019-06-20,0.12196229611457426
2019-06-21,-0.02919137987688436
2019-06-22,-1.6203221358192488
2019-06-23,0.9741117788559992
2019-06-24,0.692553235208728
2019-06-25,-0.29010397131606364
2019-06-26,0.8092747359892747
2019-06-27,0.8261670872586917
2019-06-28,-0.8441983494625542
2019-06-29,-1.539919493032226
2019-06-30,1.8826560171066409
2019-07-01,1.0092644842222063
2019-07-02,0.9426887461115918
2019-07-03,0.1385796344952277
2019-07-04,1.3685779375520708
2019-07-05,0.022213942126845798
2019-07-06,1.0382732312728846
2019-07-07,0.7824967370625445
2019-07-08,-0.18375806461718092
2019-07-09,0.5080549208946318
2019-07-10,-0.5854151742631843
2019-07-11,-0.5336912217495854
2019-07-12,-1.0438612954329054
2019-07-13,0.746867416810951
2019-07-14,0.05338595744097063
2019-07-15,0.9623496414462677
2019-07-16,0.18923945611023107
2019-07-17,-1.5990364427617316
2019-07-18,-0.6565924859679086
2019-07-19,-0.9582933349774505
2019-07-20,1.274051124438113
2019-07-21,0.3176529470625492
2019-07-22,0.20009913738484347
2019-07-23,-1.1412663390586082
2019-07-24,0.5012969072369562
2019-07-25,0.5867269375547135
2019-07-26,0.9986968204983124
2019-07-27,1.0174702541939826
2019-07-28,0.057843994505691554
2019-07-29,-0.8994783483194231
2019-07-30,-0.8001941718152744
2019-07-31,-0.27745690546173796
2019-08-01,-1.1156568160980593
2019-08-02,-0.7407324778737174
2019-08-03,-0.45995880235856257
2019-08-04,0.05788190666560994
2019-08-05,-1.339345795825879
2019-08-06,1.138286829119913
2019-08-07,0.1969089275796721
2019-08-08,1.0145635456869222
2019-08-09,-0.6588865162258877
2019-08-10,2.0052944224396168
2019-08-11,1.1793343397224205
2019-08-12,-0.005682314049266113
2019-08-13,-0.5057267627466293
2019-08-14,-0.08166198501478494
2019-08-15,0.6838138826223127
2019-08-16,-0.1650430852842198
2019-08-17,1.225447083648909
2019-08-18,-0.6912639952121133
2019-08-19,1.0952066434892773
2019-08-20,-0.38092444125181557
2019-08-21,-0.5376584664666157
2019-08-22,0.5551568715587945
2019-08-23,-0.4450288756220079
2019-08-24,-0.4295480189370463
2019-08-25,0.027930179119260767
2019-08-26,-0.7161933765739759
2019-08-27,0.40656903364089547
2019-08-28,-0.5104628314163976
2019-08-29,-0.12541886337349717
2019-08-30,-0.4031700417012286
2019-08-31,-0.10983743185461942
2019-09-01,0.015465070916367174
2019-09-02,0.18856809440890113
2019-09-03,0.9421965507382157
2019-09-04,0.6307007798100546
2019-09-05,0.6259879843887208
2019-09-06,0.7166044101798013
2019-09-07,-1.201178409672909
2019-09-08,-1.3020435537094233
2019-09-09,-0.8102646835165446
2019-09-10,1.3422543075061184
2019-09-11,0.9648163574823547
2019-09-12,0.06786542740034873
2019-09-13,0.6255753880029871
2019-09-14,-0.5042383737179933
2019-09-15,1.8091753667463288
2019-09-16,-0.18043969158210293
2019-09-17,1.657987369431607
2019-09-18,0.39690371428967697
2019-09-19,-0.42554178730908293
2019-09-20,-0.34734602549660476
2019-09-21,-1.4350566934221944
2019-09-22,0.9814757532038971
2019-09-23,-0.6136832222245434
2019-09-24,-0.7017062858786893
2019-09-25,-0.5248102558611847
2019-09-26,0.6010567889422285
2019-09-27,0.240371934170622
2019-09-28,1.3318799546665043
2019-09-29,0.0859762727219402
2019-09-30,0.8053213129171055
2019-10-01,-1.585174211518934
2019-10-02,1.0911852559709814
2019-10-03,-1.6243359226742669
2019-10-04,0.5063657661640413
2019-10-05,0.0031552337977187074
2019-10-06,0.01997277806699948
2019-10-07,-0.5375963112263354
2019-10-08,0.9737358145324229
2019-10-09,0.26366312357413885
2019-10-10,0.4401034687022533
2019-10-11,1.818465623551027
2019-10-12,-0.19956781927970335
2019-10-13,-0.21168382300874744
2019-10-14,0.31066169089894813
2019-10-15,-0.1963142509625458
2019-10-16,-0.9502685094543368
2019-10-17,0.24976576051789784
2019-10-18,0.7555028877988869
2019-10-19,0.5537223498685941
2019-10-20,-1.247138611368345
2019-10-21,-0.26183319447871195
2019-10-22,0.4151791551635429
2019-10-23,-0.7143375242482242
2019-10-24,0.4981829872113943
2019-10-25,1.0360639902161886
2019-10-26,1.8089819488273342
2019-10-27,0.1381263993021451
2019-10-28,-0.3702530249934344
2019-10-29,-1.2506959063474117
2019-10-30,-1.4015751697206031
2019-10-31,-0.37635555351301253
2019-11-01,0.5889800055349849
2019-11-02,0.1601685780536434
2019-11-03,-0.39521668799359516
2019-11-04,-0.6411180598294229
2019-11-05,0.25117648450115787
2019-11-06,-1.9752786416855015
2019-11-07,0.11554339142978476
2019-11-08,-0.14302131025089787
2019-11-09,-1.293125382511112
2019-11-10,0.2713285743141135
2019-11-11,0.6955574626061036
2019-11-12,0.6939376702577857
2019-11-13,0.03557029726601657
2019-11-14,-0.581389490085653
2019-11-15,0.6171619922935626
2019-11-16,-1.0216532703001173
2019-11-17,0.2494298941151761
2019-11-18,-0.8265099573062246
2019-11-19,0.14836795574553818
2019-11-20,-2.331963670240841
2019-11-21,0.37901191896180364
2019-11-22,-0.22785150639759855
2019-11-23,0.7572532617961302
2019-11-24,0.04565643293569083
2019-11-25,-1.307241054802755
2019-11-26,-0.0885784212433971
2019-11-27,0.11200787972722395
2019-11-28,0.011367862779299173
2019-11-29,-0.10803739476753993
2019-11-30,-0.94033031465655
2019-12-01,-1.446119803245289
2019-12-02,0.7096328494207669
2019-12-03,-0.46085003129412183
2019-12-04,0.2381331256457522
2019-12-05,0.611967653758817
2019-12-06,1.3715799738253014
2019-12-07,-0.33337328630332885
2019-12-08,1.6370134465295467
2019-12-09,0.05612761364216323
2019-12-10,0.056193731932282553
2019-12-11,0.2402983723269172
2019-12-12,-0.4144701424490562
2019-12-13,0.4771711546188344
2019-12-14,0.45271484963157016
2019-12-15,1.2280301904351802
2019-12-16,-0.2576127202517049
2019-12-17,-0.40354791889667874
2019-12-18,0.2147346748805869
2019-12-19,0.24868478594363122
2019-12-20,0.3537146179536248
2019-12-21,-0.25936496245361546
2019-12-22,-0.32883276951020135
2019-12-23,-0.015711435083778286
2019-12-24,-0.35775628957981365
2019-12-25,-0.982688309547026
2019-12-26,-0.5362285057116873
2019-12-27,-0.6349000448353712
2019-12-28,-0.5022440473273795
2019-12-29,0.6897840466300762
2019-12-30,0.6866232010614588
2019-12-31,-0.1192242567025733
2020-01-01,-0.6498480132547884
2020-01-02,0.42102552993478753
2020-01-03,0.5390680480424259
2020-01-04,0.7363949688202567
2020-01-05,-0.787299580355525
2020-01-06,0.46782256944036477
2020-01-07,0.13682934437540106
2020-01-08,0.5166487069542908
2020-01-09,-0.36590356755480247
2020-01-10,-0.22641097372507585
2020-01-11,0.8862078797030071
2020-01-12,0.6762757970935549
2020-01-13,-0.38669391625432603
2020-01-14,1.351471436250575
2020-01-15,0.9191217217485956
2020-01-16,-0.2876740827605156
2020-01-17,0.20277463568928178
2020-01-18,0.34116628532776033
2020-01-19,-0.3370320732590385
2020-01-20,-0.24682640655758525
2020-01-21,0.3312442566265372
2020-01-22,-0.3320406357440787
2020-01-23,-0.383514220870852
2020-01-24,0.20816661979620538
2020-01-25,-0.2303608369941381
2020-01-26,-0.027323341823426328
2020-01-27,0.26203737207223227
2020-01-28,-0.16431799110295067
2020-01-29,0.3723099815871308
2020-01-30,1.1111735150807858
2020-01-31,0.5119463136840633
2020-02-01,0.8963093809062762
2020-02-02,-0.6998539916851328
2020-02-03,0.14907551182536022
2020-02-04,0.2413189518691226
2020-02-05,-0.5992946307694851
2020-02-06,0.23473314428023664
2020-02-07,-1.2927379709537377
2020-02-08,0.880214940127227
2020-02-09,2.1069607726968442
2020-02-10,0.8067816795088358
2020-02-11,0.9747357319622538
2020-02-12,1.0089238936242895
2020-02-13,-0.6322001919258223
2020-02-14,-1.411622344934795
2020-02-15,1.872451461981703
2020-02-16,1.4508253385988517
2020-02-17,1.0684400928414919
2020-02-18,0.4476726553050343
2020-02-19,0.18485891006907607
2020-02-20,0.7787877113340822
2020-02-21,0.8459976046788985
2020-02-22,1.782849425488784
2020-02-23,0.21744963675041729
2020-02-24,-0.30372311567936716
2020-02-25,1.8295395729959802
2020-02-26,-1.9681444744498724
2020-02-27,-0.24972338525576188
2020-02-28,0.8129417165772359
2020-02-29,0.8877632970784478
2020-03-01,1.1672241367300675
2020-03-02,-1.1847916526826516
2020-03-03,-0.6615141117816892
2020-03-04,-0.4411549787974681
2020-03-05,-0.5097713481748961
2020-03-06,0.9293797078249908
2020-03-07,-0.9660268067650998
2020-03-08,1.6777679894678015
2020-03-09,-1.012775015803744
2020-03-10,1.4804388523966434
2020-03-11,0.44317411190459466
2020-03-12,1.6925551850974248
2020-03-13,0.1432761785554213
2020-03-14,-1.2154945753641924
2020-03-15,1.6541767526224493
2020-03-16,-0.7853393637767005
2020-03-17,0.5932479915129555
2020-03-18,0.4608128623645808
2020-03-19,-1.6335396705164915
2020-03-20,0.015870595450888092
2020-03-21,0.26502727589734215
2020-03-22,-0.18667684584265745
2020-03-23,0.1757427700254921
2020-03-24,0.20274007154090404
2020-03-25,-0.27080783794104174
2020-03-26,-0.3661993328831271
2020-03-27,-0.16798999923795355
2020-03-28,0.32008539157822397
2020-03-29,0.969227618033373
2020-03-30,-0.5038894556605723
2020-03-31,-0.6355340872006492
2020-04-01,1.09361930844549
2020-04-02,1.1508912520497219
2020-04-03,0.1561071217960176
2020-04-04,-0.6792591954684906
2020-04-05,0.5148355040814455
2020-04-06,0.23171944821697027
2020-04-07,-1.1345320549132907
2020-04-08,0.11222864508855229
2020-04-09,0.01902284608197298
2020-04-10,-0.509684695111429
2020-04-11,-1.1435283619973395
2020-04-12,0.5318760862622203
2020-04-13,1.6449080685641082
2020-04-14,-0.46289585874866035
2020-04-15,0.9262108814768626
2020-04-16,-0.4302117047913443
2020-04-17,-1.4668268199946057
2020-04-18,0.45115782597387505
2020-04-19,-0.03183265058391181
2020-04-20,0.012441655590664562
2020-04-21,1.3063544463328318
2020-04-22,-0.013024294843392514
2020-04-23,-1.1870520557118522
2020-04-24,1.1376483794993506
2020-04-25,-0.62631551583051
2020-04-26,-0.9739973600769262
2020-04-27,-0.09899188225380973
2020-04-28,-0.8403032051299929
2020-04-29,-0.13011100936230036
2020-04-30,0.29869102401539144
2020-05-01,-0.24771150091408484
2020-05-02,-0.37148613140892395
2020-05-03,-0.20637687803550694
2020-05-04,0.4494779457379302
2020-05-05,-0.06217689026835119
2020-05-06,0.26123162836943603
2020-05-07,-0.08238136218721535
2020-05-08,-0.6834150892915284
2020-05-09,-1.5322971323137784
2020-05-10,0.7773636166225746
2020-05-11,1.0394227468083082
2020-05-12,-0.018448369875089465
2020-05-13,-0.7205730643225414
2020-05-14,0.2866625869926164
2020-05-15,1.079969775455543
2020-05-16,0.6090273248216187
2020-05-17,0.677990786449759
2020-05-18,0.0678932637782178
2020-05-19,-0.20259918492786438
2020-05-20,-2.1206327587033145
2020-05-21,-1.1866062850213062
2020-05-22,1.9460560197956354
2020-05-23,0.4139095551999583
2020-05-24,1.264657761076372
2020-05-25,0.1338553691190686
2020-05-26,-2.260559696101948
2020-05-27,0.7804380654347916
2020-05-28,0.32221335295236786
2020-05-29,-1.1271469270104872
2020-05-30,-0.5303807766450687
2020-05-31,0.3219489533158756
2020-06-01,-0.08523507651146853
2020-06-02,-1.4819355872856361
2020-06-03,0.10573704564915909
2020-06-04,-0.232076711400717
2020-06-05,0.5983898227547477
2020-06-06,0.972841197253936
2020-06-07,-0.36800718549757316
2020-06-08,-0.8437428582347901
2020-06-09,-1.0349996667064065
2020-06-10,-0.17953379952322635
2020-06-11,1.267687043175778
2020-06-12,0.23056955845314225
2020-06-13,0.898720562828123
2020-06-14,0.7515883669884794
2020-06-15,-0.8075063005406978
2020-06-16,-1.7947991400630183
2020-06-17,-0.1265964605965313
2020-06-18,0.3857151366356373
2020-06-19,-0.7745163608622445
2020-06-20,0.5890758481166583
2020-06-21,-1.5966054780499674
2020-06-22,0.6393614216461138
2020-06-23,-1.5012449207194423
2020-06-24,-0.4687665927886754
2020-06-25,1.121941641564752
2020-06-26,-0.2412254374415531
2020-06-27,-0.5502063223027862
2020-06-28,0.9915321977582559
2020-06-29,0.970393432755145
2020-06-30,1.480824609977057
2020-07-01,-0.5796435277354597
2020-07-02,-0.6601839922348465
2020-07-03,0.38979210307177037
2020-07-04,2.132499039814069
2020-07-05,1.3411573883632766
2020-07-06,0.9453213473684623
2020-07-07,0.19086986609535095
2020-07-08,-0.4307903738259013
2020-07-09,-2.001842630350466
2020-07-10,1.2424389869257517
2020-07-11,0.5127977740933767
2020-07-12,-0.010921697299884014
2020-07-13,-0.637051982907799
2020-07-14,0.28735652069160705
2020-07-15,-0.9029556298153839
2020-07-16,-1.0975812198803083
2020-07-17,-0.9603402798225235
2020-07-18,-0.12256458802049897
2020-07-19,-0.09011643342235132
2020-07-20,0.2827309592235817
2020-07-21,-0.15226437311142313
2020-07-22,-0.6775977038819347
2020-07-23,0.07961097710198367
2020-07-24,0.8475078455587535
2020-07-25,-0.7378750505856447
2020-07-26,1.2169648587544406
2020-07-27,-0.2166674089476185
2020-07-28,1.484333472298215
2020-07-29,0.9748839136183973
2020-07-30,-0.1982260040280166
2020-07-31,-1.9658717400705177
2020-08-01,1.4907640069554384
2020-08-02,-0.6457229168578833
2020-08-03,-0.39247785992082707
2020-08-04,-0.7017860220839598
2020-08-05,1.3069933034176893
2020-08-06,-0.9916868199049802
2020-08-07,-0.6404541887804259
2020-08-08,-0.8145718593496004
2020-08-09,-0.5366769797016024
2020-08-10,0.8330080546732994
2020-08-11,0.16897939934782985
2020-08-12,0.5924303718144406
2020-08-13,0.006713692236194169
2020-08-14,-0.6844916554061146
2020-08-15,-1.0077651619695283
2020-08-16,0.26550676276066615
2020-08-17,-0.749639865274404
2020-08-18,-0.286781670476216
2020-08-19,-1.1814623727501032
2020-08-20,0.7450587514387262
2020-08-21,1.037500355259524
2020-08-22,1.0043053513405096
2020-08-23,0.03969319804750793
2020-08-24,-1.6851215921679308
2020-08-25,0.7381097995671255
2020-08-26,1.120475830127455
2020-08-27,-0.10732934592867271
2020-08-28,-0.35344733155550745
2020-08-29,-0.8325083146082742
2020-08-30,-0.5713967465652072
2020-08-31,-1.1178778909552138
2020-09-01,0.03699261242011276
2020-09-02,-0.9982501444339653
2020-09-03,1.1161784730852964
2020-09-04,0.5461294371527197
2020-09-05,0.4236330937229509
2020-09-06,-0.8780993585103758
2020-09-07,0.28286455204294475
2020-09-08,1.2556039880104817
2020-09-09,0.6253225216430318
2020-09-10,-0.581014639812987
2020-09-11,0.28181312455576646
2020-09-12,1.03250322538639
2020-09-13,0.8588228785581007
2020-09-14,-1.4265973344722955
2020-09-15,-1.2007433117406294
2020-09-16,0.9334089234691374
2020-09-17,-0.9321290237631749
2020-09-18,-1.3102398043304386
2020-09-19,-0.11307737251794558
2020-09-20,-0.6176756844137137
2020-09-21,-1.6061105752430482
2020-09-22,-0.8217215587280058
2020-09-23,0.9582060814414236
2020-09-24,1.2284025224248085
2020-09-25,-1.1343563771773955
2020-09-26,-0.2492507340615986
2020-09-27,0.41934112851896554
2020-09-28,-0.5859631156479271
2020-09-29,0.04686219581107973
2020-09-30,-0.4196845816650738
2020-10-01,1.1814675319081616
2020-10-02,-0.07179459801281668
2020-10-03,1.7073625060569984
2020-10-04,-0.4853505456021995
2020-10-05,0.4460083942106157
2020-10-06,0.15347491900826798
2020-10-07,-0.21513868343361503
2020-10-08,0.5445114171938483
2020-10-09,-0.06375498798788509
2020-10-10,-0.18982711106067154
2020-10-11,-0.40183083990904084
2020-10-12,-1.2547069613704624
2020-10-13,-0.2462774485988385
2020-10-14,1.2221057879751394
2020-10-15,-0.400673685722636
2020-10-16,-1.1906860177441556
2020-10-17,-0.4166060879483895
2020-10-18,0.8877073276627785
2020-10-19,-1.031419000946468
2020-10-20,1.0048560446165502
2020-10-21,0.48284195461001783
2020-10-22,1.484482910437495
2020-10-23,-0.3552086564757355
2020-10-24,0.5136687500718029
2020-10-25,0.7595933233441696
2020-10-26,-0.251461470052946
2020-10-27,1.0017293013343198
2020-10-28,0.6142279364750217
2020-10-29,-0.22565798475231452
2020-10-30,0.11562479379721895
2020-10-31,-0.48610967313750597
2020-11-01,1.1479506170693872
2020-11-02,1.6368086148277643
2020-11-03,0.16552345572953953
2020-11-04,0.19237284915820485
2020-11-05,0.2851533237139751
2020-11-06,-1.1450198355288084
2020-11-07,-1.06075590949973
2020-11-08,-0.309819061145297
2020-11-09,-0.2550502125239672
2020-11-10,-0.6310624906831159
2020-11-11,-0.9960079213942952
2020-11-12,0.595845402903407
2020-11-13,-0.1702868910516308
2020-11-14,-0.48922088279503795
2020-11-15,1.2808767235817053
2020-11-16,0.4006624695490687
2020-11-17,0.5362352058127111
2020-11-18,0.6854732935482081
2020-11-19,0.9992560725819681
2020-11-20,-1.0608994344182636
2020-11-21,1.6878204651823545
2020-11-22,-0.007733462466072982
2020-11-23,0.186901871028208
2020-11-24,0.5068248834091644
2020-11-25,-0.4502339161448302
2020-11-26,-0.49764286293931914
2020-11-27,-1.9108396847707172
2020-11-28,0.20323684498661287
2020-11-29,-1.6817193829524903
2020-11-30,0.5262024982967265
2020-12-01,-0.9437652567073318
2020-12-02,-0.7857759382413255
2020-12-03,0.9664966812740036
2020-12-04,0.15650680389049743
2020-12-05,-0.5313297822486709
2020-12-06,-0.5425234849365363
2020-12-07,0.2468648503010872
2020-12-08,-0.9935555708857773
2020-12-09,-0.5590617850367435
2020-12-10,-0.8951184154170356
2020-12-11,0.5347167373126825
2020-12-12,-0.22657382594218903
2020-12-13,-0.5688634082722168
2020-12-14,0.7475735628580493
2020-12-15,-0.5615839278805949
2020-12-16,-0.10933611540234317
2020-12-17,0.3367685903719514
2020-12-18,0.2952352024505607
2020-12-19,0.16932662486299782
2020-12-20,-0.13600720011588088
2020-12-21,0.21474659054892872
2020-12-22,0.049295992619123985
2020-12-23,-1.575857874758159
2020-12-24,-0.049176240395057524
2020-12-25,-0.9578857189071428
2020-12-26,1.0197708456152677
2020-12-27,1.7648301898307623
2020-12-28,-1.7471532769605331
2020-12-29,-1.1177533625426088
2020-12-30,0.5350645822564768
2020-12-31,-0.18809583533609442
2021-01-01,-2.150338026567736
2021-01-02,0.025639858004874894
2021-01-03,0.5275342270632825
2021-01-04,0.1654741470740554
2021-01-05,-0.07651917298702561
2021-01-06,-0.35136646894834844
2021-01-07,-0.7229087948680673
2021-01-08,-0.45692940244900504
2021-01-09,-1.4231455912161322
2021-01-10,0.6520952218654519
2021-01-11,0.9666572389658765
2021-01-12,-0.21524027149147365
2021-01-13,0.9326111728390042
2021-01-14,-1.066627329498328
2021-01-15,-1.008227979683709
2021-01-16,-0.8687870763797892
2021-01-17,-0.06629750302024184
2021-01-18,-0.19741416714588045
2021-01-19,0.18168003602098667
2021-01-20,1.4035289030225457
2021-01-21,1.1713206416096615
2021-01-22,0.027514350088408857
2021-01-23,-0.5613313023925215
2021-01-24,-2.1825785101443342
2021-01-25,-0.4874410162049667
2021-01-26,-0.4949721083942513
2021-01-27,-0.003423488566578037
2021-01-28,-1.101603754617873
2021-01-29,0.6466421586649083
2021-01-30,-1.5421356957239367
2021-01-31,-0.1792058635290602
2021-02-01,-0.516090956828479
2021-02-02,-1.544737834170316
2021-02-03,1.5636173001935951
2021-02-04,-0.2397243981669101
2021-02-05,0.5117988504472837
2021-02-06,0.6685080461464061
2021-02-07,0.871663282591026
2021-02-08,0.5712070916239697
2021-02-09,-0.22350052480810406
2021-02-10,-0.5070258545469749
2021-02-11,-0.5810298252833462
2021-02-12,-0.6151975896405035
2021-02-13,-2.215245392290007
2021-02-14,0.8189361142327514
2021-02-15,0.5164892544653522
2021-02-16,-0.8120734776214347
2021-02-17,0.3227211604885021
2021-02-18,0.3568596227002282
2021-02-19,0.14306961958683276
2021-02-20,0.251539939937142
2021-02-21,-0.4494328108716674
2021-02-22,0.12815165240646254
2021-02-23,0.029555534670329026
2021-02-24,0.9750013817785167
2021-02-25,-0.05827832222752355
2021-02-26,-0.0073228461125149635
2021-02-27,-0.6054554327912084
2021-02-28,-0.40801944037946336
2021-03-01,-1.5082373205708295
2021-03-02,-1.2896047353833182
2021-03-03,-0.23483729517538743
2021-03-04,0.1428217546482627
2021-03-05,-0.9213977882961307
2021-03-06,0.7204170565275689
2021-03-07,0.2045831991291111
2021-03-08,-1.8280600089826455
2021-03-09,-0.259834743545976
2021-03-10,0.7851171091600286
2021-03-11,1.9712008448909892
2021-03-12,0.17131189855514273
2021-03-13,0.35248733942383315
2021-03-14,0.06362826186602932
2021-03-15,0.7815682735548843
2021-03-16,-0.3521698574360338
2021-03-17,-1.252350450936737
2021-03-18,-0.9000093828557537
2021-03-19,-0.23106875854236852
2021-03-20,0.438362679221973
2021-03-21,1.2650971852381911
2021-03-22,-0.6986776550227826
2021-03-23,-0.0746985180460391
2021-03-24,0.18876174239589813
2021-03-25,-0.6900827729996959
2021-03-26,0.7244610975548107
2021-03-27,0.2810061496150714
2021-03-28,1.1937656110493522
2021-03-29,0.7417184642457347
2021-03-30,-0.6402064025939098
2021-03-31,-1.484104853442652
2021-04-01,0.5186078060987822
2021-04-02,0.8239711516019432
2021-04-03,-1.5055641939945095
2021-04-04,1.3448996588031599
2021-04-05,1.5400048364645826
2021-04-06,0.4200743132714949
2021-04-07,0.4445058715042858
2021-04-08,0.8435564532564603
2021-04-09,0.5168848770358107
2021-04-10,-1.455635859861176
2021-04-11,1.108703659264675
2021-04-12,0.10067564053843153
2021-04-13,0.7127244903026142
2021-04-14,-0.8540317728514105
2021-04-15,-0.6396769672211089
2021-04-16,-0.161817338171852
2021-04-17,-0.33384877794287704
2021-04-18,-0.7968568209880105
2021-04-19,-0.4634466541645089
2021-04-20,-0.38531037091025666
2021-04-21,1.2637436368683916
2021-04-22,1.4709071118976649
2021-04-23,-0.3157114412594151
2021-04-24,-0.004225897369434711
2021-04-25,-0.6032277028138335
2021-04-26,-2.092002881779836
2021-04-27,0.5780692583622862
2021-04-28,-0.0669260145367562
2021-04-29,0.602376534311581
2021-04-30,-2.063871327797672
2021-05-01,-0.02558323696373921
2021-05-02,-0.6738756655929183
2021-05-03,0.8198589990026882
2021-05-04,1.831743382929214
2021-05-05,0.9034666994189602
2021-05-06,0.570082806188799
2021-05-07,0.0042047648640964885
2021-05-08,-0.16741274561954084
2021-05-09,1.2620322494172305
2021-05-10,-0.754158603925436
2021-05-11,-0.32408449128818745
2021-05-12,-0.3160019391383826
2021-05-13,-0.6897629699426722
2021-05-14,0.15937725209319598
2021-05-15,-0.7132342960551954
2021-05-16,-0.9924415359676806
2021-05-17,-0.7729301693064646
2021-05-18,0.046086223658399206
2021-05-19,-0.5292890487526992
2021-05-20,0.05013663410326935
2021-05-21,1.1776628004673853
2021-05-22,1.5115669975080142
2021-05-23,0.22357719018130973
2021-05-24,-0.5781496065859288
2021-05-25,-0.15439373930656775
2021-05-26,1.6537477880696758
2021-05-27,-1.0666117089891076
2021-05-28,0.22779508922105193
2021-05-29,-1.2207353036206658
2021-05-30,-1.0372898465103844
2021-05-31,-1.1747518226383353
2021-06-01,-0.2348001202699882
2021-06-02,1.3088676638600756
2021-06-03,0.26253576775106213
2021-06-04,-0.735486410798812
2021-06-05,0.10181638883961716
2021-06-06,-1.0399781152011658
2021-06-07,0.07751938348457077
2021-06-08,-1.1689461052586572
2021-06-09,-1.6090378899766469
2021-06-10,-0.39303002998012393
2021-06-11,0.37348026765450715
2021-06-12,1.0429256857794325
2021-06-13,0.7232227522671566
2021-06-14,-0.21408113356556036
2021-06-15,-1.2053712419664178
2021-06-16,-0.8067508075798917
2021-06-17,1.2585400373579596
2021-06-18,-0.8755808071824005
2021-06-19,0.3108963427671616
2021-06-20,0.2158227384900458
2021-06-21,0.02596078841494097
2021-06-22,0.4696170119166597
2021-06-23,-1.1305844513541377
2021-06-24,-0.7724534688730714
2021-06-25,-1.1603454082153415
2021-06-26,-1.0423482011336456
2021-06-27,-0.24849271315895294
2021-06-28,-0.594801699118692
2021-06-29,0.15233805757064772
2021-06-30,0.0864115533016545
2021-07-01,-0.3060313857826107
2021-07-02,-0.5437789531150332
2021-07-03,-0.619511205993028
2021-07-04,-1.372689106010925
2021-07-05,0.4096869404974458
2021-07-06,1.189337361497929
2021-07-07,0.06244129696028222
2021-07-08,-2.029442196554456
2021-07-09,0.37735048107413116
2021-07-10,-0.08755144531713743
2021-07-11,-1.2521508142279403
2021-07-12,1.3625394191805045
2021-07-13,-0.7292615147009607
2021-07-14,-0.38302936345746375
2021-07-15,0.8759157473890768
2021-07-16,-0.48921087636883503
2021-07-17,1.1440610499773929
2021-07-18,-0.007409585039233613
2021-07-19,0.3694610480904525
2021-07-20,-0.04976050171279722
2021-07-21,-0.11556589470567985
2021-07-22,-0.40453749707591485
2021-07-23,-1.4720944292708262
2021-07-24,0.5270850218614926
2021-07-25,0.38344233419321716
2021-07-26,-1.6617923778983519
2021-07-27,0.40811149980889616
2021-07-28,0.8510811847433915
2021-07-29,1.9513669649098162
2021-07-30,0.09289195277258333
2021-07-31,0.18498932887437125
2021-08-01,0.17685445766543145
2021-08-02,0.3624283589995823
2021-08-03,-1.1687119914426136
2021-08-04,-1.5703807272622177
2021-08-05,0.8198587069053095
2021-08-06,0.5386999201874425
2021-08-07,-0.4928196085860678
2021-08-08,1.126565905093282
2021-08-09,0.3834955430598527
2021-08-10,-0.15942737990043981
2021-08-11,-0.7834184782015381
2021-08-12,-0.3988522254319744
2021-08-13,0.7775512696763858
2021-08-14,0.9684532970640272
2021-08-15,0.031208314807918858
2021-08-16,0.6815161621458863
2021-08-17,1.207031604942277
2021-08-18,0.9842810595910928
2021-08-19,-0.05478059074441388
2021-08-20,-1.5254886956346683
2021-08-21,-1.3375284571799448
2021-08-22,1.15041908221754
2021-08-23,-0.3671406427368603
2021-08-24,-1.3940499920085787
2021-08-25,2.077650742445808
2021-08-26,0.04455244170429318
2021-08-27,0.6258643023538656
2021-08-28,0.2975391178133185
2021-08-29,0.1859468324130807
2021-08-30,-0.35488307184027146
2021-08-31,-0.4225459724164109
2021-09-01,-0.7536709156320102
2021-09-02,-1.2377594082337147
2021-09-03,1.2322866118884575
2021-09-04,-1.143024543796752
2021-09-05,0.3912316873272699
2021-09-06,-1.6268978309907784
2021-09-07,-0.6949479814118881
2021-09-08,-0.40288276619865737
2021-09-09,0.06317661804000363
2021-09-10,-0.9560682886658385
2021-09-11,0.8588171612907258
2021-09-12,0.19496781314782663
2021-09-13,-0.3518681797173109
2021-09-14,-1.3674183025020559
2021-09-15,0.7660544164112034
2021-09-16,0.4414247590065562
2021-09-17,-0.22849901691991675
2021-09-18,-0.5934234061197217
2021-09-19,0.10347998209337378
2021-09-20,-1.0531297040680196
2021-09-21,0.4124242070627626
2021-09-22,0.17489831746514756
2021-09-23,2.121096916495055
2021-09-24,0.28291899377508445
2021-09-25,-1.1528502136950807
2021-09-26,-0.3137885563213679
2021-09-27,0.09164759757770463
2021-09-28,-0.7008219187889763
2021-09-29,0.7053271962572
2021-09-30,1.43528156337576
2021-10-01,0.9435685467367416
2021-10-02,-0.5767217557935963
2021-10-03,1.2536848036667154
2021-10-04,0.18077625678312204
2021-10-05,0.035709023523108285
2021-10-06,-0.47043644067275175
2021-10-07,-1.4903303270527943
2021-10-08,-0.5176094825711595
2021-10-09,0.12514249012631073
2021-10-10,-0.3912879559242287
2021-10-11,1.0255302933228903
2021-10-12,-0.4859481255155657
2021-10-13,-0.5463380887494099
2021-10-14,0.9550185672837339
2021-10-15,0.8133861997488622
2021-10-16,-0.47779813022465983
2021-10-17,-1.0957598360062126
2021-10-18,0.6151051670816805
2021-10-19,0.6003620245358909
2021-10-20,1.7284423756664977
2021-10-21,0.1889444394239077
2021-10-22,0.9835821816428676
2021-10-23,-0.5002811708344804
2021-10-24,0.36417051508014814
2021-10-25,-0.053033678510206544
2021-10-26,0.2474943351034173
2021-10-27,1.3022305362484217
2021-10-28,-0.12078227922059614
2021-10-29,0.5157788668649875
2021-10-30,0.19302478040017834
2021-10-31,0.04907446647888852
2021-11-01,0.8906168256579652
2021-11-02,-1.065411732015101
2021-11-03,-0.8145281964756689
2021-11-04,-0.17584572994492276
2021-11-05,0.4046253517169207
2021-11-06,0.9420442466860922
2021-11-07,0.7923190904238263
2021-11-08,-1.7249117775877338
2021-11-09,0.9378314391384249
2021-11-10,-0.43522593263722187
2021-11-11,-0.9716478054118496
2021-11-12,0.3712580530896481
2021-11-13,-0.8607969182092199
2021-11-14,-0.23320843662840374
2021-11-15,-0.9818485193992679
2021-11-16,-1.169195181834401
2021-11-17,1.040805013037741
2021-11-18,0.7189171180426074
2021-11-19,0.599761239109299
2021-11-20,0.1590319466418254
2021-11-21,-0.43023231623543995
2021-11-22,-0.7492573160524966
2021-11-23,0.375090433809409
2021-11-24,-0.20946721257583775
2021-11-25,0.2844182262923144
2021-11-26,-0.12589712429870534
2021-11-27,-0.11712936634565113
2021-11-28,-2.0542927438935914
2021-11-29,-0.03656074877206028
2021-11-30,1.3854360399530472
2021-12-01,0.6122047312887586
2021-12-02,-0.401428187621908
2021-12-03,0.5985992058865883
2021-12-04,-0.9917805424243247
2021-12-05,0.6497939986775463
2021-12-06,-0.15953172165114324
2021-12-07,0.4150222451745761
2021-12-08,0.5837522119251232
2021-12-09,-0.8408828564222477
2021-12-10,-0.5851089662617097
2021-12-11,-1.8856990851662698
2021-12-12,1.021792037918002
2021-12-13,-0.15630067528388003
2021-12-14,-0.32853190476876987
2021-12-15,0.5724935904949631
2021-12-16,-1.0013280248480405
2021-12-17,-0.44440346464767444
2021-12-18,0.5757203934894843
2021-12-19,0.3780422545957057
2021-12-20,-1.3688135245981838
2021-12-21,-1.2216974088028074
2021-12-22,0.4490358334829875
2021-12-23,-0.6440189775305054
2021-12-24,-0.5556105651121792
2021-12-25,-1.4138075547342044
2021-12-26,0.15284203690411913
2021-12-27,0.412035526092494
2021-12-28,-0.2816234555878357
2021-12-29,-1.1673259928224442
2021-12-30,1.1419096854993658
2021-12-31,0.8500651881022849
2022-01-01,-0.29108787286123255
2022-01-02,0.41641258912036716
2022-01-03,0.742289652729534
2022-01-04,-1.0121407771659534
2022-01-05,0.8195876272128053
2022-01-06,-1.3069715519505887
2022-01-07,1.1773460692719988
2022-01-08,-0.33307424288142456
2022-01-09,-0.938349113677132
2022-01-10,-1.0916435698582192
2022-01-11,0.3199325731120078
2022-01-12,-0.5403833967760819
2022-01-13,0.8279266197499101
2022-01-14,0.10090244012241345
2022-01-15,-1.4052363705304474
2022-01-16,0.8335692607628432
2022-01-17,1.0945417441452487
2022-01-18,-0.8856953220815948
2022-01-19,1.0997427548342484
2022-01-20,0.6459002340290112
2022-01-21,-0.3689227594645099
2022-01-22,-0.2084454632196922
2022-01-23,-0.48367180298660417
2022-01-24,-0.18099719074114562
2022-01-25,-0.2031493370940697
2022-01-26,0.6174759131543904
2022-01-27,1.530502503724243
2022-01-28,-0.1721596369437901
2022-01-29,1.7223796963925322
2022-01-30,0.9403611934886213
2022-01-31,-1.6055015821299319
2022-02-01,1.7252587964033417
2022-02-02,0.335293540011235
2022-02-03,-0.18107587446122686
2022-02-04,0.4951262085371135
2022-02-05,0.9439238147771851
2022-02-06,0.4873426252914459
2022-02-07,0.6121854546991153
2022-02-08,0.3385983944339285
2022-02-09,0.3738919957740452
2022-02-10,-0.41163209907141557
2022-02-11,-0.1700173528701714
2022-02-12,0.657362914124148
2022-02-13,0.7203040500563017
2022-02-14,0.8672979599216321
2022-02-15,0.36073916910922477
2022-02-16,0.741429960032606
2022-02-17,1.61881541605301
2022-02-18,0.2607829367985699
2022-02-19,1.463182526746661
2022-02-20,-0.1763085934359524
2022-02-21,1.1594094887789215
2022-02-22,0.30102875593453826
2022-02-23,0.698603151347004
2022-02-24,0.6570400103778802
2022-02-25,0.5020368638756215
2022-02-26,-1.8037928288389902
2022-02-27,0.28809798106119006
2022-02-28,0.32075385434214976
2022-03-01,-1.1144592282313401
2022-03-02,-0.9873384609467166
2022-03-03,-0.7560820663023138
2022-03-04,-0.5582273479683264
2022-03-05,-0.47616351565374926
2022-03-06,-1.5013563291039485
2022-03-07,-1.5012826408088493
2022-03-08,-0.38906315382156786
2022-03-09,0.24580893072604493
2022-03-10,0.5354311249035345
2022-03-11,0.906034581369653
2022-03-12,0.02274522965886494
2022-03-13,0.07172151101651802
2022-03-14,-0.7721870059284063
2022-03-15,-1.2316355014770353
2022-03-16,0.21340151606112
2022-03-17,1.1131327089552876
2022-03-18,-1.0917849461623566
2022-03-19,0.11734240705547916
2022-03-20,1.1165133791924606
2022-03-21,-1.3312373531696657
2022-03-22,-1.4161125726731447
2022-03-23,-0.9945708319866583
2022-03-24,-0.9604499247331038
2022-03-25,0.018958594325684697
2022-03-26,0.6265497837392484
2022-03-27,-1.0126618355654617
2022-03-28,0.4403334510770248
2022-03-29,-0.11023035262433697
2022-03-30,-1.3142650296598877
2022-03-31,1.661098918462784
2022-04-01,-0.38848853090622315
2022-04-02,-0.43858419263373966
2022-04-03,0.5239610678698213
2022-04-04,2.025250518062308
2022-04-05,-0.7098945586199445
2022-04-06,0.9864503700060137
2022-04-07,0.8932736151432364
2022-04-08,0.7292722292810321
2022-04-09,0.9381879063211096
2022-04-10,0.3798586013126105
2022-04-11,-1.572421695568613
2022-04-12,1.2415676551214183
2022-04-13,-0.5345644912004316
2022-04-14,0.17370202247950203
2022-04-15,-0.6844873739901881
2022-04-16,-1.0095705073373293
2022-04-17,-0.5285958777501134
2022-04-18,-0.05372361274651283
2022-04-19,-0.5474682489362883
2022-04-20,-0.9006728816968879
2022-04-21,0.17246833309492338
2022-04-22,0.7907297706849159
2022-04-23,0.1535825782102469
2022-04-24,0.4997621862760733
2022-04-25,-1.0673099056507032
2022-04-26,-0.6862699954665102
2022-04-27,-0.9138062898915629
2022-04-28,0.4455950413251627
2022-04-29,-0.2984902456353942
2022-04-30,-0.2597116792518375
2022-05-01,-1.0786898609998803
2022-05-02,-0.6620630324736245
2022-05-03,0.33205427951978644
2022-05-04,-1.3689413383790365
2022-05-05,-0.5350345439122439
2022-05-06,-0.276569294209041
2022-05-07,0.3311697256370957
2022-05-08,-0.47545077164760774
2022-05-09,-0.4990401056483164
2022-05-10,1.1004365400473983
2022-05-11,-0.12291321013293505
2022-05-12,0.504351125176928
2022-05-13,0.7788847901059528
2022-05-14,0.025461289394691056
2022-05-15,-2.0958065171323086
2022-05-16,1.6001654926907758
2022-05-17,-0.6486514726921655
2022-05-18,0.032399747461219486
2022-05-19,-1.2084328745482595
2022-05-20,-0.12940788464071729
2022-05-21,1.5683254992524551
2022-05-22,-1.7951018152267055
2022-05-23,1.3168524163620288
2022-05-24,0.7958687219893483
2022-05-25,0.43754940627164807
2022-05-26,1.3109180311630362
2022-05-27,1.1845973231040219
2022-05-28,1.3314748169589175
2022-05-29,-0.8090497775906555
2022-05-30,-1.353502761631841
2022-05-31,-0.9893292045710871
2022-06-01,-0.6976355715797419
2022-06-02,1.4735814928149775
2022-06-03,-1.2578433212737514
2022-06-04,-0.5244760844408896
2022-06-05,-0.14549702018369648
2022-06-06,1.7429120865052772
2022-06-07,0.942643226650351
2022-06-08,-1.2760217360609647
2022-06-09,-0.1678779174587608
2022-06-10,0.21925186065942942
2022-06-11,0.10061565700736318
2022-06-12,0.4198395383085592
2022-06-13,0.48206067135456127
2022-06-14,0.039392873581600873
2022-06-15,-1.1320199526779133
2022-06-16,-0.08571642053714879
2022-06-17,-0.002670609938330182
2022-06-18,0.27875090217452053
2022-06-19,-1.1741158289444065
2022-06-20,0.46389556139035754
2022-06-21,-0.2570505025887192
2022-06-22,-0.47221977890333006
2022-06-23,-0.94754776326465
2022-06-24,1.020130164305418
2022-06-25,-2.1732991765697274
2022-06-26,0.9565426123281986
2022-06-27,-0.7925643690180483
2022-06-28,-0.9747665918171795
2022-06-29,0.9233640600898787
2022-06-30,-0.04396827965498157
2022-07-01,0.47224031008003187
2022-07-02,-0.06758762015313433
2022-07-03,-0.6156622804785324
2022-07-04,1.0175910876357017
2022-07-05,0.3347991098734312
2022-07-06,0.40597456852678837
2022-07-07,1.2369516377899197
2022-07-08,0.43428655432130303
2022-07-09,0.8585535856873089
2022-07-10,0.69211365250194
2022-07-11,-1.0633746018944132
2022-07-12,-0.41356963513496037
2022-07-13,0.7648167044327463
2022-07-14,0.5157497686829189
2022-07-15,0.7145210074748951
2022-07-16,0.8223156518816448
2022-07-17,-0.4920888630240437
2022-07-18,0.20858766286853875
2022-07-19,-1.1930179165342072
2022-07-20,1.4105981857256809
2022-07-21,-0.89275741821233
2022-07-22,1.0754859865048867
2022-07-23,-0.297030492878567
2022-07-24,-0.11415443365282807
2022-07-25,0.5767511629436248
2022-07-26,1.0266137592022802
2022-07-27,0.671736560759598
2022-07-28,-1.6415068731645799
2022-07-29,-0.32142240252374554
2022-07-30,-0.6071209271020864
2022-07-31,-0.5106059593395996
2022-08-01,0.7066883630313623
2022-08-02,-0.19989076327677313
2022-08-03,0.3877753295820979
2022-08-04,-0.2861993152884125
2022-08-05,-0.3442461022774736
2022-08-06,0.4423168046205408
2022-08-07,-0.5125878290741752
2022-08-08,-0.7619152139293817
2022-08-09,-0.7765177471852776
2022-08-10,-1.3743953552799248
2022-08-11,-0.8059074978827785
2022-08-12,-0.07484182469116785
2022-08-13,-1.0384419445106339
2022-08-14,1.0822099890898593
2022-08-15,-0.6526862816209906
2022-08-16,-0.22012739170670892
2022-08-17,-1.6342975765929053
2022-08-18,0.3860488234638889
2022-08-19,-1.507141522308803
2022-08-20,0.19857287137621282
2022-08-21,0.2971076420759644
2022-08-22,-2.301618748460903
2022-08-23,1.6924488174937355
2022-08-24,0.04094687115611667
2022-08-25,0.3323949395193853
2022-08-26,-0.6425241772939321
2022-08-27,0.7182772965275801
2022-08-28,0.30954680753456476
2022-08-29,-0.5661596909631862
2022-08-30,-0.3320446740368027
2022-08-31,-0.25885014678570717
2022-09-01,-0.46721337269786717
2022-09-02,0.5582625282708593
2022-09-03,0.7210760689525277
2022-09-04,0.1528864023682346
2022-09-05,0.8536069381242815
2022-09-06,0.7733981863684987
2022-09-07,-0.49712656494779295
2022-09-08,0.57194789163559
2022-09-09,-1.2278680401681128
2022-09-10,-0.4039567807627893
2022-09-11,-0.9772955843454217
2022-09-12,0.37627186506712146
2022-09-13,1.2905108016570108
2022-09-14,-0.13432750076550504
2022-09-15,1.1937787490690968
2022-09-16,0.7165240599421961
2022-09-17,0.5576239517096304
2022-09-18,0.6119134146104405
2022-09-19,-0.6231580978942195
2022-09-20,-1.0451413844175759
2022-09-21,-1.8405463255795562
2022-09-22,0.004264799073002257
2022-09-23,-0.007068427814896916
2022-09-24,-1.2262874580010596
2022-09-25,0.03224303437390874
2022-09-26,1.5472661254982745
2022-09-27,-2.007685379092045
2022-09-28,-1.516055746731134
2022-09-29,0.3376586977192625
2022-09-30,-0.28634497014072957
2022-10-01,1.5759865781556008
2022-10-02,-0.04380420920375194
2022-10-03,0.22733756711777553
2022-10-04,0.050032635873931586
2022-10-05,1.6368487735255768
2022-10-06,0.896733897925877
2022-10-07,0.7941159986789612
2022-10-08,-0.15998234861846983
2022-10-09,-0.5699995917426063
2022-10-10,0.8866497802904423
2022-10-11,-0.41690928809919936
2022-10-12,-0.6038134631470966
2022-10-13,0.14249381149386206
2022-10-14,-0.4012957083962991
2022-10-15,0.4082279613666475
2022-10-16,1.0755497799059521
2022-10-17,-0.21669742327817726
2022-10-18,0.19462833538895663
2022-10-19,-1.0011482755413554
2022-10-20,1.021588714486233
2022-10-21,-1.0271201777152668
2022-10-22,-0.14020011305753738
2022-10-23,0.06793500731843635
2022-10-24,1.2839014756718068
2022-10-25,-0.060613558244895116
2022-10-26,-0.43300913544999076
2022-10-27,0.4662019026109421
2022-10-28,-0.3067342322525748
2022-10-29,-0.6241757599696227
2022-10-30,-0.48933013510713874
2022-10-31,-0.3894923907971398
2022-11-01,1.5550181147110402
2022-11-02,0.4742531526539344
2022-11-03,0.5601676118634553
2022-11-04,0.1171688025261548
2022-11-05,-0.10001951566220105
2022-11-06,1.0443969855769812
2022-11-07,0.8572640789695398
2022-11-08,0.27350985937755434
2022-11-09,0.6609692426352968
2022-11-10,0.3458458686654665
2022-11-11,0.8433335625453547
2022-11-12,-1.1449139012333296
2022-11-13,-0.47936945161712796
2022-11-14,0.42866029827070024
2022-11-15,-0.030931422620748703
2022-11-16,1.2030501004939815
2022-11-17,1.2596032790875027
2022-11-18,-0.1138364903421537
2022-11-19,-1.136310467027619
2022-11-20,-0.7485453128417213
2022-11-21,-0.5691104396392576
2022-11-22,0.8745507672952775
2022-11-23,-0.01662686964434007
2022-11-24,-0.20550873254533172
2022-11-25,-0.1440675809614197
2022-11-26,-0.508603131774261
2022-11-27,0.4379089656358262
2022-11-28,0.19606741163075314
2022-11-29,-0.7793777111483182
2022-11-30,-0.5769794455277906
2022-12-01,-0.7476930504569352
2022-12-02,0.0825190180326224
2022-12-03,0.30422648646873146
2022-12-04,-0.10788810950486853
2022-12-05,0.15990287821416058
2022-12-06,-1.6432588375526553
2022-12-07,0.11631528907579591
2022-12-08,-1.3634207723037033
2022-12-09,0.6989803238307342
2022-12-10,-0.7880109543697132
2022-12-11,-0.5647676523909413
2022-12-12,-1.0000291158470218
2022-12-13,0.2438037155048478
2022-12-14,-0.018032561250179796
2022-12-15,-0.9931498797718021
2022-12-16,-0.3356425192462045
2022-12-17,0.4087347600937825
2022-12-18,0.279177505823366
2022-12-19,0.6329190876134989
2022-12-20,0.41709666289442254
2022-12-21,-0.5645231703877754
2022-12-22,0.17324730746345593
2022-12-23,-1.2597431568089965
2022-12-24,-0.01677896785241273
2022-12-25,-0.07974115969973211
2022-12-26,0.3883936152799263
2022-12-27,0.30385350883292583
2022-12-28,0.863035592372836
2022-12-29,0.8751178307668173
2022-12-30,0.5130104483991361
2022-12-31,0.1875245350083492
2023-01-01,1.1462071819338666
2023-01-02,-1.1477933410701806
2023-01-03,0.1411332772439014
2023-01-04,1.4961347414109538
2023-01-05,-0.7062461642147261
2023-01-06,0.6664908383175683
2023-01-07,-0.017749589669247723
2023-01-08,0.13760946933595505
2023-01-09,-0.3266776276062041
2023-01-10,0.3029926692769932
2023-01-11,0.8833572796582249
2023-01-12,0.19217028304869366
2023-01-13,1.2261748286197591
2023-01-14,0.13033437282063087
2023-01-15,1.5270616859552608
2023-01-16,-0.9135948524540308
2023-01-17,0.17176416779333795
2023-01-18,0.057949718973030306
2023-01-19,-0.0036345685735485744
2023-01-20,-1.5020249362338467
2023-01-21,-0.3425362827510251
2023-01-22,-0.2358247906347236
2023-01-23,-1.2377443104639574
2023-01-24,-1.0255212407606782
2023-01-25,0.37030816754245244
2023-01-26,-0.4218484413193674
2023-01-27,-0.8886219084850533
2023-01-28,-0.6178692828595524
2023-01-29,1.0190095726473591
2023-01-30,1.3306984311452459
2023-01-31,0.4380193466777338
2023-02-01,1.1410488887557544
2023-02-02,-0.9114728117603599
2023-02-03,1.6916758218371042
2023-02-04,-2.1122145329413895
2023-02-05,0.38088152482941295
2023-02-06,-1.321021424104516
2023-02-07,-0.014427237991900488
2023-02-08,-0.25118868117698007
2023-02-09,0.7377099317506286
2023-02-10,0.30506921647110824
2023-02-11,0.38943990906297
2023-02-12,-1.0131642915139365
2023-02-13,-0.6646760025018055
2023-02-14,-0.9686410597920683
2023-02-15,-0.6651004227760325
2023-02-16,0.4922683207349629
2023-02-17,1.912676183254269
2023-02-18,-0.8852070505295135
2023-02-19,-0.39170564599664304
2023-02-20,1.9874166284407506
2023-02-21,-1.0886193825773782
2023-02-22,-0.7153600354936204
2023-02-23,-0.3123633726743711
2023-02-24,1.121098968179649
2023-02-25,0.16472267652904232
2023-02-26,-0.7616061808123487
2023-02-27,-0.7769066992767202
2023-02-28,-1.535284094577081
2023-03-01,-1.1301387221931218
2023-03-02,-0.4630512753251381
2023-03-03,0.2276475286003803
2023-03-04,1.0307408376383
2023-03-05,-0.6067359137532817
2023-03-06,-0.24954168914804153
2023-03-07,1.5667389046606044
2023-03-08,-2.759089039787235
2023-03-09,-0.8165374571864841
2023-03-10,0.07950869169689057
2023-03-11,0.38744754854447666
2023-03-12,-0.17633096715238827
2023-03-13,2.3603159334581463
2023-03-14,0.16083387472227595
2023-03-15,0.00915655495083989
2023-03-16,0.399574007197699
2023-03-17,-0.2790988612676919
2023-03-18,-1.681148815367614
2023-03-19,0.26288163648713125
2023-03-20,-0.002889012874400354
2023-03-21,-0.3165648517022566
2023-03-22,1.565502405607671
2023-03-23,0.3360593652582169
2023-03-24,0.9400305117733314
2023-03-25,0.12159051133605314
2023-03-26,-0.049299866224523925
2023-03-27,0.6941927993375698
2023-03-28,-0.9922949522979415
2023-03-29,0.46031372916425956
2023-03-30,0.9272584858208195
2023-03-31,-1.1313678262979512
2023-04-01,1.5744222691243581
2023-04-02,-0.8939511095008597
2023-04-03,-1.4023726773096479
2023-04-04,-1.5573081712124477
2023-04-05,-0.8329391596151561
2023-04-06,0.4191575307481842
2023-04-07,0.5858393745302699
2023-04-08,-1.023522778002274
2023-04-09,-0.629689979585923
2023-04-10,1.5422390458385637
2023-04-11,-0.08519030799143801
2023-04-12,0.16311093523412196
2023-04-13,0.1463343738660312
2023-04-14,-0.9394647675574508
2023-04-15,0.08337109066791626
2023-04-16,-1.3410733584567078
2023-04-17,0.00025712061446392376
2023-04-18,0.27411382767768794
2023-04-19,0.04995567395081484
2023-04-20,1.0235224045032356
2023-04-21,0.582182837367381
2023-04-22,-0.05432811136266752
2023-04-23,-0.8749699170032983
2023-04-24,0.8326139979631101
2023-04-25,1.4134629377636483
2023-04-26,0.08547123939242607
2023-04-27,-0.5187443354616076
2023-04-28,-0.3585931471460786
2023-04-29,0.23862357601678544
2023-04-30,-1.263705771076192
2023-05-01,0.236431783524852
2023-05-02,0.7894086081736466
2023-05-03,-1.0368573928450895
2023-05-04,-0.2972726004581222
2023-05-05,2.3703810760017476
2023-05-06,-0.1192947968447371
2023-05-07,0.4149403167171165
2023-05-08,0.1515825798148997
2023-05-09,0.7121781521131254
2023-05-10,-0.9490378468185963
2023-05-11,-1.3022434602476998
2023-05-12,0.7081525044380437
2023-05-13,-0.6021860606389169
2023-05-14,-1.1727595184258743
2023-05-15,0.048465512222614526
2023-05-16,1.8908343631443165
2023-05-17,0.3823876647624871
2023-05-18,-1.3997369688406938
2023-05-19,-0.5992523559535025
2023-05-20,0.7785269102138033
2023-05-21,0.34403990328798256
2023-05-22,0.01054664592225485
2023-05-23,1.3664209883926326
2023-05-24,-0.5293335020886158
2023-05-25,0.6324074674345489
2023-05-26,0.18985181536638995
2023-05-27,-1.6174995957456124
2023-05-28,0.2553693792464552
2023-05-29,0.7311804640530248
2023-05-30,-1.2537258750620934
2023-05-31,0.8539776511685436
2023-06-01,0.7713622907183741
2023-06-02,-1.1495264014865307
2023-06-03,-0.6216576072633248
2023-06-04,-0.40347815887046623
2023-06-05,-0.8720049276928192
2023-06-06,0.0709887311375006
2023-06-07,-0.703391639826118
2023-06-08,-0.1226509733073251
2023-06-09,-0.7929501971283386
2023-06-10,1.653284364173734
2023-06-11,0.5185892253849702
2023-06-12,-0.1785655953248122
2023-06-13,0.3775054555936136
2023-06-14,-1.0322768116484315
2023-06-15,-0.3977293613575706
2023-06-16,0.17825501523242915
2023-06-17,-2.0707760173853176
2023-06-18,-0.5841060950776156
2023-06-19,1.296354537817502
2023-06-20,-1.5847963710127486
2023-06-21,0.8816117678855011
2023-06-22,-1.2395902623655302
2023-06-23,0.4909119060062501
2023-06-24,-0.8581845325079671
2023-06-25,-1.8377405609366484
2023-06-26,2.326832547947453
2023-06-27,0.4411470190595248
2023-06-28,-0.43405038258075196
2023-06-29,-0.11976874758496008
2023-06-30,-0.2559997591749117
2023-07-01,1.5745092197768118
2023-07-02,1.56345720825915
2023-07-03,0.9987260805071354
2023-07-04,0.9141014184045204
2023-07-05,0.4611417986132871
2023-07-06,0.3386027737661267
2023-07-07,-1.7975962124993354
2023-07-08,0.1880456837706147
2023-07-09,0.34234652605218624
2023-07-10,-0.3676715687181382
2023-07-11,0.3305120407623424
2023-07-12,0.0884871998903847
2023-07-13,0.7521592784396658
2023-07-14,-0.96758142380522
2023-07-15,0.6490631142337651
2023-07-16,2.082725338095057
2023-07-17,0.38736990764424384
2023-07-18,-0.30567501586030854
2023-07-19,-1.4940401478741077
2023-07-20,1.3421052608447692
2023-07-21,-0.994987886827132
2023-07-22,0.35028366162223257
2023-07-23,1.5889996515234752
2023-07-24,-0.07341106145420484
2023-07-25,0.5234499057173144
2023-07-26,0.3980975705091552
2023-07-27,-0.7328092057503952
2023-07-28,-1.560864947610411
2023-07-29,0.8534209081887556
2023-07-30,0.6465127316142106
2023-07-31,-0.31680794949936275
2023-08-01,0.16757112416298356
2023-08-02,-0.5176395553194675
2023-08-03,0.2206737940293294
2023-08-04,0.5129138457173468
2023-08-05,-0.9786499152711363
2023-08-06,0.10113129114591779
2023-08-07,2.766355000632228
2023-08-08,1.1574521794405166
2023-08-09,0.863032991130465
2023-08-10,-0.6930447051565195
2023-08-11,-0.20772294099555583
2023-08-12,-0.7057402768690955
2023-08-13,0.8391818126955867
2023-08-14,-1.242105018089935
2023-08-15,0.4738080096711537
2023-08-16,-0.2701711378572323
2023-08-17,-0.5655395880175844
2023-08-18,0.6394572114716238
2023-08-19,0.38111998429595634
2023-08-20,-0.8774701839893343
2023-08-21,-0.46948481563791816
2023-08-22,-0.4150018597255987
2023-08-23,0.20668128290528062
2023-08-24,-1.0932218595780983
2023-08-25,-0.09506763270958363
2023-08-26,-0.30200032637450325
2023-08-27,-0.11933692767364928
2023-08-28,-0.09322284219888166
2023-08-29,-1.4810033053293872
2023-08-30,0.45065114726120703
2023-08-31,-0.23507695606145312
2023-09-01,-0.4559745523416364
2023-09-02,-0.39458769290698487
2023-09-03,0.5466086827462995
2023-09-04,-1.1124764687985638
2023-09-05,-1.0712803831096722
2023-09-06,0.45677685937649587
2023-09-07,0.2320865470177618
2023-09-08,-0.1789628030569656
2023-09-09,-1.0559662210347178
2023-09-10,-1.4913594370646464
2023-09-11,0.6199234157852379
2023-09-12,-0.5151381641320752
2023-09-13,0.6248997935288207
2023-09-14,-1.3939441618698438
2023-09-15,0.27001493970012724
2023-09-16,-0.7674082675525871
2023-09-17,-0.09202435755985339
2023-09-18,1.136094154378147
2023-09-19,1.9975819290818657
2023-09-20,0.8504715762622341
2023-09-21,-0.4063262094594017
2023-09-22,-0.4134480428419126
2023-09-23,-0.14845595747392298
2023-09-24,0.3355580509549516
2023-09-25,0.6781327213657136
2023-09-26,-1.1000153610282144
2023-09-27,-0.06732087403981007
2023-09-28,0.7599215599137709
2023-09-29,0.2184829059616223
2023-09-30,0.4339627183923038
2023-10-01,-0.4577861634351437
2023-10-02,0.0055215770019888255
2023-10-03,1.1588196925600984
2023-10-04,0.9768456837307391
2023-10-05,-0.09628598723761816
2023-10-06,1.714181576839147
2023-10-07,-0.6868463010151054
2023-10-08,-1.4129593395454099
2023-10-09,-0.2106348685546956
2023-10-10,0.26970574278923354
2023-10-11,1.494853075585613
2023-10-12,-0.8299184929859607
2023-10-13,1.3068473599820294
2023-10-14,0.9439743287975397
2023-10-15,0.3576375776672718
2023-10-16,-0.9111591532342138
2023-10-17,-1.41547803404059
2023-10-18,0.36516887426492156
2023-10-19,1.8423794815814518
2023-10-20,1.715907597187472
2023-10-21,-0.5839634156948742
2023-10-22,0.3024912062057854
2023-10-23,-1.301034023632449
2023-10-24,0.7940986565285899
2023-10-25,0.03456311649055069
2023-10-26,-0.1723413187838016
2023-10-27,0.19054406313087063
2023-10-28,0.15934930415011617
2023-10-29,0.9710828628360242
2023-10-30,0.34115686146969926
2023-10-31,-1.0733896894150603
2023-11-01,0.6259813340876981
2023-11-02,1.0884489211693598
2023-11-03,0.7331460459066417
2023-11-04,0.21151162176472293
2023-11-05,-0.8000965970788385
2023-11-06,0.9039789129170352
2023-11-07,0.41171937326710806
2023-11-08,0.49027962511252093
2023-11-09,-0.4630087666436869
2023-11-10,0.3550050184753081
2023-11-11,-1.7160486648253215
2023-11-12,-0.9889853727255289
2023-11-13,0.41878691329501333
2023-11-14,0.7757066147389902
2023-11-15,-1.537079631612601
2023-11-16,0.4983705217061808
2023-11-17,-1.107302299783654
2023-11-18,0.17591611080840835
2023-11-19,0.46933826681133844
2023-11-20,-1.9230910411891733
2023-11-21,0.2522961609152691
2023-11-22,0.7050410150329458
2023-11-23,1.86648256649857
2023-11-24,0.33153520698763694
2023-11-25,-0.8471099266009382
2023-11-26,-1.5234973044621931
2023-11-27,0.9642630744116967
2023-11-28,-0.8217382961567882
2023-11-29,-0.07689509879787776
2023-11-30,-2.460088104011825
2023-12-01,0.5497834595976232
2023-12-02,-1.2417769401638181
2023-12-03,-0.07048795898807425
2023-12-04,0.1702706299047487
2023-12-05,0.22677730094598886
2023-12-06,-1.1879703014963892
2023-12-07,-1.3761170694433411
2023-12-08,0.8230334635868422
2023-12-09,0.1639970097278483
2023-12-10,-0.35014058078868626
2023-12-11,-1.2027594452514727
2023-12-12,-0.17981194608453277
2023-12-13,1.0457498221867296
2023-12-14,-1.8064635493602934
2023-12-15,0.4987095720661589
2023-12-16,0.7825077624535435
2023-12-17,0.8020533890416279
2023-12-18,0.46779325184966525
2023-12-19,-0.166350024394116
2023-12-20,0.5236501291299092
2023-12-21,1.3650930912216293
2023-12-22,0.928978544241229
2023-12-23,-0.6921907408282548
2023-12-24,0.9667938576796334
2023-12-25,0.6780767054339305
2023-12-26,0.4174134996750781
2023-12-27,-0.6900973551375706
2023-12-28,1.9760026578538537
2023-12-29,0.6776456725894895
2023-12-30,-0.46942705923242306
2023-12-31,0.2543602976440581
2024-01-01,0.044815058272736935
2024-01-02,0.3917853017135651
2024-01-03,-0.6037140054059658
2024-01-04,-0.20088379193370298
2024-01-05,0.6823829911158193
2024-01-06,0.04263625451035974
2024-01-07,-0.6019493512928257
2024-01-08,-0.02036806964169824
2024-01-09,-2.270985880301484
2024-01-10,-1.6998213191573888
2024-01-11,-0.015359204852134933
2024-01-12,0.24382594538781416
2024-01-13,0.8957026829658199
2024-01-14,0.1867807411381069
2024-01-15,-0.5716834191123903
2024-01-16,-1.315919548939783
2024-01-17,0.8976813109347586
2024-01-18,-0.8326555374335106
2024-01-19,1.292048317698839
2024-01-20,0.6372645148816267
2024-01-21,0.8151713440398971
2024-01-22,1.4261043818618617
2024-01-23,0.2601628045129889
2024-01-24,1.8653838277598358
2024-01-25,-0.6482004380006452
2024-01-26,0.9372251453404989
2024-01-27,-0.3326825973307068
2024-01-28,0.12130976695812874
2024-01-29,-0.38226655261758363
2024-01-30,0.24444138466472265
2024-01-31,0.8641177766570715
2024-02-01,0.6641039423224482
2024-02-02,0.4751717289053513
2024-02-03,0.711491661991825
2024-02-04,0.7019363822604038
2024-02-05,0.7520619516340881
2024-02-06,1.1432620789813361
2024-02-07,-0.34614448387751096
2024-02-08,-1.3208965042845766
2024-02-09,1.6122473111355176
2024-02-10,-0.3339440890388832
2024-02-11,0.43355575600957025
2024-02-12,-1.2073100985016845
2024-02-13,0.5942189930393029
2024-02-14,-0.9966705295557402
2024-02-15,0.18511471966639775
2024-02-16,0.5413795034964121
2024-02-17,-0.7027037759717127
2024-02-18,0.5493100283753678
2024-02-19,0.027409264267337807
2024-02-20,0.2920910729462725
2024-02-21,0.5191141453730403
2024-02-22,0.00985247053900129
2024-02-23,1.5828417036822344
2024-02-24,-1.3363174651889778
2024-02-25,-0.3862998604357468
2024-02-26,-0.984394087767878
2024-02-27,-1.1781031232903447
2024-02-28,0.6752239915488547
2024-02-29,0.7454025674744107
2024-03-01,-0.3633325155174675
2024-03-02,-0.2328910694102583
2024-03-03,0.1967531726924961
2024-03-04,-0.007251100943641377
2024-03-05,0.5907940049642872
2024-03-06,-1.2339174123770142
2024-03-07,0.0849266778863983
2024-03-08,0.20400553218758016
2024-03-09,0.8148787826896469
2024-03-10,0.6063456684589448
2024-03-11,0.4025144315084965
2024-03-12,-1.4909665664188823
2024-03-13,0.6111348585554142
2024-03-14,0.5843486273818144
2024-03-15,0.4387429582027591
2024-03-16,0.7136072270490719
2024-03-17,-1.3330360905461374
2024-03-18,0.9178678830139788
2024-03-19,-0.34684663089030743
2024-03-20,-1.6154694577772462
2024-03-21,0.9081750148201461
2024-03-22,0.5261740730969406
2024-03-23,0.2954631648766665
2024-03-24,-0.045357110302280595
2024-03-25,-0.8825197730951688
2024-03-26,0.1555441044790108
2024-03-27,-0.4337667163688111
2024-03-28,-0.3077947895624482
2024-03-29,0.6889086175315893
2024-03-30,-0.33643396947209714
2024-03-31,-1.1423571073722325
2024-04-01,0.01176322900399629
2024-04-02,0.6204721613622257
2024-04-03,-0.641436507304814
2024-04-04,0.6235140376900077
2024-04-05,0.7500125889789173
2024-04-06,0.23650930123610375
2024-04-07,0.23897436759919466
2024-04-08,-1.501517260831073
2024-04-09,1.2007742807658843
2024-04-10,0.9314386378527207
2024-04-11,0.7094460240179987
2024-04-12,0.30251757128178236
2024-04-13,0.12444214350452087
2024-04-14,1.145998410896485
2024-04-15,-0.6259633160256716
2024-04-16,-0.37024084392827356
2024-04-17,-0.5352360557792398
2024-04-18,-0.0668842263909068
2024-04-19,0.9240383129008718
2024-04-20,-0.981797179000087
2024-04-21,-0.5185800172179911
2024-04-22,-0.3169262522903777
2024-04-23,0.1878935325098671
2024-04-24,-1.1272144377464375
2024-04-25,-1.2247601377584716
2024-04-26,0.15075974174970996
2024-04-27,-0.6863225822860266
2024-04-28,1.203633529074199
2024-04-29,-0.6148662853599037
2024-04-30,0.8856807379808
2024-05-01,0.698787379470385
2024-05-02,1.0007805209478375
2024-05-03,-0.15435803981927265
2024-05-04,-1.5791301676347231
2024-05-05,0.8072211622224199
2024-05-06,-0.6173571547207382
2024-05-07,-0.5724449438076094
2024-05-08,-0.9826725540727568
2024-05-09,-0.6078688347213981
2024-05-10,-0.015901087074306153
2024-05-11,-1.2261236965595572
2024-05-12,1.0220394024154147
2024-05-13,0.9752397126413416
2024-05-14,0.7262851370678038
2024-05-15,0.807608397431481
2024-05-16,1.0465532286750396
2024-05-17,0.3116991726260001
2024-05-18,-0.33164139623216393
2024-05-19,-0.5219261268645855
2024-05-20,-0.22138096564722243
2024-05-21,1.4974833046049605
2024-05-22,-0.39759189969101344
2024-05-23,-0.7863430347284363
2024-05-24,-1.4101096746380497
2024-05-25,0.3230442821306506
2024-05-26,-0.6332763166021138
2024-05-27,-0.0002610062145456671
2024-05-28,-0.4191013900344553
2024-05-29,1.2170942270540412
2024-05-30,-1.663055563606981
2024-05-31,0.25789418608100356
2024-06-01,0.03223914023152766
2024-06-02,0.9689140313362513
2024-06-03,-0.10235415144836946
2024-06-04,-0.49664969495689865
2024-06-05,1.386702000332983
2024-06-06,-0.10095025638332067
2024-06-07,0.11965094391603787
2024-06-08,1.0908595089264383
2024-06-09,0.9380770398465125
2024-06-10,-0.560454919855162
2024-06-11,0.8905409129842079
2024-06-12,0.22506120403182106
2024-06-13,-0.36464783183464783
2024-06-14,0.4068781992582493
2024-06-15,0.9911748782596028
2024-06-16,0.10468637054155916
2024-06-17,-0.5027240483824725
2024-06-18,-0.4748782428122281
2024-06-19,0.5858573957717639
2024-06-20,-1.4309715091470852
2024-06-21,0.05504987578427589
2024-06-22,0.40962947901972835
2024-06-23,-0.4444663186683025
2024-06-24,-1.1454185866518154
2024-06-25,-0.5118666791771339
2024-06-26,0.10289789216859763
2024-06-27,-0.04455441242623143
2024-06-28,0.7470261977952634
2024-06-29,-0.9427961046367455
2024-06-30,0.2678709329919748
2024-07-01,0.015141690298338131
2024-07-02,0.6250866221130544
2024-07-03,0.10440423034723256
2024-07-04,1.5068269098471418
2024-07-05,0.7158517735040533
2024-07-06,0.6805700758048371
2024-07-07,0.6409842175104978
2024-07-08,-0.7951934657614759
2024-07-09,0.5271798487985262
2024-07-10,0.08665110866429471
2024-07-11,-0.36284826648390683
2024-07-12,-0.37007141301674046
2024-07-13,1.2285698192654675
2024-07-14,0.6317021667782129
2024-07-15,-0.02156188515002766
2024-07-16,0.17183836515639872
2024-07-17,0.20279249046419903
2024-07-18,-1.1460079842776563
2024-07-19,-1.9949825813401365
2024-07-20,1.2938450039082892
2024-07-21,-0.5363877500464826
2024-07-22,0.39886271450922167
2024-07-23,-0.1577747657439786
2024-07-24,0.7858922800271484
2024-07-25,-0.6123065502915361
2024-07-26,0.7091421482737842
2024-07-27,-1.7242745355406803
2024-07-28,0.9996124355238795
2024-07-29,-1.3247421267930461
2024-07-30,-0.9728975944470457
2024-07-31,0.055179069918975476
2024-08-01,-0.5001142485122788
2024-08-02,-0.4093548353741945
2024-08-03,-0.6571635712488217
2024-08-04,0.5670154379178762
2024-08-05,-1.4369197734452923
2024-08-06,0.09799277562194408
2024-08-07,-0.2154604167867067
2024-08-08,0.03883139774717201
2024-08-09,1.889446617400377
2024-08-10,0.328102464451134
2024-08-11,-0.4522727289873452
2024-08-12,-1.1982307597765336
2024-08-13,1.548746781891786
2024-08-14,-1.4593808464052873
2024-08-15,0.13944322338245424
2024-08-16,-0.04972137964134715
2024-08-17,-1.539052648035168
2024-08-18,0.1175225669560519
2024-08-19,-0.46293226195266857
2024-08-20,0.7603133729860976
2024-08-21,1.0049234597245706
2024-08-22,0.9752165736653172
2024-08-23,1.5866386349062076
2024-08-24,-0.5443618156332941
2024-08-25,0.8522928916601912
2024-08-26,0.4604052173911386
2024-08-27,-0.7049768720657047
2024-08-28,0.346810275193887
2024-08-29,-0.0903154632666897
2024-08-30,-0.7234473496386501
2024-08-31,-0.8998747559110949
2024-09-01,0.8873189300217009
2024-09-02,0.2956329943283293
2024-09-03,-1.2310767191922154
2024-09-04,-0.9341785686551205
2024-09-05,1.9485023183043941
2024-09-06,0.722592134348255
2024-09-07,-0.698758458603321
2024-09-08,-0.3653685812419631
2024-09-09,-0.3749297299986549
2024-09-10,1.7333985266907974
2024-09-11,-0.8356608339179812
2024-09-12,-0.5111192191498924
2024-09-13,0.11450397873852156
2024-09-14,-0.35124995413344917
2024-09-15,-1.7845553875656517
2024-09-16,-0.0802021190164881
2024-09-17,-0.10548686755118852
2024-09-18,-0.12402945103353918
2024-09-19,0.36485401617214974
2024-09-20,0.3386634782142923
2024-09-21,-0.0589703468703619
2024-09-22,-0.3848908767604763
2024-09-23,-0.7785891220546947
2024-09-24,0.42072851599816424
2024-09-25,0.678900172507747
2024-09-26,0.17758219686361
2024-09-27,1.3191482154378835
2024-09-28,0.26714688036322354
2024-09-29,-0.9840626465034505
2024-09-30,1.6448853078453514
2024-10-01,0.7517637476146695
2024-10-02,-0.05854002565148875
2024-10-03,-0.3662395524136886
2024-10-04,-1.7384810248481863
2024-10-05,-1.0155833048390304
2024-10-06,0.8770010271249458
2024-10-07,0.37760319105082596
2024-10-08,-0.022526381382759614
2024-10-09,-0.10804603739423015
2024-10-10,0.5341414311431326
2024-10-11,0.26618803289570253
2024-10-12,0.2834419252409006
2024-10-13,0.8765831810383462
2024-10-14,-0.7635210563362115
2024-10-15,-1.3387718703109934
2024-10-16,2.0403660695665877
2024-10-17,-0.3609375319613294
2024-10-18,-1.230817961679799
2024-10-19,-0.06107871549925348
2024-10-20,1.0206576813353725
2024-10-21,0.6563552214634162
2024-10-22,-0.5419764950490117
2024-10-23,-0.3344747862067399
2024-10-24,-0.0460990071143024
2024-10-25,-0.5731407202993474
2024-10-26,-0.711574799730025
2024-10-27,0.19770496225710515
2024-10-28,0.3977842292433087
2024-10-29,-0.9694199604477659
2024-10-30,0.22064421517269156
2024-10-31,0.7290430780625534
2024-11-01,0.5693245738773896
2024-11-02,-1.902945742798768
2024-11-03,0.49986808950395345
2024-11-04,-2.006709552490851
2024-11-05,-0.5091572922188625
2024-11-06,-2.2452060858081584
2024-11-07,-0.7230327401246923
2024-11-08,0.12586700471620194
2024-11-09,-0.6893338160284628
2024-11-10,-0.3952253023410027
2024-11-11,-0.011141152071297844
2024-11-12,-1.073678458894734
2024-11-13,-0.2209188086801549
2024-11-14,0.6175304774708181
2024-11-15,-0.07773466901201956
2024-11-16,0.6115643527914878
2024-11-17,0.08331284734904093
2024-11-18,0.3085786482424389
2024-11-19,-1.916337985099825
2024-11-20,-0.2842318427828199
2024-11-21,-0.4743158522644409
2024-11-22,0.04696039893321208
2024-11-23,0.36791566381544205
2024-11-24,1.5819278645203474
2024-11-25,0.7174210497359635
2024-11-26,0.0796199349520832
2024-11-27,-0.3966898521340811
2024-11-28,0.7569139218119704
2024-11-29,-1.5250448547076267
2024-11-30,0.7463775075795525
2024-12-01,-0.38070745599581585
2024-12-02,0.5605477018875178
2024-12-03,-0.7766813880183226
2024-12-04,-1.3876340013061836
2024-12-05,1.3494123228304133
2024-12-06,-0.8489002567951172
2024-12-07,0.1416220672991762
2024-12-08,-0.053551510969681415
2024-12-09,0.5681153786702654
2024-12-10,-1.1660442482267817
2024-12-11,-1.2426684762329134
2024-12-12,-0.8729548830644571
2024-12-13,-0.5796681054790023
2024-12-14,0.5375404369071185
2024-12-15,0.6235790624178588
2024-12-16,1.406090161116147
2024-12-17,-0.07050114281122388
2024-12-18,0.9739536980951663
2024-12-19,-0.003833691336696865
2024-12-20,0.5935286031923896
2024-12-21,0.6408295207483932
2024-12-22,-0.3686786570272072
2024-12-23,0.8184053473658028
2024-12-24,-1.1346159473052198
2024-12-25,0.03914768359416765
2024-12-26,-0.9451727816397232
2024-12-27,-1.2986624497435963
2024-12-28,-0.42476197862841913
2024-12-29,1.0436912217716534
2024-12-30,1.203046823133517
2024-12-31,0.6503166019949943
