date,W_tilde
2015-01-01,1.0405677388396133
2015-01-02,2.180516343021246
2015-01-03,1.485532976015457
2015-01-04,0.46629517724797276
2015-01-05,-0.3986564689333695
2015-01-06,-0.30774426927203874
2015-01-07,0.15730126876871692
2015-01-08,0.9789462273612294
2015-01-09,2.0199187447554183
2015-01-10,2.1681471918253643
2015-01-11,1.956335600469401
2015-01-12,1.7950849440548233
2015-01-13,0.1895013613073604
2015-01-14,0.39189377784978524
2015-01-15,1.4134031403382592
2015-01-16,1.3432032773790077
2015-01-17,0.31891179977389295
2015-01-18,-0.06587842548024289
2015-01-19,-2.3215090901662876
2015-01-20,-2.5025843422357337
2015-01-21,-1.6032643743578505
2015-01-22,-2.0662227930728956
2015-01-23,-1.562312810911071
2015-01-24,0.28942975714523245
2015-01-25,-0.610613887526337
2015-01-26,0.2537465502596851
2015-01-27,0.3636177250406369
2015-01-28,1.1069328425040832
2015-01-29,0.8992407500826234
2015-01-30,-1.9375621863705346
2015-01-31,-2.5125008539683433
2015-02-01,-1.0998929382057618
2015-02-02,-0.49847237697689273
2015-02-03,-0.9293775788113623
2015-02-04,-0.8904863367571249
2015-02-05,-1.0020031308778452
2015-02-06,-1.5911128067018507
2015-02-07,0.8377212749757232
2015-02-08,0.6499891267640351
2015-02-09,1.103558927549348
2015-02-10,0.4523581759232538
2015-02-11,-1.774839686057591
2015-02-12,-1.9240210342749948
2015-02-13,-0.6329831204747465
2015-02-14,-0.2766028245194661
2015-02-15,0.5261275674991227
2015-02-16,0.0760201303233487
2015-02-17,-0.8103781452907929
2015-02-18,0.6836846757511421
2015-02-19,1.0880703725575087
2015-02-20,0.6497604330787197
2015-02-21,-0.970143249328534
2015-02-22,0.31908645389515694
2015-02-23,1.1694396884056746
2015-02-24,1.024121403510739
2015-02-25,-0.15673963601261054
2015-02-26,0.16810690455571436
2015-02-27,-0.4649886829873487
2015-02-28,0.31229530570393454
2015-03-01,1.4401553376358107
2015-03-02,1.0562120485080533
2015-03-03,0.5003421104713521
2015-03-04,0.5457753066529935
2015-03-05,0.012866225182278505
2015-03-06,0.2559408961973464
2015-03-07,1.2103649621746497
2015-03-08,0.8215943454330887
2015-03-09,-0.6863625928043754
2015-03-10,0.5144227470414682
2015-03-11,-0.21064124890379737
2015-03-12,-1.5482944598064468
2015-03-13,0.08972150276036787
2015-03-14,0.15385486034102727
2015-03-15,0.4545235294113613
2015-03-16,0.8581279291997991
2015-03-17,-0.08224922331985396
2015-03-18,-1.0665070440753748
2015-03-19,-1.407525199979431
2015-03-20,-0.7474303622382583
2015-03-21,0.3518523521369144
2015-03-22,-1.437504173518143
2015-03-23,0.10141395725274571
2015-03-24,-1.0550248103371616
2015-03-25,-0.40028105658575724
2015-03-26,-0.6133185466681169
2015-03-27,-0.7022617756754691
2015-03-28,0.32221606144536186
2015-03-29,0.6783897280022079
2015-03-30,1.5756621258656316
2015-03-31,1.9792925402575205
2015-04-01,1.7843456036942065
2015-04-02,0.7983124896053986
2015-04-03,0.3580285137748496
2015-04-04,-0.8735028678571805
2015-04-05,-1.0763238743126329
2015-04-06,-1.9208391437796897
2015-04-07,-0.19713077836613893
2015-04-08,0.0168097550746141
2015-04-09,-1.8466704413151755
2015-04-10,-2.563711791026519
2015-04-11,0.6045009437353022
2015-04-12,1.3573595075239393
2015-04-13,1.353557719280857
2015-04-14,0.7646457713960779
2015-04-15,0.9232514885343099
2015-04-16,0.6743898578263435
2015-04-17,0.2123401529712436
2015-04-18,-0.5610976871081355
2015-04-19,-1.5335148074009306
2015-04-20,-0.46750524842913377
2015-04-21,0.862910766108705
2015-04-22,0.07233658796383668
2015-04-23,-0.2673129493022964
2015-04-24,-0.7937866498245245
2015-04-25,0.5042291361826615
2015-04-26,-1.0423685701926098
2015-04-27,-0.6797636237928585
2015-04-28,-0.3419095708284986
2015-04-29,0.7634752073699782
2015-04-30,-0.2178628911934225
2015-05-01,-0.9792886121373605
2015-05-02,-0.7049286760298595
2015-05-03,0.27298794706906404
2015-05-04,0.5737457028643091
2015-05-05,1.6227624644465728
2015-05-06,1.2876807281834428
2015-05-07,1.5532504283460489
2015-05-08,-1.4979869406879813
2015-05-09,1.3291507731275214
2015-05-10,1.0624589710917127
2015-05-11,0.9035580080427689
2015-05-12,0.3684457858430976
2015-05-13,1.7081307253834777
2015-05-14,0.29243235102392884
2015-05-15,-0.9021017245705101
2015-05-16,0.8791448194852631
2015-05-17,1.5444336638668523
2015-05-18,0.5668900903107151
2015-05-19,1.1547605507239491
2015-05-20,0.2194284985066197
2015-05-21,-0.24396378770335506
2015-05-22,0.12749151836432393
2015-05-23,0.036000892800196894
2015-05-24,-0.7139856186702145
2015-05-25,-0.16363590046181709
2015-05-26,0.6358524819725699
2015-05-27,0.44279223290971437
2015-05-28,1.2335897450675979
2015-05-29,0.5685056815335141
2015-05-30,1.3956861129249853
2015-05-31,1.3930851259933021
2015-06-01,0.9049150575125449
2015-06-02,2.693466570467206
2015-06-03,1.7227298001661508
2015-06-04,-1.0296760144098174
2015-06-05,0.34539774364759673
2015-06-06,1.0318190368881197
2015-06-07,0.9284737517096949
2015-06-08,0.4363265120263725
2015-06-09,-0.8212273319607291
2015-06-10,-0.8738980319115522
2015-06-11,-0.7772922539702166
2015-06-12,-1.173867914770589
2015-06-13,-0.07955704355205083
2015-06-14,0.44682851722835587
2015-06-15,0.5440419028188158
2015-06-16,0.4769695015024755
2015-06-17,1.0053597106834762
2015-06-18,1.3274260053099882
2015-06-19,1.378907353931789
2015-06-20,0.7157352982046828
2015-06-21,-0.6876590390636863
2015-06-22,-0.44265406882596603
2015-06-23,-0.09001383741925345
2015-06-24,1.1580099364923668
2015-06-25,-0.6940981824299169
2015-06-26,-2.4882163507527935
2015-06-27,0.07922431179829974
2015-06-28,0.012176314496725127
2015-06-29,-0.1132501056800169
2015-06-30,-1.0025293435628388
2015-07-01,0.19359792025302122
2015-07-02,1.4777980196300697
2015-07-03,-0.6018182577097042
2015-07-04,-0.4097662530085359
2015-07-05,-0.8288485577302729
2015-07-06,1.721907236243472
2015-07-07,-0.11812098285675739
2015-07-08,2.14746848866696
2015-07-09,2.7084177046787064
2015-07-10,1.6301260237007984
2015-07-11,-1.9669076433368757
2015-07-12,0.07178624430910122
2015-07-13,-0.6990531895672258
2015-07-14,-1.0080287407395552
2015-07-15,-0.5868214324823874
2015-07-16,-0.9153936009911771
2015-07-17,0.6256491048300665
2015-07-18,1.071500779223859
2015-07-19,-0.010783045799746687
2015-07-20,0.03524152163719413
2015-07-21,1.2647829544970255
2015-07-22,0.20962282011652864
2015-07-23,0.20895650301836544
2015-07-24,-0.9747366785332094
2015-07-25,0.45003421097074037
2015-07-26,1.445668476913855
2015-07-27,0.3589037635429574
2015-07-28,1.0082588224707743
2015-07-29,1.3910518447807718
2015-07-30,2.3072555601118543
2015-07-31,1.0122297217740905
2015-08-01,-1.481677709022637
2015-08-02,-1.693446442823968
2015-08-03,0.48922691427907544
2015-08-04,-0.3690966324933532
2015-08-05,-0.31850233963762725
2015-08-06,-0.2770572039685015
2015-08-07,-1.1820546325637964
2015-08-08,-0.19478638646650273
2015-08-09,-1.5140343410674175
2015-08-10,-1.1254263073904727
2015-08-11,-0.9464740406302224
2015-08-12,-0.5004458254977887
2015-08-13,0.1555983685930745
2015-08-14,1.1604473237800303
2015-08-15,-1.5760920640798355
2015-08-16,0.04314721380807509
2015-08-17,0.9941129941650072
2015-08-18,0.8415564506055954
2015-08-19,-2.329110359944913
2015-08-20,-2.82275227573335
2015-08-21,-0.5460077653402086
2015-08-22,0.04891783404643982
2015-08-23,1.1930050004728094
2015-08-24,0.8271383377121763
2015-08-25,1.6180218259434032
2015-08-26,1.3759932730109112
2015-08-27,1.4497098899500136
2015-08-28,0.30203435525936717
2015-08-29,-0.27826386519151464
2015-08-30,-1.5302389976055388
2015-08-31,-0.3358233291035708
2015-09-01,0.8025401010469267
2015-09-02,1.7162871963937119
2015-09-03,0.9102012938758325
2015-09-04,0.8408997985335189
2015-09-05,1.7738299608923023
2015-09-06,1.6154048921531745
2015-09-07,-0.33472052089905924
2015-09-08,-0.9702644105772158
2015-09-09,-1.194807871115194
2015-09-10,-0.3815937414525369
2015-09-11,0.5033772868252449
2015-09-12,0.13013943253528762
2015-09-13,-0.392789665261185
2015-09-14,0.07899299415034303
2015-09-15,1.433129197284549
2015-09-16,0.8646679727901869
2015-09-17,2.1022084463004456
2015-09-18,0.9408194121398138
2015-09-19,-0.5759849464264346
2015-09-20,0.6361843612906046
2015-09-21,-0.8267306953893715
2015-09-22,-0.012726588658728354
2015-09-23,-2.142122471961169
2015-09-24,0.9134552334099921
2015-09-25,0.07929273052116503
2015-09-26,-0.636190024711679
2015-09-27,-0.4704765135599298
2015-09-28,-1.556653865855994
2015-09-29,-1.951971684874845
2015-09-30,-1.8951262836742755
2015-10-01,-1.0861284957665318
2015-10-02,-0.908717048530435
2015-10-03,-1.4135280687417762
2015-10-04,-1.1491251119485064
2015-10-05,-0.3577484659707632
2015-10-06,1.5279052921427536
2015-10-07,0.7836960945672938
2015-10-08,-1.6254627285111916
2015-10-09,-1.6642340931930426
2015-10-10,-0.23016410323750627
2015-10-11,0.06973500864286093
2015-10-12,-0.22276898131881223
2015-10-13,-0.23859680977869543
2015-10-14,0.2979062896324192
2015-10-15,0.43783313328176987
2015-10-16,0.2613966320125257
2015-10-17,-0.7356150661597296
2015-10-18,-0.4271239686798802
2015-10-19,-1.9147717930935593
2015-10-20,-2.1167217015293662
2015-10-21,0.16011937916602662
2015-10-22,0.9311184419388163
2015-10-23,0.374200949446251
2015-10-24,0.20854124399398213
2015-10-25,-0.1436518152313412
2015-10-26,-0.6950161477548062
2015-10-27,-0.014386228892480618
2015-10-28,0.3375607904566604
2015-10-29,-1.214111002776775
2015-10-30,-0.9238399785023728
2015-10-31,-0.10626841119690045
2015-11-01,-1.3186192757388338
2015-11-02,-2.0340785668571986
2015-11-03,-1.8505150581862886
2015-11-04,-1.2580903822863974
2015-11-05,-0.3752132046956641
2015-11-06,-0.08268230981238783
2015-11-07,1.0182006183006624
2015-11-08,0.7262958286597544
2015-11-09,1.6174067341491045
2015-11-10,1.9516897660543873
2015-11-11,1.2228972303227772
2015-11-12,0.8187546077132855
2015-11-13,1.4516289345254116
2015-11-14,1.4986420593889256
2015-11-15,-1.162281922935903
2015-11-16,0.8728854446867165
2015-11-17,0.3510222702903832
2015-11-18,1.8047963796683932
2015-11-19,1.97584274298041
2015-11-20,-0.6397700510713747
2015-11-21,-0.12085522385684894
2015-11-22,0.869104311981906
2015-11-23,-0.3615250948253465
2015-11-24,1.4060193287137128
2015-11-25,-0.7270666630122863
2015-11-26,-0.5258738300774334
2015-11-27,0.7451230249783116
2015-11-28,0.9957224025328207
2015-11-29,2.0146094715100147
2015-11-30,1.4191204650000495
2015-12-01,0.23857552901734616
2015-12-02,0.8416287902527491
2015-12-03,0.6240277937869345
2015-12-04,1.4894839387665844
2015-12-05,2.317863404860654
2015-12-06,2.1407316976390605
2015-12-07,-0.9215756355293574
2015-12-08,0.22857456290513237
2015-12-09,0.5689128207414186
2015-12-10,1.7164021065858222
2015-12-11,0.8206746128264717
2015-12-12,0.35514637567212326
2015-12-13,-0.3257765804691625
2015-12-14,-0.7909994692150321
2015-12-15,-1.4564156763261147
2015-12-16,-0.0505437751923712
2015-12-17,0.530498113448026
2015-12-18,0.6490667493708496
2015-12-19,0.807540472623483
2015-12-20,0.9021783324952288
2015-12-21,1.4045797193657201
2015-12-22,1.7288462641349134
2015-12-23,1.5033683554723054
2015-12-24,0.9644420098901203
2015-12-25,0.9994435353750045
2015-12-26,1.3366198374608882
2015-12-27,1.0569586846182273
2015-12-28,-0.4785056523827566
2015-12-29,0.5573200587981301
2015-12-30,0.5043113224132725
2015-12-31,0.48182898197922475
2016-01-01,-1.052679977634991
2016-01-02,0.7187609572298858
2016-01-03,1.1611637776829218
2016-01-04,0.8322537418535535
2016-01-05,0.703320056157277
2016-01-06,0.15282566690023186
2016-01-07,0.7787863239273098
2016-01-08,-0.17283552551425244
2016-01-09,-0.22527391874564243
2016-01-10,0.22376816638828778
2016-01-11,-0.34643087462392874
2016-01-12,-0.7649939395761441
2016-01-13,-1.1266311389261057
2016-01-14,-0.5679398978385881
2016-01-15,-0.8025536664206164
2016-01-16,-2.106776320325417
2016-01-17,-1.129458780747171
2016-01-18,-0.9236128855686532
2016-01-19,-0.24327404453225882
2016-01-20,-1.5171527348764569
2016-01-21,-1.6339980940997922
2016-01-22,-0.2637016093324833
2016-01-23,-0.3407790054695679
2016-01-24,0.1181911348467799
2016-01-25,0.29350853634881674
2016-01-26,1.130110007662745
2016-01-27,2.0987006631860097
2016-01-28,1.12320118150263
2016-01-29,1.8907512928101637
2016-01-30,1.250424644576689
2016-01-31,1.0125631870062846
2016-02-01,0.8096964916854799
2016-02-02,2.3929575100617333
2016-02-03,1.3102433371662077
2016-02-04,0.31070778231264623
2016-02-05,-0.018195454788897534
2016-02-06,0.7977542584817062
2016-02-07,1.166031243812253
2016-02-08,1.7644726346028754
2016-02-09,0.5905050816673029
2016-02-10,-0.5665780930877813
2016-02-11,-1.58874194935257
2016-02-12,-2.559220207562434
2016-02-13,-1.3147964186643781
2016-02-14,0.5527141982270857
2016-02-15,-0.15304518381663046
2016-02-16,-1.5670304407181572
2016-02-17,-0.07966898050903008
2016-02-18,-0.9348805584656117
2016-02-19,-0.6960019119737446
2016-02-20,1.401966039936211
2016-02-21,0.7185173891455551
2016-02-22,0.8301228722398535
2016-02-23,0.5979640342274412
2016-02-24,0.197888009707539
2016-02-25,-0.5419344672940833
2016-02-26,-1.3147995637530647
2016-02-27,-2.921378980164125
2016-02-28,-1.986392796470019
2016-02-29,-1.8538327082955253
2016-03-01,-0.029749168497829895
2016-03-02,0.14239215889165066
2016-03-03,-1.6882746614435147
2016-03-04,-0.30972052296227315
2016-03-05,-1.1891919812336802
2016-03-06,-1.4811219004843776
2016-03-07,-1.193971358337421
2016-03-08,-1.3491736811767197
2016-03-09,-0.10917865564431659
2016-03-10,-0.5370504659742542
2016-03-11,-1.171504043507362
2016-03-12,-1.6917976840183873
2016-03-13,-2.1484128771993767
2016-03-14,-1.6337134144649879
2016-03-15,-0.7713142013802314
2016-03-16,-1.2504623896721003
2016-03-17,-1.0641626930248858
2016-03-18,-0.6405921483383694
2016-03-19,-0.6007642074566026
2016-03-20,1.00855947231697
2016-03-21,1.1014268021763443
2016-03-22,0.4458396211737619
2016-03-23,-0.07344031139312146
2016-03-24,-1.1169255652491048
2016-03-25,-0.06973548553135366
2016-03-26,0.24660657687502444
2016-03-27,0.8216268586516109
2016-03-28,1.7144726084738
2016-03-29,0.7608731143802544
2016-03-30,0.5859974259969936
2016-03-31,-0.2969708944509603
2016-04-01,-1.355152652827583
2016-04-02,-0.5541456038127233
2016-04-03,-0.900941971129465
2016-04-04,0.03511765099415206
2016-04-05,-1.5721884370987012
2016-04-06,0.974414370561836
2016-04-07,1.69287444719416
2016-04-08,-0.28372880037989195
2016-04-09,-1.247659475366994
2016-04-10,0.3872748624650059
2016-04-11,0.6066876957578632
2016-04-12,0.19936785839574456
2016-04-13,-1.2455761617883294
2016-04-14,-2.527659130937494
2016-04-15,-1.0125409126700957
2016-04-16,0.2808481057604469
2016-04-17,1.1331630692795291
2016-04-18,1.2746193735628404
2016-04-19,1.9083492549305592
2016-04-20,0.7530483640183468
2016-04-21,-0.021353904059351895
2016-04-22,0.6419794816418152
2016-04-23,0.4508109474870904
2016-04-24,-0.6897980129457102
2016-04-25,-0.2308127178402449
2016-04-26,-1.2778516173467354
2016-04-27,0.31651165714622287
2016-04-28,0.04555440536709129
2016-04-29,0.7795097314890379
2016-04-30,0.06741335524522883
2016-05-01,-1.2092402961906281
2016-05-02,-1.0224300417674805
2016-05-03,0.023149573623118133
2016-05-04,-1.4227846218117257
2016-05-05,-1.0400474970440947
2016-05-06,0.585814793093919
2016-05-07,0.81703106230391
2016-05-08,1.1076293075154586
2016-05-09,0.937197357286474
2016-05-10,0.6363900943749317
2016-05-11,1.005549806741143
2016-05-12,1.0106919824269218
2016-05-13,0.05284843145678408
2016-05-14,1.0969331683509027
2016-05-15,1.1571608827128206
2016-05-16,1.0636381358980853
2016-05-17,0.9126769179203824
2016-05-18,-0.9614094380524608
2016-05-19,-1.3932038603294352
2016-05-20,0.4673095560228401
2016-05-21,0.1653497516523044
2016-05-22,0.25878128642165854
2016-05-23,-0.38153508576844336
2016-05-24,-0.5955379709923756
2016-05-25,-1.800865675310971
2016-05-26,-1.925753983595034
2016-05-27,-1.4479393958524698
2016-05-28,-0.710468863978586
2016-05-29,0.35286881495355693
2016-05-30,1.1974260257236504
2016-05-31,0.6921922292457491
2016-06-01,0.6019869572746396
2016-06-02,0.09437515171114277
2016-06-03,-0.06630800198712483
2016-06-04,-0.8874932316479479
2016-06-05,-0.8242790963861072
2016-06-06,-2.291628700812283
2016-06-07,-0.4369704262398244
2016-06-08,0.8081637411141674
2016-06-09,-0.559150011187196
2016-06-10,0.7014953821157855
2016-06-11,-1.4164787648472494
2016-06-12,-0.2954675268499751
2016-06-13,0.6418178104447764
2016-06-14,-0.625260014729788
2016-06-15,-1.9633354380789163
2016-06-16,-2.0755701159956956
2016-06-17,-0.7942677100105646
2016-06-18,0.6188302314817927
2016-06-19,0.49199738886977346
2016-06-20,1.4713982679794662
2016-06-21,-0.6189119836177613
2016-06-22,-0.26064965938134904
2016-06-23,-0.7141169212482601
2016-06-24,-0.1849870964041251
2016-06-25,-0.5688475834648159
2016-06-26,0.8843097312078417
2016-06-27,1.1190105259214915
2016-06-28,-0.601649289502606
2016-06-29,0.5140056435550757
2016-06-30,0.5384925429298375
2016-07-01,1.0603651618718763
2016-07-02,1.202694681305785
2016-07-03,0.9936466227362287
2016-07-04,-0.15522054457506776
2016-07-05,0.5452296080524532
2016-07-06,2.231881510849912
2016-07-07,0.884204520870345
2016-07-08,0.7525524328202606
2016-07-09,0.8866052406764957
2016-07-10,0.8050269489910753
2016-07-11,1.7488088408683975
2016-07-12,1.0154892242668287
2016-07-13,-0.7751204618795442
2016-07-14,1.1943042293069714
2016-07-15,1.7916876334634988
2016-07-16,0.9140482272225539
2016-07-17,0.11671534619760165
2016-07-18,0.6092041274199945
2016-07-19,-0.5534342267040298
2016-07-20,-0.11513676951803258
2016-07-21,-0.6039864289899872
2016-07-22,-2.179589051419556
2016-07-23,-2.2163212777391714
2016-07-24,-1.7890586404605953
2016-07-25,-1.2908907840175698
2016-07-26,-0.7535304309606026
2016-07-27,-0.5295364519333993
2016-07-28,-1.3421794027546823
2016-07-29,-0.7779293800887812
2016-07-30,-0.2541154865605621
2016-07-31,-1.1022793063118206
2016-08-01,0.03932928990590053
2016-08-02,-1.4058008466025116
2016-08-03,0.9384213247791473
2016-08-04,1.4406167521340165
2016-08-05,0.30876722831440645
2016-08-06,0.41444364622973995
2016-08-07,1.0970103839543441
2016-08-08,1.9307013279680207
2016-08-09,1.1829348436961915
2016-08-10,0.8689223398453781
2016-08-11,-0.15395876874700315
2016-08-12,0.11243922521148844
2016-08-13,1.0805499771171239
2016-08-14,0.2785415061876137
2016-08-15,-0.3690554081889952
2016-08-16,-1.4104658675176933
2016-08-17,-1.4558049815001248
2016-08-18,-0.7943855609470772
2016-08-19,-2.1016594208119175
2016-08-20,0.3006720960365905
2016-08-21,0.5620324466147983
2016-08-22,0.5561391493151802
2016-08-23,-0.9194716444351712
2016-08-24,-0.31025273582936574
2016-08-25,0.16356817025271125
2016-08-26,0.20126890492752125
2016-08-27,-1.7244211628273878
2016-08-28,0.5835620910797761
2016-08-29,1.027031675443268
2016-08-30,0.09477329121891605
2016-08-31,-0.6659455368758219
2016-09-01,-0.2815764920256793
2016-09-02,0.5431387156925993
2016-09-03,-0.14526482108101849
2016-09-04,-0.6015956937935791
2016-09-05,-1.103639343753766
2016-09-06,-0.20333478655279721
2016-09-07,-1.1046158880667931
2016-09-08,-0.28527682029530843
2016-09-09,-0.7035058377380465
2016-09-10,-0.6792686443085996
2016-09-11,-0.7360748385351488
2016-09-12,-0.5650041186770598
2016-09-13,0.1546243192677567
2016-09-14,0.5181811214381342
2016-09-15,0.6176670880495284
2016-09-16,-0.5552585060067728
2016-09-17,-0.06484804410933394
2016-09-18,-0.10951822245338354
2016-09-19,-0.9804611103985668
2016-09-20,-1.7968291491566106
2016-09-21,-1.1046099756255123
2016-09-22,-0.690367935786111
2016-09-23,-0.4444822991775007
2016-09-24,-0.5099988525047544
2016-09-25,0.3720286149233931
2016-09-26,-1.3653854894494666
2016-09-27,-0.8723857506375909
2016-09-28,1.7852802636793645
2016-09-29,2.2232101554982897
2016-09-30,1.1647819403384023
2016-10-01,-0.7540848603312635
2016-10-02,-1.0502497434359557
2016-10-03,0.28072586743790395
2016-10-04,0.1784160978546415
2016-10-05,0.398230143558675
2016-10-06,0.5561549761742982
2016-10-07,0.04922677719735337
2016-10-08,-0.1915157187374454
2016-10-09,-0.5291516256791698
2016-10-10,-0.746586283021859
2016-10-11,0.7343576383639115
2016-10-12,0.6767421000336176
2016-10-13,0.3661909179693836
2016-10-14,1.120738621089825
2016-10-15,0.8968673652687287
2016-10-16,-0.5237494034456366
2016-10-17,-0.1373870753163912
2016-10-18,-0.10865178410620666
2016-10-19,-1.5239700884303133
2016-10-20,-0.03537465375554242
2016-10-21,0.13290373203601566
2016-10-22,-0.5049318979402165
2016-10-23,-1.1058436139607108
2016-10-24,-0.5398129718034322
2016-10-25,-1.4866672756146841
2016-10-26,-0.6457998035707343
2016-10-27,0.3167114528269549
2016-10-28,0.98739140556442
2016-10-29,0.5651583974916169
2016-10-30,-1.3321090866541676
2016-10-31,-1.5945367033206062
2016-11-01,0.4532929175811697
2016-11-02,0.4526305594201554
2016-11-03,-1.3229173193339994
2016-11-04,0.20682026124599368
2016-11-05,-0.13689858401161722
2016-11-06,0.017522634779588906
2016-11-07,0.08254943109486482
2016-11-08,-0.9161038573288729
2016-11-09,-2.07949319147042
2016-11-10,-0.7569370359119302
2016-11-11,-0.5665969976024975
2016-11-12,-0.4003676682521118
2016-11-13,-0.1590908485900214
2016-11-14,0.4155627080562867
2016-11-15,0.45473564114354365
2016-11-16,0.21127061467550018
2016-11-17,0.603776207834838
2016-11-18,1.265610906015791
2016-11-19,0.9086317810513761
2016-11-20,1.4239035672955813
2016-11-21,0.26324994528228046
2016-11-22,0.25973989414375953
2016-11-23,-0.9476708686172758
2016-11-24,-0.9826621723891753
2016-11-25,-2.150947027213606
2016-11-26,-0.02478037709679925
2016-11-27,-0.14178828134193988
2016-11-28,-0.8942772705179935
2016-11-29,-0.06074090148307501
2016-11-30,0.7303983502930329
2016-12-01,1.4504485745715294
2016-12-02,-0.42155302781261095
2016-12-03,-2.019128949001203
2016-12-04,-1.390806133435134
2016-12-05,-0.7825262852965601
2016-12-06,-0.9650709895849992
2016-12-07,0.6024907375014519
2016-12-08,0.971244392974201
2016-12-09,0.2177453286513036
2016-12-10,0.4099300951494372
2016-12-11,0.05473237280890276
2016-12-12,-1.148417791767851
2016-12-13,-1.214620651068021
2016-12-14,-1.2784684559251407
2016-12-15,-0.474806604701107
2016-12-16,-1.1026146591167176
2016-12-17,-1.1864002971485759
2016-12-18,-0.7720912841471799
2016-12-19,-1.5866259820235746
2016-12-20,-0.9350398768006136
2016-12-21,0.4828569875139926
2016-12-22,0.4653053063648968
2016-12-23,0.8395785938062211
2016-12-24,1.4917154818387053
2016-12-25,1.1537337962172494
2016-12-26,1.8101139220398956
2016-12-27,1.6879627809700435
2016-12-28,-0.4680047612020229
2016-12-29,-0.16668003121409877
2016-12-30,0.12801022376488785
2016-12-31,0.6230323771249927
2017-01-01,-0.016665308455326183
2017-01-02,-0.29602415210338995
2017-01-03,1.086666724051088
2017-01-04,1.3742903174955319
2017-01-05,-0.6384961704758739
2017-01-06,-1.0778225824935652
2017-01-07,0.19343435412715565
2017-01-08,-1.8170297664755637
2017-01-09,-0.06906071774989433
2017-01-10,0.21674440126832464
2017-01-11,1.37163104417979
2017-01-12,1.0708532747477746
2017-01-13,-0.8957168330365644
2017-01-14,0.17098762364693992
2017-01-15,-0.9434287178973793
2017-01-16,-1.379335540394236
2017-01-17,-1.7777454884449027
2017-01-18,-0.24432337412021335
2017-01-19,-0.44127904421175407
2017-01-20,-0.9427767972158502
2017-01-21,-1.6790873773041262
2017-01-22,-2.1036921368017953
2017-01-23,-1.742216528625032
2017-01-24,-1.1425072171875574
2017-01-25,-1.2520463367840884
2017-01-26,-0.6132876206168185
2017-01-27,-0.21960809275759152
2017-01-28,-0.49121758123609216
2017-01-29,0.12371404542111049
2017-01-30,-0.19295645438823197
2017-01-31,-0.16273664015551148
2017-02-01,-0.4136446656897452
2017-02-02,-0.03836786628645399
2017-02-03,-0.5802655039214668
2017-02-04,-1.3161077214350654
2017-02-05,-0.5990595053580569
2017-02-06,-0.06469902482767599
2017-02-07,0.20774045723581244
2017-02-08,-0.26782862636584115
2017-02-09,-0.6870637971538237
2017-02-10,0.12471520864597069
2017-02-11,0.43977721586026164
2017-02-12,0.4029385989463891
2017-02-13,-0.1497174313277761
2017-02-14,-0.3402531679507196
2017-02-15,-1.1901109390228197
2017-02-16,0.5409966834447675
2017-02-17,-0.33188542683725286
2017-02-18,-0.18761330328707942
2017-02-19,0.33936539078176325
2017-02-20,1.277311245714376
2017-02-21,0.8107806412888553
2017-02-22,1.745037771778452
2017-02-23,0.7199391733667029
2017-02-24,0.3043407237588849
2017-02-25,0.7054533590885216
2017-02-26,1.1636032283715312
2017-02-27,1.087537303253865
2017-02-28,1.3734133890227895
2017-03-01,0.7346880031805492
2017-03-02,0.12985355438499216
2017-03-03,0.4093594250881973
2017-03-04,-0.4023384212165469
2017-03-05,-0.2808193773187033
2017-03-06,0.31556916213062525
2017-03-07,-1.5220208287403352
2017-03-08,-0.19534745594339661
2017-03-09,-0.028913896178909576
2017-03-10,0.3356434048427197
2017-03-11,-1.144455084545465
2017-03-12,0.26891304924576187
2017-03-13,-0.5790438582178787
2017-03-14,0.39948106995499855
2017-03-15,0.6876036237428178
2017-03-16,0.48099081158223184
2017-03-17,1.1043703066014756
2017-03-18,1.311508484415625
2017-03-19,0.11622444012403413
2017-03-20,0.5194187184403088
2017-03-21,1.3274921201345937
2017-03-22,-0.20449169964994907
2017-03-23,-0.19266167643220433
2017-03-24,-1.6222185713727755
2017-03-25,-0.4066559567482819
2017-03-26,-2.0688012709822137
2017-03-27,-1.9776620463843773
2017-03-28,-2.2596270771958546
2017-03-29,-0.3468793787493038
2017-03-30,0.10477864930461842
2017-03-31,0.0317513034203265
2017-04-01,-1.1304833288898335
2017-04-02,-0.7796014633875502
2017-04-03,-1.7190517382293562
2017-04-04,-1.0732316194303289
2017-04-05,0.7889958089990196
2017-04-06,0.8803381123056853
2017-04-07,1.08863388300997
2017-04-08,-0.583522365440966
2017-04-09,-0.5116575854795695
2017-04-10,1.5500715094663913
2017-04-11,1.118440689110843
2017-04-12,1.3894349633785799
2017-04-13,1.5436992734364128
2017-04-14,0.6633864104313846
2017-04-15,1.3061000551248523
2017-04-16,-0.13679682561677253
2017-04-17,-0.20396925002059882
2017-04-18,-0.06492447575521686
2017-04-19,-1.1452803793641824
2017-04-20,-0.333811389375538
2017-04-21,1.1850494207174214
2017-04-22,1.739907582570106
2017-04-23,1.1885444209842015
2017-04-24,1.2450391300348933
2017-04-25,-1.1365651996901418
2017-04-26,-1.6274811828024334
2017-04-27,0.12609746249781703
2017-04-28,-0.49666000184735376
2017-04-29,-0.9340654064685177
2017-04-30,0.6405474421994126
2017-05-01,1.7032831867029716
2017-05-02,1.5254591940318414
2017-05-03,1.3066724892973984
2017-05-04,1.134824846241958
2017-05-05,0.3641415818583671
2017-05-06,-1.864586633503839
2017-05-07,-0.997304716892844
2017-05-08,0.1549819135731654
2017-05-09,-0.5819457176431607
2017-05-10,0.1876766339090395
2017-05-11,-0.5440145712245794
2017-05-12,1.0720432000471158
2017-05-13,-1.1474988811621392
2017-05-14,-0.9596912328227647
2017-05-15,-0.8233978106875751
2017-05-16,0.7166029274901663
2017-05-17,-0.4155150825479692
2017-05-18,0.5516654185266558
2017-05-19,-0.4834228767769413
2017-05-20,-0.4433464078167502
2017-05-21,-0.9043623708878771
2017-05-22,-2.3974471831252506
2017-05-23,0.40773956804785133
2017-05-24,0.7236235733571112
2017-05-25,0.5606100878000062
2017-05-26,-0.5151870192832136
2017-05-27,-0.2448688494011689
2017-05-28,0.577606685449843
2017-05-29,-1.0145476753910034
2017-05-30,-0.5136265790369556
2017-05-31,1.4677408035315715
2017-06-01,0.12554570629728581
2017-06-02,-2.411188748449367
2017-06-03,-0.5458382565930933
2017-06-04,-0.1964258072023516
2017-06-05,0.24975987642366176
2017-06-06,1.278172387619568
2017-06-07,2.6047147849432672
2017-06-08,1.4161640231111767
2017-06-09,0.018524816284595198
2017-06-10,-0.49235581045914584
2017-06-11,0.6258930688931233
2017-06-12,1.813898732025817
2017-06-13,1.4263400240216828
2017-06-14,-0.4847455479626243
2017-06-15,-0.43535728636349424
2017-06-16,1.6213503687769257
2017-06-17,0.7934958977789127
2017-06-18,-0.6520986239819188
2017-06-19,-1.5386000953426133
2017-06-20,0.4046581332913507
2017-06-21,-0.7282357326245024
2017-06-22,-0.14143248601345437
2017-06-23,1.323296421583244
2017-06-24,1.6328189289494666
2017-06-25,1.445693637367561
2017-06-26,1.137817581482668
2017-06-27,-1.08079929085149
2017-06-28,1.3352917926589984
2017-06-29,-0.9033498680228458
2017-06-30,-0.775792029243339
2017-07-01,0.444120897516884
2017-07-02,1.2513445881433516
2017-07-03,1.503265996614909
2017-07-04,0.9034688849374632
2017-07-05,-0.5307605254988446
2017-07-06,-2.1887953680118155
2017-07-07,-1.2687470030297996
2017-07-08,0.27828634582964884
2017-07-09,-1.2077089017254543
2017-07-10,-2.091870020047329
2017-07-11,0.2972295274484159
2017-07-12,0.5830258969154776
2017-07-13,0.9952983962301934
2017-07-14,-0.6586863982861624
2017-07-15,-1.3608087107057307
2017-07-16,0.7978025827169585
2017-07-17,0.23235062786306185
2017-07-18,-1.09628083318199
2017-07-19,0.4195751555981833
2017-07-20,-0.3872124977893906
2017-07-21,-0.6596976753001123
2017-07-22,0.419018211110321
2017-07-23,0.2425831419889826
2017-07-24,-1.3857885789040634
2017-07-25,0.027370607191083623
2017-07-26,-0.8841743582339866
2017-07-27,0.27920350605288696
2017-07-28,0.7102504712920386
2017-07-29,1.2953032890822826
2017-07-30,0.4382438041488936
2017-07-31,0.21761300664353356
2017-08-01,-1.5456459003623861
2017-08-02,0.02093173759021199
2017-08-03,1.3567456094429078
2017-08-04,2.077649551007827
2017-08-05,1.0174439548805423
2017-08-06,0.4890484146035696
2017-08-07,-0.1551686895330419
2017-08-08,-0.24946976410968932
2017-08-09,1.285495318802139
2017-08-10,-0.3471267013760926
2017-08-11,-1.0849164554295385
2017-08-12,0.35271071065322673
2017-08-13,0.08093223793433749
2017-08-14,-0.7971034927252952
2017-08-15,0.1523364653960763
2017-08-16,-0.9647318621354932
2017-08-17,0.5576388635360843
2017-08-18,0.6138211777503209
2017-08-19,0.7892009030656667
2017-08-20,0.9710509844814199
2017-08-21,1.0820390523678172
2017-08-22,0.15309061932587886
2017-08-23,-1.6060971328774267
2017-08-24,0.7597610921455639
2017-08-25,0.04106005139791849
2017-08-26,-2.4281379927378914
2017-08-27,-0.2744662367123931
2017-08-28,-1.281774889988303
2017-08-29,0.21870236046377758
2017-08-30,-0.574553706705781
2017-08-31,0.1613658093512801
2017-09-01,-1.348654894763157
2017-09-02,-1.596693799193069
2017-09-03,-1.9852226693764754
2017-09-04,-2.5651241389789794
2017-09-05,-0.3157655784242945
2017-09-06,0.2451035494050051
2017-09-07,0.558267718438399
2017-09-08,1.1886616646799075
2017-09-09,-1.2938964242496394
2017-09-10,0.911867427799546
2017-09-11,2.1104743274030833
2017-09-12,1.0513084428417814
2017-09-13,2.618161008395615
2017-09-14,1.0548586437601424
2017-09-15,0.9065617645714503
2017-09-16,-1.15014840590918
2017-09-17,-1.5581320750131806
2017-09-18,-2.513882134342752
2017-09-19,-0.6199933369142955
2017-09-20,-0.10676414429953848
2017-09-21,-1.0043675703928983
2017-09-22,-1.4873354333870277
2017-09-23,-1.6917371844097964
2017-09-24,-1.0725473630537505
2017-09-25,0.20453646452258778
2017-09-26,0.14548125401725145
2017-09-27,0.2122667349539868
2017-09-28,-0.09916189527232676
2017-09-29,0.17231051489760096
2017-09-30,-0.060737895643449266
2017-10-01,0.1868046473365866
2017-10-02,1.8171877378509538
2017-10-03,1.0872446419050337
2017-10-04,1.796918550414849
2017-10-05,0.9919511155852002
2017-10-06,1.3424634830746263
2017-10-07,1.0324045253440006
2017-10-08,-0.44356526662136236
2017-10-09,-1.3288432744427405
2017-10-10,-0.08968384065115047
2017-10-11,1.2769821196770548
2017-10-12,2.056313235752711
2017-10-13,0.6663549553665927
2017-10-14,1.1537686839223205
2017-10-15,0.264265110501346
2017-10-16,0.011803748262570853
2017-10-17,1.4045086754483695
2017-10-18,-0.9894182522260307
2017-10-19,-0.1682307892971268
2017-10-20,0.3689821449234274
2017-10-21,-0.06570729474732
2017-10-22,0.139537621926617
2017-10-23,-0.766103379227849
2017-10-24,0.3436849160629906
2017-10-25,1.1152085748900176
2017-10-26,0.6688854505339233
2017-10-27,0.9749909333050393
2017-10-28,1.979851101218748
2017-10-29,2.2460667778075813
2017-10-30,0.21054789461109485
2017-10-31,-0.2788045236666438
2017-11-01,0.7777522266189604
2017-11-02,0.37272085592737364
2017-11-03,-0.6536436111463193
2017-11-04,0.1013535466270877
2017-11-05,-0.33799552803667243
2017-11-06,-1.1862748155991232
2017-11-07,-0.6412878018180512
2017-11-08,-1.2312189295570535
2017-11-09,-0.10300856821742416
2017-11-10,0.8629206153163792
2017-11-11,0.41805608230048474
2017-11-12,-0.5880987710925566
2017-11-13,-1.1289780514624481
2017-11-14,0.08200688447377003
2017-11-15,-1.272117156791768
2017-11-16,0.04917219789787054
2017-11-17,0.06807073607259209
2017-11-18,1.1681475273560444
2017-11-19,0.9931879435055412
2017-11-20,-0.5193521230590732
2017-11-21,-1.2568910758970508
2017-11-22,1.1805300032054586
2017-11-23,1.6519555689016192
2017-11-24,-0.13991609456758158
2017-11-25,-0.7395841985629132
2017-11-26,0.43277423497673945
2017-11-27,0.7209554167843696
2017-11-28,-0.043610400712640225
2017-11-29,-2.4317268825958243
2017-11-30,-1.429403844816635
2017-12-01,-1.1007156401256202
2017-12-02,-0.4946357255147066
2017-12-03,-0.08055684427903784
2017-12-04,0.29334829514523886
2017-12-05,0.777160484536208
2017-12-06,1.2136142116072595
2017-12-07,1.6638263828115492
2017-12-08,0.24246233396469005
2017-12-09,0.4726744897754655
2017-12-10,0.08811235638350716
2017-12-11,-0.37641458197160454
2017-12-12,0.06706951443180308
2017-12-13,1.097625886170367
2017-12-14,0.2569870711077024
2017-12-15,-0.6841837592170533
2017-12-16,-0.44911262488005715
2017-12-17,-0.8415225197615369
2017-12-18,-0.729197384227315
2017-12-19,-1.3455201063145437
2017-12-20,-1.1093156573438487
2017-12-21,-0.5753727515872238
2017-12-22,-0.3512256492424678
2017-12-23,1.2277204458990385
2017-12-24,1.4662493424638388
2017-12-25,1.4434376228558186
2017-12-26,1.5504216377851991
2017-12-27,0.03831453772693052
2017-12-28,-0.27891154349247166
2017-12-29,0.3177816281369593
2017-12-30,-0.104445075512123
2017-12-31,0.29120473875881797
2018-01-01,0.9998264747953535
2018-01-02,-0.3392432942533232
2018-01-03,0.5007761030987445
2018-01-04,-0.5365215549009169
2018-01-05,-2.0342205473146318
2018-01-06,-1.4896688814735115
2018-01-07,-1.452738387193186
2018-01-08,-0.5321258093394879
2018-01-09,0.7607802219847324
2018-01-10,-0.8404122815036663
2018-01-11,-1.2807050672607654
2018-01-12,-0.46966158261116975
2018-01-13,-0.32797204396546675
2018-01-14,-0.03383835772816874
2018-01-15,1.0791431207632525
2018-01-16,0.3822340916945595
2018-01-17,-0.2126847540248379
2018-01-18,-0.31060120373065886
2018-01-19,-0.9275322610149529
2018-01-20,-0.5957183935382653
2018-01-21,-1.185432057410102
2018-01-22,-0.5409662177205824
2018-01-23,-0.12488152147025315
2018-01-24,1.5520355724075228
2018-01-25,0.5668935317416061
2018-01-26,-1.355169073214138
2018-01-27,0.14156553103749403
2018-01-28,1.2225368763261146
2018-01-29,1.378542071194657
2018-01-30,0.7275361249921697
2018-01-31,0.8574477700970324
2018-02-01,1.0078337711885512
2018-02-02,-0.5351076204869387
2018-02-03,-1.264215947805345
2018-02-04,0.1886473112068212
2018-02-05,-1.1185530292000634
2018-02-06,-1.6112604746555201
2018-02-07,-1.572716602194145
2018-02-08,-0.6071363293436302
2018-02-09,-0.053462891847992626
2018-02-10,-0.6840773451383048
2018-02-11,1.6102296786647694
2018-02-12,1.1223124042467314
2018-02-13,-0.10227689311989266
2018-02-14,0.16876006628279422
2018-02-15,0.9773154290934007
2018-02-16,0.18645788174932498
2018-02-17,-1.812646544969949
2018-02-18,-0.6199543585138622
2018-02-19,-1.7632493623074246
2018-02-20,-1.5023388740526156
2018-02-21,-2.0085574412638576
2018-02-22,-1.5738410992280185
2018-02-23,-1.0372308615344474
2018-02-24,-0.36332610370103396
2018-02-25,-0.6590426780398568
2018-02-26,0.01604105466299706
2018-02-27,0.11586878230089191
2018-02-28,0.38622319518970377
2018-03-01,0.7239992936637619
2018-03-02,0.49085243620549646
2018-03-03,0.5631301008834834
2018-03-04,0.45111719866334204
2018-03-05,0.429821443611498
2018-03-06,-0.6445186124365053
2018-03-07,-1.2396828172870655
2018-03-08,-0.7061736161579446
2018-03-09,-0.7352700520153208
2018-03-10,0.06542875752594395
2018-03-11,-0.38983801909741866
2018-03-12,-2.015361491610119
2018-03-13,-0.5859754826811053
2018-03-14,-1.4640526036795922
2018-03-15,1.2074554809199676
2018-03-16,2.0522994280959677
2018-03-17,2.1661384611111476
2018-03-18,1.5075051222730196
2018-03-19,-0.8009749331635079
2018-03-20,0.2730286278675371
2018-03-21,-0.16113745145992678
2018-03-22,0.43501470010700305
2018-03-23,-1.082155163800977
2018-03-24,-1.763964205938637
2018-03-25,-2.4068470244605025
2018-03-26,-1.0238664452951454
2018-03-27,-1.6275677072588186
2018-03-28,1.156105469573318
2018-03-29,-0.35938212836406436
2018-03-30,0.009497080526336979
2018-03-31,0.7522398977414696
2018-04-01,-0.22080722745378786
2018-04-02,-0.8761376854815991
2018-04-03,0.13888446003821273
2018-04-04,0.16449744266487637
2018-04-05,0.9685885813288936
2018-04-06,-0.2852145341604856
2018-04-07,0.5277431356600562
2018-04-08,-1.5300063746561656
2018-04-09,-0.6328195062830618
2018-04-10,1.6704779434495667
2018-04-11,1.8659125871053792
2018-04-12,1.7153539651191618
2018-04-13,0.6618334359493134
2018-04-14,-1.146175728698114
2018-04-15,-1.3426471676082505
2018-04-16,-0.8582634475632411
2018-04-17,-0.6283546581443631
2018-04-18,-0.7729431667075595
2018-04-19,-0.3356925863945195
2018-04-20,0.1754418546706746
2018-04-21,-0.9475744706409697
2018-04-22,-0.9047148277135093
2018-04-23,0.6762019746812016
2018-04-24,1.1695800710572415
2018-04-25,0.010508076418476887
2018-04-26,0.7231759618761415
2018-04-27,-0.3492943350999674
2018-04-28,-0.9639670722203766
2018-04-29,-1.4066398988231195
2018-04-30,1.186287605738132
2018-05-01,1.0416837077840486
2018-05-02,0.3157575733799158
2018-05-03,-0.18768398151075233
2018-05-04,-2.019046990216753
2018-05-05,-1.9726252533236022
2018-05-06,-0.8368677358282947
2018-05-07,-0.21833852895638506
2018-05-08,0.4980791829181482
2018-05-09,0.6256272557060634
2018-05-10,0.36197389474353797
2018-05-11,-1.0988740432439188
2018-05-12,-0.36842170637240884
2018-05-13,0.8454793043351753
2018-05-14,0.5265471345476179
2018-05-15,-0.81379743431145
2018-05-16,0.5429044530562679
2018-05-17,0.776057112866563
2018-05-18,-0.6419893088957191
2018-05-19,-2.091685465855549
2018-05-20,0.02109576766325193
2018-05-21,0.6944969521484149
2018-05-22,-0.0995056399690247
2018-05-23,-0.8212386445661841
2018-05-24,0.8303093379647886
2018-05-25,0.8776853509707634
2018-05-26,-0.22947853097631116
2018-05-27,0.18037615660848097
2018-05-28,-0.030176043826504233
2018-05-29,0.4799595867878362
2018-05-30,0.532280875900547
2018-05-31,0.36922742773023054
2018-06-01,0.23745516842318243
2018-06-02,-0.7741720041501641
2018-06-03,-0.7818554789168102
2018-06-04,-0.03026560794081337
2018-06-05,-1.4497074478116574
2018-06-06,-0.10385305815169973
2018-06-07,-0.8440352666256669
2018-06-08,-1.0133602237113837
2018-06-09,-1.9234788453827634
2018-06-10,-0.4673875628065617
2018-06-11,0.8553337413553147
2018-06-12,0.9149582216051503
2018-06-13,0.9201797421917459
2018-06-14,1.2713530868519753
2018-06-15,-0.9048741842169767
2018-06-16,-0.9290025436210201
2018-06-17,0.5659859618747156
2018-06-18,0.8356297627523848
2018-06-19,0.7919220388996493
2018-06-20,1.3629557839857704
2018-06-21,1.2254360470076988
2018-06-22,2.0756552518436506
2018-06-23,2.170293864436517
2018-06-24,1.0399098191336686
2018-06-25,0.9033713682343184
2018-06-26,-1.0447619549093317
2018-06-27,-2.0085253497132136
2018-06-28,-0.7445105452477111
2018-06-29,-0.05623175468848588
2018-06-30,-0.7345820415122407
2018-07-01,-1.0923508703326221
2018-07-02,-0.9026968899498529
2018-07-03,-0.241555123106447
2018-07-04,-0.8066930290936185
2018-07-05,0.2268027413816598
2018-07-06,1.4069555677589578
2018-07-07,1.6183748372963447
2018-07-08,0.6204370664350308
2018-07-09,1.5532009629289467
2018-07-10,-0.15419796387599052
2018-07-11,-0.3034335131598473
2018-07-12,-0.9111599731007515
2018-07-13,0.23127672432453078
2018-07-14,-0.23929299269244428
2018-07-15,-0.9969167952081661
2018-07-16,-1.4118387530887007
2018-07-17,-1.4229701184033186
2018-07-18,0.3208991726076082
2018-07-19,-0.40580549172361297
2018-07-20,-1.0680904189398728
2018-07-21,-1.132624854815752
2018-07-22,-0.7963712334695092
2018-07-23,-1.0489154283695588
2018-07-24,-2.0104997491755263
2018-07-25,-1.0726155257389267
2018-07-26,-0.3411121961139871
2018-07-27,0.7706853424246927
2018-07-28,0.8821613502647524
2018-07-29,-0.22058613615929298
2018-07-30,-1.1942920640597317
2018-07-31,-0.6155878976614076
2018-08-01,-1.7865229906730646
2018-08-02,-2.2712557881875663
2018-08-03,-1.6958678870139672
2018-08-04,-0.4394493916118317
2018-08-05,0.6384173920490268
2018-08-06,-0.8486000663897326
2018-08-07,-1.2241219126254437
2018-08-08,0.3133047502673036
2018-08-09,-0.5922711854668342
2018-08-10,1.972685881364484
2018-08-11,1.0807272753854018
2018-08-12,0.1636663695506446
2018-08-13,-0.5757275884561439
2018-08-14,-0.5044074585815755
2018-08-15,-0.06074687118442367
2018-08-16,0.6842468295622535
2018-08-17,-0.4471391819074292
2018-08-18,1.0384540857367117
2018-08-19,0.9354332650516223
2018-08-20,0.5085672057316571
2018-08-21,-2.0034263596942
2018-08-22,0.08094475024611987
2018-08-23,-0.05354404711108185
2018-08-24,0.8908751464795928
2018-08-25,-0.16164841187612464
2018-08-26,0.10918415013854345
2018-08-27,1.5718752300209398
2018-08-28,-0.3046404878330538
2018-08-29,-0.46610470288846173
2018-08-30,0.6091489839388969
2018-08-31,0.2907638058194666
2018-09-01,-1.504181754945914
2018-09-02,-1.3593700130586628
2018-09-03,0.5117559335377286
2018-09-04,-0.30182266484874626
2018-09-05,-1.0851599598648956
2018-09-06,-0.056189327362304434
2018-09-07,-0.47786473427783643
2018-09-08,1.153978982933516
2018-09-09,0.8021200797085708
2018-09-10,0.42304126899647704
2018-09-11,1.3684352369544437
2018-09-12,0.5361162416653766
2018-09-13,-0.33494373684878714
2018-09-14,0.5361657027036272
2018-09-15,0.3273885018503047
2018-09-16,0.5735935978781792
2018-09-17,0.27170860042948075
2018-09-18,0.9150571112537841
2018-09-19,1.2498071142238307
2018-09-20,0.8199812900847053
2018-09-21,2.2425537262685222
2018-09-22,1.388234781140296
2018-09-23,0.2912780427008719
2018-09-24,1.7556224205512982
2018-09-25,-0.2511628282743302
2018-09-26,2.0565169099416694
2018-09-27,1.2728707893822218
2018-09-28,0.8538668875392644
2018-09-29,0.07930647905489294
2018-09-30,0.46151252196635334
2018-10-01,0.27854271588266355
2018-10-02,1.598259674101652
2018-10-03,1.693459128142223
2018-10-04,-0.05580003535653971
2018-10-05,0.3387868584712196
2018-10-06,-1.7342759319014653
2018-10-07,-0.2580164244240177
2018-10-08,0.6901010302615705
2018-10-09,0.6309747873900886
2018-10-10,-0.49573199816820107
2018-10-11,0.47096472234855347
2018-10-12,0.3941175705578188
2018-10-13,0.809519527340282
2018-10-14,0.7475862271141847
2018-10-15,-0.9507690814037506
2018-10-16,-1.461861523368878
2018-10-17,-0.7728431208217026
2018-10-18,-0.5913609188640683
2018-10-19,-2.048266401309017
2018-10-20,-0.6022188308938166
2018-10-21,-0.12926618480712976
2018-10-22,0.6205073301282802
2018-10-23,2.5213419155083705
2018-10-24,1.195721050838332
2018-10-25,1.3650973089152478
2018-10-26,0.28068096730172354
2018-10-27,-0.012284230877159408
2018-10-28,-0.23507199482172325
2018-10-29,0.9245643464871177
2018-10-30,0.7206462418804324
2018-10-31,0.536664632338407
2018-11-01,0.019891054566004967
2018-11-02,0.17566777261874172
2018-11-03,-0.5634176878357285
2018-11-04,-0.2764638235487411
2018-11-05,-0.5943900570993986
2018-11-06,-0.759335148677879
2018-11-07,-0.12764336809746385
2018-11-08,-0.45968519288419923
2018-11-09,-0.5656855478692313
2018-11-10,0.5936446985256394
2018-11-11,0.5897560172851379
2018-11-12,-0.7864764023666754
2018-11-13,0.5877693191706286
2018-11-14,-0.03344495506767623
2018-11-15,-0.5318856512586925
2018-11-16,-0.267164459323191
2018-11-17,-0.23003558977646943
2018-11-18,-0.6054355225685586
2018-11-19,0.6639128401540502
2018-11-20,0.9059731486552964
2018-11-21,0.707143262942664
2018-11-22,-0.27373977389147214
2018-11-23,-1.189562626523763
2018-11-24,-2.1654693731471766
2018-11-25,-0.522470424626365
2018-11-26,-0.48096344150819414
2018-11-27,-1.1283262665590141
2018-11-28,0.7932851989920954
2018-11-29,1.2194667580403051
2018-11-30,0.6309036000935665
2018-12-01,0.25833015615607924
2018-12-02,0.35116966497096636
2018-12-03,0.5837366726974212
2018-12-04,0.77022324455764
2018-12-05,-0.26535411641284995
2018-12-06,0.18046306876188464
2018-12-07,0.7324520841750928
2018-12-08,1.598534580109089
2018-12-09,0.9614828939017548
2018-12-10,1.517736166684473
2018-12-11,-0.06865681814513672
2018-12-12,-1.0374840456716463
2018-12-13,-0.5626553562197149
2018-12-14,-0.9089438240398268
2018-12-15,-0.5680746515554064
2018-12-16,0.20954629137876674
2018-12-17,-1.125229216890657
2018-12-18,-0.7998656705695633
2018-12-19,0.19879464249080975
2018-12-20,-0.3637053824789331
2018-12-21,-0.3596623137431717
2018-12-22,-1.7273331884821341
2018-12-23,-0.4336246161068027
2018-12-24,-0.5508157518958279
2018-12-25,0.5281825946845123
2018-12-26,0.12183691242083404
2018-12-27,-0.05072629637706976
2018-12-28,-0.3646960933346658
2018-12-29,0.2906935550913717
2018-12-30,0.3386576149901808
2018-12-31,-0.4889354509119125
2019-01-01,1.7912021549285093
2019-01-02,0.43377015393606483
2019-01-03,-1.1464216491684378
2019-01-04,0.6322795752440535
2019-01-05,0.24966700924461796
2019-01-06,-0.9519912546511644
2019-01-07,0.1931089610516925
2019-01-08,1.569054195023649
2019-01-09,0.6507744500750194
2019-01-10,-1.2030967434369089
2019-01-11,0.5377370884318213
2019-01-12,0.7418118252294269
2019-01-13,1.3263849645511485
2019-01-14,1.485733181210896
2019-01-15,1.032762193720155
2019-01-16,1.2090112386872702
2019-01-17,0.31997872461539345
2019-01-18,-1.063269029324357
2019-01-19,-1.242883158312467
2019-01-20,-1.6555107750858364
2019-01-21,-0.5153172274392894
2019-01-22,-0.14800140535414258
2019-01-23,-0.9041556417015972
2019-01-24,-1.719554297342315
2019-01-25,-1.3326474045372878
2019-01-26,-0.6494532007582258
2019-01-27,-0.03151994889868956
2019-01-28,-0.7523084732559587
2019-01-29,-0.3701851481990343
2019-01-30,-0.006793070648245662
2019-01-31,-0.30754748052453734
2019-02-01,0.035569238028717864
2019-02-02,-0.9756925052007843
2019-02-03,-0.6972662422572125
2019-02-04,0.9888016374492588
2019-02-05,0.46204089781771635
2019-02-06,0.06774247159498031
2019-02-07,0.8598455581862748
2019-02-08,1.3240426733805961
2019-02-09,2.0228977720648698
2019-02-10,0.2650675112433601
2019-02-11,0.9770093162213497
2019-02-12,0.0707080995033871
2019-02-13,0.4305872860748439
2019-02-14,-0.27913794463808367
2019-02-15,-0.5528652958955733
2019-02-16,0.23246928276645223
2019-02-17,-0.40522304059830117
2019-02-18,-0.295025897284379
2019-02-19,0.6132137769661231
2019-02-20,0.22974147365391911
2019-02-21,0.25117283773827476
2019-02-22,-0.6003791867641235
2019-02-23,-0.7247064200401074
2019-02-24,-1.3180883262291456
2019-02-25,-1.6951128472991548
2019-02-26,-1.2487020825026278
2019-02-27,-0.4058551346182665
2019-02-28,-0.31959950626198963
2019-03-01,-1.1948029613993254
2019-03-02,-0.6023138859141639
2019-03-03,1.031567431589063
2019-03-04,1.9769691394265094
2019-03-05,1.1449447619194433
2019-03-06,0.5841215364923513
2019-03-07,1.190237809872678
2019-03-08,1.3871830428489818
2019-03-09,1.6984190509280923
2019-03-10,0.4296353979073778
2019-03-11,-1.0484533380566923
2019-03-12,1.0479112500541885
2019-03-13,2.010684646954816
2019-03-14,1.13802563748138
2019-03-15,1.7385436935693839
2019-03-16,1.1789636281693097
2019-03-17,2.1057560344118103
2019-03-18,1.9883603273968902
2019-03-19,-0.1296139932368019
2019-03-20,0.17919801706111768
2019-03-21,0.491250119292501
2019-03-22,-1.121650129880327
2019-03-23,-0.32473490779314573
2019-03-24,-0.3358499634270433
2019-03-25,0.7582220057894641
2019-03-26,0.9419904558349587
2019-03-27,0.3283328848585145
2019-03-28,-0.47266766695867524
2019-03-29,-0.006607211957834417
2019-03-30,-0.32898498552327615
2019-03-31,0.06460284783215654
2019-04-01,-0.8747881750651609
2019-04-02,0.6684134580703709
2019-04-03,-0.33604698806725425
2019-04-04,-1.7722634804979334
2019-04-05,-1.3089371570031842
2019-04-06,-0.6942888654393424
2019-04-07,-0.813642865322804
2019-04-08,0.20404916730521647
2019-04-09,-0.2682012395676751
2019-04-10,-0.2022990111173492
2019-04-11,-0.8669098469102229
2019-04-12,-1.124857019689332
2019-04-13,0.13586047296110876
2019-04-14,0.431027890494468
2019-04-15,0.5487543693743061
2019-04-16,0.8022119861400497
2019-04-17,0.8688113503784726
2019-04-18,0.6692077442050669
2019-04-19,0.387046177697831
2019-04-20,-0.9215817804809054
2019-04-21,-1.451042225633444
2019-04-22,0.9473436327544452
2019-04-23,1.997516634584005
2019-04-24,1.2790314365352324
2019-04-25,0.13190999782012275
2019-04-26,-0.5601302273842333
2019-04-27,-0.9168168119289708
2019-04-28,-1.2218699719391815
2019-04-29,-0.5969447548391721
2019-04-30,-0.5871962189190582
2019-05-01,0.7330417887321516
2019-05-02,1.6574714736478706
2019-05-03,1.4681300706459781
2019-05-04,0.5644802673579384
2019-05-05,0.2884046896036733
2019-05-06,1.1883477635051944
2019-05-07,0.13807580980654813
2019-05-08,-0.6701222126941022
2019-05-09,-0.0996336147692056
2019-05-10,-0.2106546302929712
2019-05-11,-0.258733994328101
2019-05-12,1.005682957929075
2019-05-13,0.5289308354613869
2019-05-14,-0.969592652470704
2019-05-15,-1.9843550783854307
2019-05-16,0.32402217412417383
2019-05-17,0.3555335414952116
2019-05-18,0.1192056571445673
2019-05-19,0.23492263679705194
2019-05-20,-0.4226852813889828
2019-05-21,0.48284056685915727
2019-05-22,0.834448310428333
2019-05-23,0.011694203331563057
2019-05-24,0.5949515870215609
2019-05-25,0.4599588534593653
2019-05-26,1.1292590649714758
2019-05-27,1.4817956529435163
2019-05-28,0.01243804589236519
2019-05-29,-0.7161265918420134
2019-05-30,1.6746301693793992
2019-05-31,0.08330512875672483
2019-06-01,0.41505597073170003
2019-06-02,-0.6288694388467576
2019-06-03,-0.2323768607691274
2019-06-04,-0.8868193089409189
2019-06-05,0.1697147121847283
2019-06-06,0.5711495123525846
2019-06-07,-1.1087478490856086
2019-06-08,2.287523414040977
2019-06-09,0.8686047246647336
2019-06-10,0.6730503129400989
2019-06-11,-0.09564512640579313
2019-06-12,-0.629509628554753
2019-06-13,0.26506849528490445
2019-06-14,-0.8331406777289946
2019-06-15,-0.08188491132158744
2019-06-16,-0.44398093840344127
2019-06-17,-0.5591552034536785
2019-06-18,-0.4062875218481323
2019-06-19,-0.8195784923755666
2019-06-20,-0.29826757692584593
2019-06-21,-0.13453244400532463
2019-06-22,-1.6927567903470666
2019-06-23,0.07946283811051724
2019-06-24,0.8618012551327698
2019-06-25,0.1088535695262896
2019-06-26,0.8165750682455654
2019-06-27,1.2799749765081785
2019-06-28,-0.22779419320050012
2019-06-29,-1.7331735757089666
2019-06-30,1.0126506326750129
2019-07-01,1.6637953825985667
2019-07-02,1.6968726287830536
2019-07-03,0.9607729982292816
2019-07-04,1.7971478848048248
2019-07-05,0.9485089358552367
2019-07-06,1.4248431789874236
2019-07-07,1.5199326499188262
2019-07-08,0.5343179472031542
2019-07-09,0.7157890943005282
2019-07-10,-0.20632659547987142
2019-07-11,-0.6920448853676167
2019-07-12,-1.377356097251317
2019-07-13,0.05431674800914961
2019-07-14,0.16645325446882697
2019-07-15,1.0073235276163903
2019-07-16,0.724810623957377
2019-07-17,-1.2849475173467682
2019-07-18,-1.3646268544281357
2019-07-19,-1.5708381384267716
2019-07-20,0.49476890996729994
2019-07-21,0.6661636762814279
2019-07-22,0.47624536186773125
2019-07-23,-0.9108775786389545
2019-07-24,-0.0020846520043059
2019-07-25,0.6655949141907316
2019-07-26,1.3202254722832014
2019-07-27,1.676307832895963
2019-07-28,0.871272390346521
2019-07-29,-0.5255622675304353
2019-07-30,-1.1019131334203982
2019-07-31,-0.8082276644091456
2019-08-01,-1.4854101310862446
2019-08-02,-1.5018056821723602
2019-08-03,-1.1643505898626811
2019-08-04,-0.4896878538235439
2019-08-05,-1.548965892910842
2019-08-06,0.3242626771680498
2019-08-07,0.4804193524542592
2019-08-08,1.1990668210928401
2019-08-09,-0.03515633695885229
2019-08-10,1.908300255893328
2019-08-11,2.2333717808374174
2019-08-12,1.0279378392313594
2019-08-13,-0.06665785744765583
2019-08-14,-0.13728322556988978
2019-08-15,0.6326191339728633
2019-08-16,0.17251459427548924
2019-08-17,1.2651002057895169
2019-08-18,-0.00932193787807373
2019-08-19,0.9946821536738923
2019-08-20,0.1891052618012766
2019-08-21,-0.5224667624645737
2019-08-22,0.29484183434045397
2019-08-23,-0.2494121342518233
2019-08-24,-0.603151336298311
2019-08-25,-0.2607853741815611
2019-08-26,-0.8193032778300745
2019-08-27,-0.027471849945060363
2019-08-28,-0.46660380328305195
2019-08-29,-0.39637898218533035
2019-08-30,-0.5734778260682939
2019-08-31,-0.39986421520637977
2019-09-01,-0.16310084741726258
2019-09-02,0.11656949529114324
2019-09-03,1.0079807383022859
2019-09-04,1.1561696818777334
2019-09-05,1.169689098466914
2019-09-06,1.2830145723066928
2019-09-07,-0.5772379669782051
2019-09-08,-1.677878257708279
2019-09-09,-1.6266861092066383
2019-09-10,0.5759318225471969
2019-09-11,1.3454308048830423
2019-09-12,0.6999949269685954
2019-09-13,0.9263358747684683
2019-09-14,-0.0250689736946211
2019-09-15,1.7379285138083045
2019-09-16,0.7716602196588269
2019-09-17,1.9286632106813342
2019-09-18,1.421438615355746
2019-09-19,0.1963770286606194
2019-09-20,-0.2944087230051949
2019-09-21,-1.574976086357157
2019-09-22,0.16121631135410747
2019-09-23,-0.4187178517908918
2019-09-24,-0.9857907543262263
2019-09-25,-1.0009087745943848
2019-09-26,0.12855707896590046
2019-09-27,0.356310620846513
2019-09-28,1.4866423139720473
2019-09-29,0.8619046501673628
2019-09-30,1.1614526545100048
2019-10-01,-0.9869714410947162
2019-10-02,0.4940528811594237
2019-10-03,-1.2547483876453127
2019-10-04,-0.23993607854958265
2019-10-05,-0.005617701123449556
2019-10-06,-0.009011723963849909
2019-10-07,-0.540478877591956
2019-10-08,0.68823800100841
2019-10-09,0.6710783983991979
2019-10-10,0.7274849310775373
2019-10-11,2.180913566566727
2019-10-12,0.9228216889091244
2019-10-13,0.13195482152398538
2019-10-14,0.3758214526899231
2019-10-15,0.0075247104664451355
2019-10-16,-0.9774591129228536
2019-10-17,-0.2600481294259294
2019-10-18,0.6890570483240037
2019-10-19,0.9087186107203792
2019-10-20,-0.8170589615454403
2019-10-21,-0.741931785398129
2019-10-22,0.10680679991660136
2019-10-23,-0.6340602975899334
2019-10-24,0.13443286489007744
2019-10-25,1.1649324291263612
2019-10-26,2.3976610932852167
2019-10-27,1.3349344008360533
2019-10-28,0.19441265082430362
2019-10-29,-1.1799170964293935
2019-10-30,-2.0190899875665536
2019-10-31,-1.364973275420807
2019-11-01,-0.023462962330219123
2019-11-02,0.19507532409988818
2019-11-03,-0.31887718004809606
2019-11-04,-0.8164658465908677
2019-11-05,-0.15273334192655239
2019-11-06,-2.006102955700879
2019-11-07,-0.9650375149716794
2019-11-08,-0.5027779234299908
2019-11-09,-1.5510862070016576
2019-11-10,-0.5326482148167632
2019-11-11,0.5210791921432515
2019-11-12,0.9654688841476062
2019-11-13,0.5040794405325298
2019-11-14,-0.3658159595160135
2019-11-15,0.4113729155871216
2019-11-16,-0.7655184707235605
2019-11-17,-0.20510719065240174
2019-11-18,-0.861311122233298
2019-11-19,-0.322421916711453
2019-11-20,-2.4389430008725097
2019-11-21,-0.921382525389644
2019-11-22,-0.5365203531605108
2019-11-23,0.4652282607928087
2019-11-24,0.3224321778458822
2019-11-25,-1.1816248228758286
2019-11-26,-0.7232853547120367
2019-11-27,-0.17597341349710544
2019-11-28,-0.06782406717902105
2019-11-29,-0.1454392635721269
2019-11-30,-1.0129586213127812
2019-12-01,-1.975268431264983
2019-12-02,-0.26904240116408484
2019-12-03,-0.48519878526967686
2019-12-04,-0.05619981975523903
2019-12-05,0.6249090172177183
2019-12-06,1.694861992141298
2019-12-07,0.5231450720917221
2019-12-08,1.8069596565566164
2019-12-09,1.0286233404907394
2019-12-10,0.4705101815973792
2019-12-11,0.46704473063776764
2019-12-12,-0.18169252027632588
2019-12-13,0.3524625582879941
2019-12-14,0.6658943377175246
2019-12-15,1.5463680892983824
2019-12-16,0.5277138089632682
2019-12-17,-0.22153258801817552
2019-12-18,0.10171444015341714
2019-12-19,0.3254195611805085
2019-12-20,0.5081540302136377
2019-12-21,-0.008690221008941226
2019-12-22,-0.3624225134664441
2019-12-23,-0.19395826933552338
2019-12-24,-0.4374197635784655
2019-12-25,-1.2124731458361326
2019-12-26,-1.1520496401893752
2019-12-27,-1.1685706900338482
2019-12-28,-1.072629407912066
2019-12-29,0.17941879339220387
2019-12-30,0.8346033181375685
2019-12-31,0.28534798069743933
2020-01-01,-0.5478388027787296
2020-01-02,0.13328317022408176
2020-01-03,0.6548980793538435
2020-01-04,1.055073444603491
2020-01-05,-0.26711839991584146
2020-01-06,0.2653648127960291
2020-01-07,0.32783684028747495
2020-01-08,0.6545262068914472
2020-01-09,-0.03184082332906699
2020-01-10,-0.28461930739273383
2020-01-11,0.7558759823205159
2020-01-12,1.094580485920677
2020-01-13,0.12947629453910686
2020-01-14,1.3635194952276866
2020-01-15,1.6651219852535584
2020-01-16,0.4910369091680881
2020-01-17,0.3804492066954978
2020-01-18,0.5501622810084711
2020-01-19,-0.06949844323504228
2020-01-20,-0.3170871694496037
2020-01-21,0.18272801648125073
2020-01-22,-0.2168776795149144
2020-01-23,-0.5226832389522056
2020-01-24,-0.045332918368586786
2020-01-25,-0.223010270746493
2020-01-26,-0.15793727621355702
2020-01-27,0.19734117617318478
2020-01-28,-0.054089942834664895
2020-01-29,0.32498987360106013
2020-01-30,1.2958950331935735
2020-01-31,1.1739421449020202
2020-02-01,1.4334629792297926
2020-02-02,0.013433627193706001
2020-02-03,0.07537220206363929
2020-02-04,0.31819752158605064
2020-02-05,-0.44576431052806686
2020-02-06,-0.02453498500791025
2020-02-07,-1.2620545513051884
2020-02-08,0.1933268906503371
2020-02-09,2.3086396537993323
2020-02-10,1.980553587257018
2020-02-11,1.8687771860792892
2020-02-12,1.9262542304858647
2020-02-13,0.29801961582536646
2020-02-14,-1.3539263918863726
2020-02-15,1.1774432924992981
2020-02-16,2.1764397654885586
2020-02-17,2.0914146552633115
2020-02-18,1.4433802978833568
2020-02-19,0.8556904710021123
2020-02-20,1.1760032503035371
2020-02-21,1.4382157411112924
2020-02-22,2.4759972705346196
2020-02-23,1.45787193753686
2020-02-24,0.3215916891015641
2020-02-25,1.9591790733393375
2020-02-26,-0.9205669202696464
2020-02-27,-0.8896269537757517
2020-02-28,0.4705640692391495
2020-02-29,1.1618789413256576
2020-03-01,1.727945889535228
2020-03-02,-0.3315609054769365
2020-03-03,-0.9356654576432897
2020-03-04,-0.8666566315510909
2020-03-05,-0.9233508977331266
2020-03-06,0.47598023657255867
2020-03-07,-0.6633461285386458
2020-03-08,1.2647595995889869
2020-03-09,-0.26654184280863774
2020-03-10,1.2170650175781974
2020-03-11,1.1573836557482913
2020-03-12,2.1980096868512273
2020-03-13,1.2667152360280247
2020-03-14,-0.680159543519638
2020-03-15,1.2580873514999515
2020-03-16,-0.038796371417256434
2020-03-17,0.44526429299940384
2020-03-18,0.7466224256822791
2020-03-19,-1.2805048256744331
2020-03-20,-0.7081541888652017
2020-03-21,0.00653176346408244
2020-03-22,-0.17618273911423885
2020-03-23,0.06794754800963616
2020-03-24,0.2577920495264088
2020-03-25,-0.14448579029152503
2020-03-26,-0.4592885456340934
2020-03-27,-0.39366621976691824
2020-03-28,0.1389250033280426
2020-03-29,1.0594077535864155
2020-03-30,0.04022613868992313
2020-03-31,-0.6875047136451774
2020-04-01,0.7577878282693854
2020-04-02,1.6002859505698055
2020-04-03,0.9278077076679845
2020-04-04,-0.2776775910852314
2020-04-05,0.34247719792421816
2020-04-06,0.4534908693199188
2020-04-07,-0.9350347811094544
2020-04-08,-0.407064864167547
2020-04-09,-0.11424381208528975
2020-04-10,-0.5731044879932513
2020-04-11,-1.4462467837464565
2020-04-12,-0.19515651905540454
2020-04-13,1.6335724877230504
2020-04-14,0.37915052635103347
2020-04-15,1.007855680248196
2020-04-16,0.13185530968936407
2020-04-17,-1.4732572447278502
2020-04-18,-0.3134721422532379
2020-04-19,-0.0895490807884675
2020-04-20,-0.060028728018099775
2020-04-21,1.2819395991448355
2020-04-22,0.6735249165938798
2020-04-23,-0.92748786700579
2020-04-24,0.6344189959904966
2020-04-25,-0.20543301906705425
2020-04-26,-1.1667766253395573
2020-04-27,-0.6771702642124882
2020-04-28,-1.123211279452262
2020-04-29,-0.7127927716978576
2020-04-30,-0.008495467029743322
2020-05-01,-0.22926235302252929
2020-05-02,-0.5077081837461643
2020-05-03,-0.45423280889785705
2020-05-04,0.23898089601137668
2020-05-05,0.08495337780013291
2020-05-06,0.27727135492084903
2020-05-07,0.06986429844404476
2020-05-08,-0.6663737228557863
2020-05-09,-1.884075811989505
2020-05-10,-0.174760840243405
2020-05-11,1.0679570696870824
2020-05-12,0.5073905034693201
2020-05-13,-0.5236203700862109
2020-05-14,0.005054301363926119
2020-05-15,1.131149050815784
2020-05-16,1.190207006787657
2020-05-17,1.2294696982685434
2020-05-18,0.6683501434172067
2020-05-19,0.0897025657947083
2020-05-20,-2.0927984194918077
2020-05-21,-2.2951642666468217
2020-05-22,0.8815914496585937
2020-05-23,0.9898879963447167
2020-05-24,1.6655781645101924
2020-05-25,0.9906825893108419
2020-05-26,-1.8345411094744404
2020-05-27,-0.2252528687056301
2020-05-28,0.3619880857952309
2020-05-29,-0.9839689313356992
2020-05-30,-1.0756522588823747
2020-05-31,-0.1623443896603275
2020-06-01,-0.12418673548575657
2020-06-02,-1.563259781477624
2020-06-03,-0.7144584456660953
2020-06-04,-0.49608969287307747
2020-06-05,0.3390146818333821
2020-06-06,1.1795728932005307
2020-06-07,0.22339506493060285
2020-06-08,-0.8001133592501689
2020-06-09,-1.4423418528880751
2020-06-10,-0.8879462850386214
2020-06-11,0.8773378720206356
2020-06-12,0.724601044397773
2020-06-13,1.1995001012575268
2020-06-14,1.369965089477371
2020-06-15,-0.1525591872824145
2020-06-16,-1.946997582103439
2020-06-17,-1.1160992027261993
2020-06-18,-0.07511015932329415
2020-06-19,-0.7913349895505305
2020-06-20,0.15167760707688058
2020-06-21,-1.4496926100804604
2020-06-22,-0.16916342922410715
2020-06-23,-1.470002886037841
2020-06-24,-1.2866372273692235
2020-06-25,0.5542076913360574
2020-06-26,0.10561123215373963
2020-06-27,-0.5670709387417152
2020-06-28,0.708993167534888
2020-06-29,1.3904693628312708
2020-06-30,2.1479500095714723
2020-07-01,0.48512524643812527
2020-07-02,-0.5258828240744309
2020-07-03,0.13211120127842252
2020-07-04,2.2428100715386106
2020-07-05,2.504633502063593
2020-07-06,2.1160097470735093
2020-07-07,1.1981883800893878
2020-07-08,0.11038428768515372
2020-07-09,-1.984385583851614
2020-07-10,0.20064830998227484
2020-07-11,0.7657010680247417
2020-07-12,0.3163717147017373
2020-07-13,-0.5058535463628574
2020-07-14,0.017214245592583804
2020-07-15,-0.8506140851567613
2020-07-16,-1.570517987004057
2020-07-17,-1.7273888393755619
2020-07-18,-0.9502075754482329
2020-07-19,-0.5089078163759978
2020-07-20,0.03986666832234614
2020-07-21,-0.11025968695239492
2020-07-22,-0.7488181245150751
2020-07-23,-0.3056355920860139
2020-07-24,0.7380161334565742
2020-07-25,-0.345058535127293
2020-07-26,0.9725828510023737
2020-07-27,0.3536545735490969
2020-07-28,1.5818375268142164
2020-07-29,1.8242018743698591
2020-07-30,0.6566983798371555
2020-07-31,-1.70670625541442
2020-08-01,0.5793785431476502
2020-08-02,-0.199267156524614
2020-08-03,-0.6028940976647466
2020-08-04,-0.976232381749699
2020-08-05,0.8224542136552623
2020-08-06,-0.49738601257657444
2020-08-07,-0.9951812266279711
2020-08-08,-1.2726694059481187
2020-08-09,-1.1605854207890474
2020-08-10,0.2835546699956267
2020-08-11,0.37458391244992384
2020-08-12,0.742046113225836
2020-08-13,0.390993353955137
2020-08-14,-0.522859741831749
2020-08-15,-1.2947030146024514
2020-08-16,-0.37678299186535247
2020-08-17,-0.8713391691857951
2020-08-18,-0.760066171321349
2020-08-19,-1.5223531809032593
2020-08-20,-0.03298627446092003
2020-08-21,1.1178459397336131
2020-08-22,1.5583038580645998
2020-08-23,0.7943149826389828
2020-08-24,-1.3445819929123544
2020-08-25,0.0038501532444452854
2020-08-26,1.2392992804808443
2020-08-27,0.5028146032259159
2020-08-28,-0.1701936242709999
2020-08-29,-0.9213560190970863
2020-08-30,-1.0418436303869707
2020-08-31,-1.6115573487136403
2020-09-01,-0.7702039304400194
2020-09-02,-1.3123859906320623
2020-09-03,0.4316315691941508
2020-09-04,0.862978491903126
2020-09-05,0.8133724534178639
2020-09-06,-0.4871722355241864
2020-09-07,-0.013787425919618313
2020-09-08,1.3053960015737154
2020-09-09,1.299638206744147
2020-09-10,0.014562052400477175
2020-09-11,0.23283986131097636
2020-09-12,1.1878330089251734
2020-09-13,1.4643989132648627
2020-09-14,-0.7300428155248653
2020-09-15,-1.6643691515416807
2020-09-16,0.14157554138118322
2020-09-17,-0.7642731349079224
2020-09-18,-1.7764955352557483
2020-09-19,-0.9838037598817021
2020-09-20,-1.0318148997399696
2020-09-21,-2.132371049150604
2020-09-22,-1.897155043554795
2020-09-23,0.08453870976427807
2020-09-24,1.356637422915705
2020-09-25,-0.46419210884778916
2020-09-26,-0.583129202668184
2020-09-27,0.18758195653279214
2020-09-28,-0.46666349035186183
2020-09-29,-0.2313788531030673
2020-09-30,-0.4969113051353428
2020-10-01,0.9180355503589326
2020-10-02,0.45085106102555694
2020-10-03,1.8630127898418953
2020-10-04,0.5056180804567633
2020-10-05,0.5809708342573725
2020-10-06,0.481270658681666
2020-10-07,-0.0005663677321558938
2020-10-08,0.5225949267963582
2020-10-09,0.22584250361128258
2020-10-10,-0.11300390959567058
2020-10-11,-0.4622895128164757
2020-10-12,-1.4887720476480113
2020-10-13,-1.009033913683503
2020-10-14,0.7842512271403402
2020-10-15,0.0490320406867576
2020-10-16,-1.2460886224927847
2020-10-17,-1.0509645261051188
2020-10-18,0.41896136003129464
2020-10-19,-0.7689232238226105
2020-10-20,0.5386486309317468
2020-10-21,0.8496094000041603
2020-10-22,1.8677715811699938
2020-10-23,0.5976006999302685
2020-10-24,0.7129606607371758
2020-10-25,1.1478625496646038
2020-10-26,0.3109110082666499
2020-10-27,1.0984167079407279
2020-10-28,1.2072821505313214
2020-10-29,0.3349815511318705
2020-10-30,0.23519880983798658
2020-10-31,-0.35542450007883225
2020-11-01,0.9427124624245122
2020-11-02,2.1710012838717576
2020-11-03,1.236312399018134
2020-11-04,0.7182303571328416
2020-11-05,0.6366536120021139
2020-11-06,-0.8367860041709219
2020-11-07,-1.5407069971845768
2020-11-08,-1.051017028885167
2020-11-09,-0.728961125614374
2020-11-10,-0.9827717639741333
2020-11-11,-1.486360265749719
2020-11-12,-0.13646341374442386
2020-11-13,-0.15604678297950242
2020-11-14,-0.6027956288425027
2020-11-15,0.9783718791040825
2020-11-16,0.9635123528659063
2020-11-17,0.9562606246783116
2020-11-18,1.1572873901615417
2020-11-19,1.5665084987448878
2020-11-20,-0.2912166834839827
2020-11-21,1.4437288473741654
2020-11-22,0.8253823200225191
2020-11-23,0.4952725733169987
2020-11-24,0.7564990154506878
2020-11-25,-0.06913027748612995
2020-11-26,-0.582191372013463
2020-11-27,-2.1947000293234638
2020-11-28,-0.9287361597125371
2020-11-29,-2.0271913319003083
2020-11-30,-0.549128867129769
2020-12-01,-1.095432909022705
2020-12-02,-1.3859664019021154
2020-12-03,0.30926297725923585
2020-12-04,0.3954374536010102
2020-12-05,-0.38118018843120816
2020-12-06,-0.7553912217154116
2020-12-07,-0.11573978107350813
2020-12-08,-1.0128375407084675
2020-12-09,-1.1111693484703244
2020-12-10,-1.4076840157412314
2020-12-11,-0.16200729082538862
2020-12-12,-0.2339988271860932
2020-12-13,-0.7184989071110945
2020-12-14,0.38800024504199104
2020-12-15,-0.30658550883929075
2020-12-16,-0.32371335376899674
2020-12-17,0.20566223302625564
2020-12-18,0.41663123679742564
2020-12-19,0.36725040645242857
2020-12-20,0.03680969234765062
2020-12-21,0.21831629513682513
2020-12-22,0.17155152392526407
2020-12-23,-1.5026839559204712
2020-12-24,-0.8555512643031559
2020-12-25,-1.2948713128457483
2020-12-26,0.3456307305652991
2020-12-27,2.030984884036414
2020-12-28,-0.7277621310544246
2020-12-29,-1.6393826553736988
2020-12-30,-0.2190699381273208
2020-12-31,-0.21827570277921698
2021-01-01,-2.29758504462089
2021-01-02,-1.1760432245712202
2021-01-03,0.07112697916774526
2021-01-04,0.22021805440128023
2021-01-05,0.01416895139780691
2021-01-06,-0.3496340529832935
2021-01-07,-0.9035405220672715
2021-01-08,-0.9125143252898221
2021-01-09,-1.851530024231286
2021-01-10,-0.2908346792591289
2021-01-11,0.9301169211564191
2021-01-12,0.24892959907663798
2021-01-13,0.9984603241620206
2021-01-14,-0.5217130826321912
2021-01-15,-1.3609563163348428
2021-01-16,-1.5231232545127895
2021-01-17,-0.7977497613636197
2021-01-18,-0.5462473073474508
2021-01-19,-0.08762193603179563
2021-01-20,1.3839321646775424
2021-01-21,1.9030590579554147
2021-01-22,0.9364325004497338
2021-01-23,-0.1623918915211871
2021-01-24,-2.289024429253673
2021-01-25,-1.6775391115870144
2021-01-26,-1.2257667234121234
2021-01-27,-0.6010897573177706
2021-01-28,-1.3656173489657548
2021-01-29,-0.061956234213733315
2021-01-30,-1.4814027849808942
2021-01-31,-1.0030436074910094
2021-02-01,-0.9291059274564785
2021-02-02,-2.0104681689944948
2021-02-03,0.5424561724074726
2021-02-04,0.1797324922166415
2021-02-05,0.5078566022915345
2021-02-06,0.9576139851946426
2021-02-07,1.3446254801542665
2021-02-08,1.2292363675170956
2021-02-09,0.35572369082303057
2021-02-10,-0.3748790168016734
2021-02-11,-0.777863447574841
2021-02-12,-0.9983234987636292
2021-02-13,-2.70224115472822
2021-02-14,-0.5661467332916201
2021-02-15,0.39453225870934855
2021-02-16,-0.6389995666359846
2021-02-17,-0.045995458010481924
2021-02-18,0.39806032716475476
2021-02-19,0.33491048770307935
2021-02-20,0.40272858622412055
2021-02-21,-0.24731052854406946
2021-02-22,-0.026328983910122963
2021-02-23,0.044971936751841725
2021-02-24,0.9899709971055697
2021-02-25,0.4663664510721333
2021-02-26,0.16714278739145666
2021-02-27,-0.5202914469592544
2021-02-28,-0.6899898080996929
2021-03-01,-1.833965029025358
2021-03-02,-2.2315516100565973
2021-03-03,-1.301656605280366
2021-03-04,-0.43436605691900376
2021-03-05,-1.1121576714673913
2021-03-06,0.13568643611940043
2021-03-07,0.35718050820034675
2021-03-08,-1.681051276625567
2021-03-09,-1.1695344483891124
2021-03-10,0.3011795104753004
2021-03-11,2.1636631143071896
2021-03-12,1.2748885610874452
2021-03-13,0.8846703548459013
2021-03-14,0.5053028610194721
2021-03-15,1.0084759053532075
2021-03-16,0.16549849770033506
2021-03-17,-1.2313019485075267
2021-03-18,-1.539288764184333
2021-03-19,-0.9588287644567223
2021-03-20,0.004125702357996132
2021-03-21,1.2996409967345202
2021-03-22,-0.026709094770699045
2021-03-23,-0.18082523374241916
2021-03-24,0.1365892941220326
2021-03-25,-0.6140226294938613
2021-03-26,0.38145230149807013
2021-03-27,0.5366939959293657
2021-03-28,1.429534862122924
2021-03-29,1.4788208576096442
2021-03-30,0.05272934450917868
2021-03-31,-1.5264623978874627
2021-04-01,-0.26081163551492587
2021-04-02,0.7923122661458907
2021-04-03,-1.1136500604547
2021-04-04,0.694337058933109
2021-04-05,2.02222055221549
2021-04-06,1.4019151271969745
2021-04-07,1.0674334707470472
2021-04-08,1.3653711501404362
2021-04-09,1.192949634563773
2021-04-10,-0.9003547727095342
2021-04-11,0.5746902957350004
2021-04-12,0.5038971334007933
2021-04-13,0.8992233912418125
2021-04-14,-0.3884156601083082
2021-04-15,-0.9029817342161596
2021-04-16,-0.5875704757791146
2021-04-17,-0.59704969747859
2021-04-18,-1.0963255410667598
2021-04-19,-1.0140133405659002
2021-04-20,-0.8566087510839195
2021-04-21,0.8538732952924574
2021-04-22,1.9661162072863363
2021-04-23,0.6457468362057636
2021-04-24,0.2236355988009671
2021-04-25,-0.47601329872921316
2021-04-26,-2.3560988832218452
2021-04-27,-0.6376357582685304
2021-04-28,-0.24381601791325463
2021-04-29,0.4483772218177467
2021-04-30,-1.8098102215075715
2021-05-01,-1.0265898771574056
2021-05-02,-1.0661291491747458
2021-05-03,0.26856305318603385
2021-05-04,2.036145253951976
2021-05-05,1.9401548832633158
2021-05-06,1.464386964701528
2021-05-07,0.699919346122937
2021-05-08,0.14139711320687523
2021-05-09,1.3170588199961042
2021-05-10,-0.05181815562822272
2021-05-11,-0.4527029649079346
2021-05-12,-0.5114674447396719
2021-05-13,-0.9389631341981529
2021-05-14,-0.31584231105327043
2021-05-15,-0.8230209394910002
2021-05-16,-1.4332072980884067
2021-05-17,-1.4765657732333843
2021-05-18,-0.6551280888491237
2021-05-19,-0.8058519492320158
2021-05-20,-0.3662252712630618
2021-05-21,1.0338007011321682
2021-05-22,2.0686658872985535
2021-05-23,1.2402644764514
2021-05-24,-0.03935301010058706
2021-05-25,-0.2105513990258805
2021-05-26,1.5695531094905482
2021-05-27,-0.22528557632438895
2021-05-28,-0.018386145755949917
2021-05-29,-1.1609465262155432
2021-05-30,-1.6729051368321854
2021-05-31,-1.9758723087450916
2021-06-01,-1.1967278519629354
2021-06-02,0.7767421646651128
2021-06-03,0.7157125535281481
2021-06-04,-0.4378329709597159
2021-06-05,-0.15189415686689928
2021-06-06,-1.0700098945464611
2021-06-07,-0.500079740434559
2021-06-08,-1.355296306438664
2021-06-09,-2.3260575252908233
2021-06-10,-1.5364646102016508
2021-06-11,-0.3074175483845639
2021-06-12,0.9310720171167801
2021-06-13,1.209803402473068
2021-06-14,0.36044266092542393
2021-06-15,-1.0732907757084382
2021-06-16,-1.3733858087736293
2021-06-17,0.6118924931736196
2021-06-18,-0.4824719497071843
2021-06-19,-0.029225507828786444
2021-06-20,0.2670133652548137
2021-06-21,0.15021423937313716
2021-06-22,0.5318478012806934
2021-06-23,-0.8499969135171529
2021-06-24,-1.262692729841901
2021-06-25,-1.7517126131947107
2021-06-26,-1.9101958489671922
2021-06-27,-1.1666003115946273
2021-06-28,-1.1176967456493196
2021-06-29,-0.4027528928938358
2021-06-30,-0.06648540359039566
2021-07-01,-0.33831278126620057
2021-07-02,-0.7236389258395791
2021-07-03,-0.9781876988537506
2021-07-04,-1.8487987963436785
2021-07-05,-0.5210361463933574
2021-07-06,1.0265647701806782
2021-07-07,0.5960931575999118
2021-07-08,-1.7935811834959596
2021-07-09,-0.5859887259122016
2021-07-10,-0.2510379107209787
2021-07-11,-1.4036239634210907
2021-07-12,0.6285895928218156
2021-07-13,-0.2913362729043792
2021-07-14,-0.6297033712282786
2021-07-15,0.5935739883878822
2021-07-16,-0.13921988984382952
2021-07-17,1.0064180944368746
2021-07-18,0.5629422468280626
2021-07-19,0.5835520825746455
2021-07-20,0.25164420336127996
2021-07-21,-0.015274925000126234
2021-07-22,-0.41711274767801615
2021-07-23,-1.6891726866751569
2021-07-24,-0.34284314720953263
2021-07-25,0.3163213159500551
2021-07-26,-1.5188633871149992
2021-07-27,-0.42335958597663487
2021-07-28,0.7542773517194754
2021-07-29,2.333727117459757
2021-07-30,1.2754374410787266
2021-07-31,0.7136658671692454
2021-08-01,0.5296024706164212
2021-08-02,0.6140782903790674
2021-08-03,-0.868434234798416
2021-08-04,-2.0677143747363345
2021-08-05,-0.19886589639399743
2021-08-06,0.5578430263648458
2021-08-07,-0.24120620581704053
2021-08-08,0.9644115541334984
2021-08-09,0.9349222619638009
2021-08-10,0.2528850468217247
2021-08-11,-0.6870514587460923
2021-08-12,-0.7607848304240056
2021-08-13,0.4261667201250111
2021-08-14,1.229260256637045
2021-08-15,0.633643012389193
2021-08-16,0.9445661692127396
2021-08-17,1.698309844826507
2021-08-18,1.8279513907468812
2021-08-19,0.8149006254900596
2021-08-20,-1.1829633865697282
2021-08-21,-1.9828542491620098
2021-08-22,0.19778865503041868
2021-08-23,-0.1549443861184471
2021-08-24,-1.5471348826131797
2021-08-25,1.2867473658701816
2021-08-26,0.8411820828588037
2021-08-27,0.9266394542801347
2021-08-28,0.7798692863936546
2021-08-29,0.5482665301946512
2021-08-30,-0.09862885059196902
2021-08-31,-0.49844836309240714
2021-09-01,-0.9995389147292861
2021-09-02,-1.7391836413727129
2021-09-03,0.36708152039740055
2021-09-04,-0.8436389397456837
2021-09-05,-0.13491433636326317
2021-09-06,-1.6096673844358813
2021-09-07,-1.5717511892749119
2021-09-08,-1.1151351354386068
2021-09-09,-0.4618484377037876
2021-09-10,-1.1559676582347689
2021-09-11,0.2540291537352656
2021-09-12,0.4116501591279826
2021-09-13,-0.18609908815311643
2021-09-14,-1.4811396074002954
2021-09-15,0.0030859665231863873
2021-09-16,0.5469584631672484
2021-09-17,0.01588329597427986
2021-09-18,-0.6156491464918057
2021-09-19,-0.20783372416870166
2021-09-20,-1.1203594494601616
2021-09-21,-0.18831259736387862
2021-09-22,0.15788606457319287
2021-09-23,2.1847647585445005
2021-09-24,1.4363067087349097
2021-09-25,-0.5482135330325175
2021-09-26,-0.6456110659770875
2021-09-27,-0.17988997794484496
2021-09-28,-0.7757244542834154
2021-09-29,0.28914978249676654
2021-09-30,1.6473336611323481
2021-10-01,1.774825915960552
2021-10-02,0.2577302027528814
2021-10-03,1.306786066050422
2021-10-04,0.9022450988020184
2021-10-05,0.41169349730641747
2021-10-06,-0.2796122709630832
2021-10-07,-1.6510215503841057
2021-10-08,-1.368680815706577
2021-10-09,-0.48978405534858666
2021-10-10,-0.5991083640343592
2021-10-11,0.7117398588070305
2021-10-12,-0.06706317818726636
2021-10-13,-0.6521179479348862
2021-10-14,0.6403949753699169
2021-10-15,1.1966674598517388
2021-10-16,0.08988980019773483
2021-10-17,-1.1136036328801573
2021-10-18,0.04935878288027753
2021-10-19,0.7056508626526236
2021-10-20,2.0636593964191863
2021-10-21,1.243725276430532
2021-10-22,1.5109064405935033
2021-10-23,0.2709802091532002
2021-10-24,0.41828444226905614
2021-10-25,0.18877812734786695
2021-10-26,0.31373598376918643
2021-10-27,1.4664299239932748
2021-10-28,0.6391086647586944
2021-10-29,0.7530021395972973
2021-10-30,0.5904019024194226
2021-10-31,0.3158840419371759
2021-11-01,1.033456748475851
2021-11-02,-0.5256778507780938
2021-11-03,-1.1673606134866066
2021-11-04,-0.726161465078982
2021-11-05,0.08235818475291311
2021-11-06,1.0073391345159401
2021-11-07,1.307479755679018
2021-11-08,-1.0975508961787694
2021-11-09,0.2857596569626134
2021-11-10,-0.16445223503399842
2021-11-11,-1.1262045256463993
2021-11-12,-0.1984826919808439
2021-11-13,-0.8880252053898706
2021-11-14,-0.7261617436843866
2021-11-15,-1.2988823190365015
2021-11-16,-1.8326968829623251
2021-11-17,0.14708752331709543
2021-11-18,0.9002839233415222
2021-11-19,1.0181106307561043
2021-11-20,0.6507475824561094
2021-11-21,-0.13331354013210658
2021-11-22,-0.84353087051523
2021-11-23,-0.05030728229110209
2021-11-24,-0.18104313413758724
2021-11-25,0.16551864258035998
2021-11-26,-0.019365696468049327
2021-11-27,-0.1455568960017588
2021-11-28,-2.12361869637065
2021-11-29,-1.1580130284671897
2021-11-30,0.9262434226713622
2021-12-01,1.12597240837248
2021-12-02,0.10560784663598433
2021-12-03,0.6075088073786067
2021-12-04,-0.646732320672348
2021-12-05,0.2542274158300164
2021-12-06,0.044051782642429954
2021-12-07,0.39365580421674595
2021-12-08,0.8029996317134662
2021-12-09,-0.4438026657628192
2021-12-10,-0.8702209307599946
2021-12-11,-2.2920884731637505
2021-12-12,-0.1525486907130879
2021-12-13,-0.0876358550217117
2021-12-14,-0.43138609282482326
2021-12-15,0.3614621012735046
2021-12-16,-0.7776844338093443
2021-12-17,-0.8993692404299547
2021-12-18,0.17105974580774586
2021-12-19,0.5098512409023473
2021-12-20,-1.1337875889307978
2021-12-21,-1.8520784856102244
2021-12-22,-0.4353687208172907
2021-12-23,-0.7750716832663536
2021-12-24,-0.9867171993426722
2021-12-25,-1.8805031812340023
2021-12-26,-0.7950611640262167
2021-12-27,0.10588160037217824
2021-12-28,-0.21824811688594106
2021-12-29,-1.303482803297631
2021-12-30,0.47382199910909156
2021-12-31,1.1939049298139068
2022-01-01,0.2678482472564904
2022-01-02,0.49294301154576803
2022-01-03,1.0195044925507466
2022-01-04,-0.5070411882657516
2022-01-05,0.48585811844466065
2022-01-06,-0.9802238053623644
2022-01-07,0.5944318500140393
2022-01-08,0.07766211387593985
2022-01-09,-0.9776704201255574
2022-01-10,-1.5916298073829849
2022-01-11,-0.4548286655000247
2022-01-12,-0.6934135128691395
2022-01-13,0.4490671003334087
2022-01-14,0.38989899147948415
2022-01-15,-1.2509908008346253
2022-01-16,0.1574180017601775
2022-01-17,1.2830789100487274
2022-01-18,-0.2579366603661079
2022-01-19,0.8788855609769719
2022-01-20,1.1739289747637893
2022-01-21,0.17127547363694134
2022-01-22,-0.17640533647060555
2022-01-23,-0.5591176043866103
2022-01-24,-0.4683566730398235
2022-01-25,-0.41686028666412
2022-01-26,0.4144304068824385
2022-01-27,1.7719082908516248
2022-01-28,0.7296258723086055
2022-01-29,1.9922325675465398
2022-01-30,1.9998061558376723
2022-01-31,-0.6820959184214859
2022-02-01,1.2687211684212163
2022-02-02,1.1129121198342684
2022-02-03,0.2778749378605425
2022-02-04,0.6043360758928271
2022-02-05,1.2711946111242478
2022-02-06,1.1188799258656856
2022-02-07,1.128504584841438
2022-02-08,0.8908509218414492
2022-02-09,0.7890184659323025
2022-02-10,-0.03116541840870355
2022-02-11,-0.2262545505664453
2022-02-12,0.5582571989254195
2022-02-13,1.0279664351956443
2022-02-14,1.3649567976658306
2022-02-15,1.0288570783832882
2022-02-16,1.2143202834988318
2022-02-17,2.223536341044745
2022-02-18,1.3753346291336985
2022-02-19,2.057637646971478
2022-02-20,0.8774437314582887
2022-02-21,1.4978180094264983
2022-02-22,1.0881181012096512
2022-02-23,1.176973185579566
2022-02-24,1.242770973417173
2022-02-25,1.098175136493583
2022-02-26,-1.2837596623637686
2022-02-27,-0.4476083102170845
2022-02-28,0.2067349068202007
2022-03-01,-1.019938437782556
2022-03-02,-1.5511889532938739
2022-03-03,-1.4942163421191037
2022-03-04,-1.2700771875078818
2022-03-05,-1.0811738234610428
2022-03-06,-2.017114152334491
2022-03-07,-2.522940762167862
2022-03-08,-1.6042014384160979
2022-03-09,-0.47329021055811876
2022-03-10,0.3389319391282988
2022-03-11,1.0892435999065901
2022-03-12,0.5733632278709715
2022-03-13,0.30840671368601036
2022-03-14,-0.6189216242499236
2022-03-15,-1.5741606022502466
2022-03-16,-0.5717876860674665
2022-03-17,0.9064147620182814
2022-03-18,-0.611990271794817
2022-03-19,-0.28453885423631664
2022-03-20,1.0452670411918707
2022-03-21,-0.7795067773275691
2022-03-22,-1.9155715165486848
2022-03-23,-1.9190942320570796
2022-03-24,-1.869133228595067
2022-03-25,-0.8861897156742727
2022-03-26,0.24922152038544157
2022-03-27,-0.8587675529407034
2022-03-28,-0.0508304112409973
2022-03-29,-0.0571890368285262
2022-03-30,-1.3704961244961615
2022-03-31,0.9404412527857618
2022-04-01,0.21528341627006636
2022-04-02,-0.43965281459059286
2022-04-03,0.3140311841371926
2022-04-04,2.2260170828421506
2022-04-05,0.4355510509823158
2022-04-06,1.0620093943706614
2022-04-07,1.4953068287008588
2022-04-08,1.4421259198042822
2022-04-09,1.6231873477420853
2022-04-10,1.1747315553144935
2022-04-11,-1.035054205662117
2022-04-12,0.6428104964201048
2022-04-13,-0.08729302903690962
2022-04-14,0.03600230721369247
2022-04-15,-0.6301996570183812
2022-04-16,-1.3554325069816433
2022-04-17,-1.2004136520494437
2022-04-18,-0.61018458567137
2022-04-19,-0.8200652065212657
2022-04-20,-1.3196584634429818
2022-04-21,-0.4785398852436792
2022-04-22,0.6145147979673824
2022-04-23,0.48057461138088753
2022-04-24,0.7030123475405512
2022-04-25,-0.7062089649071551
2022-04-26,-1.1048669753932296
2022-04-27,-1.428999489826989
2022-04-28,-0.2590681986081895
2022-04-29,-0.3580276352554088
2022-04-30,-0.46872013793901757
2022-05-01,-1.2987984097862493
2022-05-02,-1.3275378203695947
2022-05-03,-0.2882733635753601
2022-05-04,-1.4598013352466066
2022-05-05,-1.3237286429510435
2022-05-06,-0.8695901452680841
2022-05-07,-0.07604544545652087
2022-05-08,-0.4817300910948724
2022-05-09,-0.7681345133606352
2022-05-10,0.7321416419329083
2022-05-11,0.3104467101019213
2022-05-12,0.5924827401684537
2022-05-13,1.1000571209383954
2022-05-14,0.5706468247580786
2022-05-15,-1.8589626119712492
2022-05-16,0.5981183665424398
2022-05-17,-0.17804981353840488
2022-05-18,-0.1724457460099575
2022-05-19,-1.253577834555004
2022-05-20,-0.7938958687377206
2022-05-21,1.236951877224946
2022-05-22,-1.1152865092932822
2022-05-23,0.6122264225982859
2022-05-24,1.2528275341076733
2022-05-25,1.0126606688385866
2022-05-26,1.7826189484782222
2022-05-27,2.0925753719843074
2022-05-28,2.3332597468833964
2022-05-29,0.3239613795600633
2022-05-30,-1.3043236574616541
2022-05-31,-1.6483723774344028
2022-06-01,-1.482550682429632
2022-06-02,0.7652771357745715
2022-06-03,-0.7810842621773582
2022-06-04,-1.0345817047864754
2022-06-05,-0.601052938131468
2022-06-06,1.4708373365292762
2022-06-07,1.7438677634396487
2022-06-08,-0.4715195698574757
2022-06-09,-0.4998469669720449
2022-06-10,0.03470784564501494
2022-06-11,0.12907227152622072
2022-06-12,0.4732039322789447
2022-06-13,0.7289839170254911
2022-06-14,0.3953714594624136
2022-06-15,-0.9627260966270699
2022-06-16,-0.608342475955142
2022-06-17,-0.2457291086461595
2022-06-18,0.16020480407904436
2022-06-19,-1.082677682945938
2022-06-20,-0.12825616229775208
2022-06-21,-0.23576771265995652
2022-06-22,-0.6242252764982933
2022-06-23,-1.2580960402063934
2022-06-24,0.39118148803895936
2022-06-25,-1.8875518849679793
2022-06-26,-0.11445016837502833
2022-06-27,-0.6875950800426249
2022-06-28,-1.3961742324798476
2022-06-29,0.24264245859566833
2022-06-30,0.1702728328781109
2022-07-01,0.5042431010423647
2022-07-02,0.2060704357785453
2022-07-03,-0.5406718946897787
2022-07-04,0.7290766112396373
2022-07-05,0.7671779865584148
2022-07-06,0.7398155231200355
2022-07-07,1.5999603527457136
2022-07-08,1.2492233318696448
2022-07-09,1.4199779961002632
2022-07-10,1.3992685878305111
2022-07-11,-0.3979777901953801
2022-07-12,-0.6954035431930058
2022-07-13,0.45975408541649077
2022-07-14,0.7903580630656691
2022-07-15,1.0806888450684016
2022-07-16,1.3574694482902547
2022-07-17,0.17047773928205132
2022-07-18,0.22500667682658487
2022-07-19,-1.0502178983783064
2022-07-20,0.829762807438388
2022-07-21,-0.36483272144053774
2022-07-22,0.7822722445494453
2022-07-23,0.18193691800640077
2022-07-24,-0.09488396837319268
2022-07-25,0.5403887507856019
2022-07-26,1.3216963874283072
2022-07-27,1.3298352654840078
2022-07-28,-1.016038312426789
2022-07-29,-0.9249953056486365
2022-07-30,-0.9888163453271629
2022-07-31,-1.0092769995481925
2022-08-01,0.2222513953886222
2022-08-02,-0.029788932470331347
2022-08-03,0.32956779875353537
2022-08-04,-0.09380406238124037
2022-08-05,-0.4219304412592054
2022-08-06,0.23571278678996727
2022-08-07,-0.360377266400524
2022-08-08,-0.9847471510177783
2022-08-09,-1.2626057459055493
2022-08-10,-1.9849730563146952
2022-08-11,-1.795740199927203
2022-08-12,-0.9132219251055104
2022-08-13,-1.4427132254959845
2022-08-14,0.3401720532647012
2022-08-15,-0.37786858148905084
2022-08-16,-0.48725866937078843
2022-08-17,-1.8432509300582145
2022-08-18,-0.5729665481149172
2022-08-19,-1.6846358602913452
2022-08-20,-0.7108156133648228
2022-08-21,0.04215775506056233
2022-08-22,-2.275306025518794
2022-08-23,0.46717100265693984
2022-08-24,0.4698224014904647
2022-08-25,0.47290365040849647
2022-08-26,-0.39463627371931725
2022-08-27,0.4838626939913317
2022-08-28,0.6091239691536944
2022-08-29,-0.2950110142503457
2022-08-30,-0.5169885576041945
2022-08-31,-0.49545711842350476
2022-09-01,-0.7056398905026047
2022-09-02,0.20576533754267343
2022-09-03,0.8722143317576245
2022-09-04,0.582395809002644
2022-09-05,1.1090537931709659
2022-09-06,1.3462253505208273
2022-09-07,0.1475095310678313
2022-09-08,0.5794487115509692
2022-09-09,-0.8951700590138055
2022-09-10,-0.9299301795028896
2022-09-11,-1.3864789869900824
2022-09-12,-0.3243022269431444
2022-09-13,1.2000586046419441
2022-09-14,0.49131625912959115
2022-09-15,1.363582032560354
2022-09-16,1.4463506147961627
2022-09-17,1.2307899756467577
2022-09-18,1.1974797522984504
2022-09-19,-0.042643980162701975
2022-09-20,-1.1299746806100142
2022-09-21,-2.409232462882739
2022-09-22,-1.2025547620421095
2022-09-23,-0.4999120917586834
2022-09-24,-1.4704556020184016
2022-09-25,-0.7337402560502344
2022-09-26,1.2614144327813446
2022-09-27,-1.324041712906633
2022-09-28,-2.3301482727337675
2022-09-29,-0.7557579733549672
2022-09-30,-0.5632364603347074
2022-10-01,1.2680215616512474
2022-10-02,0.6670123174612768
2022-10-03,0.4731113002932261
2022-10-04,0.2963006429679355
2022-10-05,1.7707799719437853
2022-10-06,1.8273783698634891
2022-10-07,1.6381503064609297
2022-10-08,0.6280510632002106
2022-10-09,-0.3144021657111236
2022-10-10,0.7109315898556153
2022-10-11,-0.006146088041656566
2022-10-12,-0.6761234435451444
2022-10-13,-0.19168428744798321
2022-10-14,-0.4572385099160944
2022-10-15,0.15753668965794174
2022-10-16,1.1930797797720865
2022-10-17,0.3931372382446235
2022-10-18,0.3214402100214717
2022-10-19,-0.822496385104912
2022-10-20,0.5630734004820722
2022-10-21,-0.6570783280823097
2022-10-22,-0.5620140062100871
2022-10-23,-0.1568841483538047
2022-10-24,1.2177904583086465
2022-10-25,0.586397335810046
2022-10-26,-0.21459397110418477
2022-10-27,0.34782868775648224
2022-10-28,-0.09516125099313424
2022-10-29,-0.7126491380962449
2022-10-30,-0.848666209124775
2022-10-31,-0.7926584429034658
2022-11-01,1.175312557181134
2022-11-02,1.1382577799893816
2022-11-03,1.0571764437331113
2022-11-04,0.6371687840324238
2022-11-05,0.18681091355823345
2022-11-06,1.12111607299488
2022-11-07,1.4527852910199646
2022-11-08,0.9628831892113481
2022-11-09,1.0977927796334375
2022-11-10,0.8957117024571442
2022-11-11,1.2569969322171222
2022-11-12,-0.5154901101236093
2022-11-13,-0.8287871086224613
2022-11-14,0.06080076112140472
2022-11-15,0.0386728612796569
2022-11-16,1.1959610317736296
2022-11-17,1.9015197727676072
2022-11-18,0.8082087443931487
2022-11-19,-0.8125464755425472
2022-11-20,-1.190044861769673
2022-11-21,-1.1286246797808541
2022-11-22,0.33209473801256467
2022-11-23,0.21371370848742668
2022-11-24,-0.1448233252106779
2022-11-25,-0.2183895624430748
2022-11-26,-0.6093660060610618
2022-11-27,0.12384346783611729
2022-11-28,0.30247359474277385
2022-11-29,-0.6459006631125092
2022-11-30,-0.9354432366125458
2022-12-01,-1.187619563009944
2022-12-02,-0.5016347679509168
2022-12-03,0.10217114069506819
2022-12-04,-0.046799485082105886
2022-12-05,0.11970741072904537
2022-12-06,-1.5689408837893501
2022-12-07,-0.7304543051060315
2022-12-08,-1.628469436715982
2022-12-09,-0.16408554006214912
2022-12-10,-0.7632680505626437
2022-12-11,-1.0060114976797483
2022-12-12,-1.470760347875892
2022-12-13,-0.48608328640157566
2022-12-14,-0.1916341678628431
2022-12-15,-1.0983327822725188
2022-12-16,-0.9107187942361579
2022-12-17,0.004971758988471487
2022-12-18,0.3171145107922648
2022-12-19,0.7799889324067929
2022-12-20,0.8150932630979163
2022-12-21,-0.17978202218509806
2022-12-22,0.03828837550316313
2022-12-23,-1.2049982601466886
2022-12-24,-0.6731297703928936
2022-12-25,-0.34367944523134186
2022-12-26,0.21742261782403938
2022-12-27,0.4329160597334116
2022-12-28,1.070791413074663
2022-12-29,1.4218159943386128
2022-12-30,1.200802170286347
2022-12-31,0.7499416277762428
2023-01-01,1.4920860336485928
2023-01-02,-0.38213118935049273
2023-01-03,-0.1606893718528743
2023-01-04,1.4825193175663778
2023-01-05,0.07197467706597895
2023-01-06,0.589365798326342
2023-01-07,0.3397745498471506
2023-01-08,0.26496370352124343
2023-01-09,-0.19295163673044913
2023-01-10,0.18670722346597834
2023-01-11,1.0035589494195256
2023-01-12,0.7040627086046708
2023-01-13,1.5319846456254786
2023-01-14,0.9234643861103381
2023-01-15,1.9173197839694232
2023-01-16,0.08127120418482019
2023-01-17,0.08742370126449055
2023-01-18,0.1535937909925866
2023-01-19,0.059961495891378745
2023-01-20,-1.4795802902960005
2023-01-21,-1.1305698058140161
2023-01-22,-0.7241409934158872
2023-01-23,-1.585457752741285
2023-01-24,-1.8401647196815796
2023-01-25,-0.5036749152918545
2023-01-26,-0.5957036037194453
2023-01-27,-1.2152970394251608
2023-01-28,-1.2222502943184188
2023-01-29,0.4453347202817872
2023-01-30,1.6260547304623005
2023-01-31,1.239212086839625
2023-02-01,1.7002948639414623
2023-02-02,-0.051283400411785224
2023-02-03,1.5628427684431452
2023-02-04,-1.23024637792882
2023-02-05,-0.4075502273102356
2023-02-06,-1.3931909225624826
2023-02-07,-0.7765250095508843
2023-02-08,-0.5625169665644649
2023-02-09,0.45529979138254373
2023-02-10,0.5755163736681317
2023-02-11,0.648654896565688
2023-02-12,-0.6927839641291487
2023-02-13,-1.067728998328991
2023-02-14,-1.4675457437015849
2023-02-15,-1.3922835615566957
2023-02-16,-0.1665970897669558
2023-02-17,1.8904936534852186
2023-02-18,0.09980569776132472
2023-02-19,-0.4778626062547119
2023-02-20,1.7878402181772868
2023-02-21,-0.11097252549894714
2023-02-22,-0.9270096331752959
2023-02-23,-0.7360382005456787
2023-02-24,0.7831097084520852
2023-02-25,0.6086059112772592
2023-02-26,-0.5142833051769308
2023-02-27,-1.0663477695259285
2023-02-28,-2.049895736160747
2023-03-01,-2.1614170681883826
2023-03-02,-1.4882962968076194
2023-03-03,-0.4584812078478454
2023-03-04,0.8452402306559427
2023-03-05,-0.1539897322705278
2023-03-06,-0.3998620090883577
2023-03-07,1.396343111641498
2023-03-08,-1.996348078005796
2023-03-09,-1.9977839373255026
2023-03-10,-0.7837638486671246
2023-03-11,0.047523135499614816
2023-03-12,-0.14123811677439593
2023-03-13,2.270844568237342
2023-03-14,1.3880219681446224
2023-03-15,0.5700895593523547
2023-03-16,0.671861462768339
2023-03-17,0.06335645698432246
2023-03-18,-1.6904295456485177
2023-03-19,-0.6244491914185841
2023-03-20,-0.20935982308230694
2023-03-21,-0.43564082866054576
2023-03-22,1.3417620117736215
2023-03-23,1.0815198446468979
2023-03-24,1.4009828771820003
2023-03-25,0.8317317972435067
2023-03-26,0.3118379536673197
2023-03-27,0.8341993379248983
2023-03-28,-0.5553098885157384
2023-03-29,0.1049880283955983
2023-03-30,1.0502298660000162
2023-03-31,-0.6043325026902703
2023-04-01,1.180054910493853
2023-04-02,-0.18630565473738528
2023-04-03,-1.6188916133796758
2023-04-04,-2.362380027488322
2023-04-05,-1.9820511291860707
2023-04-06,-0.5070736089907203
2023-04-07,0.40243100711314805
2023-04-08,-0.8173525340972996
2023-04-09,-1.097372796500588
2023-04-10,1.0370638603797437
2023-04-11,0.5212289045584073
2023-04-12,0.33202901817591246
2023-04-13,0.32506237072846034
2023-04-14,-0.7824782449614265
2023-04-15,-0.3511345968254008
2023-04-16,-1.4602780335140277
2023-04-17,-0.7782238837427299
2023-04-18,-0.03447958692356782
2023-04-19,0.046234945327520274
2023-04-20,1.0363362631835926
2023-04-21,1.1350720479742469
2023-04-22,0.4727496703912614
2023-04-23,-0.6765931381633197
2023-04-24,0.46543499371642866
2023-04-25,1.7198171192664353
2023-04-26,0.940272692425367
2023-04-27,-0.12919259521797719
2023-04-28,-0.44681289125600554
2023-04-29,0.028341367625937437
2023-04-30,-1.2256640354699047
2023-05-01,-0.43184533324591967
2023-05-02,0.6571647563873998
2023-05-03,-0.6939339510465874
2023-05-04,-0.721814010557182
2023-05-05,2.063453480172217
2023-05-06,1.007094239053244
2023-05-07,0.7755324611857087
2023-05-08,0.5598736883779457
2023-05-09,0.9685295213442626
2023-05-10,-0.45835952938041863
2023-05-11,-1.6077436859214476
2023-05-12,-0.08567947010263134
2023-05-13,-0.5471886298588651
2023-05-14,-1.5062696736026902
2023-05-15,-0.7027163348178953
2023-05-16,1.6144587970671032
2023-05-17,1.250829786378781
2023-05-18,-0.8685144325371944
2023-05-19,-1.0995947624732982
2023-05-20,0.28789693191653415
2023-05-21,0.5438222842005647
2023-05-22,0.24893405661601425
2023-05-23,1.4749308570514528
2023-05-24,0.25248909237955247
2023-05-25,0.6584105883692881
2023-05-26,0.5671029536211335
2023-05-27,-1.3684682158431678
2023-05-28,-0.4970450571971222
2023-05-29,0.5844085211842655
2023-05-30,-0.9531703851327656
2023-05-31,0.2958982673527294
2023-06-01,1.0242022233952741
2023-06-02,-0.6619535333123484
2023-06-03,-1.0355995268632785
2023-06-04,-0.873398175240969
2023-06-05,-1.2870618529445998
2023-06-06,-0.5763506959377453
2023-06-07,-0.9327593713097333
2023-06-08,-0.6105840708679785
2023-06-09,-1.0560874175178656
2023-06-10,1.1115819915408085
2023-06-11,1.178087700224103
2023-06-12,0.33422030152500853
2023-06-13,0.5094150827540362
2023-06-14,-0.7565721428497444
2023-06-15,-0.8372773420425329
2023-06-16,-0.1958125732618971
2023-06-17,-2.139448611639118
2023-06-18,-1.7298445972360088
2023-06-19,0.5383098725488562
2023-06-20,-1.2341129280444374
2023-06-21,0.14321713136934933
2023-06-22,-1.0390142019848616
2023-06-23,-0.11717522043276138
2023-06-24,-0.8275880608201417
2023-06-25,-2.3041614627907987
2023-06-26,1.1669864039789695
2023-06-27,1.2122793349220728
2023-06-28,0.053887054929852234
2023-06-29,-0.12872281993410167
2023-06-30,-0.2979887096933795
2023-07-01,1.4184636931943755
2023-07-02,2.336865295945208
2023-07-03,2.1260917452253603
2023-07-04,1.9160530479962574
2023-07-05,1.3844177817648982
2023-07-06,0.9812267911201816
2023-07-07,-1.3343521974610377
2023-07-08,-0.566545030957208
2023-07-09,0.16402533117033807
2023-07-10,-0.2875964637263275
2023-07-11,0.15636905077894447
2023-07-12,0.20317206924946052
2023-07-13,0.8378846717366357
2023-07-14,-0.5297631738338964
2023-07-15,0.30852237740952637
2023-07-16,2.3130400075271558
2023-07-17,1.5720567254583762
2023-07-18,0.3688574252323946
2023-07-19,-1.344884519002726
2023-07-20,0.6317567845258011
2023-07-21,-0.5557009853728779
2023-07-22,-0.0400626480361065
2023-07-23,1.6404379750157574
2023-07-24,0.7804193108323578
2023-07-25,0.8166756617798632
2023-07-26,0.8268479818654212
2023-07-27,-0.3416682906303299
2023-07-28,-1.785146031549379
2023-07-29,-0.05025152525620797
2023-07-30,0.7387284268482671
2023-07-31,0.025048669207495197
2023-08-01,0.13611604204715444
2023-08-02,-0.42277502008501316
2023-08-03,-0.019450293013037717
2023-08-04,0.5390244227397049
2023-08-05,-0.7048669275143472
2023-08-06,-0.3127875958924569
2023-08-07,2.67117377761192
2023-08-08,2.576741031284661
2023-08-09,2.026354941589891
2023-08-10,0.27819808457999745
2023-08-11,-0.15037788459342638
2023-08-12,-0.760398715736785
2023-08-13,0.4398398232035429
2023-08-14,-0.9568493810062113
2023-08-15,-0.0927249864747866
2023-08-16,-0.22670968150801968
2023-08-17,-0.7134195202756771
2023-08-18,0.28094977223176676
2023-08-19,0.5784576864058298
2023-08-20,-0.6123383079465472
2023-08-21,-0.8252689825340337
2023-08-22,-0.7910458086199099
2023-08-23,-0.1756716476610399
2023-08-24,-1.1486435264820163
2023-08-25,-0.7127911714353691
2023-08-26,-0.593773835913839
2023-08-27,-0.417039523922809
2023-08-28,-0.28460227967107393
2023-08-29,-1.614706987206014
2023-08-30,-0.3965097518834203
2023-08-31,-0.3291939722424341
2023-09-01,-0.6512179946220225
2023-09-02,-0.7171465205628306
2023-09-03,0.20669611317963538
2023-09-04,-0.9663966028072959
2023-09-05,-1.6200192446519344
2023-09-06,-0.32010100816979936
2023-09-07,0.15236916703933442
2023-09-08,-0.1187695858198345
2023-09-09,-1.1292383848890717
2023-09-10,-2.076257772953301
2023-09-11,-0.40441594536829645
2023-09-12,-0.6078272369732001
2023-09-13,0.2731850439527823
2023-09-14,-1.1999123009917
2023-09-15,-0.40640827709969857
2023-09-16,-0.8789526747224172
2023-09-17,-0.5699072142249761
2023-09-18,0.895373434099087
2023-09-19,2.4923063333972917
2023-09-20,2.0972213163929
2023-09-21,0.553461002391881
2023-09-22,-0.2045762474803263
2023-09-23,-0.25004568263537236
2023-09-24,0.22047668327801756
2023-09-25,0.8038818427895938
2023-09-26,-0.6953992590511786
2023-09-27,-0.48990031072968354
2023-09-28,0.5765251247448445
2023-09-29,0.5343518372872652
2023-09-30,0.6637685384204546
2023-10-01,-0.12282830647988958
2023-10-02,-0.09744367739752484
2023-10-03,1.1338623979862714
2023-10-04,1.5791159991354144
2023-10-05,0.6557795553844624
2023-10-06,1.9803663702612935
2023-10-07,0.36035797099165756
2023-10-08,-1.3625294819446547
2023-10-09,-0.904273422347275
2023-10-10,-0.1107974709939055
2023-10-11,1.4580263138802192
2023-10-12,-0.06439164887998802
2023-10-13,1.1644524717951985
2023-10-14,1.616937036746839
2023-10-15,1.1169122261401945
2023-10-16,-0.40158523174637095
2023-10-17,-1.6706934236094524
2023-10-18,-0.46950412521796747
2023-10-19,1.6985573533614975
2023-10-20,2.6049409801694314
2023-10-21,0.6705993569938472
2023-10-22,0.5193718850467308
2023-10-23,-1.0037921395013945
2023-10-24,0.22252781113049724
2023-10-25,0.24147451917748344
2023-10-26,-0.09709007799116302
2023-10-27,0.13504964996266652
2023-10-28,0.24483990921209384
2023-10-29,1.0862195017655092
2023-10-30,0.905924828460192
2023-10-31,-0.6669413606077751
2023-11-01,0.23516436548101916
2023-11-02,1.2858538483836344
2023-11-03,1.3715643590775726
2023-11-04,0.8562662643741246
2023-11-05,-0.4088665990671085
2023-11-06,0.6559199793047981
2023-11-07,0.8097562854366113
2023-11-08,0.8518416616153648
2023-11-09,-0.04694226581053639
2023-11-10,0.28643701522410897
2023-11-11,-1.5383390492698261
2023-11-12,-1.8377135827827902
2023-11-13,-0.4327450665524815
2023-11-14,0.6334991798298498
2023-11-15,-1.2149530347309818
2023-11-16,-0.197291028185432
2023-11-17,-1.095976981202714
2023-11-18,-0.4366138708124712
2023-11-19,0.32302462984329083
2023-11-20,-1.7518481078834045
2023-11-21,-0.711152191703334
2023-11-22,0.47368162824586085
2023-11-23,2.11379310608204
2023-11-24,1.4107744698119697
2023-11-25,-0.2365670049518739
2023-11-26,-1.6920683741673683
2023-11-27,0.11147690932800856
2023-11-28,-0.6514145608837772
2023-11-29,-0.48530370247327825
2023-11-30,-2.6527070828682557
2023-12-01,-0.8475430448850656
2023-12-02,-1.5016534336390288
2023-12-03,-0.887744348039098
2023-12-04,-0.19575946019761253
2023-12-05,0.14785980794068168
2023-12-06,-1.1119897404743888
2023-12-07,-1.9792537072597223
2023-12-08,-0.13976612480574854
2023-12-09,0.20341190513323484
2023-12-10,-0.2870854920957389
2023-12-11,-1.3610500672062669
2023-12-12,-0.8749775942530051
2023-12-13,0.6728724226810094
2023-12-14,-1.4234397700986885
2023-12-15,-0.3288049702197621
2023-12-16,0.7442484054227848
2023-12-17,1.1723225298299016
2023-12-18,1.0350815672096243
2023-12-19,0.32190101344313427
2023-12-20,0.6485883220610442
2023-12-21,1.7107582458606958
2023-12-22,1.7931837588767823
2023-12-23,0.15074212719023083
2023-12-24,0.9609321377342955
2023-12-25,1.2236842371185732
2023-12-26,0.9873205491166115
2023-12-27,-0.22771305144324902
2023-12-28,1.8120103010835527
2023-12-29,1.682755056192979
2023-12-30,0.2736899461380084
2023-12-31,0.3321295889560183
2024-01-01,0.24192077450018679
2024-01-02,0.49171239907063585
2024-01-03,-0.35161617405886714
2024-01-04,-0.4202130933262927
2024-01-05,0.49960233188906084
2024-01-06,0.3256737344727126
2024-01-07,-0.4776657385530506
2024-01-08,-0.28024951792935954
2024-01-09,-2.3769112438717683
2024-01-10,-2.9618929845495536
2024-01-11,-1.4166776963543937
2024-01-12,-0.3595172977976328
2024-01-13,0.7339157202397765
2024-01-14,0.5809329544140076
2024-01-15,-0.3195326340101928
2024-01-16,-1.5039288807500126
2024-01-17,0.13469727450035723
2024-01-18,-0.6608800760498
2024-01-19,0.8835357826505645
2024-01-20,1.1735590672980725
2024-01-21,1.3502398653086127
2024-01-22,2.0890273096779843
2024-01-23,1.3009706592083163
2024-01-24,2.4338376335412155
2024-01-25,0.6061676087646191
2024-01-26,1.1010882107428857
2024-01-27,0.27659478582287417
2024-01-28,0.1862827176969115
2024-01-29,-0.27298096228050595
2024-01-30,0.08572247645400315
2024-01-31,0.9345717082933624
2024-02-01,1.1449543010822727
2024-02-02,1.0183113620571944
2024-02-03,1.1960069147621966
2024-02-04,1.2912732994417107
2024-02-05,1.3729160543239332
2024-02-06,1.8070116625303871
2024-02-07,0.5442842362453938
2024-02-08,-1.1339610965025637
2024-02-09,1.0153735376426882
2024-02-10,0.29745961323154574
2024-02-11,0.47375015957045896
2024-02-12,-0.936490981464896
2024-02-13,0.061604530832619755
2024-02-14,-0.8792982944701454
2024-02-15,-0.3215913850274444
2024-02-16,0.4461156200624205
2024-02-17,-0.4695855834049832
2024-02-18,0.2613319524069731
2024-02-19,0.21919017740218608
2024-02-20,0.3703633314539338
2024-02-21,0.711525864144852
2024-02-22,0.3656254684489303
2024-02-23,1.7336325342199903
2024-02-24,-0.42082653221249267
2024-02-25,-0.7359854078820485
2024-02-26,-1.2907096576292536
2024-02-27,-1.8356282852033308
2024-02-28,-0.22444356975991062
2024-02-29,0.7295113455161989
2024-03-01,-0.00773066170454193
2024-03-02,-0.2863664882897065
2024-03-03,0.07015696086866376
2024-03-04,0.04630875607492535
2024-03-05,0.6008809338930513
2024-03-06,-0.9131288023183831
2024-03-07,-0.44610450866095935
2024-03-08,0.055242013325937124
2024-03-09,0.8442996148129255
2024-03-10,1.043961098052829
2024-03-11,0.8990557101313353
2024-03-12,-1.0649452614259898
2024-03-13,0.0031349760851369663
2024-03-14,0.6886538228586391
2024-03-15,0.7640400726731466
2024-03-16,1.075855739393689
2024-03-17,-0.7961886359566417
2024-03-18,0.4315629410930843
2024-03-19,-0.027131721081233507
2024-03-20,-1.6965588948950603
2024-03-21,0.02678014842699347
2024-03-22,0.6657547597844304
2024-03-23,0.5931393033746715
2024-03-24,0.23307003653297895
2024-03-25,-0.7822897602856794
2024-03-26,-0.2644538204030311
2024-03-27,-0.5117401341666071
2024-03-28,-0.5871598107721391
2024-03-29,0.4125134810628919
2024-03-30,-0.086641066271982
2024-03-31,-1.2351919289368254
2024-04-01,-0.6216016597677438
2024-04-02,0.377854432473009
2024-04-03,-0.4322182945061699
2024-04-04,0.35354568144960263
2024-04-05,0.9880449709028902
2024-04-06,0.7188339442470784
2024-04-07,0.5610023696156992
2024-04-08,-1.2282394344976273
2024-04-09,0.5200179871857763
2024-04-10,1.3148560956862234
2024-04-11,1.325945374716694
2024-04-12,0.9341405564615812
2024-04-13,0.5594521243992888
2024-04-14,1.405882450271173
2024-04-15,0.10039716873983588
2024-04-16,-0.41277362598373596
2024-04-17,-0.7212577571152113
2024-04-18,-0.42655543782158545
2024-04-19,0.7378157151487892
2024-04-20,-0.576740374910009
2024-04-21,-0.8904243385584775
2024-04-22,-0.7199931510633552
2024-04-23,-0.15168185585352434
2024-04-24,-1.1776549682157162
2024-04-25,-1.8569776606326498
2024-04-26,-0.747761626864803
2024-04-27,-0.9798719477462531
2024-04-28,0.6874717922259324
2024-04-29,-0.18461767791831718
2024-04-30,0.7087301575472139
2024-05-01,1.1197256068661643
2024-05-02,1.5318656857151627
2024-05-03,0.6001984214994891
2024-05-04,-1.3453428753743455
2024-05-05,0.08649009616091881
2024-05-06,-0.4605677151474261
2024-05-07,-0.872276418257526
2024-05-08,-1.399254903802643
2024-05-09,-1.301926036244957
2024-05-10,-0.6272467031213149
2024-05-11,-1.4996966767509017
2024-05-12,0.23952562168130373
2024-05-13,1.2064343477814694
2024-05-14,1.306422904619061
2024-05-15,1.430022522511575
2024-05-16,1.7456383030798168
2024-05-17,1.1655087888349767
2024-05-18,0.1924787950439908
2024-05-19,-0.46233363756091234
2024-05-20,-0.4573531983139066
2024-05-21,1.2868623622643576
2024-05-22,0.30607016403509624
2024-05-23,-0.7329224254835276
2024-05-24,-1.7786292441928802
2024-05-25,-0.5676596245782275
2024-05-26,-0.8258784720705284
2024-05-27,-0.4489093180051168
2024-05-28,-0.600398124916293
2024-05-29,0.9090882928506374
2024-05-30,-1.1416772449067647
2024-05-31,-0.43544942549379556
2024-06-01,-0.07866483641033258
2024-06-02,0.9165466413219282
2024-06-03,0.38597261243344366
2024-06-04,-0.3603754028249179
2024-06-05,1.195658086309535
2024-06-06,0.5688912544067024
2024-06-07,0.3168453855721638
2024-06-08,1.2575668462428924
2024-06-09,1.5930998135447916
2024-06-10,0.1979377183562569
2024-06-11,0.9128348659306406
2024-06-12,0.7383233812081627
2024-06-13,-0.04649391928776419
2024-06-14,0.35392505622641707
2024-06-15,1.200345829536682
2024-06-16,0.7098548729152435
2024-06-17,-0.20450191311638738
2024-06-18,-0.601628017527091
2024-06-19,0.29525789736097113
2024-06-20,-1.2397445484760703
2024-06-21,-0.645539545857452
2024-06-22,0.17446851581404332
2024-06-23,-0.3446795215839301
2024-06-24,-1.3540085272847644
2024-06-25,-1.1960959351234495
2024-06-26,-0.44314555312596715
2024-06-27,-0.23060294351839958
2024-06-28,0.6292855652433841
2024-06-29,-0.5956796373486847
2024-06-30,-0.10148533156573686
2024-07-01,0.02862182079986692
2024-07-02,0.6241255867728609
2024-07-03,0.4356406570950021
2024-07-04,1.6928584695902773
2024-07-05,1.603984001085897
2024-07-06,1.4150016547694992
2024-07-07,1.3236882677455704
2024-07-08,-0.158852872892774
2024-07-09,0.37565093371157415
2024-07-10,0.3312149714856843
2024-07-11,-0.23005808812446893
2024-07-12,-0.5044826822480988
2024-07-13,0.9854640604849313
2024-07-14,1.1849817362043105
2024-07-15,0.5195731884612627
2024-07-16,0.39375585126802776
2024-07-17,0.40393368047181216
2024-07-18,-0.9528797722705803
2024-07-19,-2.5242204565841844
2024-07-20,0.03269258227786483
2024-07-21,-0.36032309791572975
2024-07-22,0.1297815969659062
2024-07-23,-0.041507142405300644
2024-07-24,0.7419811076685708
2024-07-25,-0.20721587881785422
2024-07-26,0.5399233008165718
2024-07-27,-1.3966518461134212
2024-07-28,0.20261161599501912
2024-07-29,-1.0913303796617706
2024-07-30,-1.6186468178322613
2024-07-31,-0.7065579642947222
2024-08-01,-0.7897191895549078
2024-08-02,-0.8203302114413078
2024-08-03,-1.0446581215195048
2024-08-04,0.052988948223578546
2024-08-05,-1.3497825407518196
2024-08-06,-0.6525159731555747
2024-08-07,-0.4505225929641981
2024-08-08,-0.19539804705208114
2024-08-09,1.8085904806243942
2024-08-10,1.2961953513232238
2024-08-11,0.09694199431480063
2024-08-12,-1.1854383971893594
2024-08-13,0.9388178892275377
2024-08-14,-0.8755341339126652
2024-08-15,-0.4374416142593827
2024-08-16,-0.17670263206712708
2024-08-17,-1.6350656250605757
2024-08-18,-0.7472885329587583
2024-08-19,-0.7386202562311781
2024-08-20,0.3723699680714725
2024-08-21,1.2473775607390372
2024-08-22,1.592562935547766
2024-08-23,2.3569701257214266
2024-08-24,0.6267931730663316
2024-08-25,1.0486568783780092
2024-08-26,1.0355511017556716
2024-08-27,-0.23066958053246323
2024-08-28,0.17436157529548435
2024-08-29,0.04592014978532245
2024-08-30,-0.7274091850308568
2024-08-31,-1.283329652033763
2024-09-01,0.2596956450277782
2024-09-02,0.5078748203152089
2024-09-03,-1.0166716700130745
2024-09-04,-1.4963467268377995
2024-09-05,1.2438545609974005
2024-09-06,1.4623077745916024
2024-09-07,-0.055994167088528196
2024-09-08,-0.45536745638122006
2024-09-09,-0.5749260767513766
2024-09-10,1.4494063490068645
2024-09-11,-0.03442767201980003
2024-09-12,-0.655250205927823
2024-09-13,-0.18055904095605912
2024-09-14,-0.40922691002607825
2024-09-15,-2.009646840689647
2024-09-16,-1.1200272154159028
2024-09-17,-0.5604977945114484
2024-09-18,-0.399124677324033
2024-09-19,0.17363752681711225
2024-09-20,0.45166294377796656
2024-09-21,0.15947905213713
2024-09-22,-0.32585274136722026
2024-09-23,-0.95089969079772
2024-09-24,-0.05888693994901435
2024-09-25,0.7083327591609542
2024-09-26,0.5308209755428633
2024-09-27,1.5528695288158079
2024-09-28,1.0768578679900258
2024-09-29,-0.5171573960485032
2024-09-30,1.33378971982947
2024-10-01,1.5247935171329643
2024-10-02,0.6269054616682759
2024-10-03,-0.10171201008806371
2024-10-04,-1.8008961538740822
2024-10-05,-1.9576442002872163
2024-10-06,-0.0359098673360165
2024-10-07,0.45019311976660925
2024-10-08,0.16978890279881922
2024-10-09,-0.03869305044634441
2024-10-10,0.5154393046269246
2024-10-11,0.5457583235341202
2024-10-12,0.5322110851948856
2024-10-13,1.1353158547580653
2024-10-14,-0.18574397670829773
2024-10-15,-1.5110402197565442
2024-10-16,1.2828394378521681
2024-10-17,0.422942312046634
2024-10-18,-1.1510367442839442
2024-10-19,-0.653487518898589
2024-10-20,0.7647291343098633
2024-10-21,1.0729591033397512
2024-10-22,-0.041683270122144775
2024-10-23,-0.4089014667827263
2024-10-24,-0.2315229197657616
2024-10-25,-0.6744973877712672
2024-10-26,-1.0659870938821574
2024-10-27,-0.32291430978896385
2024-10-28,0.2870060835342055
2024-10-29,-0.8215328411235342
2024-10-30,-0.24125633033907137
2024-10-31,0.6749211483364989
2024-11-01,0.9183496915298229
2024-11-02,-1.467201996098685
2024-11-03,-0.3277251627940002
2024-11-04,-2.04454235661193
2024-11-05,-1.6270694779494548
2024-11-06,-2.955391314930467
2024-11-07,-2.23633332065929
2024-11-08,-0.8770813371962155
2024-11-09,-1.0695068780243655
2024-11-10,-0.9484196807683606
2024-11-11,-0.4464639005442477
2024-11-12,-1.267237492052654
2024-11-13,-0.8844307283190557
2024-11-14,0.23580264841020462
2024-11-15,0.07751074405578648
2024-11-16,0.6155531044864891
2024-11-17,0.4193133417024693
2024-11-18,0.48566523975709736
2024-11-19,-1.6703596466339765
2024-11-20,-1.2015997971848547
2024-11-21,-0.9740727646848494
2024-11-22,-0.4377318461806203
2024-11-23,0.18253750162822624
2024-11-24,1.6898151655135087
2024-11-25,1.5962375880262953
2024-11-26,0.8097963202126648
2024-11-27,-0.03386264539052901
2024-11-28,0.7163637441899188
2024-11-29,-1.1265875825640719
2024-11-30,0.08482941099250335
2024-12-01,-0.22616771148388165
2024-12-02,0.3918763351476731
2024-12-03,-0.5397197926596912
2024-12-04,-1.7128418351254069
2024-12-05,0.4929473282251328
2024-12-06,-0.4761824079488871
2024-12-07,-0.2010135714639268
2024-12-08,-0.09565574704033433
2024-12-09,0.5134511709765102
2024-12-10,-0.8883636355686151
2024-12-11,-1.7564435387510358
2024-12-12,-1.7230713578834795
2024-12-13,-1.3957178598572655
2024-12-14,-0.12453289613514623
2024-12-15,0.6208602834287617
2024-12-16,1.7136630380683662
2024-12-17,0.8008422277970284
2024-12-18,1.2906968747864502
2024-12-19,0.6732427163746308
2024-12-20,0.8668542831804429
2024-12-21,1.0869358369164035
2024-12-22,0.15622634165557536
2024-12-23,0.8418055525129846
2024-12-24,-0.6695048626737135
2024-12-25,-0.38448445479367777
2024-12-26,-1.0727135344915941
2024-12-27,-1.8683981700530732
2024-12-28,-1.34528120826613
2024-12-29,0.43798563439609495
2024-12-30,1.4862368022900958
2024-12-31,1.3784591008854705
